person_id,record_date,age,experience_years,unit_id,role,role_difficulty_score,duty_hours,overtime_hours,shift_type,night_shift,consecutive_work_days,consecutive_night_shifts,leave_requested,leave_days,leave_type,leave_approved,days_since_last_leave,deployment_status,deployment_duration_days,recent_deployment,transfer_event,days_since_transfer,deployment_hardship_score,sleep_hours,sleep_quality,mood_score,stress_score,fatigue_score,help_requested,avg_duty_hours_30d,night_shifts_30d,leave_days_30d,leave_requests_30d,leave_frequency,duty_hours_deviation,sleep_deviation,stress_deviation,mood_deviation,leave_deviation,night_shift_deviation,workload_deviation,wellness_trend,stress_trend,sleep_trend,risk_probability,risk_score,risk_category,contributing_factors,factor_impacts,factor_directions,recommendations,recommendation_reasons,model_version,prediction_timestamp,welfare_concern_30d
P0001,2026-01-01,25,4,UNIT-02,Senior Officer,70,6.2,0.5,Night,1,7,2,0,0,None,0,17,Not Deployed,0,0,0,446,15.8,6.9,6,8,5,3,0,6.2,1,0,0,0.0,0.0,0.0,0.0,0.0,0.0,0.0,0.0,Stable,Stable,Stable,0.484,48,MODERATE,Role difficulty,48,High,Routine monitoring,No significant risk indicators detected this period,synthetic-model-v1,2026-01-02 01:00:00,1
P0001,2026-01-08,25,4,UNIT-02,Senior Officer,70,6.6,0.9,Night,1,6,3,0,0,None,0,24,Not Deployed,0,0,0,453,14.6,6.2,8,7,5,3,0,6.4,2,0,0,0.0,0.4,-0.7,0.0,-1.0,7.0,0.0,0.8,Improving,Stable,Declining,0.511,51,MODERATE,Sleep decline | Mood decline | Night-duty frequency | Role difficulty | Average duty hours,18 | 14 | 10 | 5 | 4,Declining | Declining | Increasing | High | Increasing,Wellness check-in focused on sleep and recovery,Sleep duration/quality declining from baseline,synthetic-model-v1,2026-01-09 02:00:00,1
P0001,2026-01-15,25,4,UNIT-02,Senior Officer,70,8.7,0.0,Day,0,5,0,1,3,Casual,1,7,Not Deployed,0,0,0,460,13.0,5.6,5,7,5,4,0,7.17,2,3,1,0.33,2.3,-0.95,0.0,-0.5,-13.5,-1.0,1.6,Declining,Stable,Declining,0.512,51,MODERATE,Sleep decline | Average duty hours | Night-duty frequency | Mood decline | Role difficulty,19 | 17 | 7 | 5 | 3,Declining | Increasing | Increasing | Declining | High,Workload review | Wellness check-in focused on sleep and recovery,Duty hours elevated relative to personal baseline | Sleep duration/quality declining from baseline,synthetic-model-v1,2026-01-16 01:00:00,0
P0001,2026-01-22,25,4,UNIT-02,Senior Officer,70,7.8,1.1,Day,0,6,0,0,0,None,0,14,Not Deployed,0,0,0,467,12.6,6.3,6,6,7,4,0,7.32,2,3,1,0.25,0.63,0.07,2.0,-1.33,-2.0,-0.67,1.27,Declining,Declining,Stable,0.46,46,MODERATE,Mood decline | Night-duty frequency | Sleep decline | Average duty hours | Role difficulty,18 | 10 | 7 | 6 | 5,Declining | Increasing | Declining | Increasing | High,Routine monitoring,No significant risk indicators detected this period,synthetic-model-v1,2026-01-23 04:00:00,0
P0001,2026-01-29,25,4,UNIT-02,Senior Officer,70,8.1,0.0,Day,0,7,0,0,0,None,0,21,Not Deployed,0,0,0,474,9.1,6.2,7,6,6,4,0,7.8,1,3,1,0.25,0.77,-0.05,0.5,-1.0,5.5,-0.5,0.15,Improving,Declining,Improving,0.469,47,MODERATE,Mood decline | Average duty hours | Sleep decline | Role difficulty,19 | 11 | 10 | 7,Declining | Increasing | Declining | High,Routine monitoring,No significant risk indicators detected this period,synthetic-model-v1,2026-01-30 03:00:00,0
P0001,2026-02-05,25,4,UNIT-02,Senior Officer,70,7.2,1.2,Day,0,6,0,0,0,None,0,28,Not Deployed,0,0,0,481,11.4,5.9,6,6,5,4,0,7.95,0,3,1,0.25,-0.28,-0.34,-0.6,-0.8,11.4,-0.4,0.42,Stable,Improving,Declining,0.314,31,MODERATE,Sleep decline | Mood decline | Leave gap | Role difficulty,11 | 10 | 6 | 4,Declining | Declining | Increasing | High,Wellness check-in focused on sleep and recovery,Sleep duration/quality declining from baseline,synthetic-model-v1,2026-02-06 04:00:00,0
P0001,2026-02-12,25,4,UNIT-02,Senior Officer,70,7.5,1.2,Day,0,5,0,0,0,None,0,35,Not Deployed,0,0,0,488,14.7,6.4,7,6,6,5,0,7.65,0,0,0,0.0,0.07,0.22,0.5,-0.67,16.5,-0.33,0.65,Declining,Stable,Stable,0.473,47,MODERATE,Leave gap | Mood decline | Sleep decline | Role difficulty | Average duty hours,21 | 11 | 8 | 6 | 1,Increasing | Declining | Declining | High | Increasing,Routine monitoring,No significant risk indicators detected this period,synthetic-model-v1,2026-02-13 02:00:00,0
P0001,2026-02-19,25,4,UNIT-02,Senior Officer,70,8.1,0.1,Night,1,4,1,0,0,None,0,42,Not Deployed,0,0,0,495,14.1,5.5,6,7,5,3,0,7.72,1,0,0,0.0,0.66,-0.71,-0.57,0.43,21.14,0.71,0.06,Improving,Stable,Declining,0.356,36,MODERATE,Leave gap | Sleep decline | Average duty hours | Role difficulty,16 | 13 | 4 | 3,Increasing | Declining | Increasing | High,Consider leave/recovery review | Wellness check-in focused on sleep and recovery,Prolonged gap since last leave taken | Sleep duration/quality declining from baseline,synthetic-model-v1,2026-02-20 01:00:00,1
P0001,2026-02-26,25,4,UNIT-02,Senior Officer,70,7.5,0.1,Night,1,5,3,0,0,None,0,49,Not Deployed,0,0,0,502,11.2,5.9,5,6,6,4,0,7.57,2,0,0,0.0,-0.03,-0.22,0.5,-0.62,25.5,0.62,-0.55,Declining,Stable,Declining,0.393,39,MODERATE,Leave gap | Sleep decline | Night-duty frequency | Mood decline | Role difficulty,21 | 6 | 5 | 4 | 3,Increasing | Declining | Increasing | Declining | High,Consider leave/recovery review | Wellness check-in focused on sleep and recovery,Prolonged gap since last leave taken | Sleep duration/quality declining from baseline,synthetic-model-v1,2026-02-27 02:00:00,0
P0001,2026-03-05,25,4,UNIT-02,Senior Officer,70,7.4,0.6,Night,1,5,5,0,0,None,0,56,Not Deployed,0,0,0,509,12.5,6.1,6,7,6,5,0,7.62,3,0,0,0.0,-0.12,0.0,0.44,0.44,29.67,0.56,-0.09,Declining,Declining,Improving,0.573,57,HIGH,Leave gap | Night-duty frequency | Sleep decline | Role difficulty,36 | 14 | 5 | 3,Increasing | Increasing | Declining | High,Review night-duty schedule | Consider leave/recovery review,Frequent night shifts in the past 30 days | Prolonged gap since last leave taken,synthetic-model-v1,2026-03-06 03:00:00,0
P0002,2026-01-01,34,11,UNIT-09,Command Officer,85,9.1,0.1,Day,0,2,0,0,0,None,0,46,Not Deployed,0,0,0,115,14.9,7.4,7,7,5,3,0,9.1,0,0,0,0.0,0.0,0.0,0.0,0.0,0.0,0.0,0.0,Stable,Stable,Stable,0.506,51,MODERATE,Leave gap | Role difficulty | Average duty hours,32 | 11 | 7,Increasing | High | Increasing,Consider leave/recovery review,Prolonged gap since last leave taken,synthetic-model-v1,2026-01-02 03:00:00,1
P0002,2026-01-08,34,11,UNIT-09,Command Officer,85,9.9,1.1,Day,0,1,0,0,0,None,0,53,Not Deployed,0,0,0,122,12.0,6.0,6,7,6,4,0,9.5,0,0,0,0.0,0.8,-1.4,1.0,0.0,7.0,0.0,1.8,Declining,Declining,Declining,0.577,58,HIGH,Leave gap | Sleep decline | Average duty hours | Role difficulty,23 | 16 | 13 | 6,Increasing | Declining | Increasing | High,Workload review | Consider leave/recovery review | Wellness check-in focused on sleep and recovery,Duty hours elevated relative to personal baseline | Prolonged gap since last leave taken | Sleep duration/quality declining from baseline,synthetic-model-v1,2026-01-09 05:00:00,1
P0002,2026-01-15,34,11,UNIT-09,Command Officer,85,9.2,1.0,Day,0,2,0,1,3,Casual,1,7,Not Deployed,0,0,0,129,13.4,7.1,6,7,6,4,0,9.4,0,3,1,0.33,-0.3,0.4,0.5,0.0,-42.5,0.0,0.1,Declining,Declining,Declining,0.454,45,MODERATE,Role difficulty | Average duty hours,26 | 19,High | Increasing,Routine monitoring,No significant risk indicators detected this period,synthetic-model-v1,2026-01-16 02:00:00,1
P0002,2026-01-22,34,11,UNIT-09,Command Officer,85,10.0,0.6,Day,0,2,0,0,0,None,0,14,Not Deployed,0,0,0,136,8.5,6.7,6,7,6,4,0,9.55,0,3,1,0.25,0.6,-0.13,0.33,0.0,-21.33,0.0,0.47,Stable,Stable,Improving,0.429,43,MODERATE,Average duty hours | Role difficulty,29 | 14,Increasing | High,Workload review,Duty hours elevated relative to personal baseline,synthetic-model-v1,2026-01-23 02:00:00,1
P0002,2026-01-29,34,11,UNIT-09,Command Officer,85,8.6,0.9,Day,0,1,0,0,0,None,0,21,Not Deployed,0,0,0,143,10.1,6.9,6,6,7,4,1,9.43,0,3,1,0.25,-0.95,0.1,1.25,-1.0,-9.0,0.0,-0.75,Declining,Declining,Stable,0.527,53,MODERATE,Mood decline | Role difficulty | Average duty hours,26 | 24 | 3,Declining | High | Increasing,Prioritize welfare officer follow-up,Person actively requested help,synthetic-model-v1,2026-01-30 01:00:00,0
P0002,2026-02-05,34,11,UNIT-09,Command Officer,85,9.8,0.0,Day,0,1,0,0,0,None,0,28,Not Deployed,0,0,0,150,9.4,5.7,5,7,7,5,0,9.4,0,3,1,0.25,0.44,-1.12,1.0,0.2,-0.2,0.0,-0.3,Declining,Declining,Declining,0.521,52,MODERATE,Sleep decline | Average duty hours | Role difficulty | Leave gap,22 | 16 | 9 | 5,Declining | Increasing | High | Increasing,Workload review | Wellness check-in focused on sleep and recovery,Duty hours elevated relative to personal baseline | Sleep duration/quality declining from baseline,synthetic-model-v1,2026-02-06 03:00:00,0
P0002,2026-02-12,34,11,UNIT-09,Command Officer,85,9.6,0.0,Day,0,1,0,0,0,None,0,35,Not Deployed,0,0,0,157,9.4,6.4,5,7,6,4,0,9.5,0,0,0,0.0,0.17,-0.23,-0.17,0.17,6.83,0.0,-0.45,Stable,Improving,Declining,0.505,50,MODERATE,Leave gap | Average duty hours | Role difficulty | Sleep decline,16 | 16 | 12 | 6,Increasing | Increasing | High | Declining,Workload review,Duty hours elevated relative to personal baseline,synthetic-model-v1,2026-02-13 05:00:00,0
P0002,2026-02-19,34,11,UNIT-09,Command Officer,85,8.8,0.0,Day,0,2,0,0,0,None,0,42,Not Deployed,0,0,0,164,5.6,7.1,6,6,7,4,0,9.2,0,0,0,0.0,-0.66,0.5,0.86,-0.86,12.86,0.0,-1.19,Improving,Stable,Improving,0.408,41,MODERATE,Leave gap | Role difficulty | Mood decline | Average duty hours,21 | 9 | 8 | 3,Increasing | High | Declining | Increasing,Consider leave/recovery review,Prolonged gap since last leave taken,synthetic-model-v1,2026-02-20 05:00:00,0
P0002,2026-02-26,34,11,UNIT-09,Command Officer,85,9.2,1.5,Day,0,3,0,1,4,Casual,1,7,Not Deployed,0,0,0,171,6.4,6.5,7,7,6,4,0,9.35,0,4,1,0.25,-0.18,-0.16,-0.25,0.25,-23.75,0.0,0.86,Improving,Stable,Stable,0.556,56,HIGH,Role difficulty | Average duty hours,32 | 24,High | Increasing,Routine monitoring,No significant risk indicators detected this period,synthetic-model-v1,2026-02-27 02:00:00,1
P0002,2026-03-05,34,11,UNIT-09,Command Officer,85,9.4,0.4,Day,0,3,0,0,0,None,0,14,Not Deployed,0,0,0,178,13.8,6.0,6,6,7,5,0,9.25,0,4,1,0.25,0.04,-0.64,0.78,-0.78,-14.11,0.0,-0.13,Declining,Stable,Declining,0.525,52,MODERATE,Sleep decline | Role difficulty | Average duty hours | Mood decline,18 | 12 | 12 | 10,Declining | High | Increasing | Declining,Wellness check-in focused on sleep and recovery,Sleep duration/quality declining from baseline,synthetic-model-v1,2026-03-06 03:00:00,0
P0003,2026-01-01,43,12,UNIT-09,Field Officer,55,7.2,0.7,Rotating,1,5,1,0,0,None,0,46,Not Deployed,0,0,0,369,6.6,7.6,8,6,5,4,0,7.2,1,0,0,0.0,0.0,0.0,0.0,0.0,0.0,0.0,0.0,Stable,Stable,Stable,0.494,49,MODERATE,Leave gap,49,Increasing,Consider leave/recovery review,Prolonged gap since last leave taken,synthetic-model-v1,2026-01-02 04:00:00,0
P0003,2026-01-08,43,12,UNIT-09,Field Officer,55,9.4,2.0,Rotating,0,4,0,0,0,None,0,53,Not Deployed,0,0,0,376,4.9,7.3,6,7,4,3,0,8.3,1,0,0,0.0,2.2,-0.3,-1.0,1.0,7.0,-1.0,3.5,Stable,Improving,Stable,0.548,55,HIGH,Leave gap | Average duty hours | Sleep decline,29 | 21 | 4,Increasing | Increasing | Declining,Workload review | Consider leave/recovery review,Duty hours elevated relative to personal baseline | Prolonged gap since last leave taken,synthetic-model-v1,2026-01-09 01:00:00,0
P0003,2026-01-15,43,12,UNIT-09,Field Officer,55,9.6,0.0,Rotating,0,3,0,0,0,None,0,60,Not Deployed,0,0,0,383,8.6,6.8,8,7,4,3,0,8.73,1,0,0,0.0,1.3,-0.65,-0.5,0.5,10.5,-0.5,-0.05,Improving,Improving,Declining,0.498,50,MODERATE,Leave gap | Average duty hours | Sleep decline,29 | 14 | 7,Increasing | Increasing | Declining,Workload review | Consider leave/recovery review | Wellness check-in focused on sleep and recovery,Duty hours elevated relative to personal baseline | Prolonged gap since last leave taken | Sleep duration/quality declining from baseline,synthetic-model-v1,2026-01-16 04:00:00,0
P0003,2026-01-22,43,12,UNIT-09,Field Officer,55,8.7,0.1,Rotating,0,4,0,0,0,None,0,67,Not Deployed,0,0,0,390,8.5,6.9,9,7,5,4,0,8.73,1,0,0,0.0,-0.03,-0.33,0.67,0.33,14.0,-0.33,-0.83,Improving,Declining,Declining,0.567,57,HIGH,Leave gap | Sleep decline | Average duty hours,50 | 5 | 2,Increasing | Declining | Increasing,Consider leave/recovery review | Wellness check-in focused on sleep and recovery,Prolonged gap since last leave taken | Sleep duration/quality declining from baseline,synthetic-model-v1,2026-01-23 01:00:00,0
P0003,2026-01-29,43,12,UNIT-09,Field Officer,55,6.8,0.7,Day,0,5,0,0,0,None,0,74,Not Deployed,0,0,1,0,9.4,6.9,6,6,5,3,0,8.62,0,0,0,0.0,-1.93,-0.25,0.5,-0.75,17.5,-0.25,-1.92,Declining,Declining,Stable,0.309,31,MODERATE,Leave gap | Recent transfer | Mood decline | Sleep decline,22 | 4 | 3 | 2,Increasing | Increasing | Declining | Declining,Consider leave/recovery review,Prolonged gap since last leave taken,synthetic-model-v1,2026-01-30 01:00:00,0
P0003,2026-02-05,43,12,UNIT-09,Field Officer,55,6.7,0.5,Day,0,4,0,0,0,None,0,81,Not Deployed,0,0,0,7,9.4,7.4,9,8,5,3,0,7.95,0,0,0,0.0,-1.64,0.3,0.4,1.4,21.0,-0.2,-1.84,Improving,Stable,Improving,0.44,44,MODERATE,Leave gap,44,Increasing,Consider leave/recovery review,Prolonged gap since last leave taken,synthetic-model-v1,2026-02-06 01:00:00,1
P0003,2026-02-12,43,12,UNIT-09,Field Officer,55,7.9,1.4,Day,0,4,0,0,0,None,0,88,Not Deployed,0,0,0,14,9.7,7.6,6,6,6,4,0,7.52,0,0,0,0.0,-0.17,0.45,1.33,-0.83,24.5,-0.17,0.57,Declining,Declining,Improving,0.644,64,HIGH,Leave gap | Mood decline,58 | 6,Increasing | Declining,Consider leave/recovery review,Prolonged gap since last leave taken,synthetic-model-v1,2026-02-13 05:00:00,0
P0003,2026-02-19,43,12,UNIT-09,Field Officer,55,8.0,0.1,Day,0,4,0,0,0,None,0,95,Not Deployed,0,0,0,21,10.7,7.2,8,5,6,4,0,7.35,0,0,0,0.0,-0.04,-0.01,1.14,-1.71,28.0,-0.14,-0.71,Declining,Declining,Stable,0.605,60,HIGH,Leave gap | Mood decline,51 | 10,Increasing | Declining,Consider leave/recovery review,Prolonged gap since last leave taken,synthetic-model-v1,2026-02-20 04:00:00,0
P0003,2026-02-26,43,12,UNIT-09,Field Officer,55,10.0,0.5,Day,0,5,0,0,0,None,0,102,Not Deployed,0,0,0,28,12.3,6.9,6,6,6,3,0,8.15,0,0,0,0.0,1.96,-0.31,1.0,-0.5,31.5,-0.12,1.78,Improving,Stable,Declining,0.743,74,HIGH,Leave gap | Average duty hours | Sleep decline | Mood decline,53 | 16 | 3 | 3,Increasing | Increasing | Declining | Declining,Workload review | Consider leave/recovery review | Wellness check-in focused on sleep and recovery,Duty hours elevated relative to personal baseline | Prolonged gap since last leave taken | Sleep duration/quality declining from baseline,synthetic-model-v1,2026-02-27 04:00:00,0
P0003,2026-03-05,43,12,UNIT-09,Field Officer,55,8.1,0.0,Day,0,4,0,0,0,None,0,109,Not Deployed,0,0,0,35,9.5,7.4,5,6,6,5,0,8.5,0,0,0,0.0,-0.16,0.22,0.89,-0.44,35.0,-0.11,-0.82,Declining,Stable,Stable,0.732,73,HIGH,Leave gap | Mood decline,70 | 3,Increasing | Declining,Consider leave/recovery review,Prolonged gap since last leave taken,synthetic-model-v1,2026-03-06 04:00:00,0
P0004,2026-01-01,27,5,UNIT-10,Junior Officer,40,8.1,0.0,Rotating,0,3,0,0,0,None,0,35,Not Deployed,0,0,0,30,12.4,6.8,6,8,4,3,0,8.1,0,0,0,0.0,0.0,0.0,0.0,0.0,0.0,0.0,0.0,Stable,Stable,Stable,0.412,41,MODERATE,Leave gap,41,Increasing,Routine monitoring,No significant risk indicators detected this period,synthetic-model-v1,2026-01-02 04:00:00,0
P0004,2026-01-08,27,5,UNIT-10,Junior Officer,40,8.8,0.0,Day,0,4,0,0,0,None,0,42,Not Deployed,0,0,0,37,14.6,6.8,8,7,4,2,0,8.45,0,0,0,0.0,0.7,0.0,0.0,-1.0,7.0,0.0,0.7,Improving,Stable,Stable,0.37,37,MODERATE,Leave gap | Mood decline | Average duty hours,20 | 9 | 8,Increasing | Declining | Increasing,Consider leave/recovery review,Prolonged gap since last leave taken,synthetic-model-v1,2026-01-09 03:00:00,0
P0004,2026-01-15,27,5,UNIT-10,Junior Officer,40,9.6,0.0,Day,0,3,0,1,4,Casual,1,7,Not Deployed,0,0,0,44,14.9,6.5,6,7,4,2,0,8.83,0,4,1,0.33,1.15,-0.3,0.0,-0.5,-31.5,0.0,1.15,Stable,Stable,Stable,0.318,32,MODERATE,Average duty hours | Sleep decline | Mood decline,21 | 5 | 5,Increasing | Declining | Declining,Workload review,Duty hours elevated relative to personal baseline,synthetic-model-v1,2026-01-16 05:00:00,0
P0004,2026-01-22,27,5,UNIT-10,Junior Officer,40,9.7,1.3,Day,0,4,0,0,0,None,0,14,Not Deployed,0,0,0,51,14.1,6.9,9,7,3,2,0,9.05,0,4,1,0.25,0.87,0.2,-1.0,-0.33,-14.0,0.0,2.17,Improving,Improving,Stable,0.311,31,MODERATE,Average duty hours | Mood decline,26 | 5,Increasing | Declining,Workload review,Duty hours elevated relative to personal baseline,synthetic-model-v1,2026-01-23 01:00:00,1
P0004,2026-01-29,27,5,UNIT-10,Junior Officer,40,10.3,0.6,Day,0,4,0,0,0,None,0,21,Not Deployed,0,0,0,58,12.9,6.8,7,8,3,2,0,9.6,0,4,1,0.25,1.25,0.05,-0.75,0.75,-3.5,0.0,1.53,Improving,Improving,Stable,0.323,32,MODERATE,Average duty hours,32,Increasing,Workload review,Duty hours elevated relative to personal baseline,synthetic-model-v1,2026-01-30 03:00:00,1
P0004,2026-02-05,27,5,UNIT-10,Junior Officer,40,10.5,0.4,Day,0,3,0,0,0,None,0,28,Not Deployed,0,0,0,65,13.1,6.8,7,7,4,3,0,10.02,0,4,1,0.25,1.2,0.04,0.4,-0.4,4.2,0.0,1.22,Declining,Declining,Stable,0.362,36,MODERATE,Average duty hours | Leave gap | Mood decline,28 | 5 | 4,Increasing | Increasing | Declining,Workload review,Duty hours elevated relative to personal baseline,synthetic-model-v1,2026-02-06 04:00:00,1
P0004,2026-02-12,27,5,UNIT-10,Junior Officer,40,11.5,0.7,Day,0,3,0,1,3,Casual,1,7,Not Deployed,0,0,0,72,12.6,7.2,6,8,4,3,0,10.5,0,3,1,0.25,2.0,0.43,0.33,0.67,-17.5,0.0,2.32,Declining,Declining,Improving,0.353,35,MODERATE,Average duty hours,35,Increasing,Workload review,Duty hours elevated relative to personal baseline,synthetic-model-v1,2026-02-13 05:00:00,1
P0004,2026-02-19,27,5,UNIT-10,Junior Officer,40,9.9,2.0,Day,0,3,0,0,0,None,0,14,Not Deployed,0,0,0,79,9.4,6.6,6,7,5,2,0,10.55,0,3,1,0.25,0.11,-0.23,1.29,-0.43,-8.0,0.0,1.69,Stable,Declining,Stable,0.43,43,MODERATE,Average duty hours | Sleep decline | Mood decline,26 | 9 | 8,Increasing | Declining | Declining,Workload review,Duty hours elevated relative to personal baseline,synthetic-model-v1,2026-02-20 02:00:00,0
P0004,2026-02-26,27,5,UNIT-10,Junior Officer,40,9.6,0.4,Day,0,4,0,0,0,None,0,21,Not Deployed,0,0,0,86,6.9,6.6,6,7,5,3,0,10.38,0,3,1,0.25,-0.2,-0.2,1.12,-0.38,0.0,0.0,-0.43,Declining,Declining,Declining,0.562,56,HIGH,Average duty hours | Mood decline,42 | 14,Increasing | Declining,Workload review,Duty hours elevated relative to personal baseline,synthetic-model-v1,2026-02-27 01:00:00,0
P0004,2026-03-05,27,5,UNIT-10,Junior Officer,40,10.8,2.6,Day,0,3,0,0,0,None,0,28,Not Deployed,0,0,0,93,9.2,6.4,7,6,5,4,0,10.45,0,3,1,0.25,1.02,-0.38,1.0,-1.33,7.0,0.0,3.02,Declining,Stable,Stable,0.553,55,HIGH,Average duty hours | Mood decline | Sleep decline | Leave gap,31 | 13 | 6 | 5,Increasing | Declining | Declining | Increasing,Workload review | Wellness check-in focused on sleep and recovery,Duty hours elevated relative to personal baseline | Sleep duration/quality declining from baseline,synthetic-model-v1,2026-03-06 04:00:00,0
P0005,2026-01-01,38,8,UNIT-06,Senior Officer,70,9.1,0.2,Day,0,4,0,1,4,Earned,1,7,Not Deployed,0,0,0,191,10.2,6.9,6,7,5,3,0,9.1,0,4,1,1.0,0.0,0.0,0.0,0.0,0.0,0.0,0.0,Stable,Stable,Stable,0.4,40,MODERATE,Average duty hours | Role difficulty,25 | 15,Increasing | High,Routine monitoring,No significant risk indicators detected this period,synthetic-model-v1,2026-01-02 01:00:00,0
P0005,2026-01-08,38,8,UNIT-06,Senior Officer,70,7.3,0.4,Day,0,4,0,0,0,None,0,14,Not Deployed,0,0,0,198,6.8,7.5,6,6,6,3,0,8.2,0,4,1,0.5,-1.8,0.6,1.0,-1.0,7.0,0.0,-1.6,Declining,Declining,Improving,0.547,55,HIGH,Mood decline | Role difficulty,40 | 15,Declining | High,Routine monitoring,No significant risk indicators detected this period,synthetic-model-v1,2026-01-09 04:00:00,1
P0005,2026-01-15,38,8,UNIT-06,Senior Officer,70,9.5,0.0,Day,0,3,0,0,0,None,0,21,Deployed,7,1,0,205,43.5,7.4,6,5,7,4,0,8.63,0,4,1,0.33,1.3,0.2,1.5,-1.5,10.5,0.0,1.0,Declining,Declining,Improving,0.614,61,HIGH,Average duty hours | Mood decline | Recent deployment | Deployment hardship | Role difficulty,20 | 15 | 15 | 8 | 4,Increasing | Declining | Increasing | High | High,Workload review,Duty hours elevated relative to personal baseline,synthetic-model-v1,2026-01-16 04:00:00,0
P0005,2026-01-22,38,8,UNIT-06,Senior Officer,70,9.0,1.3,Day,0,2,0,0,0,None,0,28,Deployed,14,0,0,212,58.6,6.9,7,7,6,3,0,8.72,0,4,1,0.25,0.37,-0.37,0.0,1.0,14.0,0.0,1.47,Improving,Stable,Declining,0.522,52,MODERATE,Deployment hardship | Average duty hours | Sleep decline | Leave gap | Role difficulty,23 | 10 | 7 | 7 | 5,High | Increasing | Declining | Increasing | High,Wellness check-in focused on sleep and recovery | Review deployment welfare support,Sleep duration/quality declining from baseline | High deployment hardship score,synthetic-model-v1,2026-01-23 04:00:00,1
P0005,2026-01-29,38,8,UNIT-06,Senior Officer,70,8.8,0.0,Day,0,2,0,0,0,None,0,35,Deployed,21,0,0,219,54.8,7.2,7,7,7,4,0,8.65,0,0,0,0.0,0.08,0.02,1.0,0.75,17.5,0.0,-0.4,Improving,Stable,Stable,0.563,56,HIGH,Deployment hardship | Leave gap | Role difficulty | Average duty hours,25 | 20 | 6 | 6,High | Increasing | High | Increasing,Routine monitoring,No significant risk indicators detected this period,synthetic-model-v1,2026-01-30 02:00:00,0
P0005,2026-02-05,38,8,UNIT-06,Senior Officer,70,8.5,1.0,Day,0,1,0,0,0,None,0,42,Deployed,28,0,0,226,49.7,6.6,8,7,6,4,0,8.95,0,0,0,0.0,-0.24,-0.58,-0.2,0.6,21.0,0.0,0.38,Stable,Stable,Declining,0.536,54,MODERATE,Leave gap | Deployment hardship | Sleep decline | Role difficulty,25 | 14 | 10 | 4,Increasing | High | Declining | High,Consider leave/recovery review | Wellness check-in focused on sleep and recovery,Prolonged gap since last leave taken | Sleep duration/quality declining from baseline,synthetic-model-v1,2026-02-06 01:00:00,0
P0005,2026-02-12,38,8,UNIT-06,Senior Officer,70,9.1,0.0,Day,0,1,0,0,0,None,0,49,Not Deployed,0,0,0,233,35.1,7.4,5,6,7,5,0,8.85,0,0,0,0.0,0.4,0.32,0.83,-0.5,24.5,0.0,-0.08,Declining,Stable,Stable,0.656,66,HIGH,Leave gap | Average duty hours | Mood decline | Role difficulty | Deployment hardship,39 | 12 | 6 | 5 | 4,Increasing | Increasing | Declining | High | High,Consider leave/recovery review,Prolonged gap since last leave taken,synthetic-model-v1,2026-02-13 04:00:00,0
P0005,2026-02-19,38,8,UNIT-06,Senior Officer,70,8.7,0.3,Day,0,1,0,0,0,None,0,56,Not Deployed,0,0,0,240,25.9,7.2,6,5,7,4,0,8.77,0,0,0,0.0,-0.06,0.07,0.71,-1.43,28.0,0.0,-0.17,Declining,Declining,Improving,0.581,58,HIGH,Leave gap | Mood decline | Role difficulty | Average duty hours,38 | 14 | 4 | 2,Increasing | Declining | High | Increasing,Consider leave/recovery review,Prolonged gap since last leave taken,synthetic-model-v1,2026-02-20 02:00:00,0
P0005,2026-02-26,38,8,UNIT-06,Senior Officer,70,7.7,0.4,Day,0,2,0,0,0,None,0,63,Not Deployed,0,0,0,247,21.5,7.3,7,6,7,4,0,8.5,0,0,0,0.0,-1.05,0.16,0.62,-0.25,31.5,0.0,-1.05,Improving,Stable,Stable,0.51,51,MODERATE,Leave gap | Role difficulty,47 | 4,Increasing | High,Consider leave/recovery review,Prolonged gap since last leave taken,synthetic-model-v1,2026-02-27 02:00:00,0
P0005,2026-03-05,38,8,UNIT-06,Senior Officer,70,9.4,2.1,Day,0,1,0,0,0,None,0,70,Not Deployed,0,0,0,254,19.5,7.0,5,6,7,5,0,8.72,0,0,0,0.0,0.77,-0.16,0.56,-0.22,35.0,0.0,2.47,Declining,Stable,Stable,0.561,56,HIGH,Leave gap | Average duty hours | Role difficulty,42 | 11 | 3,Increasing | Increasing | High,Consider leave/recovery review,Prolonged gap since last leave taken,synthetic-model-v1,2026-03-06 01:00:00,0
P0006,2026-01-01,22,1,UNIT-10,Senior Officer,70,8.3,0.0,Day,0,3,0,0,0,None,0,41,Not Deployed,0,0,0,164,17.0,6.5,7,7,5,3,0,8.3,0,0,0,0.0,0.0,0.0,0.0,0.0,0.0,0.0,0.0,Stable,Stable,Stable,0.474,47,MODERATE,Leave gap | Role difficulty,40 | 7,Increasing | High,Consider leave/recovery review,Prolonged gap since last leave taken,synthetic-model-v1,2026-01-02 02:00:00,0
P0006,2026-01-08,22,1,UNIT-10,Senior Officer,70,7.3,1.0,Day,0,2,0,0,0,None,0,48,Not Deployed,0,0,0,171,17.5,6.5,7,7,5,4,0,7.8,0,0,0,0.0,-1.0,0.0,0.0,0.0,7.0,0.0,0.0,Declining,Stable,Stable,0.519,52,MODERATE,Leave gap | Role difficulty,46 | 6,Increasing | High,Consider leave/recovery review,Prolonged gap since last leave taken,synthetic-model-v1,2026-01-09 05:00:00,0
P0006,2026-01-15,22,1,UNIT-10,Senior Officer,70,8.2,1.5,Day,0,2,0,0,0,None,0,55,Not Deployed,0,0,0,178,13.9,7.1,7,7,5,2,0,7.93,0,0,0,0.0,0.4,0.6,0.0,0.0,10.5,0.0,1.4,Improving,Stable,Improving,0.42,42,MODERATE,Leave gap | Role difficulty | Average duty hours,36 | 4 | 3,Increasing | High | Increasing,Consider leave/recovery review,Prolonged gap since last leave taken,synthetic-model-v1,2026-01-16 05:00:00,1
P0006,2026-01-22,22,1,UNIT-10,Senior Officer,70,7.0,0.0,Day,0,1,0,0,0,None,0,62,Not Deployed,0,0,0,185,10.6,6.0,7,7,4,2,0,7.7,0,0,0,0.0,-0.93,-0.7,-1.0,0.0,14.0,0.0,-1.77,Improving,Improving,Declining,0.333,33,MODERATE,Leave gap | Sleep decline | Role difficulty,24 | 7 | 2,Increasing | Declining | High,Consider leave/recovery review | Wellness check-in focused on sleep and recovery,Prolonged gap since last leave taken | Sleep duration/quality declining from baseline,synthetic-model-v1,2026-01-23 02:00:00,0
P0006,2026-01-29,22,1,UNIT-10,Senior Officer,70,7.3,0.1,Rotating,0,1,0,0,0,None,0,69,Not Deployed,0,0,0,192,13.7,5.4,7,5,5,4,0,7.45,0,0,0,0.0,-0.4,-1.12,0.25,-2.0,17.5,0.0,-0.92,Declining,Stable,Declining,0.638,64,HIGH,Leave gap | Sleep decline | Mood decline | Role difficulty,34 | 15 | 12 | 2,Increasing | Declining | Declining | High,Consider leave/recovery review | Wellness check-in focused on sleep and recovery,Prolonged gap since last leave taken | Sleep duration/quality declining from baseline,synthetic-model-v1,2026-01-30 01:00:00,0
P0006,2026-02-05,22,1,UNIT-10,Senior Officer,70,5.8,0.9,Night,1,2,2,0,0,None,0,76,Not Deployed,0,0,0,199,12.3,6.8,8,6,4,3,0,7.08,1,0,0,0.0,-1.82,0.5,-0.8,-0.6,21.0,1.0,-1.44,Declining,Stable,Improving,0.542,54,MODERATE,Leave gap | Mood decline | Role difficulty,47 | 4 | 3,Increasing | Declining | High,Consider leave/recovery review,Prolonged gap since last leave taken,synthetic-model-v1,2026-02-06 01:00:00,1
P0006,2026-02-12,22,1,UNIT-10,Senior Officer,70,6.7,0.0,Night,1,3,4,0,0,None,0,83,Not Deployed,0,0,0,206,15.3,5.8,5,7,5,3,0,6.7,2,0,0,0.0,-0.62,-0.58,0.33,0.5,24.5,0.83,-1.2,Improving,Stable,Improving,0.344,34,MODERATE,Leave gap | Sleep decline | Night-duty frequency | Role difficulty,26 | 5 | 3 | 1,Increasing | Declining | Increasing | High,Consider leave/recovery review | Wellness check-in focused on sleep and recovery,Prolonged gap since last leave taken | Sleep duration/quality declining from baseline,synthetic-model-v1,2026-02-13 01:00:00,0
P0006,2026-02-19,22,1,UNIT-10,Senior Officer,70,6.5,0.4,Night,1,3,5,0,0,None,0,90,Not Deployed,0,0,0,213,11.8,6.8,7,7,4,2,0,6.58,3,0,0,0.0,-0.73,0.5,-0.71,0.43,28.0,0.71,-0.83,Improving,Stable,Stable,0.577,58,HIGH,Leave gap | Night-duty frequency | Role difficulty,47 | 9 | 2,Increasing | Increasing | High,Review night-duty schedule | Consider leave/recovery review,Frequent night shifts in the past 30 days | Prolonged gap since last leave taken,synthetic-model-v1,2026-02-20 01:00:00,1
P0006,2026-02-26,22,1,UNIT-10,Senior Officer,70,6.5,0.4,Night,1,3,6,0,0,None,0,97,Not Deployed,0,0,0,220,10.3,6.2,7,8,5,3,0,6.38,4,0,0,0.0,-0.64,-0.16,0.38,1.38,31.5,0.62,-0.72,Improving,Stable,Improving,0.53,53,MODERATE,Leave gap | Night-duty frequency | Sleep decline | Role difficulty,39 | 10 | 2 | 2,Increasing | Increasing | Declining | High,Review night-duty schedule | Consider leave/recovery review,Frequent night shifts in the past 30 days | Prolonged gap since last leave taken,synthetic-model-v1,2026-02-27 04:00:00,0
P0006,2026-03-05,22,1,UNIT-10,Senior Officer,70,5.6,0.3,Day,0,2,0,0,0,None,0,104,Not Deployed,0,0,0,227,6.5,6.7,6,6,5,3,0,6.32,3,0,0,0.0,-1.47,0.36,0.33,-0.78,35.0,-0.44,-1.64,Declining,Declining,Stable,0.549,55,HIGH,Leave gap | Night-duty frequency | Mood decline | Role difficulty,43 | 7 | 3 | 2,Increasing | Increasing | Declining | High,Review night-duty schedule | Consider leave/recovery review,Frequent night shifts in the past 30 days | Prolonged gap since last leave taken,synthetic-model-v1,2026-03-06 04:00:00,0
P0007,2026-01-01,35,10,UNIT-02,Senior Officer,70,9.6,0.0,Day,0,5,0,0,0,None,0,27,Not Deployed,0,0,0,358,15.1,7.2,8,7,4,3,0,9.6,0,0,0,0.0,0.0,0.0,0.0,0.0,0.0,0.0,0.0,Stable,Stable,Stable,0.496,50,MODERATE,Average duty hours | Leave gap | Role difficulty,28 | 13 | 9,Increasing | Increasing | High,Workload review,Duty hours elevated relative to personal baseline,synthetic-model-v1,2026-01-02 04:00:00,1
P0007,2026-01-08,35,10,UNIT-02,Senior Officer,70,9.2,1.2,Day,0,4,0,0,0,None,0,34,Not Deployed,0,0,0,365,13.9,6.7,6,6,5,4,0,9.4,0,0,0,0.0,-0.4,-0.5,1.0,-1.0,7.0,0.0,0.8,Declining,Declining,Declining,0.616,62,HIGH,Leave gap | Mood decline | Sleep decline | Average duty hours | Role difficulty,18 | 16 | 12 | 11 | 6,Increasing | Declining | Declining | Increasing | High,Wellness check-in focused on sleep and recovery,Sleep duration/quality declining from baseline,synthetic-model-v1,2026-01-09 02:00:00,0
P0007,2026-01-15,35,10,UNIT-02,Senior Officer,70,10.2,1.0,Day,0,5,0,0,0,None,0,41,Not Deployed,0,0,0,372,13.6,7.0,6,7,5,4,0,9.67,0,0,0,0.0,0.8,0.05,0.5,0.5,10.5,0.0,1.2,Declining,Declining,Stable,0.576,58,HIGH,Average duty hours | Leave gap | Role difficulty,28 | 25 | 5,Increasing | Increasing | High,Workload review | Consider leave/recovery review,Duty hours elevated relative to personal baseline | Prolonged gap since last leave taken,synthetic-model-v1,2026-01-16 05:00:00,1
P0007,2026-01-22,35,10,UNIT-02,Senior Officer,70,10.4,1.5,Day,0,5,0,0,0,None,0,48,Not Deployed,0,0,0,379,17.6,7.1,9,7,5,4,0,9.85,0,0,0,0.0,0.73,0.13,0.33,0.33,14.0,0.0,1.5,Improving,Stable,Improving,0.521,52,MODERATE,Leave gap | Average duty hours | Role difficulty,26 | 22 | 3,Increasing | Increasing | High,Workload review | Consider leave/recovery review,Duty hours elevated relative to personal baseline | Prolonged gap since last leave taken,synthetic-model-v1,2026-01-23 01:00:00,1
P0007,2026-01-29,35,10,UNIT-02,Senior Officer,70,10.3,1.7,Day,0,5,0,0,0,None,0,55,Not Deployed,0,0,0,386,11.0,6.5,7,6,6,4,0,10.02,0,0,0,0.0,0.45,-0.5,1.25,-0.75,17.5,0.0,1.22,Stable,Declining,Declining,0.423,42,MODERATE,Leave gap | Average duty hours | Sleep decline | Mood decline | Role difficulty,20 | 12 | 4 | 4 | 2,Increasing | Increasing | Declining | Declining | High,Workload review | Consider leave/recovery review | Wellness check-in focused on sleep and recovery,Duty hours elevated relative to personal baseline | Prolonged gap since last leave taken | Sleep duration/quality declining from baseline,synthetic-model-v1,2026-01-30 02:00:00,0
P0007,2026-02-05,35,10,UNIT-02,Senior Officer,70,10.3,1.4,Day,0,6,0,0,0,None,0,62,Not Deployed,0,0,0,393,6.7,6.1,6,7,6,5,0,10.3,0,0,0,0.0,0.36,-0.8,1.0,0.4,21.0,0.0,0.68,Declining,Declining,Declining,0.402,40,MODERATE,Leave gap | Average duty hours | Sleep decline | Role difficulty,22 | 10 | 7 | 2,Increasing | Increasing | Declining | High,Workload review | Consider leave/recovery review | Wellness check-in focused on sleep and recovery,Duty hours elevated relative to personal baseline | Prolonged gap since last leave taken | Sleep duration/quality declining from baseline,synthetic-model-v1,2026-02-06 05:00:00,1
P0007,2026-02-12,35,10,UNIT-02,Senior Officer,70,10.9,1.8,Day,0,5,0,0,0,None,0,69,Not Deployed,0,0,0,400,7.7,6.2,5,7,6,4,0,10.48,0,0,0,0.0,0.9,-0.57,0.83,0.33,24.5,0.0,1.57,Declining,Stable,Stable,0.643,64,HIGH,Leave gap | Average duty hours | Sleep decline | Role difficulty,35 | 20 | 7 | 2,Increasing | Increasing | Declining | High,Workload review | Consider leave/recovery review | Wellness check-in focused on sleep and recovery,Duty hours elevated relative to personal baseline | Prolonged gap since last leave taken | Sleep duration/quality declining from baseline,synthetic-model-v1,2026-02-13 05:00:00,1
P0007,2026-02-19,35,10,UNIT-02,Senior Officer,70,11.5,1.3,Day,0,5,0,0,0,None,0,76,Not Deployed,0,0,0,407,7.7,6.8,6,6,7,4,0,10.75,0,0,0,0.0,1.37,0.11,1.71,-0.71,28.0,0.0,1.44,Stable,Declining,Improving,0.714,71,HIGH,Leave gap | Average duty hours | Mood decline | Role difficulty,40 | 25 | 4 | 2,Increasing | Increasing | Declining | High,Workload review | Consider leave/recovery review,Duty hours elevated relative to personal baseline | Prolonged gap since last leave taken,synthetic-model-v1,2026-02-20 03:00:00,0
P0007,2026-02-26,35,10,UNIT-02,Senior Officer,70,10.9,1.1,Day,0,4,0,0,0,None,0,83,Not Deployed,0,0,1,0,9.7,7.3,6,6,7,5,0,10.9,0,0,0,0.0,0.6,0.6,1.5,-0.62,31.5,0.0,0.46,Declining,Declining,Improving,0.556,56,HIGH,Leave gap | Average duty hours | Recent transfer | Mood decline | Role difficulty,33 | 13 | 6 | 3 | 2,Increasing | Increasing | Increasing | Declining | High,Workload review | Consider leave/recovery review,Duty hours elevated relative to personal baseline | Prolonged gap since last leave taken,synthetic-model-v1,2026-02-27 04:00:00,1
P0007,2026-03-05,35,10,UNIT-02,Senior Officer,70,11.3,2.7,Day,0,3,0,0,0,None,0,90,Not Deployed,0,0,0,7,15.8,6.3,8,6,7,4,1,11.15,0,0,0,0.0,0.93,-0.47,1.33,-0.56,35.0,0.0,2.41,Improving,Stable,Declining,0.635,64,HIGH,Leave gap | Average duty hours | Sleep decline | Mood decline | Role difficulty,38 | 17 | 4 | 3 | 2,Increasing | Increasing | Declining | Declining | High,Workload review | Consider leave/recovery review | Wellness check-in focused on sleep and recovery | Prioritize welfare officer follow-up,Duty hours elevated relative to personal baseline | Prolonged gap since last leave taken | Sleep duration/quality declining from baseline | Person actively requested help,synthetic-model-v1,2026-03-06 04:00:00,0
P0008,2026-01-01,37,10,UNIT-07,Junior Officer,40,9.5,0.2,Night,1,3,1,0,0,None,0,23,Not Deployed,0,0,0,319,7.2,6.1,8,8,4,3,0,9.5,1,0,0,0.0,0.0,0.0,0.0,0.0,0.0,0.0,0.0,Stable,Stable,Stable,0.332,33,MODERATE,Average duty hours | Sleep decline,22 | 11,Increasing | Declining,Routine monitoring,No significant risk indicators detected this period,synthetic-model-v1,2026-01-02 05:00:00,0
P0008,2026-01-08,37,10,UNIT-07,Junior Officer,40,8.9,0.0,Night,1,2,2,0,0,None,0,30,Not Deployed,0,0,0,326,14.3,6.5,8,8,4,3,0,9.2,2,0,0,0.0,-0.6,0.4,0.0,0.0,7.0,0.0,-0.8,Stable,Stable,Improving,0.336,34,MODERATE,Night-duty frequency | Leave gap | Average duty hours,14 | 12 | 8,Increasing | Increasing | Increasing,Routine monitoring,No significant risk indicators detected this period,synthetic-model-v1,2026-01-09 02:00:00,0
P0008,2026-01-15,37,10,UNIT-07,Junior Officer,40,9.1,2.3,Rotating,0,1,1,0,0,None,0,37,Not Deployed,0,0,0,333,18.5,6.3,7,8,4,2,0,9.17,2,0,0,0.0,-0.1,0.0,0.0,0.0,10.5,-1.0,2.1,Stable,Stable,Stable,0.463,46,MODERATE,Leave gap | Night-duty frequency | Average duty hours | Sleep decline,21 | 10 | 8 | 7,Increasing | Increasing | Increasing | Declining,Consider leave/recovery review,Prolonged gap since last leave taken,synthetic-model-v1,2026-01-16 01:00:00,0
P0008,2026-01-22,37,10,UNIT-07,Junior Officer,40,9.7,1.9,Rotating,0,1,0,0,0,None,0,44,Not Deployed,0,0,0,340,15.9,6.9,7,7,5,4,0,9.3,2,0,0,0.0,0.53,0.6,1.0,-1.0,14.0,-0.67,1.6,Declining,Declining,Improving,0.492,49,MODERATE,Leave gap | Average duty hours | Mood decline | Night-duty frequency,20 | 14 | 9 | 6,Increasing | Increasing | Declining | Increasing,Workload review | Consider leave/recovery review,Duty hours elevated relative to personal baseline | Prolonged gap since last leave taken,synthetic-model-v1,2026-01-23 01:00:00,0
P0008,2026-01-29,37,10,UNIT-07,Junior Officer,40,9.5,0.3,Rotating,0,2,0,0,0,None,0,51,Not Deployed,0,0,0,347,18.6,6.8,8,8,4,4,0,9.3,1,0,0,0.0,0.2,0.35,-0.25,0.25,17.5,-0.5,-0.6,Declining,Stable,Improving,0.422,42,MODERATE,Leave gap | Average duty hours,31 | 11,Increasing | Increasing,Consider leave/recovery review,Prolonged gap since last leave taken,synthetic-model-v1,2026-01-30 02:00:00,1
P0008,2026-02-05,37,10,UNIT-07,Junior Officer,40,8.8,0.4,Rotating,0,3,0,0,0,None,0,58,Not Deployed,0,0,0,354,17.1,6.3,6,7,5,4,0,9.27,0,0,0,0.0,-0.54,-0.22,0.8,-0.8,21.0,-0.4,-1.08,Declining,Stable,Declining,0.704,70,HIGH,Leave gap | Mood decline | Sleep decline | Average duty hours,51 | 10 | 6 | 4,Increasing | Declining | Declining | Increasing,Consider leave/recovery review,Prolonged gap since last leave taken,synthetic-model-v1,2026-02-06 02:00:00,0
P0008,2026-02-12,37,10,UNIT-07,Junior Officer,40,8.7,0.4,Night,1,2,2,0,0,None,0,65,Not Deployed,0,0,0,361,11.3,6.6,8,8,4,3,0,9.18,1,0,0,0.0,-0.55,0.12,-0.33,0.33,24.5,0.67,-1.0,Improving,Stable,Stable,0.307,31,MODERATE,Leave gap | Average duty hours,30 | 1,Increasing | Increasing,Consider leave/recovery review,Prolonged gap since last leave taken,synthetic-model-v1,2026-02-13 03:00:00,1
P0008,2026-02-19,37,10,UNIT-07,Junior Officer,40,9.7,0.8,Day,0,2,0,0,0,None,0,72,Not Deployed,0,0,0,368,9.7,6.2,7,7,5,4,0,9.18,1,0,0,0.0,0.53,-0.3,0.71,-0.71,28.0,-0.43,0.54,Improving,Stable,Stable,0.558,56,HIGH,Leave gap | Average duty hours | Mood decline | Sleep decline,37 | 10 | 4 | 4,Increasing | Increasing | Declining | Declining,Workload review | Consider leave/recovery review,Duty hours elevated relative to personal baseline | Prolonged gap since last leave taken,synthetic-model-v1,2026-02-20 01:00:00,0
P0008,2026-02-26,37,10,UNIT-07,Junior Officer,40,10.0,1.2,Day,0,1,0,1,3,Earned,1,7,Not Deployed,0,0,0,375,7.5,5.9,6,7,6,5,0,9.3,1,3,1,0.25,0.76,-0.56,1.62,-0.62,-40.5,-0.38,1.17,Declining,Declining,Declining,0.436,44,MODERATE,Average duty hours | Sleep decline | Mood decline,23 | 14 | 7,Increasing | Declining | Declining,Workload review | Wellness check-in focused on sleep and recovery,Duty hours elevated relative to personal baseline | Sleep duration/quality declining from baseline,synthetic-model-v1,2026-02-27 03:00:00,0
P0008,2026-03-05,37,10,UNIT-07,Junior Officer,40,9.0,0.4,Day,0,2,0,0,0,None,0,14,Not Deployed,0,0,0,382,12.1,6.8,7,8,5,3,0,9.35,1,3,1,0.25,-0.32,0.4,0.44,0.44,-29.0,-0.33,-0.76,Improving,Stable,Improving,0.401,40,MODERATE,Average duty hours,40,Increasing,Routine monitoring,No significant risk indicators detected this period,synthetic-model-v1,2026-03-06 04:00:00,0
P0009,2026-01-01,30,3,UNIT-09,Junior Officer,40,9.6,0.7,Night,1,4,1,0,0,None,0,29,Not Deployed,0,0,0,505,15.9,5.7,7,5,5,4,0,9.6,1,0,0,0.0,0.0,0.0,0.0,0.0,0.0,0.0,0.0,Stable,Stable,Stable,0.456,46,MODERATE,Average duty hours | Sleep decline | Leave gap,23 | 12 | 10,Increasing | Declining | Increasing,Workload review | Wellness check-in focused on sleep and recovery,Duty hours elevated relative to personal baseline | Sleep duration/quality declining from baseline,synthetic-model-v1,2026-01-02 01:00:00,1
P0009,2026-01-08,30,3,UNIT-09,Junior Officer,40,8.1,0.1,Day,0,4,0,0,0,None,0,36,Not Deployed,0,0,0,512,16.8,7.2,8,6,6,3,1,8.85,1,0,0,0.0,-1.5,1.5,1.0,1.0,7.0,-1.0,-2.1,Improving,Declining,Improving,0.559,56,HIGH,Leave gap,56,Increasing,Consider leave/recovery review | Prioritize welfare officer follow-up,Prolonged gap since last leave taken | Person actively requested help,synthetic-model-v1,2026-01-09 02:00:00,1
P0009,2026-01-15,30,3,UNIT-09,Junior Officer,40,9.5,1.5,Day,0,4,0,0,0,None,0,43,Not Deployed,0,0,0,519,16.8,6.4,5,6,6,4,0,9.07,1,0,0,0.0,0.65,-0.05,0.5,0.5,10.5,-0.5,1.75,Declining,Declining,Improving,0.489,49,MODERATE,Leave gap | Average duty hours | Sleep decline,26 | 17 | 6,Increasing | Increasing | Declining,Consider leave/recovery review,Prolonged gap since last leave taken,synthetic-model-v1,2026-01-16 03:00:00,0
P0009,2026-01-22,30,3,UNIT-09,Junior Officer,40,9.0,2.6,Day,0,4,0,1,2,Casual,1,7,Not Deployed,0,0,0,526,18.7,6.8,6,7,6,4,0,9.05,1,2,1,0.25,-0.07,0.37,0.33,1.33,-29.0,-0.33,1.77,Declining,Stable,Declining,0.448,45,MODERATE,Average duty hours,45,Increasing,Routine monitoring,No significant risk indicators detected this period,synthetic-model-v1,2026-01-23 01:00:00,0
P0009,2026-01-29,30,3,UNIT-09,Junior Officer,40,9.4,0.0,Day,0,5,0,0,0,None,0,14,Not Deployed,0,0,0,533,17.2,6.2,7,7,6,4,0,9.0,0,2,1,0.25,0.35,-0.33,0.25,1.0,-14.75,-0.25,-0.88,Improving,Stable,Stable,0.471,47,MODERATE,Average duty hours | Sleep decline,29 | 18,Increasing | Declining,Wellness check-in focused on sleep and recovery,Sleep duration/quality declining from baseline,synthetic-model-v1,2026-01-30 04:00:00,0
P0009,2026-02-05,30,3,UNIT-09,Junior Officer,40,8.3,0.0,Day,0,5,0,0,0,None,0,21,Not Deployed,0,0,0,540,16.8,7.3,7,6,6,3,0,9.05,0,2,1,0.25,-0.82,0.84,0.2,-0.2,-4.8,-0.2,-1.8,Improving,Stable,Improving,0.362,36,MODERATE,Overall workload,36,Stable,Routine monitoring,No significant risk indicators detected this period,synthetic-model-v1,2026-02-06 04:00:00,1
P0009,2026-02-12,30,3,UNIT-09,Junior Officer,40,8.6,1.6,Day,0,4,0,0,0,None,0,28,Not Deployed,0,0,0,547,15.6,6.5,5,6,7,4,0,8.82,0,2,1,0.25,-0.38,-0.1,1.17,-0.17,3.0,-0.17,0.4,Declining,Declining,Stable,0.569,57,HIGH,Leave gap | Average duty hours,47 | 9,Increasing | Increasing,Routine monitoring,No significant risk indicators detected this period,synthetic-model-v1,2026-02-13 02:00:00,0
P0009,2026-02-19,30,3,UNIT-09,Junior Officer,40,10.6,1.1,Day,0,3,0,0,0,None,0,35,Not Deployed,0,0,0,554,13.5,7.1,5,6,7,4,0,9.23,0,0,0,0.0,1.67,0.51,1.0,-0.14,9.57,-0.14,1.84,Declining,Declining,Stable,0.582,58,HIGH,Average duty hours | Leave gap,42 | 16,Increasing | Increasing,Workload review,Duty hours elevated relative to personal baseline,synthetic-model-v1,2026-02-20 01:00:00,0
P0009,2026-02-26,30,3,UNIT-09,Junior Officer,40,8.9,1.1,Rotating,0,4,0,0,0,None,0,42,Not Deployed,0,0,0,561,10.5,7.1,7,5,7,4,0,9.1,0,0,0,0.0,-0.24,0.45,0.88,-1.12,15.38,-0.12,-0.09,Improving,Stable,Improving,0.56,56,HIGH,Leave gap | Mood decline | Average duty hours,33 | 17 | 6,Increasing | Declining | Increasing,Consider leave/recovery review,Prolonged gap since last leave taken,synthetic-model-v1,2026-02-27 03:00:00,1
P0009,2026-03-05,30,3,UNIT-09,Junior Officer,40,9.2,0.0,Rotating,1,3,2,0,0,None,0,49,Not Deployed,0,0,0,568,9.1,6.0,5,5,7,5,0,9.32,1,0,0,0.0,0.09,-0.7,0.78,-1.0,20.67,0.89,-0.88,Declining,Stable,Declining,0.568,57,HIGH,Leave gap | Sleep decline | Mood decline | Average duty hours,28 | 13 | 9 | 7,Increasing | Declining | Declining | Increasing,Consider leave/recovery review | Wellness check-in focused on sleep and recovery,Prolonged gap since last leave taken | Sleep duration/quality declining from baseline,synthetic-model-v1,2026-03-06 05:00:00,0
P0010,2026-01-01,22,1,UNIT-06,Field Officer,55,7.2,1.2,Rotating,0,6,0,0,0,None,0,22,Not Deployed,0,0,0,235,14.8,6.4,7,7,5,4,0,7.2,0,0,0,0.0,0.0,0.0,0.0,0.0,0.0,0.0,0.0,Stable,Stable,Stable,0.432,43,MODERATE,Sleep decline,43,Declining,Routine monitoring,No significant risk indicators detected this period,synthetic-model-v1,2026-01-02 02:00:00,0
P0010,2026-01-08,22,1,UNIT-06,Field Officer,55,7.8,0.0,Rotating,1,6,2,0,0,None,0,29,Not Deployed,0,0,0,242,14.2,6.0,8,8,4,3,0,7.5,1,0,0,0.0,0.6,-0.4,-1.0,1.0,7.0,1.0,-0.6,Improving,Improving,Declining,0.516,52,MODERATE,Sleep decline | Leave gap | Average duty hours,26 | 13 | 12,Declining | Increasing | Increasing,Wellness check-in focused on sleep and recovery,Sleep duration/quality declining from baseline,synthetic-model-v1,2026-01-09 05:00:00,1
P0010,2026-01-15,22,1,UNIT-06,Field Officer,55,7.9,0.1,Rotating,0,6,0,1,3,Casual,0,36,Not Deployed,0,0,0,249,14.5,6.4,8,7,5,3,0,7.63,1,3,1,0.33,0.4,0.2,0.5,-0.5,10.5,-0.5,-0.1,Improving,Stable,Stable,0.53,53,MODERATE,Leave gap | Sleep decline | Mood decline | Average duty hours,15 | 15 | 15 | 9,Increasing | Declining | Declining | Increasing,Routine monitoring,No significant risk indicators detected this period,synthetic-model-v1,2026-01-16 05:00:00,1
P0010,2026-01-22,22,1,UNIT-06,Field Officer,55,7.3,0.1,Rotating,1,5,2,0,0,None,0,43,Not Deployed,0,0,0,256,17.8,6.3,6,6,6,4,0,7.55,2,3,1,0.25,-0.33,0.03,1.33,-1.33,14.0,0.67,-0.67,Declining,Declining,Stable,0.624,62,HIGH,Mood decline | Night-duty frequency | Leave gap | Sleep decline,27 | 15 | 10 | 10,Declining | Increasing | Increasing | Declining,Routine monitoring,No significant risk indicators detected this period,synthetic-model-v1,2026-01-23 02:00:00,1
P0010,2026-01-29,22,1,UNIT-06,Field Officer,55,7.6,0.1,Day,0,6,0,0,0,None,0,50,Not Deployed,0,0,0,263,13.4,6.2,8,5,6,4,0,7.65,2,3,1,0.25,0.05,-0.08,1.0,-2.0,17.5,-0.5,-0.2,Declining,Declining,Stable,0.543,54,MODERATE,Mood decline | Leave gap | Night-duty frequency | Sleep decline | Average duty hours,24 | 15 | 9 | 6 | 1,Declining | Increasing | Increasing | Declining | Increasing,Routine monitoring,No significant risk indicators detected this period,synthetic-model-v1,2026-01-30 03:00:00,1
P0010,2026-02-05,22,1,UNIT-06,Field Officer,55,6.1,0.7,Day,0,5,0,0,0,None,0,57,Not Deployed,0,0,0,270,12.6,6.3,7,7,7,5,0,7.22,1,3,1,0.25,-1.46,0.04,1.8,0.4,21.0,-0.4,-1.06,Improving,Declining,Stable,0.685,68,HIGH,Leave gap | Sleep decline,55 | 13,Increasing | Declining,Consider leave/recovery review,Prolonged gap since last leave taken,synthetic-model-v1,2026-02-06 01:00:00,0
P0010,2026-02-12,22,1,UNIT-06,Field Officer,55,8.7,0.9,Day,0,5,0,0,0,None,0,64,Not Deployed,0,0,0,277,12.8,5.9,5,6,7,6,0,7.42,1,0,0,0.0,1.38,-0.37,1.5,-0.67,24.5,-0.33,1.92,Declining,Declining,Stable,0.615,62,HIGH,Leave gap | Average duty hours | Sleep decline | Fatigue level | Mood decline,35 | 9 | 7 | 5 | 5,Increasing | Increasing | Declining | Increasing | Declining,Workload review | Consider leave/recovery review | Wellness check-in focused on sleep and recovery,Duty hours elevated relative to personal baseline | Prolonged gap since last leave taken | Sleep duration/quality declining from baseline,synthetic-model-v1,2026-02-13 03:00:00,0
P0010,2026-02-19,22,1,UNIT-06,Field Officer,55,8.0,0.3,Day,0,5,0,0,0,None,0,71,Not Deployed,0,0,0,284,14.8,7.1,6,6,7,4,0,7.6,0,0,0,0.0,0.49,0.89,1.29,-0.57,28.0,-0.29,0.34,Declining,Stable,Improving,0.564,56,HIGH,Leave gap | Mood decline | Average duty hours,48 | 5 | 3,Increasing | Declining | Increasing,Consider leave/recovery review,Prolonged gap since last leave taken,synthetic-model-v1,2026-02-20 05:00:00,1
P0010,2026-02-26,22,1,UNIT-06,Field Officer,55,7.1,1.0,Day,0,6,0,0,0,None,0,78,Not Deployed,0,0,0,291,16.7,5.8,4,5,8,6,0,7.48,0,0,0,0.0,-0.47,-0.53,2.12,-1.5,31.5,-0.25,0.1,Declining,Declining,Stable,0.757,76,HIGH,Leave gap | Mood decline | Sleep decline | Fatigue level,49 | 11 | 10 | 6,Increasing | Declining | Declining | Increasing,Consider leave/recovery review | Wellness check-in focused on sleep and recovery,Prolonged gap since last leave taken | Sleep duration/quality declining from baseline,synthetic-model-v1,2026-02-27 05:00:00,0
P0010,2026-03-05,22,1,UNIT-06,Field Officer,55,6.2,0.0,Day,0,5,0,0,0,None,0,85,Not Deployed,0,0,0,298,10.8,5.9,5,6,8,6,0,7.5,0,0,0,0.0,-1.32,-0.37,1.89,-0.33,35.0,-0.22,-1.81,Declining,Declining,Declining,0.733,73,HIGH,Leave gap | Sleep decline | Fatigue level | Mood decline,57 | 8 | 6 | 3,Increasing | Declining | Increasing | Declining,Consider leave/recovery review | Wellness check-in focused on sleep and recovery,Prolonged gap since last leave taken | Sleep duration/quality declining from baseline,synthetic-model-v1,2026-03-06 01:00:00,1
P0011,2026-01-01,26,3,UNIT-01,Senior Officer,70,9.0,0.4,Rotating,0,6,0,0,0,None,0,18,Not Deployed,0,0,0,293,12.9,7.7,8,7,3,2,0,9.0,0,0,0,0.0,0.0,0.0,0.0,0.0,0.0,0.0,0.0,Stable,Stable,Stable,0.318,32,MODERATE,Average duty hours | Role difficulty,18 | 14,Increasing | High,Routine monitoring,No significant risk indicators detected this period,synthetic-model-v1,2026-01-02 04:00:00,1
P0011,2026-01-08,26,3,UNIT-01,Senior Officer,70,7.7,0.0,Night,1,7,2,0,0,None,0,25,Not Deployed,0,0,0,300,12.2,7.0,8,7,3,2,0,8.35,1,0,0,0.0,-1.3,-0.7,0.0,0.0,7.0,1.0,-1.7,Stable,Stable,Declining,0.277,28,LOW,Sleep decline | Role difficulty,20 | 7,Declining | High,Wellness check-in focused on sleep and recovery,Sleep duration/quality declining from baseline,synthetic-model-v1,2026-01-09 01:00:00,1
P0011,2026-01-15,26,3,UNIT-01,Senior Officer,70,8.3,0.0,Night,1,8,4,0,0,None,0,32,Not Deployed,0,0,0,307,9.7,7.5,9,8,3,2,0,8.33,2,0,0,0.0,-0.05,0.15,0.0,1.0,10.5,0.5,-0.25,Improving,Stable,Stable,0.324,32,MODERATE,Consecutive work days | Leave gap | Night-duty frequency | Role difficulty,11 | 9 | 8 | 4,Increasing | Increasing | Increasing | High,Routine monitoring,No significant risk indicators detected this period,synthetic-model-v1,2026-01-16 02:00:00,1
P0011,2026-01-22,26,3,UNIT-01,Senior Officer,70,8.6,1.3,Night,1,7,6,0,0,None,0,39,Not Deployed,0,0,0,314,11.5,6.6,7,6,4,3,0,8.4,3,0,0,0.0,0.27,-0.8,1.0,-1.33,14.0,0.33,1.43,Declining,Declining,Declining,0.39,39,MODERATE,Leave gap | Night-duty frequency | Mood decline | Sleep decline | Role difficulty,11 | 10 | 8 | 8 | 2,Increasing | Increasing | Declining | Declining | High,Review night-duty schedule | Consider leave/recovery review | Wellness check-in focused on sleep and recovery,Frequent night shifts in the past 30 days | Prolonged gap since last leave taken | Sleep duration/quality declining from baseline,synthetic-model-v1,2026-01-23 05:00:00,1
P0011,2026-01-29,26,3,UNIT-01,Senior Officer,70,9.3,1.5,Night,1,8,7,0,0,None,0,46,Deployed,7,1,0,321,24.7,6.7,7,6,5,4,0,8.48,4,0,0,0.0,0.9,-0.5,1.75,-1.0,17.5,0.25,1.97,Declining,Declining,Declining,0.694,69,HIGH,Leave gap | Night-duty frequency | Recent deployment | Average duty hours | Mood decline,21 | 18 | 12 | 12 | 8,Increasing | Increasing | Increasing | Increasing | Declining,Review night-duty schedule | Consider leave/recovery review | Wellness check-in focused on sleep and recovery,Frequent night shifts in the past 30 days | Prolonged gap since last leave taken | Sleep duration/quality declining from baseline,synthetic-model-v1,2026-01-30 04:00:00,1
P0011,2026-02-05,26,3,UNIT-01,Senior Officer,70,8.7,0.4,Night,1,7,8,1,1,Medical,1,7,Deployed,14,0,0,328,46.9,7.1,8,6,5,3,0,8.72,4,1,1,0.25,0.12,0.0,1.4,-0.8,-25.0,0.2,-0.12,Improving,Declining,Improving,0.564,56,HIGH,Night-duty frequency | Deployment hardship | Mood decline | Role difficulty | Average duty hours,27 | 12 | 9 | 4 | 3,Increasing | High | Declining | High | Increasing,Review night-duty schedule,Frequent night shifts in the past 30 days,synthetic-model-v1,2026-02-06 02:00:00,1
P0011,2026-02-12,26,3,UNIT-01,Senior Officer,70,8.6,1.8,Night,1,8,10,1,1,Emergency,1,7,Deployed,21,0,0,335,41.0,6.8,6,6,6,5,0,8.8,4,2,2,0.5,-0.0,-0.3,2.17,-0.67,-20.83,0.17,1.2,Declining,Declining,Stable,0.515,52,MODERATE,Night-duty frequency | Rising leave requests | Consecutive work days | Deployment hardship | Mood decline,20 | 11 | 9 | 6 | 6,Increasing | Increasing | Increasing | High | Declining,Review night-duty schedule,Frequent night shifts in the past 30 days,synthetic-model-v1,2026-02-13 05:00:00,1
P0011,2026-02-19,26,3,UNIT-01,Senior Officer,70,8.4,0.1,Day,0,7,8,0,0,None,0,14,Deployed,28,0,0,342,46.8,7.1,5,6,6,4,0,8.75,3,2,2,0.5,-0.2,0.04,1.86,-0.57,-10.86,-0.86,-0.87,Declining,Declining,Stable,0.447,45,MODERATE,Night-duty frequency | Rising leave requests | Deployment hardship | Mood decline | Role difficulty,14 | 12 | 10 | 5 | 4,Increasing | Increasing | High | Declining | High,Review night-duty schedule,Frequent night shifts in the past 30 days,synthetic-model-v1,2026-02-20 04:00:00,1
P0011,2026-02-26,26,3,UNIT-01,Senior Officer,70,8.5,0.0,Rotating,0,7,7,0,0,None,0,21,Deployed,35,0,0,349,58.0,7.5,7,6,7,4,0,8.55,2,2,2,0.5,-0.07,0.44,2.62,-0.5,-2.5,-0.75,-0.76,Improving,Declining,Improving,0.499,50,MODERATE,Deployment hardship | Rising leave requests | Night-duty frequency | Mood decline | Role difficulty,19 | 13 | 8 | 5 | 4,High | Increasing | Increasing | Declining | High,Review deployment welfare support,High deployment hardship score,synthetic-model-v1,2026-02-27 01:00:00,1
P0011,2026-03-05,26,3,UNIT-01,Senior Officer,70,9.8,0.5,Rotating,1,7,9,0,0,None,0,28,Deployed,42,0,0,356,60.8,6.8,5,5,8,5,0,8.82,2,1,1,0.25,1.23,-0.31,3.33,-1.44,4.78,0.33,1.12,Declining,Declining,Stable,0.617,62,HIGH,Average duty hours | Deployment hardship | Mood decline | Night-duty frequency | Leave gap,20 | 17 | 13 | 7 | 5,Increasing | High | Declining | Increasing | Increasing,Workload review | Wellness check-in focused on sleep and recovery | Review deployment welfare support,Duty hours elevated relative to personal baseline | Sleep duration/quality declining from baseline | High deployment hardship score,synthetic-model-v1,2026-03-06 01:00:00,0
P0012,2026-01-01,29,5,UNIT-02,Senior Officer,70,9.3,0.0,Day,0,5,0,1,1,Emergency,1,7,Not Deployed,0,0,0,465,20.3,7.8,7,7,4,3,0,9.3,0,1,1,1.0,0.0,0.0,0.0,0.0,0.0,0.0,0.0,Stable,Stable,Stable,0.389,39,MODERATE,Average duty hours | Role difficulty,26 | 12,Increasing | High,Routine monitoring,No significant risk indicators detected this period,synthetic-model-v1,2026-01-02 04:00:00,0
P0012,2026-01-08,29,5,UNIT-02,Senior Officer,70,7.8,0.4,Day,0,6,0,0,0,None,0,14,Not Deployed,0,0,0,472,13.5,8.0,9,9,4,2,0,8.55,0,1,1,0.5,-1.5,0.2,0.0,2.0,7.0,0.0,-1.1,Improving,Stable,Stable,0.468,47,MODERATE,Role difficulty,47,High,Routine monitoring,No significant risk indicators detected this period,synthetic-model-v1,2026-01-09 05:00:00,1
P0012,2026-01-15,29,5,UNIT-02,Senior Officer,70,8.6,0.8,Night,1,6,2,0,0,None,0,21,Not Deployed,0,0,0,479,10.7,7.6,8,7,5,4,0,8.57,1,1,1,0.33,0.05,-0.3,1.0,-1.0,10.5,1.0,0.65,Stable,Declining,Stable,0.379,38,MODERATE,Mood decline | Sleep decline | Role difficulty | Average duty hours,19 | 9 | 7 | 3,Declining | Declining | High | Increasing,Routine monitoring,No significant risk indicators detected this period,synthetic-model-v1,2026-01-16 01:00:00,1
P0012,2026-01-22,29,5,UNIT-02,Senior Officer,70,9.2,0.6,Night,1,7,3,0,0,None,0,28,Not Deployed,0,0,0,486,8.7,7.2,8,6,6,4,0,8.73,2,1,1,0.25,0.63,-0.6,1.67,-1.67,14.0,0.67,0.83,Declining,Declining,Declining,0.704,70,HIGH,Mood decline | Average duty hours | Sleep decline | Night-duty frequency | Leave gap,24 | 17 | 13 | 11 | 7,Declining | Increasing | Declining | Increasing | Increasing,Wellness check-in focused on sleep and recovery,Sleep duration/quality declining from baseline,synthetic-model-v1,2026-01-23 03:00:00,1
P0012,2026-01-29,29,5,UNIT-02,Senior Officer,70,8.3,0.0,Night,1,7,4,0,0,None,0,35,Deployed,7,1,0,493,36.2,7.8,5,6,6,3,0,8.48,3,0,0,0.0,-0.43,0.15,1.25,-1.25,17.5,0.5,-0.87,Declining,Declining,Stable,0.427,43,MODERATE,Night-duty frequency | Recent deployment | Leave gap | Mood decline | Deployment hardship,11 | 11 | 9 | 9 | 3,Increasing | Increasing | Increasing | Declining | High,Review night-duty schedule,Frequent night shifts in the past 30 days,synthetic-model-v1,2026-01-30 05:00:00,1
P0012,2026-02-05,29,5,UNIT-02,Senior Officer,70,9.4,1.1,Night,1,6,6,0,0,None,0,42,Deployed,14,0,0,500,50.6,7.5,6,6,7,5,0,8.88,4,0,0,0.0,0.76,-0.18,2.0,-1.0,21.0,0.4,1.5,Declining,Declining,Stable,0.533,53,MODERATE,Night-duty frequency | Leave gap | Average duty hours | Deployment hardship | Mood decline,15 | 14 | 10 | 8 | 7,Increasing | Increasing | Increasing | High | Declining,Review night-duty schedule | Consider leave/recovery review,Frequent night shifts in the past 30 days | Prolonged gap since last leave taken,synthetic-model-v1,2026-02-06 05:00:00,1
P0012,2026-02-12,29,5,UNIT-02,Senior Officer,70,11.3,1.0,Day,0,7,5,0,0,None,0,49,Deployed,21,0,0,507,55.4,7.9,5,4,8,6,0,9.55,3,0,0,0.0,2.53,0.25,2.67,-2.83,24.5,-0.67,3.05,Declining,Declining,Stable,0.832,83,CRITICAL,Average duty hours | Leave gap | Mood decline | Deployment hardship | Night-duty frequency,29 | 18 | 17 | 10 | 9,Increasing | Increasing | Declining | High | Increasing,Workload review | Review night-duty schedule | Consider leave/recovery review | Review deployment welfare support,Duty hours elevated relative to personal baseline | Frequent night shifts in the past 30 days | Prolonged gap since last leave taken | High deployment hardship score,synthetic-model-v1,2026-02-13 04:00:00,1
P0012,2026-02-19,29,5,UNIT-02,Senior Officer,70,11.5,3.6,Day,0,7,4,0,0,None,0,56,Deployed,28,0,0,514,58.8,8.2,6,5,9,5,1,10.12,2,0,0,0.0,2.37,0.51,3.29,-1.43,28.0,-0.57,5.41,Declining,Declining,Improving,0.829,83,CRITICAL,Average duty hours | Leave gap | Deployment hardship | Mood decline | Night-duty frequency,31 | 25 | 12 | 9 | 5,Increasing | Increasing | High | Declining | Increasing,Workload review | Consider leave/recovery review | Review deployment welfare support | Prioritize welfare officer follow-up,Duty hours elevated relative to personal baseline | Prolonged gap since last leave taken | High deployment hardship score | Person actively requested help,synthetic-model-v1,2026-02-20 05:00:00,1
P0012,2026-02-26,29,5,UNIT-02,Senior Officer,70,9.7,1.2,Day,0,6,3,1,1,Emergency,0,63,Deployed,35,0,0,521,57.8,7.1,3,3,10,7,0,10.48,1,1,1,0.25,0.27,-0.65,3.88,-3.25,31.5,-0.5,0.54,Declining,Declining,Declining,0.765,76,HIGH,Leave gap | Mood decline | Deployment hardship | Fatigue level | Average duty hours,26 | 21 | 11 | 10 | 9,Increasing | Declining | High | Increasing | Increasing,Workload review | Consider leave/recovery review | Wellness check-in focused on sleep and recovery | Review deployment welfare support,Duty hours elevated relative to personal baseline | Prolonged gap since last leave taken | Sleep duration/quality declining from baseline | High deployment hardship score,synthetic-model-v1,2026-02-27 05:00:00,1
P0012,2026-03-05,29,5,UNIT-02,Senior Officer,70,9.2,0.9,Day,0,6,0,1,3,Emergency,1,7,Deployed,42,0,0,528,61.4,6.5,3,4,9,6,1,10.42,0,4,2,0.5,-0.26,-1.18,2.44,-1.89,-28.0,-0.44,-0.32,Declining,Stable,Declining,0.752,75,HIGH,Deployment hardship | Mood decline | Sleep decline | Rising leave requests | Fatigue level,19 | 19 | 17 | 12 | 7,High | Declining | Declining | Increasing | Increasing,Wellness check-in focused on sleep and recovery | Review deployment welfare support | Prioritize welfare officer follow-up,Sleep duration/quality declining from baseline | High deployment hardship score | Person actively requested help,synthetic-model-v1,2026-03-06 05:00:00,1
P0013,2026-01-01,36,13,UNIT-03,Junior Officer,40,8.0,0.8,Day,0,3,0,0,0,None,0,26,Not Deployed,0,0,0,345,10.8,6.6,7,7,4,2,0,8.0,0,0,0,0.0,0.0,0.0,0.0,0.0,0.0,0.0,0.0,Stable,Stable,Stable,0.39,39,MODERATE,Leave gap,39,Increasing,Routine monitoring,No significant risk indicators detected this period,synthetic-model-v1,2026-01-02 04:00:00,1
P0013,2026-01-08,36,13,UNIT-03,Junior Officer,40,8.2,0.0,Day,0,2,0,0,0,None,0,33,Not Deployed,0,0,0,352,11.1,6.6,8,7,5,5,0,8.1,0,0,0,0.0,0.2,0.0,1.0,0.0,7.0,0.0,-0.6,Declining,Declining,Stable,0.484,48,MODERATE,Leave gap | Average duty hours,42 | 6,Increasing | Increasing,Routine monitoring,No significant risk indicators detected this period,synthetic-model-v1,2026-01-09 05:00:00,0
P0013,2026-01-15,36,13,UNIT-03,Junior Officer,40,8.8,1.5,Day,0,1,0,0,0,None,0,40,Not Deployed,0,0,0,359,9.6,6.3,7,6,4,3,0,8.33,0,0,0,0.0,0.7,-0.3,-0.5,-1.0,10.5,0.0,1.8,Declining,Stable,Stable,0.311,31,MODERATE,Leave gap | Mood decline | Average duty hours | Sleep decline,14 | 7 | 6 | 4,Increasing | Declining | Increasing | Declining,Consider leave/recovery review,Prolonged gap since last leave taken,synthetic-model-v1,2026-01-16 01:00:00,1
P0013,2026-01-22,36,13,UNIT-03,Junior Officer,40,8.8,0.0,Day,0,2,0,0,0,None,0,47,Not Deployed,0,0,0,366,12.3,5.4,5,7,6,5,0,8.45,0,0,0,0.0,0.47,-1.1,1.67,0.33,14.0,0.0,-0.3,Declining,Declining,Declining,0.347,35,MODERATE,Leave gap | Sleep decline | Average duty hours,16 | 15 | 4,Increasing | Declining | Increasing,Consider leave/recovery review | Wellness check-in focused on sleep and recovery,Prolonged gap since last leave taken | Sleep duration/quality declining from baseline,synthetic-model-v1,2026-01-23 01:00:00,0
P0013,2026-01-29,36,13,UNIT-03,Junior Officer,40,6.6,0.4,Day,0,1,0,0,0,None,0,54,Not Deployed,0,0,0,373,11.8,6.8,7,7,5,3,0,8.1,0,0,0,0.0,-1.85,0.58,0.25,0.25,17.5,0.0,-2.03,Improving,Declining,Improving,0.373,37,MODERATE,Leave gap,37,Increasing,Consider leave/recovery review,Prolonged gap since last leave taken,synthetic-model-v1,2026-01-30 03:00:00,1
P0013,2026-02-05,36,13,UNIT-03,Junior Officer,40,7.5,0.1,Night,1,1,2,1,5,Casual,1,7,Deployed,7,1,0,380,52.2,6.1,6,6,5,3,0,7.93,1,5,1,0.25,-0.58,-0.24,0.2,-0.8,-33.0,1.0,-1.02,Improving,Improving,Improving,0.614,61,HIGH,Recent deployment | Deployment hardship | Mood decline | Sleep decline,21 | 20 | 11 | 9,Increasing | High | Declining | Declining,Routine monitoring,No significant risk indicators detected this period,synthetic-model-v1,2026-02-06 04:00:00,1
P0013,2026-02-12,36,13,UNIT-03,Junior Officer,40,9.7,1.1,Night,1,1,3,0,0,None,0,14,Deployed,14,0,0,387,54.6,6.8,6,7,6,4,0,8.15,2,5,1,0.25,1.72,0.5,1.17,0.33,-20.5,0.83,2.35,Declining,Declining,Stable,0.706,71,HIGH,Average duty hours | Deployment hardship | Night-duty frequency,37 | 23 | 11,Increasing | High | Increasing,Workload review,Duty hours elevated relative to personal baseline,synthetic-model-v1,2026-02-13 05:00:00,1
P0013,2026-02-19,36,13,UNIT-03,Junior Officer,40,8.7,1.3,Night,1,1,5,0,0,None,0,21,Deployed,21,0,0,394,72.1,5.8,7,6,6,4,0,8.12,3,5,1,0.25,0.47,-0.57,1.0,-0.71,-10.57,0.71,1.21,Stable,Declining,Stable,0.55,55,HIGH,Deployment hardship | Night-duty frequency | Sleep decline | Mood decline | Average duty hours,21 | 12 | 11 | 6 | 4,High | Increasing | Declining | Declining | Increasing,Review night-duty schedule | Wellness check-in focused on sleep and recovery | Review deployment welfare support,Frequent night shifts in the past 30 days | Sleep duration/quality declining from baseline | High deployment hardship score,synthetic-model-v1,2026-02-20 04:00:00,1
P0013,2026-02-26,36,13,UNIT-03,Junior Officer,40,9.3,1.8,Day,0,1,0,0,0,None,0,28,Deployed,28,0,0,401,79.0,5.7,5,6,7,6,1,8.8,3,5,1,0.25,1.01,-0.6,1.88,-0.62,-2.25,-0.38,2.16,Declining,Declining,Declining,0.617,62,HIGH,Deployment hardship | Average duty hours | Night-duty frequency | Sleep decline | Fatigue level,23 | 11 | 11 | 11 | 6,High | Increasing | Increasing | Declining | Increasing,Workload review | Review night-duty schedule | Wellness check-in focused on sleep and recovery | Review deployment welfare support | Prioritize welfare officer follow-up,Duty hours elevated relative to personal baseline | Frequent night shifts in the past 30 days | Sleep duration/quality declining from baseline | High deployment hardship score | Person actively requested help,synthetic-model-v1,2026-02-27 02:00:00,1
P0013,2026-03-05,36,13,UNIT-03,Junior Officer,40,9.3,1.8,Day,0,2,0,0,0,None,0,35,Deployed,35,0,0,408,71.9,5.8,5,5,8,5,0,9.25,2,0,0,0.0,0.9,-0.43,2.67,-1.56,5.0,-0.33,1.92,Declining,Declining,Stable,0.68,68,HIGH,Deployment hardship | Mood decline | Average duty hours | Leave gap | Sleep decline,22 | 13 | 12 | 11 | 10,High | Declining | Increasing | Increasing | Declining,Wellness check-in focused on sleep and recovery | Review deployment welfare support,Sleep duration/quality declining from baseline | High deployment hardship score,synthetic-model-v1,2026-03-06 05:00:00,0
P0014,2026-01-01,36,11,UNIT-08,Field Officer,55,10.3,0.9,Rotating,1,3,1,1,4,Earned,1,7,Not Deployed,0,0,0,383,12.9,9.0,6,6,6,4,0,10.3,1,4,1,1.0,0.0,0.0,0.0,0.0,0.0,0.0,0.0,Stable,Stable,Stable,0.52,52,MODERATE,Average duty hours,52,Increasing,Workload review,Duty hours elevated relative to personal baseline,synthetic-model-v1,2026-01-02 01:00:00,0
P0014,2026-01-08,36,11,UNIT-08,Field Officer,55,10.3,1.7,Rotating,1,4,3,0,0,None,0,14,Not Deployed,0,0,0,390,14.6,9.0,6,5,6,4,0,10.3,2,4,1,0.5,0.0,0.0,0.0,-1.0,7.0,0.0,0.8,Declining,Stable,Stable,0.536,54,MODERATE,Average duty hours | Mood decline | Night-duty frequency,27 | 15 | 11,Increasing | Declining | Increasing,Workload review,Duty hours elevated relative to personal baseline,synthetic-model-v1,2026-01-09 01:00:00,1
P0014,2026-01-15,36,11,UNIT-08,Field Officer,55,10.6,1.0,Rotating,1,5,5,0,0,None,0,21,Not Deployed,0,0,0,397,14.9,8.3,7,6,6,4,0,10.4,3,4,1,0.33,0.3,-0.7,0.0,0.5,10.5,0.0,-0.0,Improving,Stable,Declining,0.314,31,MODERATE,Average duty hours | Night-duty frequency | Sleep decline,15 | 10 | 7,Increasing | Increasing | Declining,Workload review | Review night-duty schedule | Wellness check-in focused on sleep and recovery,Duty hours elevated relative to personal baseline | Frequent night shifts in the past 30 days | Sleep duration/quality declining from baseline,synthetic-model-v1,2026-01-16 04:00:00,1
P0014,2026-01-22,36,11,UNIT-08,Field Officer,55,10.4,0.9,Rotating,1,6,6,0,0,None,0,28,Not Deployed,0,0,0,404,15.8,7.7,6,6,6,3,0,10.4,4,4,1,0.25,0.0,-1.07,0.0,0.33,14.0,0.0,-0.3,Improving,Stable,Declining,0.766,77,HIGH,Night-duty frequency | Average duty hours | Sleep decline | Leave gap,28 | 23 | 20 | 6,Increasing | Increasing | Declining | Increasing,Workload review | Review night-duty schedule | Wellness check-in focused on sleep and recovery,Duty hours elevated relative to personal baseline | Frequent night shifts in the past 30 days | Sleep duration/quality declining from baseline,synthetic-model-v1,2026-01-23 05:00:00,1
P0014,2026-01-29,36,11,UNIT-08,Field Officer,55,10.7,1.5,Rotating,1,7,8,0,0,None,0,35,Not Deployed,0,0,0,411,12.3,8.4,6,6,7,5,0,10.5,4,0,0,0.0,0.3,-0.1,1.0,0.25,17.5,0.0,0.67,Declining,Declining,Stable,0.682,68,HIGH,Average duty hours | Night-duty frequency | Leave gap,28 | 26 | 14,Increasing | Increasing | Increasing,Workload review | Review night-duty schedule,Duty hours elevated relative to personal baseline | Frequent night shifts in the past 30 days,synthetic-model-v1,2026-01-30 03:00:00,1
P0014,2026-02-05,36,11,UNIT-08,Field Officer,55,12.6,2.0,Night,1,7,9,0,0,None,0,42,Deployed,7,1,0,418,54.2,8.3,7,6,8,6,0,11.08,4,0,0,0.0,2.14,-0.18,1.8,0.2,21.0,0.0,2.94,Declining,Declining,Improving,0.715,72,HIGH,Average duty hours | Night-duty frequency | Leave gap | Deployment hardship | Recent deployment,31 | 12 | 12 | 8 | 8,Increasing | Increasing | Increasing | High | Increasing,Workload review | Review night-duty schedule | Consider leave/recovery review,Duty hours elevated relative to personal baseline | Frequent night shifts in the past 30 days | Prolonged gap since last leave taken,synthetic-model-v1,2026-02-06 01:00:00,1
P0014,2026-02-12,36,11,UNIT-08,Field Officer,55,12.2,3.0,Night,1,6,10,1,5,Casual,1,7,Deployed,14,0,1,0,42.3,7.9,6,5,9,6,0,11.48,4,5,1,0.25,1.38,-0.55,2.5,-0.83,-17.5,0.0,3.05,Declining,Declining,Declining,0.676,68,HIGH,Average duty hours | Night-duty frequency | Recent transfer | Mood decline | Sleep decline,32 | 15 | 9 | 6 | 6,Increasing | Increasing | Increasing | Declining | Declining,Workload review | Review night-duty schedule | Wellness check-in focused on sleep and recovery,Duty hours elevated relative to personal baseline | Frequent night shifts in the past 30 days | Sleep duration/quality declining from baseline,synthetic-model-v1,2026-02-13 01:00:00,1
P0014,2026-02-19,36,11,UNIT-08,Field Officer,55,11.9,3.1,Day,0,7,9,0,0,None,0,14,Deployed,21,0,0,7,65.0,7.3,5,4,10,7,1,11.85,3,5,1,0.25,0.89,-1.07,3.14,-1.71,-8.0,-1.0,2.41,Declining,Declining,Declining,0.844,84,CRITICAL,Average duty hours | Deployment hardship | Mood decline | Sleep decline | Night-duty frequency,31 | 17 | 13 | 12 | 11,Increasing | High | Declining | Declining | Increasing,Workload review | Review night-duty schedule | Wellness check-in focused on sleep and recovery | Review deployment welfare support | Prioritize welfare officer follow-up,Duty hours elevated relative to personal baseline | Frequent night shifts in the past 30 days | Sleep duration/quality declining from baseline | High deployment hardship score | Person actively requested help,synthetic-model-v1,2026-02-20 05:00:00,0
P0014,2026-02-26,36,11,UNIT-08,Field Officer,55,13.3,4.5,Day,0,8,0,0,0,None,0,21,Deployed,28,0,0,14,76.2,7.7,4,4,10,6,0,12.5,2,5,1,0.25,2.18,-0.54,2.75,-1.5,0.0,-0.88,4.91,Declining,Declining,Stable,0.798,80,CRITICAL,Average duty hours | Deployment hardship | Mood decline | Consecutive work days | Sleep decline,41 | 18 | 9 | 6 | 5,Increasing | High | Declining | Increasing | Declining,Workload review | Wellness check-in focused on sleep and recovery | Review deployment welfare support,Duty hours elevated relative to personal baseline | Sleep duration/quality declining from baseline | High deployment hardship score,synthetic-model-v1,2026-02-27 02:00:00,0
P0014,2026-03-05,36,11,UNIT-08,Field Officer,55,12.5,2.4,Day,0,9,0,0,0,None,0,28,Not Deployed,0,0,0,21,49.6,8.4,4,4,10,6,0,12.48,1,5,1,0.25,1.13,0.22,2.44,-1.33,7.0,-0.78,1.47,Stable,Stable,Improving,0.725,72,HIGH,Average duty hours | Consecutive work days | Mood decline | Deployment hardship | Fatigue level,36 | 11 | 10 | 9 | 6,Increasing | Increasing | Declining | High | Increasing,Workload review,Duty hours elevated relative to personal baseline,synthetic-model-v1,2026-03-06 04:00:00,1
P0015,2026-01-01,29,5,UNIT-05,Field Officer,55,11.1,2.3,Day,0,5,0,0,0,None,0,29,Not Deployed,0,0,0,225,13.3,6.8,7,7,5,3,0,11.1,0,0,0,0.0,0.0,0.0,0.0,0.0,0.0,0.0,0.0,Stable,Stable,Stable,0.463,46,MODERATE,Average duty hours | Leave gap,39 | 7,Increasing | Increasing,Workload review,Duty hours elevated relative to personal baseline,synthetic-model-v1,2026-01-02 02:00:00,0
P0015,2026-01-08,29,5,UNIT-05,Field Officer,55,11.6,2.9,Day,0,5,0,1,3,Emergency,1,7,Not Deployed,0,0,0,232,11.6,6.8,8,8,4,3,0,11.35,0,3,1,0.5,0.5,0.0,-1.0,1.0,-22.0,0.0,1.1,Improving,Improving,Stable,0.39,39,MODERATE,Average duty hours,39,Increasing,Workload review,Duty hours elevated relative to personal baseline,synthetic-model-v1,2026-01-09 02:00:00,0
P0015,2026-01-15,29,5,UNIT-05,Field Officer,55,10.9,0.3,Day,0,6,0,0,0,None,0,14,Not Deployed,0,0,0,239,11.9,6.9,7,6,4,2,0,11.2,0,3,1,0.33,-0.45,0.1,-0.5,-1.5,-4.0,0.0,-2.75,Stable,Improving,Stable,0.398,40,MODERATE,Average duty hours | Mood decline,24 | 15,Increasing | Declining,Workload review,Duty hours elevated relative to personal baseline,synthetic-model-v1,2026-01-16 04:00:00,1
P0015,2026-01-22,29,5,UNIT-05,Field Officer,55,11.2,2.0,Day,0,6,0,1,3,Medical,1,7,Not Deployed,0,0,0,246,16.0,5.6,7,7,4,3,0,11.2,0,6,2,0.5,-0.0,-1.23,-0.33,0.0,-9.67,0.0,0.17,Declining,Stable,Declining,0.484,48,MODERATE,Average duty hours | Sleep decline | Rising leave requests,20 | 19 | 9,Increasing | Declining | Increasing,Workload review | Wellness check-in focused on sleep and recovery,Duty hours elevated relative to personal baseline | Sleep duration/quality declining from baseline,synthetic-model-v1,2026-01-23 04:00:00,0
P0015,2026-01-29,29,5,UNIT-05,Field Officer,55,11.4,1.8,Day,0,6,0,0,0,None,0,14,Deployed,7,1,0,253,43.1,6.0,6,6,5,4,0,11.28,0,6,2,0.5,0.2,-0.53,0.75,-1.0,-0.25,0.0,0.13,Declining,Declining,Declining,0.524,52,MODERATE,Average duty hours | Recent deployment | Rising leave requests | Sleep decline | Mood decline,20 | 10 | 8 | 8 | 7,Increasing | Increasing | Increasing | Declining | Declining,Workload review | Wellness check-in focused on sleep and recovery,Duty hours elevated relative to personal baseline | Sleep duration/quality declining from baseline,synthetic-model-v1,2026-01-30 03:00:00,0
P0015,2026-02-05,29,5,UNIT-05,Field Officer,55,11.8,3.8,Day,0,6,0,1,2,Casual,1,7,Deployed,14,0,0,260,62.8,6.2,5,6,5,3,0,11.32,0,5,2,0.5,0.56,-0.22,0.6,-0.8,-7.2,0.0,2.5,Declining,Declining,Improving,0.514,51,MODERATE,Average duty hours | Deployment hardship | Rising leave requests | Mood decline | Sleep decline,23 | 13 | 8 | 5 | 3,Increasing | High | Increasing | Declining | Declining,Workload review | Review deployment welfare support,Duty hours elevated relative to personal baseline | High deployment hardship score,synthetic-model-v1,2026-02-06 03:00:00,0
P0015,2026-02-12,29,5,UNIT-05,Field Officer,55,11.9,3.0,Day,0,5,0,0,0,None,0,14,Deployed,21,0,0,267,66.7,7.0,9,8,4,3,0,11.58,0,5,2,0.5,0.57,0.62,-0.5,1.33,1.0,0.0,1.38,Improving,Improving,Improving,0.573,57,HIGH,Average duty hours | Deployment hardship,36 | 21,Increasing | High,Workload review | Review deployment welfare support,Duty hours elevated relative to personal baseline | High deployment hardship score,synthetic-model-v1,2026-02-13 03:00:00,1
P0015,2026-02-19,29,5,UNIT-05,Field Officer,55,11.5,2.8,Day,0,6,0,0,0,None,0,21,Deployed,28,0,0,274,48.9,7.0,6,8,5,4,0,11.65,0,2,1,0.25,0.09,0.53,0.57,1.14,7.86,0.0,0.59,Improving,Stable,Improving,0.348,35,MODERATE,Average duty hours | Deployment hardship,25 | 10,Increasing | High,Workload review,Duty hours elevated relative to personal baseline,synthetic-model-v1,2026-02-20 03:00:00,1
P0015,2026-02-26,29,5,UNIT-05,Field Officer,55,11.5,2.2,Day,0,7,0,0,0,None,0,28,Deployed,35,0,0,281,70.2,6.4,8,7,6,4,0,11.68,0,2,1,0.25,0.07,-0.14,1.5,0.0,13.88,0.0,-0.09,Declining,Declining,Declining,0.471,47,MODERATE,Average duty hours | Deployment hardship | Leave gap | Sleep decline,22 | 18 | 4 | 4,Increasing | High | Increasing | Declining,Workload review | Review deployment welfare support,Duty hours elevated relative to personal baseline | High deployment hardship score,synthetic-model-v1,2026-02-27 05:00:00,1
P0015,2026-03-05,29,5,UNIT-05,Field Officer,55,11.3,1.9,Day,0,7,0,0,0,None,0,35,Deployed,42,0,0,288,66.7,6.8,7,5,7,5,0,11.55,0,0,0,0.0,-0.13,0.28,2.33,-2.0,19.33,0.0,-0.58,Declining,Declining,Stable,0.6,60,HIGH,Average duty hours | Deployment hardship | Mood decline | Leave gap,20 | 16 | 14 | 9,Increasing | High | Declining | Increasing,Workload review | Review deployment welfare support,Duty hours elevated relative to personal baseline | High deployment hardship score,synthetic-model-v1,2026-03-06 04:00:00,0
P0016,2026-01-01,35,11,UNIT-10,Senior Officer,70,7.2,0.1,Rotating,0,2,0,0,0,None,0,28,Not Deployed,0,0,0,88,13.9,5.4,7,8,4,3,0,7.2,0,0,0,0.0,0.0,0.0,0.0,0.0,0.0,0.0,0.0,Stable,Stable,Stable,0.338,34,MODERATE,Sleep decline | Leave gap | Role difficulty,16 | 10 | 7,Declining | Increasing | High,Wellness check-in focused on sleep and recovery,Sleep duration/quality declining from baseline,synthetic-model-v1,2026-01-02 02:00:00,0
P0016,2026-01-08,35,11,UNIT-10,Senior Officer,70,8.6,0.6,Rotating,0,1,0,0,0,None,0,35,Not Deployed,0,0,0,95,15.3,6.0,7,8,3,3,0,7.9,0,0,0,0.0,1.4,0.6,-1.0,0.0,7.0,0.0,1.9,Stable,Improving,Improving,0.371,37,MODERATE,Leave gap | Average duty hours | Sleep decline | Role difficulty,14 | 13 | 6 | 4,Increasing | Increasing | Declining | High,Workload review,Duty hours elevated relative to personal baseline,synthetic-model-v1,2026-01-09 02:00:00,0
P0016,2026-01-15,35,11,UNIT-10,Senior Officer,70,9.0,1.1,Rotating,0,2,0,0,0,None,0,42,Not Deployed,0,0,0,102,16.4,6.4,8,7,4,3,0,8.27,0,0,0,0.0,1.1,0.7,0.5,-1.0,10.5,0.0,1.85,Stable,Stable,Improving,0.553,55,HIGH,Leave gap | Average duty hours | Mood decline | Sleep decline | Role difficulty,22 | 14 | 10 | 5 | 4,Increasing | Increasing | Declining | Declining | High,Workload review | Consider leave/recovery review,Duty hours elevated relative to personal baseline | Prolonged gap since last leave taken,synthetic-model-v1,2026-01-16 04:00:00,0
P0016,2026-01-22,35,11,UNIT-10,Senior Officer,70,8.0,0.5,Rotating,0,1,0,0,0,None,0,49,Not Deployed,0,0,0,109,13.1,6.2,6,6,5,3,0,8.2,0,0,0,0.0,-0.27,0.27,1.33,-1.67,14.0,0.0,-0.37,Declining,Declining,Stable,0.441,44,MODERATE,Leave gap | Mood decline | Sleep decline | Role difficulty,24 | 13 | 4 | 3,Increasing | Declining | Declining | High,Consider leave/recovery review,Prolonged gap since last leave taken,synthetic-model-v1,2026-01-23 04:00:00,0
P0016,2026-01-29,35,11,UNIT-10,Senior Officer,70,8.1,1.1,Rotating,0,1,0,0,0,None,0,56,Not Deployed,0,0,0,116,13.6,6.1,7,6,5,4,0,8.43,0,0,0,0.0,-0.1,0.1,1.0,-1.25,17.5,0.0,0.42,Declining,Declining,Declining,0.334,33,MODERATE,Leave gap | Mood decline | Sleep decline | Role difficulty,22 | 7 | 3 | 2,Increasing | Declining | Declining | High,Consider leave/recovery review,Prolonged gap since last leave taken,synthetic-model-v1,2026-01-30 02:00:00,0
P0016,2026-02-05,35,11,UNIT-10,Senior Officer,70,9.1,1.5,Rotating,1,1,1,0,0,None,0,63,Not Deployed,0,0,0,123,12.6,6.4,6,8,4,3,0,8.55,1,0,0,0.0,0.92,0.38,-0.2,1.0,21.0,1.0,1.74,Improving,Improving,Stable,0.422,42,MODERATE,Leave gap | Average duty hours | Sleep decline | Role difficulty,29 | 8 | 3 | 2,Increasing | Increasing | Declining | High,Consider leave/recovery review,Prolonged gap since last leave taken,synthetic-model-v1,2026-02-06 05:00:00,1
P0016,2026-02-12,35,11,UNIT-10,Senior Officer,70,7.4,0.2,Day,0,1,0,0,0,None,0,70,Not Deployed,0,0,0,130,13.3,6.4,7,7,5,4,0,8.15,1,0,0,0.0,-0.93,0.32,0.83,-0.17,24.5,-0.17,-1.55,Improving,Stable,Improving,0.51,51,MODERATE,Leave gap | Sleep decline | Role difficulty,44 | 4 | 3,Increasing | Declining | High,Consider leave/recovery review,Prolonged gap since last leave taken,synthetic-model-v1,2026-02-13 03:00:00,0
P0016,2026-02-19,35,11,UNIT-10,Senior Officer,70,7.3,0.6,Rotating,0,1,0,1,3,Earned,1,7,Not Deployed,0,0,0,137,12.6,5.9,6,7,5,4,0,7.98,1,3,1,0.25,-0.9,-0.23,0.71,-0.14,-42.0,-0.14,-1.03,Declining,Declining,Declining,0.464,46,MODERATE,Sleep decline | Role difficulty,32 | 15,Declining | High,Wellness check-in focused on sleep and recovery,Sleep duration/quality declining from baseline,synthetic-model-v1,2026-02-20 02:00:00,0
P0016,2026-02-26,35,11,UNIT-10,Senior Officer,70,7.8,0.0,Rotating,1,1,1,1,1,Casual,1,7,Not Deployed,0,0,0,144,13.5,5.3,7,7,5,4,0,7.9,2,4,2,0.5,-0.29,-0.8,0.62,-0.12,-36.75,0.88,-1.0,Stable,Stable,Declining,0.524,52,MODERATE,Sleep decline | Rising leave requests | Night-duty frequency | Role difficulty,25 | 15 | 9 | 4,Declining | Increasing | Increasing | High,Wellness check-in focused on sleep and recovery,Sleep duration/quality declining from baseline,synthetic-model-v1,2026-02-27 03:00:00,0
P0016,2026-03-05,35,11,UNIT-10,Senior Officer,70,7.0,0.7,Day,0,2,0,1,2,Casual,1,7,Not Deployed,0,0,0,151,11.0,6.7,7,9,4,3,0,7.38,1,6,3,0.75,-1.06,0.69,-0.44,1.89,-32.67,-0.22,-0.99,Improving,Improving,Improving,0.435,44,MODERATE,Rising leave requests | Role difficulty,33 | 10,Increasing | High,Routine monitoring,No significant risk indicators detected this period,synthetic-model-v1,2026-03-06 01:00:00,0
P0017,2026-01-01,41,13,UNIT-08,Junior Officer,40,9.5,1.1,Night,1,5,2,0,0,None,0,34,Not Deployed,0,0,0,478,19.3,6.0,6,6,5,4,0,9.5,1,0,0,0.0,0.0,0.0,0.0,0.0,0.0,0.0,0.0,Stable,Stable,Stable,0.439,44,MODERATE,Leave gap | Average duty hours | Sleep decline,19 | 17 | 8,Increasing | Increasing | Declining,Routine monitoring,No significant risk indicators detected this period,synthetic-model-v1,2026-01-02 04:00:00,1
P0017,2026-01-08,41,13,UNIT-08,Junior Officer,40,8.8,1.2,Night,1,5,4,0,0,None,0,41,Not Deployed,0,0,0,485,19.6,7.0,6,6,6,4,0,9.15,2,0,0,0.0,-0.7,1.0,1.0,0.0,7.0,0.0,-0.6,Stable,Declining,Improving,0.392,39,MODERATE,Leave gap | Night-duty frequency | Average duty hours,26 | 10 | 4,Increasing | Increasing | Increasing,Consider leave/recovery review,Prolonged gap since last leave taken,synthetic-model-v1,2026-01-09 05:00:00,0
P0017,2026-01-15,41,13,UNIT-08,Junior Officer,40,7.7,0.3,Night,1,5,5,0,0,None,0,48,Not Deployed,0,0,0,492,15.6,6.5,7,5,6,3,0,8.67,3,0,0,0.0,-1.45,0.0,0.5,-1.0,10.5,0.0,-2.3,Improving,Declining,Improving,0.453,45,MODERATE,Leave gap | Night-duty frequency | Mood decline,24 | 13 | 8,Increasing | Increasing | Declining,Review night-duty schedule | Consider leave/recovery review,Frequent night shifts in the past 30 days | Prolonged gap since last leave taken,synthetic-model-v1,2026-01-16 05:00:00,1
P0017,2026-01-22,41,13,UNIT-08,Junior Officer,40,8.6,0.0,Night,1,4,6,0,0,None,0,55,Not Deployed,0,0,0,499,11.6,6.3,5,6,6,5,0,8.65,4,0,0,0.0,-0.07,-0.2,0.33,0.33,14.0,0.0,-0.93,Declining,Stable,Declining,0.513,51,MODERATE,Leave gap | Night-duty frequency | Sleep decline | Average duty hours,29 | 17 | 4 | 1,Increasing | Increasing | Declining | Increasing,Review night-duty schedule | Consider leave/recovery review,Frequent night shifts in the past 30 days | Prolonged gap since last leave taken,synthetic-model-v1,2026-01-23 03:00:00,1
P0017,2026-01-29,41,13,UNIT-08,Junior Officer,40,7.8,0.9,Night,1,3,8,1,1,Earned,0,62,Not Deployed,0,0,0,506,13.5,6.0,6,7,6,4,0,8.22,4,1,1,0.25,-0.85,-0.45,0.25,1.25,17.5,0.0,-0.6,Stable,Stable,Declining,0.535,54,MODERATE,Leave gap | Night-duty frequency | Sleep decline,29 | 16 | 8,Increasing | Increasing | Declining,Review night-duty schedule | Consider leave/recovery review | Wellness check-in focused on sleep and recovery,Frequent night shifts in the past 30 days | Prolonged gap since last leave taken | Sleep duration/quality declining from baseline,synthetic-model-v1,2026-01-30 02:00:00,1
P0017,2026-02-05,41,13,UNIT-08,Junior Officer,40,8.9,1.1,Night,1,2,10,1,1,Casual,1,7,Not Deployed,0,0,0,513,14.3,6.2,6,6,7,5,0,8.25,4,2,2,0.5,0.42,-0.16,1.2,0.0,-41.0,0.0,0.82,Improving,Declining,Stable,0.64,64,HIGH,Night-duty frequency | Rising leave requests | Average duty hours | Sleep decline,31 | 17 | 10 | 7,Increasing | Increasing | Increasing | Declining,Review night-duty schedule,Frequent night shifts in the past 30 days,synthetic-model-v1,2026-02-06 03:00:00,1
P0017,2026-02-12,41,13,UNIT-08,Junior Officer,40,8.8,0.0,Day,0,1,0,0,0,None,0,14,Not Deployed,0,0,0,520,13.2,6.3,5,5,8,6,0,8.52,3,2,2,0.5,0.25,-0.03,2.0,-1.0,-27.17,-1.0,-0.52,Declining,Declining,Stable,0.649,65,HIGH,Night-duty frequency | Rising leave requests | Mood decline | Fatigue level | Sleep decline,19 | 16 | 13 | 10 | 6,Increasing | Increasing | Declining | Increasing | Declining,Review night-duty schedule,Frequent night shifts in the past 30 days,synthetic-model-v1,2026-02-13 01:00:00,0
P0017,2026-02-19,41,13,UNIT-08,Junior Officer,40,10.3,1.1,Day,0,1,0,0,0,None,0,21,Not Deployed,0,0,0,527,11.6,6.8,5,5,8,5,0,8.95,2,2,2,0.5,1.71,0.47,1.71,-0.86,-16.29,-0.86,2.16,Declining,Declining,Improving,0.675,68,HIGH,Average duty hours | Rising leave requests | Mood decline | Night-duty frequency,35 | 14 | 10 | 9,Increasing | Increasing | Declining | Increasing,Workload review,Duty hours elevated relative to personal baseline,synthetic-model-v1,2026-02-20 04:00:00,0
P0017,2026-02-26,41,13,UNIT-08,Junior Officer,40,7.8,0.5,Day,0,1,0,0,0,None,0,28,Not Deployed,0,0,0,534,11.2,6.5,6,5,8,6,0,8.95,1,1,1,0.25,-1.0,0.11,1.5,-0.75,-7.25,-0.75,-1.21,Improving,Stable,Stable,0.559,56,HIGH,Fatigue level | Mood decline | Leave gap,21 | 21 | 14,Increasing | Declining | Increasing,Routine monitoring,No significant risk indicators detected this period,synthetic-model-v1,2026-02-27 03:00:00,0
P0017,2026-03-05,41,13,UNIT-08,Junior Officer,40,7.8,0.5,Day,0,2,0,0,0,None,0,35,Not Deployed,0,0,0,541,12.6,6.6,6,4,7,5,0,8.68,0,0,0,0.0,-0.89,0.2,0.33,-1.67,0.56,-0.67,-1.08,Stable,Improving,Stable,0.666,67,HIGH,Mood decline | Leave gap,38 | 29,Declining | Increasing,Routine monitoring,No significant risk indicators detected this period,synthetic-model-v1,2026-03-06 01:00:00,0
P0018,2026-01-01,35,8,UNIT-07,Senior Officer,70,8.8,0.0,Rotating,0,5,0,0,0,None,0,14,Not Deployed,0,0,0,250,8.1,7.6,6,7,5,3,0,8.8,0,0,0,0.0,0.0,0.0,0.0,0.0,0.0,0.0,0.0,Stable,Stable,Stable,0.484,48,MODERATE,Role difficulty | Average duty hours,27 | 22,High | Increasing,Routine monitoring,No significant risk indicators detected this period,synthetic-model-v1,2026-01-02 03:00:00,0
P0018,2026-01-08,35,8,UNIT-07,Senior Officer,70,9.0,0.4,Rotating,1,4,2,0,0,None,0,21,Not Deployed,0,0,0,257,4.8,7.1,6,6,6,5,0,8.9,1,0,0,0.0,0.2,-0.5,1.0,-1.0,7.0,1.0,0.6,Declining,Declining,Declining,0.534,53,MODERATE,Mood decline | Sleep decline | Average duty hours | Role difficulty,19 | 14 | 13 | 7,Declining | Declining | Increasing | High,Wellness check-in focused on sleep and recovery,Sleep duration/quality declining from baseline,synthetic-model-v1,2026-01-09 04:00:00,0
P0018,2026-01-15,35,8,UNIT-07,Senior Officer,70,8.8,1.1,Rotating,1,3,3,0,0,None,0,28,Not Deployed,0,0,0,264,10.0,7.1,9,7,5,3,0,8.87,2,0,0,0.0,-0.1,-0.25,-0.5,0.5,10.5,0.5,0.8,Improving,Stable,Declining,0.486,49,MODERATE,Night-duty frequency | Leave gap | Sleep decline | Role difficulty | Average duty hours,15 | 10 | 10 | 8 | 6,Increasing | Increasing | Declining | High | Increasing,Routine monitoring,No significant risk indicators detected this period,synthetic-model-v1,2026-01-16 02:00:00,0
P0018,2026-01-22,35,8,UNIT-07,Senior Officer,70,8.9,0.8,Rotating,0,3,0,0,0,None,0,35,Not Deployed,0,0,1,0,11.5,8.8,8,6,5,4,0,8.88,2,0,0,0.0,0.03,1.53,-0.33,-0.67,14.0,-0.67,0.33,Improving,Improving,Improving,0.402,40,MODERATE,Leave gap | Recent transfer | Night-duty frequency | Mood decline | Average duty hours,12 | 12 | 7 | 6 | 4,Increasing | Increasing | Increasing | Declining | Increasing,Routine monitoring,No significant risk indicators detected this period,synthetic-model-v1,2026-01-23 03:00:00,0
P0018,2026-01-29,35,8,UNIT-07,Senior Officer,70,8.2,0.1,Rotating,1,4,1,0,0,None,0,42,Not Deployed,0,0,0,7,8.4,7.1,8,6,5,3,0,8.73,3,0,0,0.0,-0.68,-0.55,-0.25,-0.5,17.5,0.5,-1.15,Declining,Stable,Stable,0.298,30,MODERATE,Leave gap | Night-duty frequency | Sleep decline | Mood decline | Role difficulty,12 | 8 | 5 | 3 | 2,Increasing | Increasing | Declining | Declining | High,Review night-duty schedule | Consider leave/recovery review | Wellness check-in focused on sleep and recovery,Frequent night shifts in the past 30 days | Prolonged gap since last leave taken | Sleep duration/quality declining from baseline,synthetic-model-v1,2026-01-30 05:00:00,1
P0018,2026-02-05,35,8,UNIT-07,Senior Officer,70,9.2,0.0,Night,1,4,2,0,0,None,0,49,Deployed,7,1,0,14,63.0,7.6,6,7,5,3,0,8.78,3,0,0,0.0,0.46,0.06,-0.2,0.6,21.0,0.4,-0.02,Stable,Stable,Declining,0.475,48,MODERATE,Leave gap | Deployment hardship | Night-duty frequency | Recent deployment | Average duty hours,16 | 11 | 8 | 8 | 5,Increasing | High | Increasing | Increasing | Increasing,Review night-duty schedule | Consider leave/recovery review | Review deployment welfare support,Frequent night shifts in the past 30 days | Prolonged gap since last leave taken | High deployment hardship score,synthetic-model-v1,2026-02-06 04:00:00,1
P0018,2026-02-12,35,8,UNIT-07,Senior Officer,70,9.5,0.3,Day,0,3,1,0,0,None,0,56,Deployed,14,0,0,21,70.8,8.0,6,6,5,4,0,8.95,2,0,0,0.0,0.68,0.45,-0.17,-0.5,24.5,-0.67,0.58,Declining,Stable,Improving,0.621,62,HIGH,Leave gap | Deployment hardship | Average duty hours | Night-duty frequency | Mood decline,26 | 17 | 10 | 5 | 3,Increasing | High | Increasing | Increasing | Declining,Consider leave/recovery review | Review deployment welfare support,Prolonged gap since last leave taken | High deployment hardship score,synthetic-model-v1,2026-02-13 04:00:00,1
P0018,2026-02-19,35,8,UNIT-07,Senior Officer,70,11.1,0.6,Day,0,3,0,1,1,Emergency,1,7,Deployed,21,0,0,28,71.4,7.0,5,6,6,4,0,9.5,2,1,1,0.25,2.19,-0.61,0.86,-0.43,-28.0,-0.57,2.4,Declining,Declining,Declining,0.619,62,HIGH,Average duty hours | Deployment hardship | Sleep decline | Night-duty frequency | Mood decline,29 | 18 | 6 | 5 | 3,Increasing | High | Declining | Increasing | Declining,Workload review | Wellness check-in focused on sleep and recovery | Review deployment welfare support,Duty hours elevated relative to personal baseline | Sleep duration/quality declining from baseline | High deployment hardship score,synthetic-model-v1,2026-02-20 03:00:00,0
P0018,2026-02-26,35,8,UNIT-07,Senior Officer,70,8.7,1.0,Day,0,3,0,0,0,None,0,14,Not Deployed,0,0,0,35,48.2,7.0,5,5,7,5,0,9.62,1,1,1,0.25,-0.49,-0.54,1.75,-1.38,-17.5,-0.5,0.1,Declining,Declining,Declining,0.583,58,HIGH,Mood decline | Deployment hardship | Sleep decline | Role difficulty | Average duty hours,21 | 17 | 12 | 6 | 3,Declining | High | Declining | High | Increasing,Wellness check-in focused on sleep and recovery,Sleep duration/quality declining from baseline,synthetic-model-v1,2026-02-27 03:00:00,0
P0018,2026-03-05,35,8,UNIT-07,Senior Officer,70,9.5,1.0,Day,0,2,0,0,0,None,0,21,Not Deployed,0,0,0,42,36.3,7.2,6,6,7,4,0,9.7,0,1,1,0.25,0.37,-0.28,1.56,-0.22,-8.56,-0.44,0.89,Improving,Declining,Stable,0.489,49,MODERATE,Average duty hours | Sleep decline | Deployment hardship | Role difficulty,25 | 10 | 8 | 7,Increasing | Declining | High | High,Routine monitoring,No significant risk indicators detected this period,synthetic-model-v1,2026-03-06 03:00:00,0
P0019,2026-01-01,24,1,UNIT-01,Junior Officer,40,9.8,2.1,Day,0,4,0,0,0,None,0,19,Not Deployed,0,0,0,657,4.9,6.7,7,7,4,2,0,9.8,0,0,0,0.0,0.0,0.0,0.0,0.0,0.0,0.0,0.0,Stable,Stable,Stable,0.215,22,LOW,Average duty hours,22,Increasing,Workload review,Duty hours elevated relative to personal baseline,synthetic-model-v1,2026-01-02 03:00:00,0
P0019,2026-01-08,24,1,UNIT-01,Junior Officer,40,11.3,1.4,Day,0,5,0,0,0,None,0,26,Not Deployed,0,0,0,664,5.2,7.0,8,7,4,2,0,10.55,0,0,0,0.0,1.5,0.3,0.0,0.0,7.0,0.0,0.8,Improving,Stable,Stable,0.51,51,MODERATE,Average duty hours | Leave gap,45 | 6,Increasing | Increasing,Workload review,Duty hours elevated relative to personal baseline,synthetic-model-v1,2026-01-09 01:00:00,0
P0019,2026-01-15,24,1,UNIT-01,Junior Officer,40,11.0,1.1,Day,0,4,0,0,0,None,0,33,Not Deployed,0,0,0,671,6.0,6.5,8,7,4,3,0,10.7,0,0,0,0.0,0.45,-0.35,0.0,0.0,10.5,0.0,-0.2,Stable,Stable,Stable,0.381,38,MODERATE,Average duty hours | Leave gap | Sleep decline,25 | 9 | 5,Increasing | Increasing | Declining,Workload review | Wellness check-in focused on sleep and recovery,Duty hours elevated relative to personal baseline | Sleep duration/quality declining from baseline,synthetic-model-v1,2026-01-16 01:00:00,0
P0019,2026-01-22,24,1,UNIT-01,Junior Officer,40,11.6,3.3,Day,0,4,0,0,0,None,0,40,Not Deployed,0,0,0,678,6.8,7.2,8,8,4,3,0,10.92,0,0,0,0.0,0.9,0.47,0.0,1.0,14.0,0.0,2.67,Stable,Stable,Stable,0.374,37,MODERATE,Average duty hours | Leave gap,25 | 12,Increasing | Increasing,Workload review | Consider leave/recovery review,Duty hours elevated relative to personal baseline | Prolonged gap since last leave taken,synthetic-model-v1,2026-01-23 05:00:00,1
P0019,2026-01-29,24,1,UNIT-01,Junior Officer,40,10.8,1.8,Day,0,3,0,0,0,None,0,47,Deployed,7,1,0,685,48.7,6.4,7,8,4,3,0,11.18,0,0,0,0.0,-0.12,-0.45,0.0,0.75,17.5,0.0,-0.3,Stable,Stable,Stable,0.389,39,MODERATE,Leave gap | Average duty hours | Recent deployment | Deployment hardship | Sleep decline,13 | 11 | 7 | 5 | 3,Increasing | Increasing | Increasing | High | Declining,Workload review | Consider leave/recovery review | Wellness check-in focused on sleep and recovery,Duty hours elevated relative to personal baseline | Prolonged gap since last leave taken | Sleep duration/quality declining from baseline,synthetic-model-v1,2026-01-30 03:00:00,1
P0019,2026-02-05,24,1,UNIT-01,Junior Officer,40,10.9,3.5,Day,0,4,0,0,0,None,0,54,Deployed,14,0,0,692,48.4,6.6,7,6,5,3,0,11.08,0,0,0,0.0,0.0,-0.16,1.0,-1.4,21.0,0.0,1.56,Declining,Declining,Declining,0.591,59,HIGH,Leave gap | Average duty hours | Mood decline | Deployment hardship,25 | 17 | 10 | 8,Increasing | Increasing | Declining | High,Workload review | Consider leave/recovery review,Duty hours elevated relative to personal baseline | Prolonged gap since last leave taken,synthetic-model-v1,2026-02-06 03:00:00,1
P0019,2026-02-12,24,1,UNIT-01,Junior Officer,40,10.8,2.0,Day,0,4,0,0,0,None,0,61,Deployed,21,0,0,699,56.9,6.9,7,7,6,4,0,11.02,0,0,0,0.0,-0.1,0.17,1.83,-0.17,24.5,0.0,-0.3,Declining,Declining,Improving,0.629,63,HIGH,Leave gap | Average duty hours | Deployment hardship,33 | 17 | 12,Increasing | Increasing | High,Workload review | Consider leave/recovery review | Review deployment welfare support,Duty hours elevated relative to personal baseline | Prolonged gap since last leave taken | High deployment hardship score,synthetic-model-v1,2026-02-13 03:00:00,1
P0019,2026-02-19,24,1,UNIT-01,Junior Officer,40,10.6,1.5,Day,0,3,0,0,0,None,0,68,Deployed,28,0,0,706,69.6,6.5,7,5,6,4,0,10.78,0,0,0,0.0,-0.29,-0.26,1.57,-2.14,28.0,0.0,-0.96,Declining,Declining,Stable,0.497,50,MODERATE,Leave gap | Deployment hardship | Mood decline | Average duty hours | Sleep decline,21 | 10 | 8 | 8 | 2,Increasing | High | Declining | Increasing | Declining,Workload review | Consider leave/recovery review | Review deployment welfare support,Duty hours elevated relative to personal baseline | Prolonged gap since last leave taken | High deployment hardship score,synthetic-model-v1,2026-02-20 03:00:00,1
P0019,2026-02-26,24,1,UNIT-01,Junior Officer,40,11.0,1.5,Day,0,2,0,1,1,Emergency,0,75,Deployed,35,0,0,713,61.1,6.5,5,5,7,5,0,10.82,0,1,1,0.25,0.15,-0.22,2.38,-1.88,31.5,0.0,-0.44,Declining,Declining,Declining,0.729,73,HIGH,Leave gap | Average duty hours | Deployment hardship | Mood decline | Sleep decline,33 | 15 | 11 | 11 | 3,Increasing | Increasing | High | Declining | Declining,Workload review | Consider leave/recovery review | Review deployment welfare support,Duty hours elevated relative to personal baseline | Prolonged gap since last leave taken | High deployment hardship score,synthetic-model-v1,2026-02-27 05:00:00,1
P0019,2026-03-05,24,1,UNIT-01,Junior Officer,40,11.2,1.3,Day,0,3,0,1,4,Casual,1,7,Deployed,42,0,0,720,70.9,6.4,6,5,8,5,0,10.9,0,5,2,0.5,0.33,-0.3,3.11,-1.67,-40.0,0.0,-0.39,Declining,Declining,Stable,0.624,62,HIGH,Average duty hours | Deployment hardship | Mood decline | Rising leave requests | Sleep decline,21 | 18 | 12 | 9 | 4,Increasing | High | Declining | Increasing | Declining,Workload review | Review deployment welfare support,Duty hours elevated relative to personal baseline | High deployment hardship score,synthetic-model-v1,2026-03-06 03:00:00,0
P0020,2026-01-01,33,7,UNIT-02,Command Officer,85,11.1,2.7,Day,0,2,0,0,0,None,0,38,Not Deployed,0,0,0,446,8.4,8.1,6,7,5,3,0,11.1,0,0,0,0.0,0.0,0.0,0.0,0.0,0.0,0.0,0.0,Stable,Stable,Stable,0.391,39,MODERATE,Average duty hours | Leave gap | Role difficulty,20 | 12 | 7,Increasing | Increasing | High,Workload review | Consider leave/recovery review,Duty hours elevated relative to personal baseline | Prolonged gap since last leave taken,synthetic-model-v1,2026-01-02 03:00:00,1
P0020,2026-01-08,33,7,UNIT-02,Command Officer,85,11.3,1.9,Day,0,3,0,0,0,None,0,45,Not Deployed,0,0,0,453,8.4,8.2,5,6,6,5,0,11.2,0,0,0,0.0,0.2,0.1,1.0,-1.0,7.0,0.0,-0.6,Declining,Declining,Stable,0.516,52,MODERATE,Average duty hours | Leave gap | Mood decline | Role difficulty,21 | 17 | 7 | 7,Increasing | Increasing | Declining | High,Workload review | Consider leave/recovery review,Duty hours elevated relative to personal baseline | Prolonged gap since last leave taken,synthetic-model-v1,2026-01-09 03:00:00,1
P0020,2026-01-15,33,7,UNIT-02,Command Officer,85,10.7,1.2,Rotating,1,3,2,0,0,None,0,52,Not Deployed,0,0,0,460,5.7,6.8,5,6,7,4,0,11.03,1,0,0,0.0,-0.5,-1.35,1.5,-0.5,10.5,1.0,-1.6,Declining,Declining,Declining,0.518,52,MODERATE,Leave gap | Average duty hours | Sleep decline | Role difficulty | Mood decline,19 | 13 | 12 | 5 | 3,Increasing | Increasing | Declining | High | Declining,Workload review | Consider leave/recovery review | Wellness check-in focused on sleep and recovery,Duty hours elevated relative to personal baseline | Prolonged gap since last leave taken | Sleep duration/quality declining from baseline,synthetic-model-v1,2026-01-16 01:00:00,0
P0020,2026-01-22,33,7,UNIT-02,Command Officer,85,11.8,2.8,Rotating,0,3,0,0,0,None,0,59,Not Deployed,0,0,0,467,8.9,7.4,7,6,6,3,0,11.22,1,0,0,0.0,0.77,-0.3,0.0,-0.33,14.0,-0.33,1.63,Improving,Stable,Declining,0.417,42,MODERATE,Leave gap | Average duty hours | Role difficulty | Sleep decline | Mood decline,18 | 16 | 4 | 2 | 1,Increasing | Increasing | High | Declining | Declining,Workload review | Consider leave/recovery review,Duty hours elevated relative to personal baseline | Prolonged gap since last leave taken,synthetic-model-v1,2026-01-23 01:00:00,1
P0020,2026-01-29,33,7,UNIT-02,Command Officer,85,11.4,2.4,Rotating,0,4,0,0,0,None,0,66,Not Deployed,0,0,0,474,13.0,7.8,6,4,8,6,0,11.3,1,0,0,0.0,0.18,0.17,2.0,-2.25,17.5,-0.25,0.43,Declining,Declining,Improving,0.719,72,HIGH,Leave gap | Average duty hours | Mood decline | Role difficulty | Fatigue level,30 | 18 | 13 | 6 | 4,Increasing | Increasing | Declining | High | Increasing,Workload review | Consider leave/recovery review,Duty hours elevated relative to personal baseline | Prolonged gap since last leave taken,synthetic-model-v1,2026-01-30 01:00:00,0
P0020,2026-02-05,33,7,UNIT-02,Command Officer,85,10.0,1.6,Rotating,0,3,0,0,0,None,0,73,Not Deployed,0,0,0,481,13.3,8.0,7,5,7,4,0,10.98,1,0,0,0.0,-1.26,0.34,0.6,-0.8,21.0,-0.2,-1.86,Declining,Declining,Improving,0.567,57,HIGH,Leave gap | Average duty hours | Role difficulty | Mood decline,37 | 9 | 6 | 5,Increasing | Increasing | High | Declining,Workload review | Consider leave/recovery review,Duty hours elevated relative to personal baseline | Prolonged gap since last leave taken,synthetic-model-v1,2026-02-06 02:00:00,1
P0020,2026-02-12,33,7,UNIT-02,Command Officer,85,12.0,3.4,Rotating,1,4,2,0,0,None,0,80,Not Deployed,0,0,0,488,14.1,7.4,8,4,8,5,0,11.3,1,0,0,0.0,0.95,-0.32,1.5,-1.67,24.5,0.83,2.25,Improving,Stable,Declining,0.724,72,HIGH,Leave gap | Average duty hours | Mood decline | Role difficulty | Sleep decline,35 | 21 | 9 | 5 | 3,Increasing | Increasing | Declining | High | Declining,Workload review | Consider leave/recovery review | Wellness check-in focused on sleep and recovery,Duty hours elevated relative to personal baseline | Prolonged gap since last leave taken | Sleep duration/quality declining from baseline,synthetic-model-v1,2026-02-13 01:00:00,0
P0020,2026-02-19,33,7,UNIT-02,Command Officer,85,11.6,1.4,Rotating,0,5,0,0,0,None,0,87,Not Deployed,0,0,0,495,14.2,7.5,6,5,8,5,0,11.25,1,0,0,0.0,0.41,-0.17,1.29,-0.43,28.0,-0.29,-0.47,Declining,Declining,Declining,0.694,69,HIGH,Leave gap | Average duty hours | Role difficulty | Mood decline,43 | 19 | 5 | 2,Increasing | Increasing | High | Declining,Workload review | Consider leave/recovery review,Duty hours elevated relative to personal baseline | Prolonged gap since last leave taken,synthetic-model-v1,2026-02-20 02:00:00,0
P0020,2026-02-26,33,7,UNIT-02,Command Officer,85,11.5,1.6,Rotating,0,5,0,1,1,Emergency,1,7,Not Deployed,0,0,0,502,11.3,7.9,5,6,7,5,0,11.28,1,1,1,0.25,0.26,0.25,0.12,0.62,-55.5,-0.25,-0.31,Declining,Improving,Improving,0.608,61,HIGH,Average duty hours | Role difficulty,47 | 14,Increasing | High,Workload review,Duty hours elevated relative to personal baseline,synthetic-model-v1,2026-02-27 05:00:00,1
P0020,2026-03-05,33,7,UNIT-02,Command Officer,85,10.8,1.3,Rotating,1,5,1,0,0,None,0,14,Not Deployed,0,0,0,509,12.3,7.2,5,4,8,5,0,11.48,2,1,1,0.25,-0.47,-0.48,1.11,-1.44,-42.33,0.78,-1.28,Declining,Stable,Stable,0.425,42,MODERATE,Average duty hours | Mood decline | Role difficulty | Night-duty frequency | Sleep decline,16 | 10 | 6 | 5 | 5,Increasing | Declining | High | Increasing | Declining,Workload review | Wellness check-in focused on sleep and recovery,Duty hours elevated relative to personal baseline | Sleep duration/quality declining from baseline,synthetic-model-v1,2026-03-06 02:00:00,0
P0021,2026-01-01,26,3,UNIT-01,Field Officer,55,7.2,1.1,Day,0,3,0,0,0,None,0,34,Not Deployed,0,0,0,264,19.1,6.9,6,7,4,3,0,7.2,0,0,0,0.0,0.0,0.0,0.0,0.0,0.0,0.0,0.0,Stable,Stable,Stable,0.329,33,MODERATE,Leave gap,33,Increasing,Routine monitoring,No significant risk indicators detected this period,synthetic-model-v1,2026-01-02 04:00:00,0
P0021,2026-01-08,26,3,UNIT-01,Field Officer,55,8.2,0.0,Day,0,4,0,0,0,None,0,41,Not Deployed,0,0,0,271,17.3,7.0,8,9,4,3,0,7.7,0,0,0,0.0,1.0,0.1,0.0,2.0,7.0,0.0,-0.1,Improving,Stable,Stable,0.48,48,MODERATE,Leave gap | Average duty hours,35 | 13,Increasing | Increasing,Consider leave/recovery review,Prolonged gap since last leave taken,synthetic-model-v1,2026-01-09 02:00:00,0
P0021,2026-01-15,26,3,UNIT-01,Field Officer,55,8.5,0.3,Day,0,4,0,0,0,None,0,48,Not Deployed,0,0,0,278,16.0,6.6,9,7,4,3,0,7.97,0,0,0,0.0,0.8,-0.35,0.0,-1.0,10.5,0.0,0.55,Improving,Stable,Declining,0.336,34,MODERATE,Leave gap | Mood decline | Average duty hours | Sleep decline,19 | 7 | 4 | 4,Increasing | Declining | Increasing | Declining,Consider leave/recovery review | Wellness check-in focused on sleep and recovery,Prolonged gap since last leave taken | Sleep duration/quality declining from baseline,synthetic-model-v1,2026-01-16 05:00:00,0
P0021,2026-01-22,26,3,UNIT-01,Field Officer,55,6.4,1.2,Day,0,5,0,0,0,None,0,55,Not Deployed,0,0,0,285,14.7,7.2,6,7,5,3,0,7.57,0,0,0,0.0,-1.57,0.37,1.0,-0.67,14.0,0.0,-0.83,Declining,Declining,Stable,0.488,49,MODERATE,Leave gap | Mood decline,41 | 7,Increasing | Declining,Consider leave/recovery review,Prolonged gap since last leave taken,synthetic-model-v1,2026-01-23 04:00:00,0
P0021,2026-01-29,26,3,UNIT-01,Field Officer,55,6.2,0.0,Day,0,6,0,0,0,None,0,62,Not Deployed,0,0,0,292,13.0,7.2,7,7,4,3,0,7.32,0,0,0,0.0,-1.37,0.28,-0.25,-0.5,17.5,0.0,-2.02,Declining,Stable,Improving,0.315,32,MODERATE,Leave gap | Mood decline,28 | 3,Increasing | Declining,Consider leave/recovery review,Prolonged gap since last leave taken,synthetic-model-v1,2026-01-30 05:00:00,0
P0021,2026-02-05,26,3,UNIT-01,Field Officer,55,6.0,1.3,Day,0,5,0,1,2,Casual,1,7,Not Deployed,0,0,0,299,10.1,7.2,7,7,4,3,0,6.78,0,2,1,0.25,-1.3,0.22,-0.2,-0.4,-41.0,0.0,-0.52,Improving,Improving,Stable,0.388,39,MODERATE,Mood decline,39,Declining,Routine monitoring,No significant risk indicators detected this period,synthetic-model-v1,2026-02-06 02:00:00,0
P0021,2026-02-12,26,3,UNIT-01,Field Officer,55,6.9,0.1,Rotating,0,6,0,0,0,None,0,14,Not Deployed,0,0,0,306,9.5,6.8,8,7,4,3,0,6.38,0,2,1,0.25,-0.18,-0.22,-0.17,-0.33,-27.17,0.0,-0.73,Improving,Stable,Declining,0.53,53,MODERATE,Sleep decline | Mood decline,32 | 21,Declining | Declining,Routine monitoring,No significant risk indicators detected this period,synthetic-model-v1,2026-02-13 01:00:00,0
P0021,2026-02-19,26,3,UNIT-01,Field Officer,55,7.3,0.0,Rotating,1,5,1,0,0,None,0,21,Not Deployed,0,0,0,313,6.6,6.4,6,7,4,3,0,6.6,1,2,1,0.25,0.24,-0.59,-0.14,-0.29,-16.29,1.0,-0.33,Declining,Stable,Declining,0.47,47,MODERATE,Sleep decline | Average duty hours,40 | 7,Declining | Increasing,Wellness check-in focused on sleep and recovery,Sleep duration/quality declining from baseline,synthetic-model-v1,2026-02-20 02:00:00,0
P0021,2026-02-26,26,3,UNIT-01,Field Officer,55,8.4,0.0,Rotating,0,6,0,1,4,Casual,1,7,Not Deployed,0,0,0,320,12.5,7.5,8,8,4,3,0,7.15,1,6,2,0.5,1.31,0.59,-0.12,0.75,-28.25,-0.12,0.81,Improving,Stable,Improving,0.275,28,LOW,Rising leave requests | Average duty hours,15 | 12,Increasing | Increasing,Workload review,Duty hours elevated relative to personal baseline,synthetic-model-v1,2026-02-27 04:00:00,1
P0021,2026-03-05,26,3,UNIT-01,Field Officer,55,7.9,0.0,Rotating,1,6,2,0,0,None,0,14,Not Deployed,0,0,0,327,14.1,6.1,8,8,4,4,0,7.62,2,4,1,0.25,0.67,-0.88,-0.11,0.67,-18.11,0.89,0.22,Improving,Stable,Declining,0.526,53,MODERATE,Sleep decline | Night-duty frequency | Average duty hours,30 | 14 | 9,Declining | Increasing | Increasing,Wellness check-in focused on sleep and recovery,Sleep duration/quality declining from baseline,synthetic-model-v1,2026-03-06 04:00:00,0
P0022,2026-01-01,28,4,UNIT-09,Junior Officer,40,8.9,1.7,Rotating,1,6,1,0,0,None,0,13,Not Deployed,0,0,0,155,11.7,6.3,8,8,3,4,0,8.9,1,0,0,0.0,0.0,0.0,0.0,0.0,0.0,0.0,0.0,Stable,Stable,Stable,0.528,53,MODERATE,Sleep decline | Average duty hours,29 | 23,Declining | Increasing,Routine monitoring,No significant risk indicators detected this period,synthetic-model-v1,2026-01-02 04:00:00,0
P0022,2026-01-08,28,4,UNIT-09,Junior Officer,40,9.3,0.3,Night,1,7,3,0,0,None,0,20,Not Deployed,0,0,0,162,11.2,6.7,10,8,3,2,0,9.1,2,0,0,0.0,0.4,0.4,0.0,0.0,7.0,0.0,-1.0,Improving,Stable,Improving,0.572,57,HIGH,Average duty hours | Night-duty frequency,34 | 23,Increasing | Increasing,Routine monitoring,No significant risk indicators detected this period,synthetic-model-v1,2026-01-09 05:00:00,1
P0022,2026-01-15,28,4,UNIT-09,Junior Officer,40,8.1,0.7,Night,1,8,5,0,0,None,0,27,Not Deployed,0,0,0,169,15.8,7.0,8,7,4,2,0,8.77,3,0,0,0.0,-1.0,0.5,1.0,-1.0,10.5,0.0,-1.3,Improving,Declining,Improving,0.416,42,MODERATE,Night-duty frequency | Mood decline | Consecutive work days | Leave gap,16 | 10 | 10 | 5,Increasing | Declining | Increasing | Increasing,Review night-duty schedule,Frequent night shifts in the past 30 days,synthetic-model-v1,2026-01-16 02:00:00,0
P0022,2026-01-22,28,4,UNIT-09,Junior Officer,40,7.5,0.5,Rotating,1,7,6,0,0,None,0,34,Not Deployed,0,0,0,176,11.7,7.0,8,7,3,3,0,8.45,4,0,0,0.0,-1.27,0.33,-0.33,-0.67,14.0,0.0,-1.67,Declining,Stable,Stable,0.279,28,LOW,Night-duty frequency | Leave gap | Mood decline,16 | 8 | 5,Increasing | Increasing | Declining,Review night-duty schedule,Frequent night shifts in the past 30 days,synthetic-model-v1,2026-01-23 03:00:00,0
P0022,2026-01-29,28,4,UNIT-09,Junior Officer,40,7.3,0.6,Rotating,1,8,7,0,0,None,0,41,Not Deployed,0,0,0,183,13.8,6.4,7,7,5,4,0,8.05,4,0,0,0.0,-1.15,-0.35,1.75,-0.5,17.5,0.0,-1.35,Declining,Declining,Declining,0.534,53,MODERATE,Night-duty frequency | Leave gap | Consecutive work days | Sleep decline | Mood decline,19 | 17 | 8 | 5 | 4,Increasing | Increasing | Increasing | Declining | Declining,Review night-duty schedule | Consider leave/recovery review | Wellness check-in focused on sleep and recovery,Frequent night shifts in the past 30 days | Prolonged gap since last leave taken | Sleep duration/quality declining from baseline,synthetic-model-v1,2026-01-30 03:00:00,0
P0022,2026-02-05,28,4,UNIT-09,Junior Officer,40,7.8,0.2,Rotating,0,8,0,0,0,None,0,48,Not Deployed,0,0,0,190,12.4,7.1,7,8,4,3,0,7.68,3,0,0,0.0,-0.42,0.42,0.4,0.6,21.0,-1.0,-0.98,Stable,Declining,Stable,0.558,56,HIGH,Leave gap | Night-duty frequency | Consecutive work days,30 | 16 | 10,Increasing | Increasing | Increasing,Review night-duty schedule | Consider leave/recovery review,Frequent night shifts in the past 30 days | Prolonged gap since last leave taken,synthetic-model-v1,2026-02-06 01:00:00,1
P0022,2026-02-12,28,4,UNIT-09,Junior Officer,40,7.5,0.0,Day,0,7,0,0,0,None,0,55,Not Deployed,0,0,0,197,16.5,6.3,7,8,4,3,0,7.52,2,0,0,0.0,-0.65,-0.45,0.33,0.5,24.5,-0.83,-1.32,Improving,Improving,Stable,0.41,41,MODERATE,Leave gap | Sleep decline | Night-duty frequency,29 | 6 | 6,Increasing | Declining | Increasing,Consider leave/recovery review | Wellness check-in focused on sleep and recovery,Prolonged gap since last leave taken | Sleep duration/quality declining from baseline,synthetic-model-v1,2026-02-13 04:00:00,1
P0022,2026-02-19,28,4,UNIT-09,Junior Officer,40,7.7,0.0,Day,0,6,0,0,0,None,0,62,Not Deployed,0,0,0,204,14.0,7.1,7,7,5,3,0,7.58,1,0,0,0.0,-0.36,0.41,1.29,-0.57,28.0,-0.71,-0.93,Declining,Declining,Stable,0.547,55,HIGH,Leave gap | Mood decline,49 | 6,Increasing | Declining,Consider leave/recovery review,Prolonged gap since last leave taken,synthetic-model-v1,2026-02-20 01:00:00,0
P0022,2026-02-26,28,4,UNIT-09,Junior Officer,40,6.7,0.6,Day,0,7,0,1,3,Casual,1,7,Not Deployed,0,0,0,211,12.5,7.6,7,7,5,4,0,7.42,0,3,1,0.25,-1.31,0.86,1.12,-0.5,-30.5,-0.62,-1.21,Declining,Declining,Improving,0.369,37,MODERATE,Mood decline,37,Declining,Routine monitoring,No significant risk indicators detected this period,synthetic-model-v1,2026-02-27 05:00:00,0
P0022,2026-03-05,28,4,UNIT-09,Junior Officer,40,7.0,0.4,Day,0,7,0,0,0,None,0,14,Not Deployed,0,0,0,218,10.1,7.2,8,6,5,3,0,7.22,0,3,1,0.25,-0.87,0.37,1.0,-1.44,-20.11,-0.56,-0.98,Stable,Stable,Stable,0.445,44,MODERATE,Mood decline,44,Declining,Routine monitoring,No significant risk indicators detected this period,synthetic-model-v1,2026-03-06 01:00:00,0
P0023,2026-01-01,31,3,UNIT-08,Command Officer,85,9.0,1.1,Rotating,0,5,0,0,0,None,0,24,Not Deployed,0,0,0,413,22.0,7.2,7,7,5,4,0,9.0,0,0,0,0.0,0.0,0.0,0.0,0.0,0.0,0.0,0.0,Stable,Stable,Stable,0.271,27,LOW,Role difficulty | Average duty hours,18 | 9,High | Increasing,Routine monitoring,No significant risk indicators detected this period,synthetic-model-v1,2026-01-02 01:00:00,1
P0023,2026-01-08,31,3,UNIT-08,Command Officer,85,8.1,2.3,Rotating,1,6,2,1,3,Casual,1,7,Not Deployed,0,0,0,420,16.4,7.2,8,6,5,3,0,8.55,1,3,1,0.5,-0.9,0.0,0.0,-1.0,-17.0,1.0,0.3,Improving,Stable,Stable,0.361,36,MODERATE,Mood decline | Role difficulty,19 | 17,Declining | High,Routine monitoring,No significant risk indicators detected this period,synthetic-model-v1,2026-01-09 01:00:00,1
P0023,2026-01-15,31,3,UNIT-08,Command Officer,85,7.7,0.0,Night,1,7,4,0,0,None,0,14,Not Deployed,0,0,0,427,10.9,7.1,7,6,6,4,0,8.27,2,3,1,0.33,-0.85,-0.1,1.0,-0.5,-1.5,0.5,-2.55,Declining,Declining,Stable,0.497,50,MODERATE,Role difficulty | Night-duty frequency | Mood decline,21 | 17 | 11,High | Increasing | Declining,Routine monitoring,No significant risk indicators detected this period,synthetic-model-v1,2026-01-16 05:00:00,0
P0023,2026-01-22,31,3,UNIT-08,Command Officer,85,8.0,0.0,Night,1,8,6,0,0,None,0,21,Not Deployed,0,0,0,434,11.2,7.4,6,7,5,3,0,8.2,3,3,1,0.25,-0.27,0.23,-0.33,0.67,6.0,0.33,-1.4,Declining,Stable,Stable,0.421,42,MODERATE,Night-duty frequency | Consecutive work days | Role difficulty,18 | 12 | 11,Increasing | Increasing | High,Review night-duty schedule,Frequent night shifts in the past 30 days,synthetic-model-v1,2026-01-23 05:00:00,1
P0023,2026-01-29,31,3,UNIT-08,Command Officer,85,7.4,1.6,Night,1,9,7,0,0,None,0,28,Not Deployed,0,0,0,441,7.6,7.0,4,5,7,5,1,7.8,4,3,1,0.25,-0.8,-0.22,1.75,-1.5,11.5,0.25,-0.05,Declining,Declining,Stable,0.502,50,MODERATE,Night-duty frequency | Mood decline | Consecutive work days | Role difficulty | Leave gap,17 | 11 | 11 | 7 | 4,Increasing | Declining | Increasing | High | Increasing,Review night-duty schedule | Prioritize welfare officer follow-up,Frequent night shifts in the past 30 days | Person actively requested help,synthetic-model-v1,2026-01-30 05:00:00,0
P0023,2026-02-05,31,3,UNIT-08,Command Officer,85,8.1,0.0,Night,1,9,9,0,0,None,0,35,Not Deployed,0,0,0,448,10.0,7.1,6,6,6,3,0,7.8,4,0,0,0.0,0.06,-0.08,0.4,-0.2,16.2,0.2,-0.94,Declining,Declining,Declining,0.469,47,MODERATE,Night-duty frequency | Consecutive work days | Leave gap | Role difficulty | Average duty hours,18 | 12 | 10 | 7 | 1,Increasing | Increasing | Increasing | High | Increasing,Review night-duty schedule,Frequent night shifts in the past 30 days,synthetic-model-v1,2026-02-06 05:00:00,1
P0023,2026-02-12,31,3,UNIT-08,Command Officer,85,7.5,0.4,Night,1,8,10,0,0,None,0,42,Not Deployed,0,0,0,455,10.4,7.2,7,6,7,5,0,7.75,4,0,0,0.0,-0.55,0.03,1.33,-0.17,20.5,0.17,-0.98,Improving,Stable,Stable,0.629,63,HIGH,Night-duty frequency | Leave gap | Consecutive work days | Role difficulty,22 | 21 | 10 | 9,Increasing | Increasing | Increasing | High,Review night-duty schedule | Consider leave/recovery review,Frequent night shifts in the past 30 days | Prolonged gap since last leave taken,synthetic-model-v1,2026-02-13 05:00:00,0
P0023,2026-02-19,31,3,UNIT-08,Command Officer,85,7.4,0.5,Night,1,7,2,1,3,Earned,0,49,Not Deployed,0,0,0,462,6.7,7.0,7,6,7,4,0,7.6,4,3,1,0.25,-0.57,-0.17,1.14,-0.14,24.57,0.14,-0.84,Stable,Declining,Stable,0.579,58,HIGH,Night-duty frequency | Leave gap | Role difficulty,30 | 15 | 13,Increasing | Increasing | High,Review night-duty schedule,Frequent night shifts in the past 30 days,synthetic-model-v1,2026-02-20 03:00:00,0
P0023,2026-02-26,31,3,UNIT-08,Command Officer,85,7.0,0.9,Rotating,1,6,3,0,0,None,0,56,Not Deployed,0,0,0,469,9.2,7.2,6,7,7,3,0,7.5,4,3,1,0.25,-0.9,0.05,1.0,0.88,28.5,0.12,-0.74,Improving,Stable,Stable,0.574,57,HIGH,Night-duty frequency | Leave gap | Role difficulty,25 | 22 | 10,Increasing | Increasing | High,Review night-duty schedule | Consider leave/recovery review,Frequent night shifts in the past 30 days | Prolonged gap since last leave taken,synthetic-model-v1,2026-02-27 01:00:00,0
P0023,2026-03-05,31,3,UNIT-08,Command Officer,85,6.5,0.2,Rotating,1,6,4,0,0,None,0,63,Not Deployed,0,0,0,476,10.3,7.4,7,5,7,4,0,7.1,4,3,1,0.25,-1.3,0.24,0.89,-1.22,32.33,0.11,-1.86,Declining,Stable,Improving,0.662,66,HIGH,Leave gap | Night-duty frequency | Mood decline | Role difficulty,26 | 20 | 11 | 9,Increasing | Increasing | Declining | High,Review night-duty schedule | Consider leave/recovery review,Frequent night shifts in the past 30 days | Prolonged gap since last leave taken,synthetic-model-v1,2026-03-06 03:00:00,0
P0024,2026-01-01,51,14,UNIT-10,Senior Officer,70,9.6,1.2,Day,0,4,0,0,0,None,0,12,Not Deployed,0,0,0,567,20.0,6.4,8,7,4,4,0,9.6,0,0,0,0.0,0.0,0.0,0.0,0.0,0.0,0.0,0.0,Stable,Stable,Stable,0.398,40,MODERATE,Average duty hours | Sleep decline | Role difficulty,22 | 10 | 8,Increasing | Declining | High,Workload review,Duty hours elevated relative to personal baseline,synthetic-model-v1,2026-01-02 02:00:00,0
P0024,2026-01-08,51,14,UNIT-10,Senior Officer,70,8.2,0.0,Day,0,3,0,0,0,None,0,19,Not Deployed,0,0,0,574,12.0,7.4,7,8,4,3,0,8.9,0,0,0,0.0,-1.4,1.0,0.0,1.0,7.0,0.0,-2.6,Improving,Stable,Improving,0.513,51,MODERATE,Role difficulty,51,High,Routine monitoring,No significant risk indicators detected this period,synthetic-model-v1,2026-01-09 02:00:00,0
P0024,2026-01-15,51,14,UNIT-10,Senior Officer,70,6.7,0.0,Night,1,2,1,0,0,None,0,26,Not Deployed,0,0,0,581,8.8,6.8,8,7,4,2,0,8.17,1,0,0,0.0,-2.2,-0.1,0.0,-0.5,10.5,1.0,-2.8,Improving,Stable,Improving,0.295,30,MODERATE,Leave gap | Mood decline | Role difficulty,11 | 11 | 8,Increasing | Declining | High,Routine monitoring,No significant risk indicators detected this period,synthetic-model-v1,2026-01-16 04:00:00,0
P0024,2026-01-22,51,14,UNIT-10,Senior Officer,70,8.0,0.0,Night,1,2,2,0,0,None,0,33,Deployed,7,1,0,588,53.2,6.7,7,7,4,3,0,8.12,2,0,0,0.0,-0.17,-0.17,0.0,-0.33,14.0,0.67,-0.57,Declining,Stable,Declining,0.607,61,HIGH,Recent deployment | Deployment hardship | Leave gap | Night-duty frequency | Role difficulty,18 | 17 | 12 | 9 | 4,Increasing | High | Increasing | Increasing | High,Routine monitoring,No significant risk indicators detected this period,synthetic-model-v1,2026-01-23 01:00:00,1
P0024,2026-01-29,51,14,UNIT-10,Senior Officer,70,7.8,1.0,Rotating,1,3,3,0,0,None,0,40,Deployed,14,0,0,595,47.3,6.5,8,6,4,2,0,7.68,3,0,0,0.0,-0.33,-0.33,0.0,-1.25,17.5,0.5,0.38,Declining,Stable,Stable,0.537,54,MODERATE,Leave gap | Night-duty frequency | Mood decline | Deployment hardship | Sleep decline,16 | 13 | 11 | 9 | 4,Increasing | Increasing | Declining | High | Declining,Review night-duty schedule | Consider leave/recovery review | Wellness check-in focused on sleep and recovery,Frequent night shifts in the past 30 days | Prolonged gap since last leave taken | Sleep duration/quality declining from baseline,synthetic-model-v1,2026-01-30 02:00:00,1
P0024,2026-02-05,51,14,UNIT-10,Senior Officer,70,7.6,0.9,Rotating,1,2,5,1,1,Earned,1,7,Deployed,21,0,0,602,48.1,6.9,7,6,5,3,0,7.52,4,1,1,0.25,-0.46,0.14,1.0,-1.0,-19.0,0.4,0.0,Declining,Declining,Stable,0.465,46,MODERATE,Night-duty frequency | Deployment hardship | Mood decline | Role difficulty,22 | 11 | 10 | 4,Increasing | High | Declining | High,Review night-duty schedule,Frequent night shifts in the past 30 days,synthetic-model-v1,2026-02-06 02:00:00,0
P0024,2026-02-12,51,14,UNIT-10,Senior Officer,70,7.5,0.0,Rotating,1,1,6,0,0,None,0,14,Deployed,28,0,0,609,64.4,6.8,7,6,5,3,0,7.72,4,1,1,0.25,-0.48,0.02,0.83,-0.83,-8.83,0.33,-1.0,Declining,Declining,Stable,0.486,49,MODERATE,Night-duty frequency | Deployment hardship | Mood decline | Role difficulty,20 | 19 | 7 | 3,Increasing | High | Declining | High,Review night-duty schedule | Review deployment welfare support,Frequent night shifts in the past 30 days | High deployment hardship score,synthetic-model-v1,2026-02-13 01:00:00,0
P0024,2026-02-19,51,14,UNIT-10,Senior Officer,70,7.7,0.0,Rotating,0,2,0,0,0,None,0,21,Deployed,35,0,0,616,68.5,7.0,6,6,5,3,0,7.65,3,1,1,0.25,-0.21,0.21,0.71,-0.71,-0.57,-0.71,-0.66,Declining,Stable,Stable,0.516,52,MODERATE,Deployment hardship | Night-duty frequency | Mood decline | Role difficulty,25 | 16 | 7 | 4,High | Increasing | Declining | High,Review night-duty schedule | Review deployment welfare support,Frequent night shifts in the past 30 days | High deployment hardship score,synthetic-model-v1,2026-02-20 04:00:00,0
P0024,2026-02-26,51,14,UNIT-10,Senior Officer,70,9.1,1.1,Rotating,0,1,0,0,0,None,0,28,Deployed,42,0,0,623,65.0,6.7,7,8,5,4,0,7.98,2,1,1,0.25,1.21,-0.11,0.62,1.38,6.5,-0.62,1.92,Improving,Stable,Stable,0.588,59,HIGH,Deployment hardship | Average duty hours | Night-duty frequency | Leave gap | Role difficulty,24 | 17 | 8 | 6 | 4,High | Increasing | Increasing | Increasing | High,Workload review | Review deployment welfare support,Duty hours elevated relative to personal baseline | High deployment hardship score,synthetic-model-v1,2026-02-27 04:00:00,0
P0024,2026-03-05,51,14,UNIT-10,Senior Officer,70,8.7,0.0,Rotating,0,1,0,1,1,Casual,1,7,Deployed,49,0,0,630,47.7,7.2,7,6,5,3,0,8.25,1,1,1,0.25,0.68,0.4,0.56,-0.78,-15.22,-0.56,0.21,Improving,Stable,Stable,0.574,57,HIGH,Deployment hardship | Mood decline | Average duty hours | Role difficulty,21 | 15 | 14 | 7,High | Declining | Increasing | High,Routine monitoring,No significant risk indicators detected this period,synthetic-model-v1,2026-03-06 03:00:00,0
P0025,2026-01-01,55,11,UNIT-06,Senior Officer,70,9.5,0.2,Day,0,3,0,0,0,None,0,28,Not Deployed,0,0,0,102,21.3,8.1,6,8,4,2,0,9.5,0,0,0,0.0,0.0,0.0,0.0,0.0,0.0,0.0,0.0,Stable,Stable,Stable,0.277,28,LOW,Average duty hours | Leave gap | Role difficulty,15 | 7 | 6,Increasing | Increasing | High,Routine monitoring,No significant risk indicators detected this period,synthetic-model-v1,2026-01-02 01:00:00,1
P0025,2026-01-08,55,11,UNIT-06,Senior Officer,70,10.3,2.5,Day,0,2,0,0,0,None,0,35,Not Deployed,0,0,0,109,16.4,8.3,6,7,5,2,0,9.9,0,0,0,0.0,0.8,0.2,1.0,-1.0,7.0,0.0,3.1,Declining,Declining,Stable,0.472,47,MODERATE,Average duty hours | Leave gap | Mood decline | Role difficulty,23 | 12 | 9 | 4,Increasing | Increasing | Declining | High,Workload review,Duty hours elevated relative to personal baseline,synthetic-model-v1,2026-01-09 04:00:00,0
P0025,2026-01-15,55,11,UNIT-06,Senior Officer,70,9.0,1.1,Day,0,1,0,1,2,Other,1,7,Not Deployed,0,0,0,116,19.6,7.8,8,7,4,2,0,9.6,0,2,1,0.33,-0.9,-0.4,-0.5,-0.5,-24.5,0.0,-1.15,Improving,Stable,Stable,0.232,23,LOW,Sleep decline | Average duty hours | Mood decline | Role difficulty,7 | 6 | 6 | 4,Declining | Increasing | Declining | High,Wellness check-in focused on sleep and recovery,Sleep duration/quality declining from baseline,synthetic-model-v1,2026-01-16 03:00:00,0
P0025,2026-01-22,55,11,UNIT-06,Senior Officer,70,9.3,1.2,Day,0,2,0,1,4,Emergency,1,7,Deployed,7,1,0,123,29.0,8.0,7,7,5,2,0,9.52,0,6,2,0.5,-0.3,-0.07,0.67,-0.33,-16.33,0.0,-0.37,Improving,Stable,Declining,0.407,41,MODERATE,Recent deployment | Rising leave requests | Average duty hours | Role difficulty | Mood decline,14 | 12 | 8 | 4 | 3,Increasing | Increasing | Increasing | High | Declining,Routine monitoring,No significant risk indicators detected this period,synthetic-model-v1,2026-01-23 02:00:00,0
P0025,2026-01-29,55,11,UNIT-06,Senior Officer,70,10.1,0.6,Day,0,1,0,0,0,None,0,14,Deployed,14,0,0,130,47.4,8.0,7,6,5,2,0,9.68,0,6,2,0.5,0.57,-0.05,0.5,-1.25,-5.25,0.0,-0.08,Declining,Declining,Stable,0.579,58,HIGH,Average duty hours | Mood decline | Rising leave requests | Deployment hardship | Role difficulty,20 | 12 | 12 | 11 | 4,Increasing | Declining | Increasing | High | High,Workload review,Duty hours elevated relative to personal baseline,synthetic-model-v1,2026-01-30 05:00:00,0
P0025,2026-02-05,55,11,UNIT-06,Senior Officer,70,10.6,1.2,Day,0,1,0,0,0,None,0,21,Deployed,21,0,0,137,53.8,8.2,6,7,5,3,0,9.75,0,6,2,0.5,0.96,0.16,0.4,0.0,2.8,0.0,1.04,Declining,Stable,Stable,0.371,37,MODERATE,Average duty hours | Deployment hardship | Role difficulty,22 | 12 | 3,Increasing | High | High,Workload review,Duty hours elevated relative to personal baseline,synthetic-model-v1,2026-02-06 05:00:00,0
P0025,2026-02-12,55,11,UNIT-06,Senior Officer,70,10.8,0.2,Day,0,2,0,0,0,None,0,28,Not Deployed,0,0,0,144,36.1,8.1,5,7,6,3,0,10.2,0,4,1,0.25,1.0,0.03,1.33,0.0,9.33,0.0,0.07,Declining,Declining,Stable,0.374,37,MODERATE,Average duty hours | Leave gap | Deployment hardship | Role difficulty,26 | 4 | 3 | 3,Increasing | Increasing | High | High,Workload review,Duty hours elevated relative to personal baseline,synthetic-model-v1,2026-02-13 03:00:00,0
P0025,2026-02-19,55,11,UNIT-06,Senior Officer,70,9.3,0.0,Day,0,1,0,0,0,None,0,35,Not Deployed,0,0,0,151,23.7,7.9,8,7,5,3,0,10.2,0,0,0,0.0,-0.64,-0.17,0.14,0.0,15.0,0.0,-1.64,Improving,Stable,Stable,0.47,47,MODERATE,Leave gap | Average duty hours | Role difficulty,24 | 16 | 7,Increasing | Increasing | High,Routine monitoring,No significant risk indicators detected this period,synthetic-model-v1,2026-02-20 03:00:00,0
P0025,2026-02-26,55,11,UNIT-06,Senior Officer,70,10.2,1.4,Day,0,2,0,1,2,Emergency,1,7,Not Deployed,0,0,0,158,17.3,8.0,6,7,5,3,0,10.22,0,2,1,0.25,0.34,-0.05,0.12,0.0,-14.88,0.0,0.86,Improving,Improving,Stable,0.565,56,HIGH,Average duty hours | Role difficulty,47 | 9,Increasing | High,Workload review,Duty hours elevated relative to personal baseline,synthetic-model-v1,2026-02-27 05:00:00,1
P0025,2026-03-05,55,11,UNIT-06,Senior Officer,70,11.3,2.0,Day,0,1,0,0,0,None,0,14,Not Deployed,0,0,0,165,14.0,7.3,6,6,6,4,0,10.4,0,2,1,0.25,1.4,-0.74,1.11,-1.0,-6.22,0.0,2.47,Declining,Declining,Declining,0.572,57,HIGH,Average duty hours | Sleep decline | Mood decline | Role difficulty,35 | 10 | 9 | 3,Increasing | Declining | Declining | High,Workload review | Wellness check-in focused on sleep and recovery,Duty hours elevated relative to personal baseline | Sleep duration/quality declining from baseline,synthetic-model-v1,2026-03-06 01:00:00,0
P0026,2026-01-01,23,2,UNIT-08,Junior Officer,40,9.1,2.5,Rotating,1,7,1,0,0,None,0,19,Not Deployed,0,0,0,84,21.2,7.5,9,8,3,2,0,9.1,1,0,0,0.0,0.0,0.0,0.0,0.0,0.0,0.0,0.0,Stable,Stable,Stable,0.205,20,LOW,Average duty hours,20,Increasing,Routine monitoring,No significant risk indicators detected this period,synthetic-model-v1,2026-01-02 03:00:00,1
P0026,2026-01-08,23,2,UNIT-08,Junior Officer,40,8.5,0.3,Rotating,1,7,2,0,0,None,0,26,Not Deployed,0,0,0,91,19.7,7.1,7,6,5,4,0,8.8,2,0,0,0.0,-0.6,-0.4,2.0,-2.0,7.0,0.0,-2.8,Declining,Declining,Declining,0.318,32,MODERATE,Mood decline | Night-duty frequency | Sleep decline | Leave gap,17 | 6 | 5 | 4,Declining | Increasing | Declining | Increasing,Wellness check-in focused on sleep and recovery,Sleep duration/quality declining from baseline,synthetic-model-v1,2026-01-09 03:00:00,0
P0026,2026-01-15,23,2,UNIT-08,Junior Officer,40,9.0,1.7,Rotating,1,6,4,1,1,Casual,1,7,Not Deployed,0,0,0,98,13.2,6.6,7,8,4,3,0,8.87,3,1,1,0.33,0.2,-0.7,0.0,1.0,-15.5,0.0,0.5,Declining,Declining,Declining,0.428,43,MODERATE,Night-duty frequency | Sleep decline | Average duty hours,20 | 14 | 9,Increasing | Declining | Increasing,Review night-duty schedule | Wellness check-in focused on sleep and recovery,Frequent night shifts in the past 30 days | Sleep duration/quality declining from baseline,synthetic-model-v1,2026-01-16 02:00:00,0
P0026,2026-01-22,23,2,UNIT-08,Junior Officer,40,7.9,0.4,Rotating,1,5,6,0,0,None,0,14,Not Deployed,0,0,0,105,13.8,6.3,8,7,5,4,0,8.62,4,1,1,0.25,-0.97,-0.77,1.0,-0.33,-3.33,0.0,-2.07,Improving,Stable,Declining,0.392,39,MODERATE,Night-duty frequency | Sleep decline | Mood decline,23 | 13 | 3,Increasing | Declining | Declining,Review night-duty schedule | Wellness check-in focused on sleep and recovery,Frequent night shifts in the past 30 days | Sleep duration/quality declining from baseline,synthetic-model-v1,2026-01-23 02:00:00,0
P0026,2026-01-29,23,2,UNIT-08,Junior Officer,40,7.8,0.3,Rotating,0,6,0,1,1,Medical,1,7,Not Deployed,0,0,0,112,14.7,7.5,9,8,4,3,0,8.3,3,2,2,0.5,-0.83,0.62,-0.25,0.75,-9.5,-1.0,-1.75,Improving,Stable,Improving,0.411,41,MODERATE,Night-duty frequency | Rising leave requests,22 | 19,Increasing | Increasing,Review night-duty schedule,Frequent night shifts in the past 30 days,synthetic-model-v1,2026-01-30 01:00:00,1
P0026,2026-02-05,23,2,UNIT-08,Junior Officer,40,10.0,0.0,Rotating,1,7,1,0,0,None,0,14,Not Deployed,0,0,0,119,11.3,8.0,7,8,4,3,0,8.68,3,2,2,0.5,1.54,1.0,-0.2,0.6,-0.6,0.2,0.5,Improving,Improving,Improving,0.451,45,MODERATE,Average duty hours | Night-duty frequency | Rising leave requests,22 | 13 | 10,Increasing | Increasing | Increasing,Workload review | Review night-duty schedule,Duty hours elevated relative to personal baseline | Frequent night shifts in the past 30 days,synthetic-model-v1,2026-02-06 02:00:00,1
P0026,2026-02-12,23,2,UNIT-08,Junior Officer,40,9.7,1.3,Rotating,1,6,3,0,0,None,0,21,Not Deployed,0,0,1,0,13.4,6.2,6,7,5,4,0,8.85,3,1,1,0.25,0.98,-0.97,0.83,-0.5,6.5,0.17,1.42,Declining,Declining,Declining,0.463,46,MODERATE,Average duty hours | Sleep decline | Night-duty frequency | Recent transfer | Mood decline,13 | 11 | 10 | 8 | 3,Increasing | Declining | Increasing | Increasing | Declining,Workload review | Review night-duty schedule | Wellness check-in focused on sleep and recovery,Duty hours elevated relative to personal baseline | Frequent night shifts in the past 30 days | Sleep duration/quality declining from baseline,synthetic-model-v1,2026-02-13 02:00:00,0
P0026,2026-02-19,23,2,UNIT-08,Junior Officer,40,8.9,0.2,Rotating,0,6,2,0,0,None,0,28,Not Deployed,0,0,0,7,10.6,6.8,7,6,5,3,0,9.1,2,1,1,0.25,0.04,-0.23,0.71,-1.43,12.57,-0.86,-0.69,Declining,Declining,Declining,0.577,58,HIGH,Mood decline | Night-duty frequency | Leave gap | Sleep decline | Average duty hours,23 | 12 | 8 | 8 | 7,Declining | Increasing | Increasing | Declining | Increasing,Routine monitoring,No significant risk indicators detected this period,synthetic-model-v1,2026-02-20 05:00:00,0
P0026,2026-02-26,23,2,UNIT-08,Junior Officer,40,10.5,1.8,Night,1,7,3,0,0,None,0,35,Not Deployed,0,0,0,14,13.3,6.8,7,7,5,3,0,9.78,3,0,0,0.0,1.64,-0.2,0.62,-0.25,18.0,0.25,2.6,Improving,Stable,Improving,0.535,54,MODERATE,Average duty hours | Night-duty frequency | Leave gap,29 | 13 | 11,Increasing | Increasing | Increasing,Workload review | Review night-duty schedule,Duty hours elevated relative to personal baseline | Frequent night shifts in the past 30 days,synthetic-model-v1,2026-02-27 02:00:00,1
P0026,2026-03-05,23,2,UNIT-08,Junior Officer,40,9.4,1.1,Night,1,8,4,0,0,None,0,42,Not Deployed,0,0,0,21,17.7,7.0,7,7,6,4,0,9.62,3,0,0,0.0,0.36,0.02,1.56,-0.22,23.0,0.22,0.51,Stable,Declining,Stable,0.623,62,HIGH,Leave gap | Night-duty frequency | Average duty hours | Consecutive work days,23 | 16 | 13 | 11,Increasing | Increasing | Increasing | Increasing,Review night-duty schedule | Consider leave/recovery review,Frequent night shifts in the past 30 days | Prolonged gap since last leave taken,synthetic-model-v1,2026-03-06 01:00:00,0
P0027,2026-01-01,34,6,UNIT-07,Field Officer,55,8.9,0.0,Night,1,3,2,0,0,None,0,30,Not Deployed,0,0,0,168,16.8,8.1,6,5,7,4,0,8.9,1,0,0,0.0,0.0,0.0,0.0,0.0,0.0,0.0,0.0,Stable,Stable,Stable,0.6,60,HIGH,Leave gap | Average duty hours,37 | 23,Increasing | Increasing,Routine monitoring,No significant risk indicators detected this period,synthetic-model-v1,2026-01-02 05:00:00,0
P0027,2026-01-08,34,6,UNIT-07,Field Officer,55,8.8,1.4,Night,1,3,3,1,1,Emergency,1,7,Not Deployed,0,0,0,175,10.1,8.8,5,6,6,3,0,8.85,2,1,1,0.5,-0.1,0.7,-1.0,1.0,-23.0,0.0,1.3,Improving,Improving,Improving,0.442,44,MODERATE,Night-duty frequency | Average duty hours,32 | 13,Increasing | Increasing,Routine monitoring,No significant risk indicators detected this period,synthetic-model-v1,2026-01-09 02:00:00,1
P0027,2026-01-15,34,6,UNIT-07,Field Officer,55,7.6,0.8,Night,1,2,5,1,3,Other,1,7,Not Deployed,0,0,0,182,11.6,7.6,6,6,7,5,0,8.43,3,4,2,0.67,-1.25,-0.85,0.5,0.5,-11.5,0.0,-1.15,Stable,Stable,Declining,0.561,56,HIGH,Night-duty frequency | Sleep decline | Rising leave requests,21 | 18 | 17,Increasing | Declining | Increasing,Review night-duty schedule | Wellness check-in focused on sleep and recovery,Frequent night shifts in the past 30 days | Sleep duration/quality declining from baseline,synthetic-model-v1,2026-01-16 05:00:00,1
P0027,2026-01-22,34,6,UNIT-07,Field Officer,55,8.7,1.8,Night,1,3,6,0,0,None,0,14,Not Deployed,0,0,0,189,9.8,7.4,5,5,8,5,0,8.5,4,4,2,0.5,0.27,-0.77,1.33,-0.67,-0.67,0.0,1.33,Declining,Declining,Declining,0.606,61,HIGH,Night-duty frequency | Rising leave requests | Sleep decline | Mood decline | Average duty hours,24 | 13 | 12 | 7 | 4,Increasing | Increasing | Declining | Declining | Increasing,Review night-duty schedule | Wellness check-in focused on sleep and recovery,Frequent night shifts in the past 30 days | Sleep duration/quality declining from baseline,synthetic-model-v1,2026-01-23 01:00:00,1
P0027,2026-01-29,34,6,UNIT-07,Field Officer,55,6.4,0.4,Night,1,2,8,0,0,None,0,21,Not Deployed,0,0,0,196,13.3,7.9,7,7,7,4,0,7.88,4,4,2,0.5,-2.1,-0.07,0.0,1.5,6.5,0.0,-2.7,Improving,Stable,Improving,0.61,61,HIGH,Night-duty frequency,61,Increasing,Review night-duty schedule,Frequent night shifts in the past 30 days,synthetic-model-v1,2026-01-30 01:00:00,1
P0027,2026-02-05,34,6,UNIT-07,Field Officer,55,7.5,1.1,Night,1,2,10,1,4,Casual,1,7,Not Deployed,0,0,0,203,14.1,7.9,6,4,8,5,1,7.55,4,7,2,0.5,-0.58,-0.06,1.0,-1.8,-8.8,0.0,-0.36,Stable,Stable,Improving,0.58,58,HIGH,Night-duty frequency | Mood decline | Rising leave requests,25 | 20 | 14,Increasing | Declining | Increasing,Review night-duty schedule | Prioritize welfare officer follow-up,Frequent night shifts in the past 30 days | Person actively requested help,synthetic-model-v1,2026-02-06 05:00:00,0
P0027,2026-02-12,34,6,UNIT-07,Field Officer,55,7.0,0.0,Night,1,1,2,0,0,None,0,14,Not Deployed,0,0,0,210,10.4,8.2,4,5,8,5,0,7.4,4,4,1,0.25,-0.98,0.25,0.83,-0.5,-0.33,0.0,-1.9,Declining,Declining,Stable,0.738,74,HIGH,Night-duty frequency | Mood decline,60 | 13,Increasing | Declining,Review night-duty schedule,Frequent night shifts in the past 30 days,synthetic-model-v1,2026-02-13 01:00:00,0
P0027,2026-02-19,34,6,UNIT-07,Field Officer,55,6.6,0.4,Night,1,2,3,0,0,None,0,21,Not Deployed,0,0,0,217,9.8,8.5,6,5,9,6,0,6.88,4,4,1,0.25,-1.24,0.51,1.71,-0.43,6.71,0.0,-1.63,Stable,Declining,Improving,0.601,60,HIGH,Night-duty frequency | Fatigue level | Mood decline,39 | 13 | 8,Increasing | Increasing | Declining,Review night-duty schedule,Frequent night shifts in the past 30 days,synthetic-model-v1,2026-02-20 01:00:00,0
P0027,2026-02-26,34,6,UNIT-07,Field Officer,55,6.3,0.2,Night,1,3,4,0,0,None,0,28,Not Deployed,0,0,0,224,10.9,8.0,7,6,8,4,0,6.85,4,4,1,0.25,-1.39,-0.05,0.5,0.62,12.88,0.0,-1.93,Improving,Stable,Stable,0.602,60,HIGH,Night-duty frequency | Leave gap,49 | 11,Increasing | Increasing,Review night-duty schedule,Frequent night shifts in the past 30 days,synthetic-model-v1,2026-02-27 04:00:00,1
P0027,2026-03-05,34,6,UNIT-07,Field Officer,55,5.4,0.0,Night,1,3,6,0,0,None,0,35,Not Deployed,0,0,0,231,9.1,8.3,4,5,9,5,0,6.32,4,0,0,0.0,-2.13,0.26,1.44,-0.44,18.44,0.0,-2.81,Declining,Stable,Stable,0.625,62,HIGH,Night-duty frequency | Leave gap | Mood decline,36 | 20 | 7,Increasing | Increasing | Declining,Review night-duty schedule,Frequent night shifts in the past 30 days,synthetic-model-v1,2026-03-06 02:00:00,0
P0028,2026-01-01,43,14,UNIT-01,Junior Officer,40,8.7,1.2,Day,0,3,0,0,0,None,0,29,Not Deployed,0,0,0,473,4.8,6.3,7,6,5,4,0,8.7,0,0,0,0.0,0.0,0.0,0.0,0.0,0.0,0.0,0.0,Stable,Stable,Stable,0.394,39,MODERATE,Leave gap | Sleep decline | Average duty hours,16 | 16 | 7,Increasing | Declining | Increasing,Routine monitoring,No significant risk indicators detected this period,synthetic-model-v1,2026-01-02 03:00:00,0
P0028,2026-01-08,43,14,UNIT-01,Junior Officer,40,8.7,0.5,Day,0,2,0,0,0,None,0,36,Not Deployed,0,0,0,480,7.3,5.5,7,6,5,3,0,8.7,0,0,0,0.0,0.0,-0.8,0.0,0.0,7.0,0.0,-0.7,Improving,Stable,Declining,0.624,62,HIGH,Sleep decline | Leave gap | Average duty hours,35 | 24 | 4,Declining | Increasing | Increasing,Consider leave/recovery review | Wellness check-in focused on sleep and recovery,Prolonged gap since last leave taken | Sleep duration/quality declining from baseline,synthetic-model-v1,2026-01-09 03:00:00,0
P0028,2026-01-15,43,14,UNIT-01,Junior Officer,40,8.3,0.8,Night,1,1,2,0,0,None,0,43,Not Deployed,0,0,0,487,9.0,5.8,8,7,4,3,0,8.57,1,0,0,0.0,-0.4,-0.1,-1.0,1.0,10.5,1.0,-0.45,Improving,Improving,Declining,0.36,36,MODERATE,Leave gap | Sleep decline,28 | 8,Increasing | Declining,Consider leave/recovery review | Wellness check-in focused on sleep and recovery,Prolonged gap since last leave taken | Sleep duration/quality declining from baseline,synthetic-model-v1,2026-01-16 02:00:00,1
P0028,2026-01-22,43,14,UNIT-01,Junior Officer,40,9.5,0.0,Night,1,2,3,0,0,None,0,50,Not Deployed,0,0,0,494,14.4,5.5,5,6,6,4,0,8.8,2,0,0,0.0,0.93,-0.37,1.33,-0.33,14.0,0.67,0.1,Declining,Declining,Stable,0.507,51,MODERATE,Leave gap | Average duty hours | Sleep decline | Night-duty frequency | Mood decline,22 | 12 | 9 | 5 | 2,Increasing | Increasing | Declining | Increasing | Declining,Consider leave/recovery review | Wellness check-in focused on sleep and recovery,Prolonged gap since last leave taken | Sleep duration/quality declining from baseline,synthetic-model-v1,2026-01-23 03:00:00,0
P0028,2026-01-29,43,14,UNIT-01,Junior Officer,40,9.7,0.8,Night,1,2,5,0,0,None,0,57,Not Deployed,0,0,0,501,15.4,5.1,5,7,6,5,0,9.05,3,0,0,0.0,0.9,-0.68,1.0,0.75,17.5,0.5,1.07,Declining,Declining,Declining,0.534,53,MODERATE,Leave gap | Sleep decline | Average duty hours | Night-duty frequency,23 | 12 | 11 | 8,Increasing | Declining | Increasing | Increasing,Workload review | Review night-duty schedule | Consider leave/recovery review | Wellness check-in focused on sleep and recovery,Duty hours elevated relative to personal baseline | Frequent night shifts in the past 30 days | Prolonged gap since last leave taken | Sleep duration/quality declining from baseline,synthetic-model-v1,2026-01-30 02:00:00,0
P0028,2026-02-05,43,14,UNIT-01,Junior Officer,40,10.0,1.9,Night,1,1,7,0,0,None,0,64,Not Deployed,0,0,0,508,15.6,5.3,6,5,6,4,0,9.38,4,0,0,0.0,1.02,-0.34,0.8,-1.4,21.0,0.4,2.26,Stable,Stable,Stable,0.59,59,HIGH,Leave gap | Average duty hours | Night-duty frequency | Sleep decline | Mood decline,24 | 11 | 11 | 7 | 7,Increasing | Increasing | Increasing | Declining | Declining,Workload review | Review night-duty schedule | Consider leave/recovery review | Wellness check-in focused on sleep and recovery,Duty hours elevated relative to personal baseline | Frequent night shifts in the past 30 days | Prolonged gap since last leave taken | Sleep duration/quality declining from baseline,synthetic-model-v1,2026-02-06 02:00:00,0
P0028,2026-02-12,43,14,UNIT-01,Junior Officer,40,8.7,0.0,Day,0,2,0,1,1,Casual,1,7,Not Deployed,0,0,0,515,16.1,5.4,6,6,6,5,0,9.48,3,1,1,0.25,-0.45,-0.18,0.67,-0.17,-39.5,-0.67,-1.32,Stable,Stable,Improving,0.515,52,MODERATE,Night-duty frequency | Sleep decline | Average duty hours,28 | 20 | 4,Increasing | Declining | Increasing,Review night-duty schedule | Wellness check-in focused on sleep and recovery,Frequent night shifts in the past 30 days | Sleep duration/quality declining from baseline,synthetic-model-v1,2026-02-13 02:00:00,0
P0028,2026-02-19,43,14,UNIT-01,Junior Officer,40,9.2,1.8,Day,0,3,0,0,0,None,0,14,Not Deployed,0,0,0,522,10.7,5.4,6,6,7,4,0,9.4,2,1,1,0.25,0.11,-0.16,1.57,-0.14,-26.86,-0.57,1.17,Improving,Declining,Stable,0.417,42,MODERATE,Sleep decline | Average duty hours | Night-duty frequency,17 | 13 | 12,Declining | Increasing | Increasing,Wellness check-in focused on sleep and recovery,Sleep duration/quality declining from baseline,synthetic-model-v1,2026-02-20 01:00:00,0
P0028,2026-02-26,43,14,UNIT-01,Junior Officer,40,9.1,0.8,Day,0,3,0,0,0,None,0,21,Not Deployed,0,0,0,529,11.8,6.1,6,7,5,4,0,9.25,1,1,1,0.25,0.0,0.56,-0.62,0.88,-16.5,-0.5,-0.07,Improving,Improving,Improving,0.403,40,MODERATE,Average duty hours | Sleep decline,22 | 18,Increasing | Declining,Routine monitoring,No significant risk indicators detected this period,synthetic-model-v1,2026-02-27 03:00:00,1
P0028,2026-03-05,43,14,UNIT-01,Junior Officer,40,9.7,1.3,Day,0,4,0,0,0,None,0,28,Not Deployed,0,0,0,536,9.0,5.6,6,6,6,5,0,9.18,0,1,1,0.25,0.6,0.0,0.44,-0.22,-7.67,-0.44,1.03,Declining,Improving,Stable,0.564,56,HIGH,Average duty hours | Sleep decline | Leave gap,33 | 13 | 10,Increasing | Declining | Increasing,Workload review | Wellness check-in focused on sleep and recovery,Duty hours elevated relative to personal baseline | Sleep duration/quality declining from baseline,synthetic-model-v1,2026-03-06 03:00:00,0
P0029,2026-01-01,31,6,UNIT-10,Field Officer,55,8.9,1.2,Day,0,6,0,0,0,None,0,31,Not Deployed,0,0,0,673,9.2,7.7,8,8,3,2,0,8.9,0,0,0,0.0,0.0,0.0,0.0,0.0,0.0,0.0,0.0,Stable,Stable,Stable,0.416,42,MODERATE,Leave gap | Average duty hours,27 | 14,Increasing | Increasing,Routine monitoring,No significant risk indicators detected this period,synthetic-model-v1,2026-01-02 01:00:00,0
P0029,2026-01-08,31,6,UNIT-10,Field Officer,55,8.5,0.4,Day,0,7,0,1,2,Casual,1,7,Not Deployed,0,0,0,680,11.2,8.2,9,9,2,2,0,8.7,0,2,1,0.5,-0.4,0.5,-1.0,1.0,-24.0,0.0,-1.2,Improving,Improving,Improving,0.304,30,MODERATE,Overall workload,30,Stable,Routine monitoring,No significant risk indicators detected this period,synthetic-model-v1,2026-01-09 03:00:00,0
P0029,2026-01-15,31,6,UNIT-10,Field Officer,55,8.7,0.0,Rotating,0,8,0,0,0,None,0,14,Not Deployed,0,0,0,687,9.8,8.0,9,8,3,2,0,8.7,0,2,1,0.33,0.0,0.05,0.5,-0.5,-5.0,0.0,-0.8,Improving,Stable,Stable,0.336,34,MODERATE,Consecutive work days | Mood decline | Average duty hours,20 | 10 | 4,Increasing | Declining | Increasing,Routine monitoring,No significant risk indicators detected this period,synthetic-model-v1,2026-01-16 04:00:00,0
P0029,2026-01-22,31,6,UNIT-10,Field Officer,55,10.3,1.5,Rotating,0,7,0,0,0,None,0,21,Not Deployed,0,0,0,694,12.5,8.3,9,6,2,2,0,9.1,0,2,1,0.25,1.6,0.33,-0.67,-2.33,3.67,0.0,2.57,Declining,Stable,Stable,0.31,31,MODERATE,Average duty hours | Mood decline,17 | 14,Increasing | Declining,Workload review,Duty hours elevated relative to personal baseline,synthetic-model-v1,2026-01-23 01:00:00,0
P0029,2026-01-29,31,6,UNIT-10,Field Officer,55,9.4,1.7,Rotating,0,7,0,0,0,None,0,28,Deployed,7,1,0,701,37.1,8.1,10,9,2,1,0,9.22,0,2,1,0.25,0.3,0.05,-0.5,1.25,9.75,0.0,1.22,Improving,Improving,Stable,0.272,27,LOW,Recent deployment | Average duty hours | Leave gap | Deployment hardship,11 | 9 | 4 | 3,Increasing | Increasing | Increasing | High,Routine monitoring,No significant risk indicators detected this period,synthetic-model-v1,2026-01-30 02:00:00,1
P0029,2026-02-05,31,6,UNIT-10,Field Officer,55,9.6,0.5,Rotating,0,6,0,0,0,None,0,35,Deployed,14,0,0,708,44.7,7.8,9,9,2,2,0,9.5,0,0,0,0.0,0.44,-0.26,-0.4,1.0,14.8,0.0,-0.02,Improving,Stable,Declining,0.281,28,LOW,Average duty hours | Leave gap | Deployment hardship | Sleep decline,10 | 9 | 6 | 3,Increasing | Increasing | High | Declining,Workload review,Duty hours elevated relative to personal baseline,synthetic-model-v1,2026-02-06 05:00:00,0
P0029,2026-02-12,31,6,UNIT-10,Field Officer,55,9.1,1.0,Rotating,0,7,0,0,0,None,0,42,Deployed,21,0,0,715,64.3,7.6,7,9,2,2,0,9.6,0,0,0,0.0,-0.13,-0.42,-0.33,0.83,19.33,0.0,-0.02,Declining,Stable,Declining,0.253,25,LOW,Deployment hardship | Leave gap | Sleep decline | Average duty hours,10 | 10 | 3 | 3,High | Increasing | Declining | Increasing,Consider leave/recovery review | Wellness check-in focused on sleep and recovery | Review deployment welfare support,Prolonged gap since last leave taken | Sleep duration/quality declining from baseline | High deployment hardship score,synthetic-model-v1,2026-02-13 03:00:00,0
P0029,2026-02-19,31,6,UNIT-10,Field Officer,55,10.3,1.8,Rotating,0,6,0,0,0,None,0,49,Deployed,28,0,0,722,66.0,7.6,9,8,3,3,0,9.6,0,0,0,0.0,1.09,-0.36,0.71,-0.29,23.57,0.0,1.99,Declining,Declining,Stable,0.402,40,MODERATE,Leave gap | Average duty hours | Deployment hardship | Sleep decline,14 | 13 | 11 | 3,Increasing | Increasing | High | Declining,Workload review | Consider leave/recovery review | Wellness check-in focused on sleep and recovery | Review deployment welfare support,Duty hours elevated relative to personal baseline | Prolonged gap since last leave taken | Sleep duration/quality declining from baseline | High deployment hardship score,synthetic-model-v1,2026-02-20 01:00:00,0
P0029,2026-02-26,31,6,UNIT-10,Field Officer,55,9.4,0.0,Rotating,1,5,1,0,0,None,0,56,Deployed,35,0,0,729,60.1,7.5,7,8,4,1,0,9.6,1,0,0,0.0,0.05,-0.41,1.62,-0.25,27.62,1.0,-0.96,Stable,Declining,Stable,0.504,50,MODERATE,Leave gap | Deployment hardship | Average duty hours | Sleep decline,27 | 13 | 6 | 4,Increasing | High | Increasing | Declining,Consider leave/recovery review | Wellness check-in focused on sleep and recovery | Review deployment welfare support,Prolonged gap since last leave taken | Sleep duration/quality declining from baseline | High deployment hardship score,synthetic-model-v1,2026-02-27 03:00:00,1
P0029,2026-03-05,31,6,UNIT-10,Field Officer,55,9.8,1.5,Day,0,5,0,0,0,None,0,63,Not Deployed,0,0,0,736,46.1,7.5,7,5,6,4,0,9.65,1,0,0,0.0,0.44,-0.37,3.44,-3.22,31.56,-0.11,1.04,Declining,Declining,Stable,0.538,54,MODERATE,Leave gap | Mood decline | Average duty hours | Deployment hardship | Sleep decline,23 | 16 | 8 | 5 | 3,Increasing | Declining | Increasing | High | Declining,Workload review | Consider leave/recovery review | Wellness check-in focused on sleep and recovery,Duty hours elevated relative to personal baseline | Prolonged gap since last leave taken | Sleep duration/quality declining from baseline,synthetic-model-v1,2026-03-06 03:00:00,0
P0030,2026-01-01,36,14,UNIT-07,Field Officer,55,7.5,0.9,Day,0,5,0,0,0,None,0,40,Not Deployed,0,0,0,306,8.5,6.7,6,6,5,3,0,7.5,0,0,0,0.0,0.0,0.0,0.0,0.0,0.0,0.0,0.0,Stable,Stable,Stable,0.401,40,MODERATE,Leave gap,40,Increasing,Consider leave/recovery review,Prolonged gap since last leave taken,synthetic-model-v1,2026-01-02 02:00:00,0
P0030,2026-01-08,36,14,UNIT-07,Field Officer,55,8.1,0.0,Day,0,4,0,1,1,Medical,1,7,Not Deployed,0,0,0,313,10.7,8.2,7,7,5,3,0,7.8,0,1,1,0.5,0.6,1.5,0.0,1.0,-33.0,0.0,-0.3,Improving,Stable,Improving,0.404,40,MODERATE,Average duty hours,40,Increasing,Routine monitoring,No significant risk indicators detected this period,synthetic-model-v1,2026-01-09 01:00:00,0
P0030,2026-01-15,36,14,UNIT-07,Field Officer,55,8.0,0.9,Day,0,4,0,0,0,None,0,14,Not Deployed,0,0,0,320,10.9,8.0,7,7,5,2,0,7.87,0,1,1,0.33,0.2,0.55,0.0,0.5,-9.5,0.0,0.65,Improving,Stable,Improving,0.509,51,MODERATE,Average duty hours,51,Increasing,Routine monitoring,No significant risk indicators detected this period,synthetic-model-v1,2026-01-16 05:00:00,1
P0030,2026-01-22,36,14,UNIT-07,Field Officer,55,6.7,0.0,Day,0,3,0,0,0,None,0,21,Not Deployed,0,0,0,327,10.1,7.3,8,6,5,3,0,7.58,0,1,1,0.25,-1.17,-0.33,0.0,-0.67,0.67,0.0,-1.77,Stable,Stable,Declining,0.351,35,MODERATE,Mood decline | Sleep decline,20 | 15,Declining | Declining,Wellness check-in focused on sleep and recovery,Sleep duration/quality declining from baseline,synthetic-model-v1,2026-01-23 05:00:00,1
P0030,2026-01-29,36,14,UNIT-07,Field Officer,55,7.2,0.9,Day,0,4,0,0,0,None,0,28,Deployed,7,1,0,334,47.1,7.4,7,6,5,4,0,7.5,0,1,1,0.25,-0.38,-0.15,0.0,-0.5,7.5,0.0,0.07,Declining,Stable,Declining,0.507,51,MODERATE,Recent deployment | Deployment hardship | Leave gap | Mood decline,21 | 15 | 7 | 7,Increasing | High | Increasing | Declining,Routine monitoring,No significant risk indicators detected this period,synthetic-model-v1,2026-01-30 04:00:00,1
P0030,2026-02-05,36,14,UNIT-07,Field Officer,55,7.0,0.1,Day,0,4,0,0,0,None,0,35,Deployed,14,0,0,341,67.1,6.6,7,7,6,5,0,7.22,0,0,0,0.0,-0.5,-0.92,1.0,0.6,13.0,0.0,-0.94,Declining,Declining,Declining,0.58,58,HIGH,Deployment hardship | Sleep decline | Leave gap,27 | 16 | 15,High | Declining | Increasing,Wellness check-in focused on sleep and recovery | Review deployment welfare support,Sleep duration/quality declining from baseline | High deployment hardship score,synthetic-model-v1,2026-02-06 01:00:00,1
P0030,2026-02-12,36,14,UNIT-07,Field Officer,55,7.3,0.0,Day,0,3,0,0,0,None,0,42,Deployed,21,0,0,348,57.8,7.1,6,6,6,4,0,7.05,0,0,0,0.0,-0.12,-0.27,0.83,-0.5,17.83,0.0,-0.58,Declining,Declining,Declining,0.552,55,HIGH,Leave gap | Deployment hardship | Sleep decline | Mood decline,24 | 20 | 6 | 6,Increasing | High | Declining | Declining,Consider leave/recovery review | Review deployment welfare support,Prolonged gap since last leave taken | High deployment hardship score,synthetic-model-v1,2026-02-13 05:00:00,1
P0030,2026-02-19,36,14,UNIT-07,Field Officer,55,9.2,1.2,Day,0,3,0,0,0,None,0,49,Deployed,28,0,0,355,71.9,7.2,7,6,7,5,0,7.68,0,0,0,0.0,1.8,-0.13,1.71,-0.43,22.29,0.0,2.6,Declining,Declining,Improving,0.682,68,HIGH,Leave gap | Deployment hardship | Average duty hours | Mood decline,25 | 22 | 17 | 4,Increasing | High | Increasing | Declining,Workload review | Consider leave/recovery review | Review deployment welfare support,Duty hours elevated relative to personal baseline | Prolonged gap since last leave taken | High deployment hardship score,synthetic-model-v1,2026-02-20 03:00:00,1
P0030,2026-02-26,36,14,UNIT-07,Field Officer,55,9.5,1.3,Day,0,2,0,0,0,None,0,56,Deployed,35,0,0,362,59.8,7.2,5,6,8,5,0,8.25,0,0,0,0.0,1.88,-0.11,2.5,-0.38,26.5,0.0,2.68,Declining,Declining,Stable,0.697,70,HIGH,Leave gap | Average duty hours | Deployment hardship | Mood decline,32 | 20 | 15 | 3,Increasing | Increasing | High | Declining,Workload review | Consider leave/recovery review | Review deployment welfare support,Duty hours elevated relative to personal baseline | Prolonged gap since last leave taken | High deployment hardship score,synthetic-model-v1,2026-02-27 03:00:00,1
P0030,2026-03-05,36,14,UNIT-07,Field Officer,55,7.9,0.3,Day,0,1,0,0,0,None,0,63,Not Deployed,0,0,0,369,43.8,7.5,5,5,9,6,1,8.48,0,0,0,0.0,0.07,0.2,3.22,-1.33,30.56,0.0,-0.22,Declining,Declining,Stable,0.771,77,HIGH,Leave gap | Mood decline | Deployment hardship | Fatigue level | Average duty hours,47 | 13 | 9 | 7 | 1,Increasing | Declining | High | Increasing | Increasing,Consider leave/recovery review | Prioritize welfare officer follow-up,Prolonged gap since last leave taken | Person actively requested help,synthetic-model-v1,2026-03-06 05:00:00,1
P0031,2026-01-01,47,21,UNIT-06,Command Officer,85,10.1,1.1,Day,0,8,0,1,3,Casual,1,7,Not Deployed,0,0,0,386,13.7,7.7,6,6,7,4,0,10.1,0,3,1,1.0,0.0,0.0,0.0,0.0,0.0,0.0,0.0,Stable,Stable,Stable,0.53,53,MODERATE,Average duty hours | Consecutive work days | Role difficulty,24 | 15 | 14,Increasing | Increasing | High,Workload review,Duty hours elevated relative to personal baseline,synthetic-model-v1,2026-01-02 03:00:00,1
P0031,2026-01-08,47,21,UNIT-06,Command Officer,85,10.2,1.1,Day,0,8,0,0,0,None,0,14,Not Deployed,0,0,0,393,13.8,6.6,5,6,7,5,1,10.15,0,3,1,0.5,0.1,-1.1,0.0,0.0,7.0,0.0,0.1,Declining,Stable,Declining,0.743,74,HIGH,Average duty hours | Sleep decline | Consecutive work days | Role difficulty,25 | 23 | 14 | 13,Increasing | Declining | Increasing | High,Workload review | Wellness check-in focused on sleep and recovery | Prioritize welfare officer follow-up,Duty hours elevated relative to personal baseline | Sleep duration/quality declining from baseline | Person actively requested help,synthetic-model-v1,2026-01-09 02:00:00,1
P0031,2026-01-15,47,21,UNIT-06,Command Officer,85,10.4,0.2,Day,0,9,0,0,0,None,0,21,Not Deployed,0,0,0,400,13.5,7.2,4,4,8,5,0,10.23,0,3,1,0.33,0.25,0.05,1.0,-2.0,10.5,0.0,-0.65,Declining,Declining,Declining,0.601,60,HIGH,Average duty hours | Mood decline | Consecutive work days | Role difficulty,19 | 18 | 14 | 9,Increasing | Declining | Increasing | High,Workload review,Duty hours elevated relative to personal baseline,synthetic-model-v1,2026-01-16 02:00:00,0
P0031,2026-01-22,47,21,UNIT-06,Command Officer,85,11.1,4.4,Day,0,8,0,0,0,None,0,28,Not Deployed,0,0,0,407,15.8,7.2,6,6,7,4,0,10.45,0,3,1,0.25,0.87,0.03,-0.33,0.67,14.0,0.0,4.47,Improving,Stable,Improving,0.409,41,MODERATE,Average duty hours | Consecutive work days | Role difficulty | Leave gap,23 | 7 | 7 | 4,Increasing | Increasing | High | Increasing,Workload review,Duty hours elevated relative to personal baseline,synthetic-model-v1,2026-01-23 05:00:00,1
P0031,2026-01-29,47,21,UNIT-06,Command Officer,85,10.3,2.9,Day,0,9,0,0,0,None,0,35,Not Deployed,0,0,0,414,10.8,7.0,7,5,8,5,0,10.5,0,0,0,0.0,-0.15,-0.17,0.75,-0.5,17.5,0.0,1.05,Improving,Stable,Stable,0.652,65,HIGH,Average duty hours | Consecutive work days | Leave gap | Role difficulty | Mood decline,20 | 16 | 14 | 10 | 5,Increasing | Increasing | Increasing | High | Declining,Workload review,Duty hours elevated relative to personal baseline,synthetic-model-v1,2026-01-30 03:00:00,1
P0031,2026-02-05,47,21,UNIT-06,Command Officer,85,10.0,0.1,Day,0,10,0,0,0,None,0,42,Not Deployed,0,0,0,421,11.2,6.0,5,5,8,5,0,10.45,0,0,0,0.0,-0.42,-1.14,0.6,-0.4,21.0,0.0,-2.26,Declining,Declining,Declining,0.662,66,HIGH,Leave gap | Sleep decline | Consecutive work days | Average duty hours | Role difficulty,16 | 16 | 15 | 11 | 7,Increasing | Declining | Increasing | Increasing | High,Workload review | Consider leave/recovery review | Wellness check-in focused on sleep and recovery,Duty hours elevated relative to personal baseline | Prolonged gap since last leave taken | Sleep duration/quality declining from baseline,synthetic-model-v1,2026-02-06 03:00:00,1
P0031,2026-02-12,47,21,UNIT-06,Command Officer,85,9.8,1.3,Day,0,9,0,1,1,Emergency,1,7,Deployed,7,1,0,428,38.3,7.2,3,5,9,5,0,10.3,0,1,1,0.25,-0.55,0.25,1.5,-0.33,-17.5,0.0,-0.88,Declining,Declining,Stable,0.649,65,HIGH,Consecutive work days | Recent deployment | Average duty hours | Role difficulty | Deployment hardship,17 | 17 | 15 | 11 | 6,Increasing | Increasing | Increasing | High | High,Workload review,Duty hours elevated relative to personal baseline,synthetic-model-v1,2026-02-13 03:00:00,1
P0031,2026-02-19,47,21,UNIT-06,Command Officer,85,11.0,1.1,Day,0,8,0,0,0,None,0,14,Deployed,14,0,0,435,56.6,6.8,5,3,9,6,0,10.28,0,1,1,0.25,0.73,-0.19,1.29,-2.29,-8.0,0.0,0.24,Declining,Declining,Improving,0.684,68,HIGH,Average duty hours | Mood decline | Deployment hardship | Consecutive work days | Role difficulty,23 | 18 | 13 | 8 | 7,Increasing | Declining | High | Increasing | High,Workload review | Review deployment welfare support,Duty hours elevated relative to personal baseline | High deployment hardship score,synthetic-model-v1,2026-02-20 02:00:00,0
P0031,2026-02-26,47,21,UNIT-06,Command Officer,85,9.6,1.2,Day,0,9,0,0,0,None,0,21,Deployed,21,0,0,442,52.8,6.8,4,4,9,6,0,10.1,0,1,1,0.25,-0.76,-0.16,1.12,-1.0,0.0,0.0,-1.09,Declining,Stable,Declining,0.508,51,MODERATE,Consecutive work days | Deployment hardship | Average duty hours | Mood decline | Role difficulty,13 | 12 | 9 | 9 | 8,Increasing | High | Increasing | Declining | High,Workload review,Duty hours elevated relative to personal baseline,synthetic-model-v1,2026-02-27 03:00:00,1
P0031,2026-03-05,47,21,UNIT-06,Command Officer,85,11.1,2.6,Day,0,10,0,0,0,None,0,28,Deployed,28,0,0,449,74.1,6.6,5,4,9,7,0,10.38,0,1,1,0.25,0.82,-0.34,1.0,-0.89,7.0,0.0,1.93,Stable,Stable,Stable,0.592,59,HIGH,Average duty hours | Deployment hardship | Consecutive work days | Fatigue level | Role difficulty,18 | 16 | 11 | 9 | 5,Increasing | High | Increasing | Increasing | High,Workload review | Wellness check-in focused on sleep and recovery | Review deployment welfare support,Duty hours elevated relative to personal baseline | Sleep duration/quality declining from baseline | High deployment hardship score,synthetic-model-v1,2026-03-06 05:00:00,1
P0032,2026-01-01,40,10,UNIT-07,Junior Officer,40,10.3,0.5,Day,0,4,0,0,0,None,0,24,Not Deployed,0,0,0,465,17.3,7.5,7,5,6,5,0,10.3,0,0,0,0.0,0.0,0.0,0.0,0.0,0.0,0.0,0.0,Stable,Stable,Stable,0.644,64,HIGH,Average duty hours,64,Increasing,Workload review,Duty hours elevated relative to personal baseline,synthetic-model-v1,2026-01-02 01:00:00,0
P0032,2026-01-08,40,10,UNIT-07,Junior Officer,40,11.4,1.1,Day,0,4,0,0,0,None,0,31,Not Deployed,0,0,0,472,20.1,7.6,8,6,6,4,0,10.85,0,0,0,0.0,1.1,0.1,0.0,1.0,7.0,0.0,1.7,Improving,Stable,Stable,0.459,46,MODERATE,Average duty hours | Leave gap,38 | 8,Increasing | Increasing,Workload review,Duty hours elevated relative to personal baseline,synthetic-model-v1,2026-01-09 05:00:00,0
P0032,2026-01-15,40,10,UNIT-07,Junior Officer,40,11.8,2.2,Day,0,5,0,0,0,None,0,38,Not Deployed,0,0,0,479,16.0,8.0,7,6,6,4,0,11.17,0,0,0,0.0,0.95,0.45,0.0,0.5,10.5,0.0,2.35,Improving,Stable,Improving,0.595,60,HIGH,Average duty hours | Leave gap,42 | 17,Increasing | Increasing,Workload review | Consider leave/recovery review,Duty hours elevated relative to personal baseline | Prolonged gap since last leave taken,synthetic-model-v1,2026-01-16 02:00:00,1
P0032,2026-01-22,40,10,UNIT-07,Junior Officer,40,11.5,1.0,Day,0,5,0,0,0,None,0,45,Deployed,7,1,0,486,59.1,8.1,7,7,6,4,0,11.25,0,0,0,0.0,0.33,0.4,0.0,1.33,14.0,0.0,0.07,Stable,Stable,Improving,0.406,41,MODERATE,Average duty hours | Leave gap | Deployment hardship | Recent deployment,15 | 11 | 8 | 7,Increasing | Increasing | High | Increasing,Workload review | Consider leave/recovery review | Review deployment welfare support,Duty hours elevated relative to personal baseline | Prolonged gap since last leave taken | High deployment hardship score,synthetic-model-v1,2026-01-23 02:00:00,1
P0032,2026-01-29,40,10,UNIT-07,Junior Officer,40,9.1,0.5,Day,0,6,0,1,4,Medical,1,7,Deployed,14,0,0,493,53.4,7.4,8,7,6,4,0,10.95,0,4,1,0.25,-2.15,-0.4,0.0,1.0,-27.5,0.0,-2.85,Improving,Stable,Declining,0.431,43,MODERATE,Deployment hardship | Sleep decline | Average duty hours,24 | 10 | 10,High | Declining | Increasing,Wellness check-in focused on sleep and recovery,Sleep duration/quality declining from baseline,synthetic-model-v1,2026-01-30 01:00:00,1
P0032,2026-02-05,40,10,UNIT-07,Junior Officer,40,7.8,0.9,Day,0,6,0,0,0,None,0,14,Deployed,21,0,0,500,64.0,7.1,5,5,7,5,0,10.05,0,4,1,0.25,-3.02,-0.62,1.0,-1.2,-15.0,0.0,-3.18,Declining,Declining,Declining,0.652,65,HIGH,Deployment hardship | Mood decline | Sleep decline,33 | 18 | 14,High | Declining | Declining,Wellness check-in focused on sleep and recovery | Review deployment welfare support,Sleep duration/quality declining from baseline | High deployment hardship score,synthetic-model-v1,2026-02-06 04:00:00,1
P0032,2026-02-12,40,10,UNIT-07,Junior Officer,40,9.4,0.9,Day,0,5,0,0,0,None,0,21,Not Deployed,0,0,0,507,39.2,7.5,4,5,8,6,1,9.45,0,4,1,0.25,-0.92,-0.12,1.83,-1.0,-5.5,0.0,-1.05,Declining,Declining,Stable,0.635,64,HIGH,Mood decline | Average duty hours | Fatigue level | Deployment hardship,20 | 18 | 15 | 11,Declining | Increasing | Increasing | High,Prioritize welfare officer follow-up,Person actively requested help,synthetic-model-v1,2026-02-13 02:00:00,0
P0032,2026-02-19,40,10,UNIT-07,Junior Officer,40,11.1,1.2,Day,0,4,0,0,0,None,0,28,Not Deployed,0,0,0,514,23.9,7.6,5,5,7,5,0,9.35,0,4,1,0.25,0.91,-0.0,0.57,-0.86,2.29,0.0,1.1,Stable,Stable,Improving,0.613,61,HIGH,Average duty hours | Mood decline | Leave gap,43 | 11 | 7,Increasing | Declining | Increasing,Workload review,Duty hours elevated relative to personal baseline,synthetic-model-v1,2026-02-20 03:00:00,1
P0032,2026-02-26,40,10,UNIT-07,Junior Officer,40,11.2,2.6,Day,0,4,0,0,0,None,0,35,Not Deployed,0,0,0,521,19.7,7.2,7,6,7,4,0,9.88,0,0,0,0.0,0.9,-0.4,0.5,0.25,9.0,0.0,2.46,Improving,Improving,Stable,0.553,55,HIGH,Average duty hours | Leave gap | Sleep decline,36 | 13 | 6,Increasing | Increasing | Declining,Workload review | Wellness check-in focused on sleep and recovery,Duty hours elevated relative to personal baseline | Sleep duration/quality declining from baseline,synthetic-model-v1,2026-02-27 03:00:00,1
P0032,2026-03-05,40,10,UNIT-07,Junior Officer,40,10.5,0.2,Day,0,5,0,0,0,None,0,42,Not Deployed,0,0,0,528,20.2,6.9,6,6,8,5,0,10.55,0,0,0,0.0,0.1,-0.66,1.44,0.22,15.0,0.0,-0.91,Improving,Declining,Declining,0.591,59,HIGH,Leave gap | Average duty hours | Sleep decline,24 | 24 | 11,Increasing | Increasing | Declining,Workload review | Consider leave/recovery review | Wellness check-in focused on sleep and recovery,Duty hours elevated relative to personal baseline | Prolonged gap since last leave taken | Sleep duration/quality declining from baseline,synthetic-model-v1,2026-03-06 04:00:00,0
P0033,2026-01-01,46,18,UNIT-12,Senior Officer,70,7.6,0.7,Rotating,1,3,1,0,0,None,0,20,Not Deployed,0,0,0,435,11.7,6.7,9,7,4,3,0,7.6,1,0,0,0.0,0.0,0.0,0.0,0.0,0.0,0.0,0.0,Stable,Stable,Stable,0.34,34,MODERATE,Role difficulty,34,High,Routine monitoring,No significant risk indicators detected this period,synthetic-model-v1,2026-01-02 05:00:00,0
P0033,2026-01-08,46,18,UNIT-12,Senior Officer,70,7.1,0.9,Day,0,2,0,0,0,None,0,27,Not Deployed,0,0,0,442,8.6,6.8,9,8,4,3,0,7.35,1,0,0,0.0,-0.5,0.1,0.0,1.0,7.0,-1.0,-0.3,Improving,Stable,Stable,0.298,30,MODERATE,Leave gap | Role difficulty,17 | 13,Increasing | High,Routine monitoring,No significant risk indicators detected this period,synthetic-model-v1,2026-01-09 03:00:00,0
P0033,2026-01-15,46,18,UNIT-12,Senior Officer,70,7.2,0.0,Day,0,1,0,0,0,None,0,34,Not Deployed,0,0,0,449,12.4,6.7,7,7,4,3,0,7.3,1,0,0,0.0,-0.15,-0.05,0.0,-0.5,10.5,-0.5,-0.95,Declining,Stable,Stable,0.523,52,MODERATE,Leave gap | Mood decline | Role difficulty,29 | 13 | 10,Increasing | Declining | High,Routine monitoring,No significant risk indicators detected this period,synthetic-model-v1,2026-01-16 01:00:00,0
P0033,2026-01-22,46,18,UNIT-12,Senior Officer,70,7.3,1.9,Day,0,1,0,0,0,None,0,41,Not Deployed,0,0,0,456,12.0,7.7,8,6,4,3,0,7.3,1,0,0,0.0,0.0,0.97,0.0,-1.33,14.0,-0.33,1.37,Declining,Stable,Improving,0.545,55,HIGH,Leave gap | Mood decline | Role difficulty,29 | 20 | 6,Increasing | Declining | High,Consider leave/recovery review,Prolonged gap since last leave taken,synthetic-model-v1,2026-01-23 04:00:00,1
P0033,2026-01-29,46,18,UNIT-12,Senior Officer,70,6.2,0.3,Night,1,1,2,0,0,None,0,48,Not Deployed,0,0,0,463,13.5,6.7,6,6,5,2,0,6.95,1,0,0,0.0,-1.1,-0.27,1.0,-1.0,17.5,0.75,-1.67,Declining,Declining,Stable,0.348,35,MODERATE,Leave gap | Mood decline | Sleep decline | Role difficulty,21 | 7 | 4 | 3,Increasing | Declining | Declining | High,Consider leave/recovery review,Prolonged gap since last leave taken,synthetic-model-v1,2026-01-30 01:00:00,0
P0033,2026-02-05,46,18,UNIT-12,Senior Officer,70,6.4,0.0,Night,1,2,3,0,0,None,0,55,Not Deployed,0,0,0,470,13.2,6.6,8,7,4,3,0,6.78,2,0,0,0.0,-0.68,-0.32,-0.2,0.2,21.0,0.6,-1.44,Improving,Stable,Declining,0.343,34,MODERATE,Leave gap | Night-duty frequency | Sleep decline | Role difficulty,24 | 5 | 3 | 2,Increasing | Increasing | Declining | High,Consider leave/recovery review | Wellness check-in focused on sleep and recovery,Prolonged gap since last leave taken | Sleep duration/quality declining from baseline,synthetic-model-v1,2026-02-06 05:00:00,1
P0033,2026-02-12,46,18,UNIT-12,Senior Officer,70,5.7,0.8,Day,0,2,2,0,0,None,0,62,Not Deployed,0,0,0,477,12.9,6.7,7,8,5,3,0,6.4,2,0,0,0.0,-1.27,-0.17,0.83,1.17,24.5,-0.5,-1.1,Improving,Stable,Stable,0.444,44,MODERATE,Leave gap | Night-duty frequency | Role difficulty,36 | 6 | 3,Increasing | Increasing | High,Consider leave/recovery review,Prolonged gap since last leave taken,synthetic-model-v1,2026-02-13 02:00:00,0
P0033,2026-02-19,46,18,UNIT-12,Senior Officer,70,5.9,0.0,Day,0,1,0,0,0,None,0,69,Not Deployed,0,0,0,484,15.0,7.4,7,7,5,3,0,6.05,2,0,0,0.0,-0.89,0.56,0.71,0.0,28.0,-0.43,-1.54,Declining,Declining,Improving,0.51,51,MODERATE,Leave gap | Night-duty frequency | Role difficulty,42 | 6 | 3,Increasing | Increasing | High,Consider leave/recovery review,Prolonged gap since last leave taken,synthetic-model-v1,2026-02-20 04:00:00,0
P0033,2026-02-26,46,18,UNIT-12,Senior Officer,70,5.7,0.6,Day,0,1,0,1,6,Earned,1,7,Not Deployed,0,0,0,491,11.9,7.2,8,7,5,3,0,5.92,1,6,1,0.25,-0.98,0.29,0.62,0.0,-37.5,-0.38,-0.95,Stable,Stable,Improving,0.414,41,MODERATE,Role difficulty,41,High,Routine monitoring,No significant risk indicators detected this period,synthetic-model-v1,2026-02-27 01:00:00,1
P0033,2026-03-05,46,18,UNIT-12,Senior Officer,70,5.5,1.2,Day,0,2,0,0,0,None,0,14,Not Deployed,0,0,0,498,16.3,7.1,8,6,6,4,0,5.7,0,6,1,0.25,-1.07,0.16,1.56,-1.0,-26.33,-0.33,-0.44,Declining,Declining,Declining,0.536,54,MODERATE,Mood decline | Role difficulty,39 | 15,Declining | High,Routine monitoring,No significant risk indicators detected this period,synthetic-model-v1,2026-03-06 03:00:00,0
P0034,2026-01-01,36,9,UNIT-10,Field Officer,55,8.2,0.0,Day,0,3,0,0,0,None,0,30,Not Deployed,0,0,0,291,16.2,8.2,8,10,2,1,0,8.2,0,0,0,0.0,0.0,0.0,0.0,0.0,0.0,0.0,0.0,Stable,Stable,Stable,0.282,28,LOW,Leave gap,28,Increasing,Routine monitoring,No significant risk indicators detected this period,synthetic-model-v1,2026-01-02 04:00:00,1
P0034,2026-01-08,36,9,UNIT-10,Field Officer,55,9.1,0.0,Day,0,3,0,0,0,None,0,37,Not Deployed,0,0,0,298,11.5,7.8,7,8,3,3,0,8.65,0,0,0,0.0,0.9,-0.4,1.0,-2.0,7.0,0.0,0.9,Declining,Declining,Declining,0.384,38,MODERATE,Mood decline | Leave gap | Average duty hours | Sleep decline,14 | 11 | 9 | 4,Declining | Increasing | Increasing | Declining,Consider leave/recovery review | Wellness check-in focused on sleep and recovery,Prolonged gap since last leave taken | Sleep duration/quality declining from baseline,synthetic-model-v1,2026-01-09 04:00:00,1
P0034,2026-01-15,36,9,UNIT-10,Field Officer,55,10.5,1.4,Day,0,2,0,1,1,Other,1,7,Deployed,7,1,0,305,39.6,8.1,7,8,4,3,0,9.27,0,1,1,0.33,1.85,0.1,1.5,-1.0,-26.5,0.0,3.25,Declining,Declining,Stable,0.663,66,HIGH,Average duty hours | Recent deployment | Mood decline | Deployment hardship,35 | 15 | 10 | 6,Increasing | Increasing | Declining | High,Workload review,Duty hours elevated relative to personal baseline,synthetic-model-v1,2026-01-16 01:00:00,1
P0034,2026-01-22,36,9,UNIT-10,Field Officer,55,10.2,2.2,Day,0,2,0,0,0,None,0,14,Deployed,14,0,0,312,58.4,8.2,7,7,4,4,0,9.5,0,1,1,0.25,0.93,0.17,1.0,-1.67,-10.67,0.0,2.67,Declining,Declining,Improving,0.432,43,MODERATE,Average duty hours | Deployment hardship | Mood decline,18 | 13 | 12,Increasing | High | Declining,Workload review | Review deployment welfare support,Duty hours elevated relative to personal baseline | High deployment hardship score,synthetic-model-v1,2026-01-23 01:00:00,1
P0034,2026-01-29,36,9,UNIT-10,Field Officer,55,9.9,1.1,Day,0,1,0,1,2,Other,1,7,Deployed,21,0,0,319,61.6,7.6,8,7,5,3,0,9.93,0,3,2,0.5,0.4,-0.47,1.75,-1.25,-15.0,0.0,0.6,Stable,Declining,Declining,0.63,63,HIGH,Deployment hardship | Average duty hours | Mood decline | Rising leave requests | Sleep decline,18 | 16 | 11 | 11 | 6,High | Increasing | Declining | Increasing | Declining,Workload review | Wellness check-in focused on sleep and recovery | Review deployment welfare support,Duty hours elevated relative to personal baseline | Sleep duration/quality declining from baseline | High deployment hardship score,synthetic-model-v1,2026-01-30 05:00:00,0
P0034,2026-02-05,36,9,UNIT-10,Field Officer,55,9.9,0.3,Day,0,1,0,0,0,None,0,14,Deployed,28,0,0,326,73.0,6.8,7,7,5,3,0,10.12,0,3,2,0.5,0.32,-1.18,1.4,-1.0,-5.0,0.0,-0.32,Improving,Declining,Declining,0.639,64,HIGH,Deployment hardship | Sleep decline | Average duty hours | Rising leave requests | Mood decline,21 | 14 | 13 | 10 | 8,High | Declining | Increasing | Increasing | Declining,Workload review | Wellness check-in focused on sleep and recovery | Review deployment welfare support,Duty hours elevated relative to personal baseline | Sleep duration/quality declining from baseline | High deployment hardship score,synthetic-model-v1,2026-02-06 03:00:00,0
P0034,2026-02-12,36,9,UNIT-10,Field Officer,55,9.4,0.8,Day,0,1,0,0,0,None,0,21,Not Deployed,0,0,0,333,47.8,7.3,7,7,5,2,0,9.85,0,2,1,0.25,-0.23,-0.48,1.17,-0.83,2.83,0.0,-0.27,Stable,Stable,Stable,0.486,49,MODERATE,Deployment hardship | Average duty hours | Mood decline | Sleep decline,15 | 12 | 11 | 10,High | Increasing | Declining | Declining,Wellness check-in focused on sleep and recovery,Sleep duration/quality declining from baseline,synthetic-model-v1,2026-02-13 05:00:00,0
P0034,2026-02-19,36,9,UNIT-10,Field Officer,55,10.2,3.6,Day,0,1,0,0,0,None,0,28,Not Deployed,0,0,0,340,35.5,7.4,7,6,6,4,0,9.85,0,2,1,0.25,0.6,-0.31,2.0,-1.71,9.43,0.0,3.37,Declining,Declining,Improving,0.361,36,MODERATE,Average duty hours | Mood decline | Leave gap | Sleep decline | Deployment hardship,15 | 12 | 3 | 3 | 2,Increasing | Declining | Increasing | Declining | High,Workload review | Wellness check-in focused on sleep and recovery,Duty hours elevated relative to personal baseline | Sleep duration/quality declining from baseline,synthetic-model-v1,2026-02-20 01:00:00,0
P0034,2026-02-26,36,9,UNIT-10,Field Officer,55,8.3,0.0,Day,0,1,0,0,0,None,0,35,Not Deployed,0,0,0,347,24.5,8.0,7,7,6,4,0,9.45,0,0,0,0.0,-1.38,0.33,1.75,-0.5,15.25,0.0,-2.55,Declining,Declining,Improving,0.502,50,MODERATE,Leave gap | Mood decline,36 | 14,Increasing | Declining,Routine monitoring,No significant risk indicators detected this period,synthetic-model-v1,2026-02-27 03:00:00,0
P0034,2026-03-05,36,9,UNIT-10,Field Officer,55,9.0,0.4,Day,0,1,0,0,0,None,0,42,Not Deployed,0,0,0,354,21.7,8.3,6,6,5,3,0,9.23,0,0,0,0.0,-0.52,0.59,0.56,-1.44,20.56,0.0,-1.17,Stable,Improving,Improving,0.402,40,MODERATE,Leave gap | Mood decline | Average duty hours,21 | 14 | 5,Increasing | Declining | Increasing,Consider leave/recovery review,Prolonged gap since last leave taken,synthetic-model-v1,2026-03-06 03:00:00,0
P0035,2026-01-01,40,9,UNIT-03,Senior Officer,70,9.0,0.4,Night,1,4,2,0,0,None,0,37,Not Deployed,0,0,0,234,10.4,7.1,7,7,5,3,0,9.0,1,0,0,0.0,0.0,0.0,0.0,0.0,0.0,0.0,0.0,Stable,Stable,Stable,0.438,44,MODERATE,Leave gap | Average duty hours | Role difficulty,28 | 9 | 7,Increasing | Increasing | High,Consider leave/recovery review,Prolonged gap since last leave taken,synthetic-model-v1,2026-01-02 05:00:00,1
P0035,2026-01-08,40,9,UNIT-03,Senior Officer,70,10.0,2.1,Night,1,5,4,0,0,None,0,44,Not Deployed,0,0,0,241,6.8,6.5,8,8,5,3,0,9.5,2,0,0,0.0,1.0,-0.6,0.0,1.0,7.0,0.0,2.7,Improving,Stable,Declining,0.39,39,MODERATE,Leave gap | Average duty hours | Sleep decline | Night-duty frequency | Role difficulty,14 | 13 | 5 | 4 | 2,Increasing | Increasing | Declining | Increasing | High,Workload review | Consider leave/recovery review | Wellness check-in focused on sleep and recovery,Duty hours elevated relative to personal baseline | Prolonged gap since last leave taken | Sleep duration/quality declining from baseline,synthetic-model-v1,2026-01-09 04:00:00,1
P0035,2026-01-15,40,9,UNIT-03,Senior Officer,70,8.5,0.0,Night,1,5,5,1,2,Casual,0,51,Not Deployed,0,0,0,248,8.7,6.5,6,6,6,5,0,9.17,3,2,1,0.33,-1.0,-0.3,1.0,-1.5,10.5,0.0,-2.25,Declining,Declining,Declining,0.625,62,HIGH,Leave gap | Night-duty frequency | Mood decline | Sleep decline | Role difficulty,21 | 16 | 16 | 5 | 4,Increasing | Increasing | Declining | Declining | High,Review night-duty schedule | Consider leave/recovery review,Frequent night shifts in the past 30 days | Prolonged gap since last leave taken,synthetic-model-v1,2026-01-16 04:00:00,1
P0035,2026-01-22,40,9,UNIT-03,Senior Officer,70,9.6,0.2,Night,1,4,7,0,0,None,0,58,Not Deployed,0,0,0,255,12.9,7.0,7,7,6,3,0,9.28,4,2,1,0.25,0.43,0.3,0.67,0.0,14.0,0.0,-0.2,Declining,Declining,Improving,0.627,63,HIGH,Leave gap | Night-duty frequency | Average duty hours | Role difficulty,26 | 20 | 13 | 3,Increasing | Increasing | Increasing | High,Workload review | Review night-duty schedule | Consider leave/recovery review,Duty hours elevated relative to personal baseline | Frequent night shifts in the past 30 days | Prolonged gap since last leave taken,synthetic-model-v1,2026-01-23 02:00:00,1
P0035,2026-01-29,40,9,UNIT-03,Senior Officer,70,10.1,1.3,Night,1,5,9,0,0,None,0,65,Deployed,7,1,0,262,50.8,6.6,7,5,7,5,0,9.55,4,2,1,0.25,0.82,-0.18,1.5,-2.0,17.5,0.0,1.45,Stable,Declining,Stable,0.761,76,HIGH,Leave gap | Night-duty frequency | Average duty hours | Mood decline | Recent deployment,24 | 15 | 14 | 13 | 10,Increasing | Increasing | Increasing | Declining | Increasing,Workload review | Review night-duty schedule | Consider leave/recovery review,Duty hours elevated relative to personal baseline | Frequent night shifts in the past 30 days | Prolonged gap since last leave taken,synthetic-model-v1,2026-01-30 05:00:00,1
P0035,2026-02-05,40,9,UNIT-03,Senior Officer,70,10.3,1.0,Night,1,5,10,0,0,None,0,72,Deployed,14,0,0,269,73.8,6.4,4,5,8,5,0,9.62,4,2,1,0.25,0.86,-0.34,2.2,-1.6,21.0,0.0,1.06,Declining,Declining,Declining,0.71,71,HIGH,Leave gap | Deployment hardship | Average duty hours | Night-duty frequency | Mood decline,24 | 14 | 13 | 12 | 8,Increasing | High | Increasing | Increasing | Declining,Workload review | Review night-duty schedule | Consider leave/recovery review | Wellness check-in focused on sleep and recovery | Review deployment welfare support,Duty hours elevated relative to personal baseline | Frequent night shifts in the past 30 days | Prolonged gap since last leave taken | Sleep duration/quality declining from baseline | High deployment hardship score,synthetic-model-v1,2026-02-06 02:00:00,1
P0035,2026-02-12,40,9,UNIT-03,Senior Officer,70,10.1,0.4,Night,1,4,2,1,1,Earned,1,7,Deployed,21,0,0,276,71.6,6.9,5,4,8,5,1,10.02,4,1,1,0.25,0.52,0.22,1.83,-2.33,-47.5,0.0,0.08,Declining,Declining,Improving,0.616,62,HIGH,Deployment hardship | Mood decline | Night-duty frequency | Average duty hours | Role difficulty,17 | 15 | 15 | 13 | 2,High | Declining | Increasing | Increasing | High,Workload review | Review night-duty schedule | Review deployment welfare support | Prioritize welfare officer follow-up,Duty hours elevated relative to personal baseline | Frequent night shifts in the past 30 days | High deployment hardship score | Person actively requested help,synthetic-model-v1,2026-02-13 02:00:00,0
P0035,2026-02-19,40,9,UNIT-03,Senior Officer,70,8.6,0.3,Rotating,0,4,0,0,0,None,0,14,Not Deployed,0,0,0,283,51.0,7.2,5,4,8,5,0,9.78,3,1,1,0.25,-1.06,0.49,1.57,-2.0,-33.71,-1.0,-1.53,Stable,Stable,Improving,0.662,66,HIGH,Mood decline | Night-duty frequency | Deployment hardship | Role difficulty | Average duty hours,25 | 19 | 16 | 5 | 1,Declining | Increasing | High | High | Increasing,Review night-duty schedule,Frequent night shifts in the past 30 days,synthetic-model-v1,2026-02-20 04:00:00,1
P0035,2026-02-26,40,9,UNIT-03,Senior Officer,70,11.4,1.7,Rotating,0,4,0,0,0,None,0,21,Not Deployed,0,0,0,290,32.6,6.2,5,5,8,5,0,10.1,2,1,1,0.25,1.88,-0.58,1.38,-0.75,-22.5,-0.88,2.86,Improving,Stable,Declining,0.781,78,HIGH,Average duty hours | Sleep decline | Night-duty frequency | Mood decline | Role difficulty,46 | 12 | 8 | 8 | 4,Increasing | Declining | Increasing | Declining | High,Workload review | Wellness check-in focused on sleep and recovery,Duty hours elevated relative to personal baseline | Sleep duration/quality declining from baseline,synthetic-model-v1,2026-02-27 05:00:00,1
P0035,2026-03-05,40,9,UNIT-03,Senior Officer,70,9.1,1.2,Day,0,4,0,0,0,None,0,28,Not Deployed,0,0,0,297,21.7,6.7,6,5,8,6,0,9.8,1,1,1,0.25,-0.63,-0.01,1.22,-0.67,-13.0,-0.78,-0.26,Improving,Stable,Declining,0.622,62,HIGH,Fatigue level | Mood decline | Average duty hours | Leave gap | Role difficulty,16 | 14 | 13 | 11 | 8,Increasing | Declining | Increasing | Increasing | High,Routine monitoring,No significant risk indicators detected this period,synthetic-model-v1,2026-03-06 05:00:00,1
P0036,2026-01-01,41,7,UNIT-09,Junior Officer,40,8.8,0.0,Night,1,5,2,0,0,None,0,26,Not Deployed,0,0,0,226,25.2,6.8,7,8,4,3,0,8.8,1,0,0,0.0,0.0,0.0,0.0,0.0,0.0,0.0,0.0,Stable,Stable,Stable,0.431,43,MODERATE,Leave gap | Average duty hours,27 | 16,Increasing | Increasing,Routine monitoring,No significant risk indicators detected this period,synthetic-model-v1,2026-01-02 01:00:00,0
P0036,2026-01-08,41,7,UNIT-09,Junior Officer,40,9.8,0.0,Rotating,1,5,4,0,0,None,0,33,Not Deployed,0,0,0,233,16.5,7.8,8,9,3,3,0,9.3,2,0,0,0.0,1.0,1.0,-1.0,1.0,7.0,0.0,1.0,Improving,Improving,Improving,0.36,36,MODERATE,Average duty hours | Leave gap | Night-duty frequency,19 | 9 | 7,Increasing | Increasing | Increasing,Workload review,Duty hours elevated relative to personal baseline,synthetic-model-v1,2026-01-09 05:00:00,1
P0036,2026-01-15,41,7,UNIT-09,Junior Officer,40,9.2,1.0,Rotating,0,4,3,0,0,None,0,40,Not Deployed,0,0,0,240,12.3,8.1,7,7,4,3,0,9.27,2,0,0,0.0,-0.1,0.8,0.5,-1.5,10.5,-1.0,0.9,Declining,Stable,Improving,0.352,35,MODERATE,Leave gap | Mood decline | Night-duty frequency | Average duty hours,14 | 11 | 5 | 5,Increasing | Declining | Increasing | Increasing,Consider leave/recovery review,Prolonged gap since last leave taken,synthetic-model-v1,2026-01-16 02:00:00,1
P0036,2026-01-22,41,7,UNIT-09,Junior Officer,40,10.0,1.9,Rotating,1,3,4,0,0,None,0,47,Not Deployed,0,0,0,247,13.4,7.2,8,7,5,4,0,9.45,3,0,0,0.0,0.73,-0.37,1.33,-1.0,14.0,0.33,2.3,Declining,Declining,Declining,0.563,56,HIGH,Leave gap | Average duty hours | Night-duty frequency | Mood decline | Sleep decline,20 | 15 | 11 | 7 | 4,Increasing | Increasing | Increasing | Declining | Declining,Workload review | Review night-duty schedule | Consider leave/recovery review | Wellness check-in focused on sleep and recovery,Duty hours elevated relative to personal baseline | Frequent night shifts in the past 30 days | Prolonged gap since last leave taken | Sleep duration/quality declining from baseline,synthetic-model-v1,2026-01-23 02:00:00,1
P0036,2026-01-29,41,7,UNIT-09,Junior Officer,40,9.9,0.5,Rotating,0,4,2,0,0,None,0,54,Not Deployed,0,0,0,254,14.1,7.6,6,7,6,4,0,9.72,2,0,0,0.0,0.45,0.12,2.0,-0.75,17.5,-0.75,0.22,Declining,Declining,Declining,0.508,51,MODERATE,Leave gap | Average duty hours | Night-duty frequency | Mood decline,27 | 13 | 6 | 6,Increasing | Increasing | Increasing | Declining,Workload review | Consider leave/recovery review,Duty hours elevated relative to personal baseline | Prolonged gap since last leave taken,synthetic-model-v1,2026-01-30 05:00:00,1
P0036,2026-02-05,41,7,UNIT-09,Junior Officer,40,9.8,0.8,Rotating,1,5,4,0,0,None,0,61,Not Deployed,0,0,0,261,9.0,7.1,6,5,7,5,0,9.73,2,0,0,0.0,0.26,-0.4,2.6,-2.6,21.0,0.4,0.38,Declining,Declining,Stable,0.619,62,HIGH,Leave gap | Mood decline | Average duty hours | Night-duty frequency | Sleep decline,28 | 16 | 9 | 5 | 4,Increasing | Declining | Increasing | Increasing | Declining,Workload review | Consider leave/recovery review | Wellness check-in focused on sleep and recovery,Duty hours elevated relative to personal baseline | Prolonged gap since last leave taken | Sleep duration/quality declining from baseline,synthetic-model-v1,2026-02-06 05:00:00,0
P0036,2026-02-12,41,7,UNIT-09,Junior Officer,40,9.3,1.6,Rotating,1,5,5,0,0,None,0,68,Not Deployed,0,0,0,268,12.7,7.2,7,6,6,4,1,9.75,3,0,0,0.0,-0.28,-0.23,1.17,-1.17,24.5,0.33,0.62,Stable,Stable,Declining,0.612,61,HIGH,Leave gap | Night-duty frequency | Mood decline | Average duty hours | Sleep decline,35 | 10 | 8 | 5 | 3,Increasing | Increasing | Declining | Increasing | Declining,Review night-duty schedule | Consider leave/recovery review | Prioritize welfare officer follow-up,Frequent night shifts in the past 30 days | Prolonged gap since last leave taken | Person actively requested help,synthetic-model-v1,2026-02-13 02:00:00,1
P0036,2026-02-19,41,7,UNIT-09,Junior Officer,40,9.1,2.5,Rotating,0,6,0,0,0,None,0,75,Not Deployed,0,0,0,275,11.1,6.8,4,5,7,4,0,9.52,2,0,0,0.0,-0.44,-0.6,2.0,-2.0,28.0,-0.71,1.23,Declining,Stable,Stable,0.608,61,HIGH,Leave gap | Mood decline | Sleep decline | Night-duty frequency | Average duty hours,36 | 12 | 5 | 4 | 3,Increasing | Declining | Declining | Increasing | Increasing,Consider leave/recovery review | Wellness check-in focused on sleep and recovery,Prolonged gap since last leave taken | Sleep duration/quality declining from baseline,synthetic-model-v1,2026-02-20 01:00:00,0
P0036,2026-02-26,41,7,UNIT-09,Junior Officer,40,10.1,0.8,Rotating,1,5,1,0,0,None,0,82,Not Deployed,0,0,0,282,12.0,6.9,6,6,7,4,1,9.58,3,0,0,0.0,0.61,-0.42,1.75,-0.75,31.5,0.38,0.38,Declining,Declining,Stable,0.681,68,HIGH,Leave gap | Average duty hours | Night-duty frequency | Mood decline | Sleep decline,40 | 12 | 8 | 4 | 4,Increasing | Increasing | Increasing | Declining | Declining,Workload review | Review night-duty schedule | Consider leave/recovery review | Wellness check-in focused on sleep and recovery | Prioritize welfare officer follow-up,Duty hours elevated relative to personal baseline | Frequent night shifts in the past 30 days | Prolonged gap since last leave taken | Sleep duration/quality declining from baseline | Person actively requested help,synthetic-model-v1,2026-02-27 02:00:00,0
P0036,2026-03-05,41,7,UNIT-09,Junior Officer,40,11.2,1.9,Rotating,1,5,3,0,0,None,0,89,Not Deployed,0,0,0,289,11.3,6.8,7,7,7,5,0,9.93,3,0,0,0.0,1.64,-0.48,1.56,0.33,35.0,0.33,2.53,Improving,Stable,Stable,0.6,60,HIGH,Leave gap | Average duty hours | Night-duty frequency | Sleep decline,34 | 17 | 6 | 3,Increasing | Increasing | Increasing | Declining,Workload review | Review night-duty schedule | Consider leave/recovery review | Wellness check-in focused on sleep and recovery,Duty hours elevated relative to personal baseline | Frequent night shifts in the past 30 days | Prolonged gap since last leave taken | Sleep duration/quality declining from baseline,synthetic-model-v1,2026-03-06 03:00:00,0
P0037,2026-01-01,40,14,UNIT-06,Command Officer,85,11.6,2.0,Day,0,4,0,0,0,None,0,24,Not Deployed,0,0,0,372,9.1,6.5,8,8,3,1,0,11.6,0,0,0,0.0,0.0,0.0,0.0,0.0,0.0,0.0,0.0,Stable,Stable,Stable,0.256,26,LOW,Average duty hours | Role difficulty,20 | 6,Increasing | High,Workload review,Duty hours elevated relative to personal baseline,synthetic-model-v1,2026-01-02 01:00:00,0
P0037,2026-01-08,40,14,UNIT-06,Command Officer,85,10.4,1.4,Day,0,3,0,0,0,None,0,31,Not Deployed,0,0,0,379,12.2,6.2,8,8,3,2,0,11.0,0,0,0,0.0,-1.2,-0.3,0.0,0.0,7.0,0.0,-1.8,Declining,Stable,Stable,0.351,35,MODERATE,Average duty hours | Role difficulty | Leave gap | Sleep decline,16 | 8 | 6 | 6,Increasing | High | Increasing | Declining,Workload review,Duty hours elevated relative to personal baseline,synthetic-model-v1,2026-01-09 02:00:00,0
P0037,2026-01-15,40,14,UNIT-06,Command Officer,85,10.3,2.5,Day,0,2,0,0,0,None,0,38,Not Deployed,0,0,0,386,11.2,6.4,8,8,3,4,0,10.77,0,0,0,0.0,-0.7,0.05,0.0,0.0,10.5,0.0,0.1,Declining,Stable,Stable,0.4,40,MODERATE,Average duty hours | Leave gap | Role difficulty | Sleep decline,15 | 13 | 8 | 4,Increasing | Increasing | High | Declining,Workload review | Consider leave/recovery review,Duty hours elevated relative to personal baseline | Prolonged gap since last leave taken,synthetic-model-v1,2026-01-16 01:00:00,0
P0037,2026-01-22,40,14,UNIT-06,Command Officer,85,10.4,1.3,Day,0,3,0,0,0,None,0,45,Not Deployed,0,0,0,393,10.1,7.3,7,8,3,3,0,10.68,0,0,0,0.0,-0.37,0.93,0.0,0.0,14.0,0.0,-1.03,Declining,Stable,Improving,0.343,34,MODERATE,Leave gap | Average duty hours | Role difficulty,16 | 12 | 6,Increasing | Increasing | High,Workload review | Consider leave/recovery review,Duty hours elevated relative to personal baseline | Prolonged gap since last leave taken,synthetic-model-v1,2026-01-23 05:00:00,1
P0037,2026-01-29,40,14,UNIT-06,Command Officer,85,11.1,0.7,Day,0,2,0,0,0,None,0,52,Not Deployed,0,0,0,400,8.5,6.5,7,7,4,3,0,10.55,0,0,0,0.0,0.43,-0.1,1.0,-1.0,17.5,0.0,-0.68,Declining,Declining,Stable,0.46,46,MODERATE,Leave gap | Average duty hours | Mood decline | Role difficulty,19 | 16 | 6 | 5,Increasing | Increasing | Declining | High,Workload review | Consider leave/recovery review,Duty hours elevated relative to personal baseline | Prolonged gap since last leave taken,synthetic-model-v1,2026-01-30 02:00:00,1
P0037,2026-02-05,40,14,UNIT-06,Command Officer,85,11.0,2.8,Day,0,2,0,0,0,None,0,59,Not Deployed,0,0,0,407,7.9,7.0,9,9,4,3,0,10.7,0,0,0,0.0,0.24,0.42,0.8,1.2,21.0,0.0,1.46,Improving,Declining,Stable,0.519,52,MODERATE,Leave gap | Average duty hours | Role difficulty,28 | 18 | 6,Increasing | Increasing | High,Workload review | Consider leave/recovery review,Duty hours elevated relative to personal baseline | Prolonged gap since last leave taken,synthetic-model-v1,2026-02-06 02:00:00,1
P0037,2026-02-12,40,14,UNIT-06,Command Officer,85,13.2,4.5,Day,0,1,0,0,0,None,0,66,Deployed,7,1,0,414,46.0,6.6,8,6,5,5,0,11.42,0,0,0,0.0,2.4,-0.05,1.67,-2.0,24.5,0.0,5.12,Declining,Declining,Stable,0.714,71,HIGH,Average duty hours | Leave gap | Mood decline | Recent deployment | Deployment hardship,29 | 23 | 9 | 7 | 4,Increasing | Increasing | Declining | Increasing | High,Workload review | Consider leave/recovery review,Duty hours elevated relative to personal baseline | Prolonged gap since last leave taken,synthetic-model-v1,2026-02-13 03:00:00,1
P0037,2026-02-19,40,14,UNIT-06,Command Officer,85,14.0,4.0,Day,0,2,0,0,0,None,0,73,Deployed,14,0,0,421,65.3,6.1,6,5,6,4,0,12.32,0,0,0,0.0,2.86,-0.54,2.43,-2.71,28.0,0.0,4.69,Declining,Declining,Declining,0.775,78,HIGH,Average duty hours | Leave gap | Mood decline | Deployment hardship | Sleep decline,30 | 24 | 11 | 9 | 4,Increasing | Increasing | Declining | High | Declining,Workload review | Consider leave/recovery review | Wellness check-in focused on sleep and recovery | Review deployment welfare support,Duty hours elevated relative to personal baseline | Prolonged gap since last leave taken | Sleep duration/quality declining from baseline | High deployment hardship score,synthetic-model-v1,2026-02-20 01:00:00,0
P0037,2026-02-26,40,14,UNIT-06,Command Officer,85,11.7,2.0,Day,0,1,0,0,0,None,0,80,Deployed,21,0,0,428,58.0,6.0,6,6,6,4,0,12.48,0,0,0,0.0,0.2,-0.57,2.12,-1.38,31.5,0.0,-0.2,Declining,Declining,Declining,0.506,51,MODERATE,Leave gap | Average duty hours | Deployment hardship | Mood decline | Sleep decline,24 | 12 | 6 | 5 | 4,Increasing | Increasing | High | Declining | Declining,Workload review | Consider leave/recovery review | Wellness check-in focused on sleep and recovery | Review deployment welfare support,Duty hours elevated relative to personal baseline | Prolonged gap since last leave taken | Sleep duration/quality declining from baseline | High deployment hardship score,synthetic-model-v1,2026-02-27 03:00:00,0
P0037,2026-03-05,40,14,UNIT-06,Command Officer,85,10.6,1.3,Day,0,1,0,0,0,None,0,87,Deployed,28,0,0,435,56.2,6.4,6,6,6,4,0,12.38,0,0,0,0.0,-0.92,-0.11,1.89,-1.22,35.0,0.0,-1.98,Improving,Stable,Improving,0.51,51,MODERATE,Leave gap | Average duty hours | Deployment hardship | Mood decline | Role difficulty,29 | 8 | 6 | 5 | 4,Increasing | Increasing | High | Declining | High,Workload review | Consider leave/recovery review | Review deployment welfare support,Duty hours elevated relative to personal baseline | Prolonged gap since last leave taken | High deployment hardship score,synthetic-model-v1,2026-03-06 05:00:00,0
P0038,2026-01-01,23,1,UNIT-02,Senior Officer,70,8.0,0.0,Night,1,6,2,1,5,Casual,1,7,Not Deployed,0,0,0,318,18.0,6.6,7,6,5,4,0,8.0,1,5,1,1.0,0.0,0.0,0.0,0.0,0.0,0.0,0.0,Stable,Stable,Stable,0.434,43,MODERATE,Role difficulty,43,High,Routine monitoring,No significant risk indicators detected this period,synthetic-model-v1,2026-01-02 05:00:00,1
P0038,2026-01-08,23,1,UNIT-02,Senior Officer,70,8.0,0.6,Day,0,7,0,1,3,Casual,0,14,Not Deployed,0,0,0,325,15.9,7.5,5,7,7,4,0,8.0,1,8,2,1.0,0.0,0.9,2.0,1.0,7.0,-1.0,0.6,Declining,Declining,Improving,0.534,53,MODERATE,Role difficulty,53,High,Routine monitoring,No significant risk indicators detected this period,synthetic-model-v1,2026-01-09 02:00:00,0
P0038,2026-01-15,23,1,UNIT-02,Senior Officer,70,7.7,1.1,Day,0,6,0,0,0,None,0,21,Not Deployed,0,0,0,332,14.4,7.3,7,7,5,4,0,7.9,1,8,2,0.67,-0.3,0.25,-1.0,0.5,10.5,-0.5,0.5,Improving,Stable,Improving,0.435,44,MODERATE,Role difficulty,44,High,Routine monitoring,No significant risk indicators detected this period,synthetic-model-v1,2026-01-16 01:00:00,1
P0038,2026-01-22,23,1,UNIT-02,Senior Officer,70,7.7,0.0,Day,0,6,0,0,0,None,0,28,Not Deployed,0,0,0,339,13.6,7.5,7,6,7,4,1,7.85,1,8,2,0.5,-0.2,0.37,1.33,-0.67,14.0,-0.33,-0.77,Improving,Stable,Stable,0.502,50,MODERATE,Mood decline | Leave gap | Role difficulty,22 | 16 | 12,Declining | Increasing | High,Prioritize welfare officer follow-up,Person actively requested help,synthetic-model-v1,2026-01-23 04:00:00,0
P0038,2026-01-29,23,1,UNIT-02,Senior Officer,70,8.4,0.0,Day,0,7,0,1,1,Casual,1,7,Not Deployed,0,0,0,346,14.9,7.6,5,6,7,5,0,7.95,0,4,2,0.5,0.55,0.38,1.0,-0.5,-10.5,-0.25,0.12,Declining,Declining,Stable,0.539,54,MODERATE,Rising leave requests | Mood decline | Average duty hours | Role difficulty,27 | 11 | 9 | 8,Increasing | Declining | Increasing | High,Routine monitoring,No significant risk indicators detected this period,synthetic-model-v1,2026-01-30 05:00:00,0
P0038,2026-02-05,23,1,UNIT-02,Senior Officer,70,7.3,0.8,Day,0,6,0,0,0,None,0,14,Not Deployed,0,0,0,353,13.4,7.2,7,6,6,4,0,7.78,0,1,1,0.25,-0.66,-0.1,-0.2,-0.4,-1.4,-0.2,-0.2,Stable,Improving,Stable,0.535,54,MODERATE,Mood decline | Role difficulty,28 | 26,Declining | High,Routine monitoring,No significant risk indicators detected this period,synthetic-model-v1,2026-02-06 05:00:00,0
P0038,2026-02-12,23,1,UNIT-02,Senior Officer,70,8.2,0.0,Day,0,7,0,0,0,None,0,21,Not Deployed,0,0,0,360,14.3,7.2,7,6,6,4,0,7.9,0,1,1,0.25,0.35,-0.08,-0.17,-0.33,5.83,-0.17,-0.07,Improving,Improving,Declining,0.387,39,MODERATE,Role difficulty | Mood decline | Average duty hours,15 | 13 | 10,High | Declining | Increasing,Routine monitoring,No significant risk indicators detected this period,synthetic-model-v1,2026-02-13 03:00:00,0
P0038,2026-02-19,23,1,UNIT-02,Senior Officer,70,8.4,0.0,Rotating,0,8,0,0,0,None,0,28,Not Deployed,0,0,0,367,18.6,7.3,7,6,7,4,0,8.07,0,1,1,0.25,0.5,0.03,0.86,-0.29,12.0,-0.14,0.14,Stable,Declining,Stable,0.729,73,HIGH,Consecutive work days | Leave gap | Average duty hours | Role difficulty,32 | 16 | 12 | 12,Increasing | Increasing | Increasing | High,Routine monitoring,No significant risk indicators detected this period,synthetic-model-v1,2026-02-20 03:00:00,0
P0038,2026-02-26,23,1,UNIT-02,Senior Officer,70,8.1,0.2,Rotating,0,7,0,0,0,None,0,35,Not Deployed,0,0,0,374,18.9,7.0,6,6,7,5,0,8.0,0,0,0,0.0,0.14,-0.28,0.75,-0.25,17.5,-0.12,0.02,Declining,Declining,Stable,0.573,57,HIGH,Leave gap | Sleep decline | Role difficulty | Average duty hours,32 | 13 | 10 | 3,Increasing | Declining | High | Increasing,Routine monitoring,No significant risk indicators detected this period,synthetic-model-v1,2026-02-27 04:00:00,0
P0038,2026-03-05,23,1,UNIT-02,Senior Officer,70,7.7,0.1,Rotating,1,6,1,0,0,None,0,42,Not Deployed,0,0,0,381,16.5,6.8,6,6,7,4,0,8.1,1,0,0,0.0,-0.28,-0.44,0.67,-0.22,22.56,0.89,-0.48,Declining,Stable,Declining,0.642,64,HIGH,Leave gap | Sleep decline | Role difficulty,43 | 13 | 8,Increasing | Declining | High,Consider leave/recovery review | Wellness check-in focused on sleep and recovery,Prolonged gap since last leave taken | Sleep duration/quality declining from baseline,synthetic-model-v1,2026-03-06 04:00:00,0
P0039,2026-01-01,37,12,UNIT-08,Junior Officer,40,7.4,0.0,Day,0,5,0,0,0,None,0,33,Not Deployed,0,0,0,207,10.3,7.4,8,7,5,3,0,7.4,0,0,0,0.0,0.0,0.0,0.0,0.0,0.0,0.0,0.0,Stable,Stable,Stable,0.368,37,MODERATE,Leave gap,37,Increasing,Routine monitoring,No significant risk indicators detected this period,synthetic-model-v1,2026-01-02 04:00:00,0
P0039,2026-01-08,37,12,UNIT-08,Junior Officer,40,7.8,0.0,Rotating,0,6,0,0,0,None,0,40,Not Deployed,0,0,0,214,9.7,6.5,6,7,5,3,0,7.6,0,0,0,0.0,0.4,-0.9,0.0,0.0,7.0,0.0,0.4,Declining,Stable,Declining,0.507,51,MODERATE,Leave gap | Sleep decline | Average duty hours,27 | 19 | 4,Increasing | Declining | Increasing,Consider leave/recovery review | Wellness check-in focused on sleep and recovery,Prolonged gap since last leave taken | Sleep duration/quality declining from baseline,synthetic-model-v1,2026-01-09 02:00:00,0
P0039,2026-01-15,37,12,UNIT-08,Junior Officer,40,8.1,0.0,Rotating,0,7,0,0,0,None,0,47,Not Deployed,0,0,0,221,12.2,7.5,6,6,5,3,0,7.77,0,0,0,0.0,0.5,0.55,0.0,-1.0,10.5,0.0,0.5,Declining,Stable,Stable,0.457,46,MODERATE,Leave gap | Mood decline | Average duty hours,30 | 11 | 4,Increasing | Declining | Increasing,Consider leave/recovery review,Prolonged gap since last leave taken,synthetic-model-v1,2026-01-16 05:00:00,0
P0039,2026-01-22,37,12,UNIT-08,Junior Officer,40,8.7,0.0,Rotating,1,6,2,0,0,None,0,54,Not Deployed,0,0,0,228,16.1,6.3,7,7,5,3,0,8.0,1,0,0,0.0,0.93,-0.83,0.0,0.33,14.0,1.0,0.93,Improving,Stable,Stable,0.566,57,HIGH,Leave gap | Sleep decline | Average duty hours,35 | 13 | 9,Increasing | Declining | Increasing,Consider leave/recovery review | Wellness check-in focused on sleep and recovery,Prolonged gap since last leave taken | Sleep duration/quality declining from baseline,synthetic-model-v1,2026-01-23 01:00:00,0
P0039,2026-01-29,37,12,UNIT-08,Junior Officer,40,9.0,0.0,Day,0,5,0,0,0,None,0,61,Not Deployed,0,0,0,235,13.3,7.5,8,7,5,3,0,8.4,1,0,0,0.0,1.0,0.58,0.0,0.25,17.5,-0.25,1.0,Improving,Stable,Stable,0.461,46,MODERATE,Leave gap | Average duty hours,36 | 10,Increasing | Increasing,Consider leave/recovery review,Prolonged gap since last leave taken,synthetic-model-v1,2026-01-30 01:00:00,1
P0039,2026-02-05,37,12,UNIT-08,Junior Officer,40,8.8,0.0,Day,0,4,0,0,0,None,0,68,Deployed,7,1,0,242,46.8,6.9,6,7,6,3,0,8.65,1,0,0,0.0,0.6,-0.14,1.0,0.2,21.0,-0.2,0.6,Declining,Declining,Improving,0.675,68,HIGH,Leave gap | Recent deployment | Deployment hardship | Average duty hours,42 | 12 | 8 | 6,Increasing | Increasing | High | Increasing,Consider leave/recovery review,Prolonged gap since last leave taken,synthetic-model-v1,2026-02-06 04:00:00,1
P0039,2026-02-12,37,12,UNIT-08,Junior Officer,40,9.3,2.2,Rotating,0,4,0,0,0,None,0,75,Deployed,14,0,0,249,70.2,6.6,7,6,6,4,0,8.95,1,0,0,0.0,1.0,-0.42,0.83,-0.83,24.5,-0.17,3.2,Declining,Declining,Declining,0.49,49,MODERATE,Leave gap | Deployment hardship | Average duty hours | Mood decline | Sleep decline,26 | 10 | 6 | 3 | 3,Increasing | High | Increasing | Declining | Declining,Consider leave/recovery review | Wellness check-in focused on sleep and recovery | Review deployment welfare support,Prolonged gap since last leave taken | Sleep duration/quality declining from baseline | High deployment hardship score,synthetic-model-v1,2026-02-13 03:00:00,1
P0039,2026-02-19,37,12,UNIT-08,Junior Officer,40,8.4,0.5,Rotating,1,3,2,0,0,None,0,82,Deployed,21,0,0,256,67.6,6.4,7,6,6,4,0,8.88,1,0,0,0.0,-0.04,-0.56,0.71,-0.71,28.0,0.86,0.14,Declining,Stable,Declining,0.68,68,HIGH,Leave gap | Deployment hardship | Sleep decline | Mood decline,44 | 14 | 6 | 4,Increasing | High | Declining | Declining,Consider leave/recovery review | Wellness check-in focused on sleep and recovery | Review deployment welfare support,Prolonged gap since last leave taken | Sleep duration/quality declining from baseline | High deployment hardship score,synthetic-model-v1,2026-02-20 03:00:00,1
P0039,2026-02-26,37,12,UNIT-08,Junior Officer,40,9.5,1.5,Rotating,0,4,1,0,0,None,0,89,Deployed,28,0,0,263,62.0,6.6,5,6,8,5,0,9.0,1,0,0,0.0,1.06,-0.29,2.62,-0.62,31.5,-0.25,2.22,Declining,Declining,Stable,0.718,72,HIGH,Leave gap | Deployment hardship | Average duty hours | Mood decline | Sleep decline,44 | 11 | 10 | 3 | 3,Increasing | High | Increasing | Declining | Declining,Workload review | Consider leave/recovery review | Review deployment welfare support,Duty hours elevated relative to personal baseline | Prolonged gap since last leave taken | High deployment hardship score,synthetic-model-v1,2026-02-27 05:00:00,1
P0039,2026-03-05,37,12,UNIT-08,Junior Officer,40,8.4,0.0,Day,0,3,0,0,0,None,0,96,Deployed,35,0,0,270,67.0,7.1,4,6,8,5,1,8.9,1,0,0,0.0,-0.16,0.24,2.33,-0.56,35.0,-0.22,-0.62,Declining,Declining,Improving,0.635,64,HIGH,Leave gap | Deployment hardship | Mood decline,48 | 12 | 3,Increasing | High | Declining,Consider leave/recovery review | Review deployment welfare support | Prioritize welfare officer follow-up,Prolonged gap since last leave taken | High deployment hardship score | Person actively requested help,synthetic-model-v1,2026-03-06 05:00:00,0
P0040,2026-01-01,40,9,UNIT-12,Senior Officer,70,9.6,0.5,Day,0,5,0,1,2,Casual,1,7,Not Deployed,0,0,0,30,14.3,7.3,7,7,5,4,0,9.6,0,2,1,1.0,0.0,0.0,0.0,0.0,0.0,0.0,0.0,Stable,Stable,Stable,0.624,62,HIGH,Average duty hours | Role difficulty,47 | 16,Increasing | High,Workload review,Duty hours elevated relative to personal baseline,synthetic-model-v1,2026-01-02 04:00:00,1
P0040,2026-01-08,40,9,UNIT-12,Senior Officer,70,8.2,0.0,Day,0,5,0,0,0,None,0,14,Not Deployed,0,0,0,37,11.3,6.8,7,7,5,3,0,8.9,0,2,1,0.5,-1.4,-0.5,0.0,0.0,7.0,0.0,-1.9,Improving,Stable,Declining,0.601,60,HIGH,Sleep decline | Role difficulty,40 | 20,Declining | High,Wellness check-in focused on sleep and recovery,Sleep duration/quality declining from baseline,synthetic-model-v1,2026-01-09 01:00:00,1
P0040,2026-01-15,40,9,UNIT-12,Senior Officer,70,9.8,0.0,Rotating,0,4,0,0,0,None,0,21,Not Deployed,0,0,0,44,12.1,6.3,6,6,6,5,0,9.2,0,2,1,0.33,0.9,-0.75,1.0,-1.0,10.5,0.0,0.65,Declining,Declining,Declining,0.376,38,MODERATE,Average duty hours | Sleep decline | Mood decline | Role difficulty,16 | 10 | 8 | 3,Increasing | Declining | Declining | High,Workload review | Wellness check-in focused on sleep and recovery,Duty hours elevated relative to personal baseline | Sleep duration/quality declining from baseline,synthetic-model-v1,2026-01-16 01:00:00,0
P0040,2026-01-22,40,9,UNIT-12,Senior Officer,70,8.0,0.2,Rotating,0,4,0,0,0,None,0,28,Not Deployed,0,0,0,51,9.8,6.0,5,6,6,4,0,8.9,0,2,1,0.25,-1.2,-0.8,0.67,-0.67,14.0,0.0,-1.17,Declining,Declining,Declining,0.522,52,MODERATE,Sleep decline | Mood decline | Leave gap | Role difficulty,26 | 11 | 8 | 6,Declining | Declining | Increasing | High,Wellness check-in focused on sleep and recovery,Sleep duration/quality declining from baseline,synthetic-model-v1,2026-01-23 01:00:00,0
P0040,2026-01-29,40,9,UNIT-12,Senior Officer,70,10.0,0.0,Day,0,3,0,0,0,None,0,35,Not Deployed,0,0,0,58,7.7,6.4,7,7,6,4,0,9.0,0,0,0,0.0,1.1,-0.2,0.5,0.5,17.5,0.0,0.93,Improving,Stable,Stable,0.584,58,HIGH,Average duty hours | Leave gap | Sleep decline | Role difficulty,31 | 16 | 7 | 5,Increasing | Increasing | Declining | High,Workload review,Duty hours elevated relative to personal baseline,synthetic-model-v1,2026-01-30 04:00:00,0
P0040,2026-02-05,40,9,UNIT-12,Senior Officer,70,9.5,0.5,Day,0,4,0,1,2,Medical,1,7,Not Deployed,0,0,0,65,4.6,7.1,7,5,6,3,0,9.32,0,2,1,0.25,0.38,0.54,0.4,-1.6,-14.0,0.0,0.74,Improving,Stable,Improving,0.505,50,MODERATE,Mood decline | Average duty hours | Role difficulty,25 | 20 | 6,Declining | Increasing | High,Routine monitoring,No significant risk indicators detected this period,synthetic-model-v1,2026-02-06 04:00:00,1
P0040,2026-02-12,40,9,UNIT-12,Senior Officer,70,9.8,0.6,Day,0,3,0,1,4,Earned,1,7,Not Deployed,0,0,0,72,3.8,6.5,7,6,6,4,0,9.32,0,6,2,0.5,0.62,-0.15,0.33,-0.33,-11.67,0.0,1.02,Declining,Stable,Stable,0.63,63,HIGH,Average duty hours | Rising leave requests | Role difficulty | Mood decline,30 | 21 | 6 | 6,Increasing | Increasing | High | Declining,Workload review,Duty hours elevated relative to personal baseline,synthetic-model-v1,2026-02-13 04:00:00,0
P0040,2026-02-19,40,9,UNIT-12,Senior Officer,70,10.8,0.8,Day,0,3,0,0,0,None,0,14,Not Deployed,0,0,0,79,8.0,6.6,6,4,6,4,0,10.02,0,6,2,0.5,1.53,-0.03,0.29,-2.29,-3.0,0.0,2.07,Declining,Stable,Declining,0.635,64,HIGH,Average duty hours | Mood decline | Rising leave requests | Role difficulty,30 | 20 | 11 | 3,Increasing | Declining | Increasing | High,Workload review,Duty hours elevated relative to personal baseline,synthetic-model-v1,2026-02-20 01:00:00,0
P0040,2026-02-26,40,9,UNIT-12,Senior Officer,70,9.8,0.9,Day,0,2,0,0,0,None,0,21,Not Deployed,0,0,0,86,10.7,7.3,7,7,5,3,0,9.98,0,6,2,0.5,0.34,0.67,-0.75,1.0,4.38,0.0,0.91,Improving,Improving,Improving,0.459,46,MODERATE,Average duty hours | Role difficulty,37 | 9,Increasing | High,Workload review,Duty hours elevated relative to personal baseline,synthetic-model-v1,2026-02-27 02:00:00,1
P0040,2026-03-05,40,9,UNIT-12,Senior Officer,70,10.4,1.6,Day,0,3,0,0,0,None,0,28,Not Deployed,0,0,0,93,13.5,6.4,7,6,5,4,0,10.2,0,4,1,0.25,0.9,-0.3,-0.67,-0.11,10.89,0.0,2.11,Improving,Improving,Stable,0.676,68,HIGH,Average duty hours | Sleep decline | Leave gap | Role difficulty,44 | 9 | 9 | 6,Increasing | Declining | Increasing | High,Workload review,Duty hours elevated relative to personal baseline,synthetic-model-v1,2026-03-06 02:00:00,0
P0041,2026-01-01,28,6,UNIT-12,Senior Officer,70,8.5,1.5,Day,0,4,0,1,5,Earned,1,7,Not Deployed,0,0,0,274,13.6,8.3,7,6,6,5,0,8.5,0,5,1,1.0,0.0,0.0,0.0,0.0,0.0,0.0,0.0,Stable,Stable,Stable,0.596,60,HIGH,Role difficulty,60,High,Routine monitoring,No significant risk indicators detected this period,synthetic-model-v1,2026-01-02 04:00:00,1
P0041,2026-01-08,28,6,UNIT-12,Senior Officer,70,8.6,0.0,Day,0,3,0,0,0,None,0,14,Not Deployed,0,0,0,281,9.8,7.5,7,6,7,5,0,8.55,0,5,1,0.5,0.1,-0.8,1.0,0.0,7.0,0.0,-1.4,Stable,Declining,Declining,0.538,54,MODERATE,Sleep decline | Role difficulty | Average duty hours,37 | 12 | 5,Declining | High | Increasing,Wellness check-in focused on sleep and recovery,Sleep duration/quality declining from baseline,synthetic-model-v1,2026-01-09 01:00:00,0
P0041,2026-01-15,28,6,UNIT-12,Senior Officer,70,9.7,0.7,Day,0,4,0,0,0,None,0,21,Not Deployed,0,0,0,288,11.0,7.2,6,5,7,4,0,8.93,0,5,1,0.33,1.15,-0.7,0.5,-1.0,10.5,0.0,1.1,Declining,Declining,Declining,0.521,52,MODERATE,Average duty hours | Sleep decline | Mood decline | Role difficulty,24 | 12 | 12 | 4,Increasing | Declining | Declining | High,Workload review | Wellness check-in focused on sleep and recovery,Duty hours elevated relative to personal baseline | Sleep duration/quality declining from baseline,synthetic-model-v1,2026-01-16 05:00:00,0
P0041,2026-01-22,28,6,UNIT-12,Senior Officer,70,8.5,0.7,Day,0,5,0,0,0,None,0,28,Not Deployed,0,0,0,295,12.1,8.1,6,6,7,5,1,8.82,0,5,1,0.25,-0.43,0.43,0.33,0.33,14.0,0.0,-0.47,Declining,Stable,Improving,0.675,68,HIGH,Leave gap | Role difficulty,39 | 29,Increasing | High,Prioritize welfare officer follow-up,Person actively requested help,synthetic-model-v1,2026-01-23 01:00:00,1
P0041,2026-01-29,28,6,UNIT-12,Senior Officer,70,8.2,0.0,Day,0,5,0,0,0,None,0,35,Not Deployed,0,0,0,302,7.7,7.4,6,5,7,4,0,8.75,0,0,0,0.0,-0.62,-0.38,0.25,-0.75,17.5,0.0,-1.35,Stable,Stable,Stable,0.466,47,MODERATE,Leave gap | Mood decline | Sleep decline | Role difficulty,20 | 12 | 9 | 6,Increasing | Declining | Declining | High,Wellness check-in focused on sleep and recovery,Sleep duration/quality declining from baseline,synthetic-model-v1,2026-01-30 03:00:00,0
P0041,2026-02-05,28,6,UNIT-12,Senior Officer,70,9.3,0.8,Day,0,6,0,0,0,None,0,42,Not Deployed,0,0,0,309,8.5,7.1,7,6,7,4,0,8.93,0,0,0,0.0,0.6,-0.6,0.2,0.4,21.0,0.0,0.82,Improving,Stable,Declining,0.53,53,MODERATE,Leave gap | Average duty hours | Sleep decline | Role difficulty,24 | 14 | 10 | 4,Increasing | Increasing | Declining | High,Consider leave/recovery review | Wellness check-in focused on sleep and recovery,Prolonged gap since last leave taken | Sleep duration/quality declining from baseline,synthetic-model-v1,2026-02-06 05:00:00,1
P0041,2026-02-12,28,6,UNIT-12,Senior Officer,70,9.6,1.7,Day,0,6,0,0,0,None,0,49,Not Deployed,0,0,0,316,12.7,7.4,6,5,7,4,0,8.9,0,0,0,0.0,0.8,-0.2,0.17,-0.67,24.5,0.0,1.88,Stable,Stable,Stable,0.552,55,HIGH,Leave gap | Average duty hours | Mood decline | Role difficulty,29 | 16 | 6 | 4,Increasing | Increasing | Declining | High,Workload review | Consider leave/recovery review,Duty hours elevated relative to personal baseline | Prolonged gap since last leave taken,synthetic-model-v1,2026-02-13 01:00:00,1
P0041,2026-02-19,28,6,UNIT-12,Senior Officer,70,7.7,0.1,Day,0,6,0,0,0,None,0,56,Not Deployed,0,0,0,323,8.4,7.8,5,5,8,5,0,8.7,0,0,0,0.0,-1.21,0.23,1.14,-0.57,28.0,0.0,-1.89,Declining,Declining,Improving,0.64,64,HIGH,Leave gap | Mood decline | Role difficulty,51 | 8 | 5,Increasing | Declining | High,Consider leave/recovery review,Prolonged gap since last leave taken,synthetic-model-v1,2026-02-20 04:00:00,0
P0041,2026-02-26,28,6,UNIT-12,Senior Officer,70,7.5,1.0,Night,1,5,2,0,0,None,0,63,Not Deployed,0,0,0,330,6.6,7.4,6,7,6,4,0,8.52,1,0,0,0.0,-1.26,-0.2,-1.0,1.5,31.5,1.0,-0.95,Improving,Improving,Stable,0.513,51,MODERATE,Leave gap | Role difficulty,48 | 4,Increasing | High,Consider leave/recovery review,Prolonged gap since last leave taken,synthetic-model-v1,2026-02-27 03:00:00,1
P0041,2026-03-05,28,6,UNIT-12,Senior Officer,70,8.3,0.9,Night,1,4,3,0,0,None,0,70,Not Deployed,0,0,0,337,7.8,7.3,6,6,7,6,0,8.28,2,0,0,0.0,-0.32,-0.28,0.11,0.33,35.0,0.89,-0.14,Improving,Improving,Declining,0.512,51,MODERATE,Leave gap | Night-duty frequency | Fatigue level | Sleep decline | Role difficulty,36 | 5 | 5 | 3 | 2,Increasing | Increasing | Increasing | Declining | High,Consider leave/recovery review,Prolonged gap since last leave taken,synthetic-model-v1,2026-03-06 05:00:00,1
P0042,2026-01-01,22,1,UNIT-12,Junior Officer,40,8.7,0.3,Day,0,3,0,1,1,Earned,1,7,Not Deployed,0,0,0,303,18.2,7.1,7,6,6,3,0,8.7,0,1,1,1.0,0.0,0.0,0.0,0.0,0.0,0.0,0.0,Stable,Stable,Stable,0.556,56,HIGH,Average duty hours,56,Increasing,Routine monitoring,No significant risk indicators detected this period,synthetic-model-v1,2026-01-02 03:00:00,0
P0042,2026-01-08,22,1,UNIT-12,Junior Officer,40,8.1,0.6,Day,0,2,0,0,0,None,0,14,Not Deployed,0,0,0,310,17.7,7.5,6,7,6,3,0,8.4,0,1,1,0.5,-0.6,0.4,0.0,1.0,7.0,0.0,-0.3,Stable,Stable,Improving,0.419,42,MODERATE,Overall workload,42,Stable,Routine monitoring,No significant risk indicators detected this period,synthetic-model-v1,2026-01-09 05:00:00,1
P0042,2026-01-15,22,1,UNIT-12,Junior Officer,40,7.9,0.0,Day,0,2,0,0,0,None,0,21,Not Deployed,0,0,0,317,13.2,6.9,6,6,6,4,0,8.23,0,1,1,0.33,-0.5,-0.4,0.0,-0.5,10.5,0.0,-0.95,Declining,Stable,Stable,0.656,66,HIGH,Sleep decline | Mood decline,36 | 30,Declining | Declining,Wellness check-in focused on sleep and recovery,Sleep duration/quality declining from baseline,synthetic-model-v1,2026-01-16 03:00:00,1
P0042,2026-01-22,22,1,UNIT-12,Junior Officer,40,8.7,0.0,Day,0,1,0,0,0,None,0,28,Not Deployed,0,0,0,324,12.0,7.1,8,6,6,4,0,8.35,0,1,1,0.25,0.47,-0.07,0.0,-0.33,14.0,0.0,0.17,Stable,Stable,Declining,0.514,51,MODERATE,Average duty hours | Leave gap | Mood decline,21 | 19 | 12,Increasing | Increasing | Declining,Routine monitoring,No significant risk indicators detected this period,synthetic-model-v1,2026-01-23 01:00:00,1
P0042,2026-01-29,22,1,UNIT-12,Junior Officer,40,7.1,0.5,Day,0,1,0,0,0,None,0,35,Not Deployed,0,0,0,331,11.9,6.9,5,5,7,5,0,7.95,0,0,0,0.0,-1.25,-0.25,1.0,-1.25,17.5,0.0,-0.97,Declining,Declining,Stable,0.652,65,HIGH,Leave gap | Mood decline | Sleep decline,27 | 27 | 11,Increasing | Declining | Declining,Routine monitoring,No significant risk indicators detected this period,synthetic-model-v1,2026-01-30 04:00:00,1
P0042,2026-02-05,22,1,UNIT-12,Junior Officer,40,8.4,0.0,Day,0,1,0,0,0,None,0,42,Not Deployed,0,0,0,338,11.9,7.2,7,7,6,4,0,8.02,0,0,0,0.0,0.3,0.1,-0.2,1.0,21.0,0.0,0.02,Stable,Stable,Stable,0.551,55,HIGH,Leave gap | Average duty hours,50 | 5,Increasing | Increasing,Consider leave/recovery review,Prolonged gap since last leave taken,synthetic-model-v1,2026-02-06 05:00:00,1
P0042,2026-02-12,22,1,UNIT-12,Junior Officer,40,8.1,0.9,Day,0,2,0,0,0,None,0,49,Not Deployed,0,0,0,345,8.5,6.9,5,5,8,5,1,8.07,0,0,0,0.0,-0.05,-0.22,1.83,-1.17,24.5,0.0,0.62,Stable,Declining,Stable,0.719,72,HIGH,Leave gap | Mood decline | Sleep decline,46 | 18 | 8,Increasing | Declining | Declining,Consider leave/recovery review | Prioritize welfare officer follow-up,Prolonged gap since last leave taken | Person actively requested help,synthetic-model-v1,2026-02-13 03:00:00,0
P0042,2026-02-19,22,1,UNIT-12,Junior Officer,40,8.6,0.1,Day,0,3,0,0,0,None,0,56,Not Deployed,0,0,0,352,9.4,7.4,6,7,6,3,0,8.05,0,0,0,0.0,0.46,0.31,-0.43,1.0,28.0,0.0,0.23,Stable,Stable,Stable,0.54,54,MODERATE,Leave gap | Average duty hours,48 | 6,Increasing | Increasing,Consider leave/recovery review,Prolonged gap since last leave taken,synthetic-model-v1,2026-02-20 05:00:00,1
P0042,2026-02-26,22,1,UNIT-12,Junior Officer,40,8.8,0.4,Day,0,3,0,1,1,Other,1,7,Not Deployed,0,0,0,359,8.3,7.6,5,5,7,5,0,8.48,0,1,1,0.25,0.6,0.47,0.62,-1.12,-24.5,0.0,0.7,Stable,Improving,Improving,0.565,56,HIGH,Mood decline | Average duty hours,34 | 23,Declining | Increasing,Routine monitoring,No significant risk indicators detected this period,synthetic-model-v1,2026-02-27 05:00:00,0
P0042,2026-03-05,22,1,UNIT-12,Junior Officer,40,9.0,0.6,Day,0,3,0,0,0,None,0,14,Not Deployed,0,0,0,366,5.0,7.3,6,5,7,5,0,8.62,0,1,1,0.25,0.73,0.12,0.56,-1.0,-14.78,0.0,1.02,Declining,Declining,Stable,0.637,64,HIGH,Average duty hours | Mood decline,33 | 31,Increasing | Declining,Routine monitoring,No significant risk indicators detected this period,synthetic-model-v1,2026-03-06 04:00:00,0
P0043,2026-01-01,22,1,UNIT-05,Command Officer,85,8.1,0.0,Night,1,7,1,0,0,None,0,29,Not Deployed,0,0,0,382,19.7,6.5,7,7,5,3,0,8.1,1,0,0,0.0,0.0,0.0,0.0,0.0,0.0,0.0,0.0,Stable,Stable,Stable,0.656,66,HIGH,Role difficulty | Leave gap,43 | 23,High | Increasing,Routine monitoring,No significant risk indicators detected this period,synthetic-model-v1,2026-01-02 04:00:00,1
P0043,2026-01-08,22,1,UNIT-05,Command Officer,85,7.2,0.1,Night,1,7,3,0,0,None,0,36,Not Deployed,0,0,0,389,18.1,6.5,6,6,5,3,0,7.65,2,0,0,0.0,-0.9,0.0,0.0,-1.0,7.0,0.0,-0.8,Declining,Stable,Stable,0.426,43,MODERATE,Leave gap | Mood decline | Role difficulty | Night-duty frequency,14 | 10 | 10 | 8,Increasing | Declining | High | Increasing,Consider leave/recovery review,Prolonged gap since last leave taken,synthetic-model-v1,2026-01-09 03:00:00,1
P0043,2026-01-15,22,1,UNIT-05,Command Officer,85,7.6,0.7,Night,1,7,5,0,0,None,0,43,Not Deployed,0,0,0,396,12.7,5.8,7,7,5,4,0,7.63,3,0,0,0.0,-0.05,-0.7,0.0,0.5,10.5,0.0,0.6,Declining,Stable,Declining,0.581,58,HIGH,Leave gap | Sleep decline | Night-duty frequency | Role difficulty,21 | 15 | 14 | 9,Increasing | Declining | Increasing | High,Review night-duty schedule | Consider leave/recovery review | Wellness check-in focused on sleep and recovery,Frequent night shifts in the past 30 days | Prolonged gap since last leave taken | Sleep duration/quality declining from baseline,synthetic-model-v1,2026-01-16 05:00:00,0
P0043,2026-01-22,22,1,UNIT-05,Command Officer,85,8.6,0.4,Night,1,8,7,0,0,None,0,50,Not Deployed,0,0,0,403,10.5,5.5,5,7,5,4,0,7.88,4,0,0,0.0,0.97,-0.77,0.0,0.33,14.0,0.0,1.1,Declining,Stable,Declining,0.561,56,HIGH,Leave gap | Night-duty frequency | Sleep decline | Consecutive work days | Role difficulty,19 | 14 | 12 | 6 | 6,Increasing | Increasing | Declining | Increasing | High,Review night-duty schedule | Consider leave/recovery review | Wellness check-in focused on sleep and recovery,Frequent night shifts in the past 30 days | Prolonged gap since last leave taken | Sleep duration/quality declining from baseline,synthetic-model-v1,2026-01-23 02:00:00,0
P0043,2026-01-29,22,1,UNIT-05,Command Officer,85,7.6,0.0,Night,1,9,8,0,0,None,0,57,Not Deployed,0,0,0,410,10.2,6.3,7,6,6,4,0,7.75,4,0,0,0.0,-0.28,0.22,1.0,-0.75,17.5,0.0,-0.57,Declining,Declining,Improving,0.604,60,HIGH,Leave gap | Night-duty frequency | Consecutive work days | Role difficulty | Mood decline,26 | 14 | 10 | 6 | 5,Increasing | Increasing | Increasing | High | Declining,Review night-duty schedule | Consider leave/recovery review,Frequent night shifts in the past 30 days | Prolonged gap since last leave taken,synthetic-model-v1,2026-01-30 03:00:00,0
P0043,2026-02-05,22,1,UNIT-05,Command Officer,85,6.6,0.6,Night,1,9,9,0,0,None,0,64,Not Deployed,0,0,0,417,12.3,5.9,6,7,5,4,0,7.6,4,0,0,0.0,-1.22,-0.22,-0.2,0.4,21.0,0.0,-0.86,Improving,Stable,Improving,0.546,55,HIGH,Leave gap | Night-duty frequency | Consecutive work days | Role difficulty | Sleep decline,26 | 12 | 8 | 5 | 4,Increasing | Increasing | Increasing | High | Declining,Review night-duty schedule | Consider leave/recovery review | Wellness check-in focused on sleep and recovery,Frequent night shifts in the past 30 days | Prolonged gap since last leave taken | Sleep duration/quality declining from baseline,synthetic-model-v1,2026-02-06 01:00:00,1
P0043,2026-02-12,22,1,UNIT-05,Command Officer,85,7.1,0.1,Night,1,9,10,0,0,None,0,71,Not Deployed,0,0,0,424,12.1,6.8,7,6,5,4,0,7.48,4,0,0,0.0,-0.52,0.72,-0.17,-0.67,24.5,0.0,-0.72,Stable,Improving,Improving,0.361,36,MODERATE,Leave gap | Night-duty frequency | Consecutive work days | Role difficulty | Mood decline,19 | 7 | 5 | 3 | 2,Increasing | Increasing | Increasing | High | Declining,Review night-duty schedule | Consider leave/recovery review,Frequent night shifts in the past 30 days | Prolonged gap since last leave taken,synthetic-model-v1,2026-02-13 01:00:00,1
P0043,2026-02-19,22,1,UNIT-05,Command Officer,85,8.3,0.7,Night,1,8,2,0,0,None,0,78,Not Deployed,0,0,0,431,14.7,6.0,6,5,7,5,0,7.4,4,0,0,0.0,0.76,-0.19,1.86,-1.57,28.0,0.0,1.19,Declining,Declining,Stable,0.653,65,HIGH,Leave gap | Night-duty frequency | Mood decline | Consecutive work days | Role difficulty,35 | 12 | 8 | 5 | 5,Increasing | Increasing | Declining | Increasing | High,Review night-duty schedule | Consider leave/recovery review,Frequent night shifts in the past 30 days | Prolonged gap since last leave taken,synthetic-model-v1,2026-02-20 03:00:00,0
P0043,2026-02-26,22,1,UNIT-05,Command Officer,85,9.1,0.6,Night,1,9,4,0,0,None,0,85,Not Deployed,0,0,0,438,12.6,6.0,6,5,7,4,0,7.78,4,0,0,0.0,1.46,-0.16,1.62,-1.38,31.5,0.0,1.74,Declining,Declining,Declining,0.74,74,HIGH,Leave gap | Night-duty frequency | Average duty hours | Consecutive work days | Mood decline,39 | 12 | 9 | 8 | 7,Increasing | Increasing | Increasing | Increasing | Declining,Workload review | Review night-duty schedule | Consider leave/recovery review,Duty hours elevated relative to personal baseline | Frequent night shifts in the past 30 days | Prolonged gap since last leave taken,synthetic-model-v1,2026-02-27 04:00:00,0
P0043,2026-03-05,22,1,UNIT-05,Command Officer,85,8.5,0.0,Day,0,8,0,1,3,Earned,1,7,Not Deployed,0,0,0,445,17.3,6.1,7,5,7,5,0,8.25,3,3,1,0.25,0.7,-0.04,1.44,-1.22,-50.0,-1.0,0.34,Improving,Stable,Stable,0.529,53,MODERATE,Night-duty frequency | Mood decline | Consecutive work days | Role difficulty | Average duty hours,15 | 12 | 10 | 10 | 5,Increasing | Declining | Increasing | High | Increasing,Review night-duty schedule,Frequent night shifts in the past 30 days,synthetic-model-v1,2026-03-06 01:00:00,0
P0044,2026-01-01,31,3,UNIT-02,Command Officer,85,9.8,0.5,Day,0,6,0,0,0,None,0,27,Not Deployed,0,0,0,172,8.5,6.5,8,5,6,4,0,9.8,0,0,0,0.0,0.0,0.0,0.0,0.0,0.0,0.0,0.0,Stable,Stable,Stable,0.573,57,HIGH,Average duty hours | Role difficulty | Leave gap,27 | 20 | 10,Increasing | High | Increasing,Workload review,Duty hours elevated relative to personal baseline,synthetic-model-v1,2026-01-02 01:00:00,1
P0044,2026-01-08,31,3,UNIT-02,Command Officer,85,9.8,0.0,Day,0,6,0,0,0,None,0,34,Not Deployed,0,0,0,179,10.7,6.1,6,5,6,4,0,9.8,0,0,0,0.0,0.0,-0.4,0.0,0.0,7.0,0.0,-0.5,Declining,Stable,Declining,0.526,53,MODERATE,Average duty hours | Leave gap | Role difficulty | Sleep decline,16 | 14 | 12 | 11,Increasing | Increasing | High | Declining,Workload review | Wellness check-in focused on sleep and recovery,Duty hours elevated relative to personal baseline | Sleep duration/quality declining from baseline,synthetic-model-v1,2026-01-09 01:00:00,1
P0044,2026-01-15,31,3,UNIT-02,Command Officer,85,9.2,1.9,Day,0,5,0,0,0,None,0,41,Not Deployed,0,0,0,186,9.2,6.4,7,7,6,5,0,9.6,0,0,0,0.0,-0.6,0.1,0.0,2.0,10.5,0.0,1.05,Stable,Stable,Stable,0.516,52,MODERATE,Leave gap | Role difficulty | Average duty hours | Sleep decline,25 | 12 | 9 | 6,Increasing | High | Increasing | Declining,Consider leave/recovery review,Prolonged gap since last leave taken,synthetic-model-v1,2026-01-16 03:00:00,1
P0044,2026-01-22,31,3,UNIT-02,Command Officer,85,8.7,0.3,Rotating,0,4,0,0,0,None,0,48,Not Deployed,0,0,0,193,10.6,6.8,6,4,7,4,0,9.38,0,0,0,0.0,-0.9,0.47,1.0,-1.67,14.0,0.0,-1.4,Declining,Declining,Improving,0.629,63,HIGH,Leave gap | Mood decline | Role difficulty | Average duty hours,32 | 18 | 10 | 2,Increasing | Declining | High | Increasing,Consider leave/recovery review,Prolonged gap since last leave taken,synthetic-model-v1,2026-01-23 02:00:00,1
P0044,2026-01-29,31,3,UNIT-02,Command Officer,85,9.9,1.8,Rotating,1,4,2,1,3,Earned,1,7,Not Deployed,0,0,0,200,6.4,6.9,5,4,8,6,1,9.4,1,3,1,0.25,0.53,0.45,1.75,-1.25,-30.5,1.0,1.65,Declining,Declining,Improving,0.697,70,HIGH,Average duty hours | Mood decline | Role difficulty | Fatigue level,26 | 18 | 14 | 11,Increasing | Declining | High | Increasing,Workload review | Prioritize welfare officer follow-up,Duty hours elevated relative to personal baseline | Person actively requested help,synthetic-model-v1,2026-01-30 01:00:00,1
P0044,2026-02-05,31,3,UNIT-02,Command Officer,85,10.5,2.8,Rotating,0,5,1,0,0,None,0,14,Not Deployed,0,0,0,207,9.4,6.2,5,6,8,6,0,9.57,1,3,1,0.25,1.02,-0.34,1.4,1.0,-17.4,-0.2,2.92,Declining,Declining,Declining,0.677,68,HIGH,Average duty hours | Role difficulty | Fatigue level | Sleep decline,36 | 12 | 10 | 10,Increasing | High | Increasing | Declining,Workload review | Wellness check-in focused on sleep and recovery,Duty hours elevated relative to personal baseline | Sleep duration/quality declining from baseline,synthetic-model-v1,2026-02-06 04:00:00,1
P0044,2026-02-12,31,3,UNIT-02,Command Officer,85,12.5,3.5,Rotating,0,5,0,0,0,None,0,21,Not Deployed,0,0,0,214,8.7,6.9,8,5,8,5,0,10.4,1,3,1,0.25,2.85,0.42,1.17,-0.17,-7.5,-0.17,5.13,Improving,Stable,Stable,0.73,73,HIGH,Average duty hours | Role difficulty,63 | 10,Increasing | High,Workload review,Duty hours elevated relative to personal baseline,synthetic-model-v1,2026-02-13 03:00:00,1
P0044,2026-02-19,31,3,UNIT-02,Command Officer,85,13.3,3.0,Rotating,1,5,1,1,2,Earned,1,7,Not Deployed,0,0,0,221,8.5,5.1,4,4,9,7,1,11.55,2,5,2,0.5,3.24,-1.44,2.0,-1.14,-20.43,0.86,4.7,Declining,Declining,Declining,0.791,79,HIGH,Average duty hours | Sleep decline | Fatigue level | Rising leave requests | Mood decline,40 | 18 | 8 | 7 | 6,Increasing | Declining | Increasing | Increasing | Declining,Workload review | Wellness check-in focused on sleep and recovery | Prioritize welfare officer follow-up,Duty hours elevated relative to personal baseline | Sleep duration/quality declining from baseline | Person actively requested help,synthetic-model-v1,2026-02-20 01:00:00,0
P0044,2026-02-26,31,3,UNIT-02,Command Officer,85,10.1,1.5,Rotating,0,4,0,0,0,None,0,14,Not Deployed,0,0,0,228,7.9,7.1,4,6,8,6,0,11.6,1,2,1,0.25,-0.36,0.74,0.75,1.0,-10.88,-0.25,-0.59,Declining,Stable,Stable,0.469,47,MODERATE,Average duty hours | Role difficulty | Fatigue level,23 | 13 | 11,Increasing | High | Increasing,Workload review,Duty hours elevated relative to personal baseline,synthetic-model-v1,2026-02-27 04:00:00,1
P0044,2026-03-05,31,3,UNIT-02,Command Officer,85,10.0,1.7,Rotating,1,4,2,0,0,None,0,21,Not Deployed,0,0,0,235,7.9,6.8,5,5,9,6,0,11.48,2,2,1,0.25,-0.42,0.36,1.67,-0.11,-2.67,0.78,-0.42,Improving,Stable,Improving,0.612,61,HIGH,Average duty hours | Role difficulty | Night-duty frequency | Fatigue level,23 | 15 | 12 | 12,Increasing | High | Increasing | Increasing,Workload review,Duty hours elevated relative to personal baseline,synthetic-model-v1,2026-03-06 05:00:00,1
P0045,2026-01-01,34,8,UNIT-02,Junior Officer,40,7.6,0.0,Night,1,6,2,0,0,None,0,24,Not Deployed,0,0,0,366,7.2,6.7,8,7,4,3,0,7.6,1,0,0,0.0,0.0,0.0,0.0,0.0,0.0,0.0,0.0,Stable,Stable,Stable,0.243,24,LOW,Overall workload,24,Stable,Routine monitoring,No significant risk indicators detected this period,synthetic-model-v1,2026-01-02 03:00:00,0
P0045,2026-01-08,34,8,UNIT-02,Junior Officer,40,7.3,0.0,Night,1,5,3,0,0,None,0,31,Not Deployed,0,0,0,373,11.7,7.2,7,7,4,3,0,7.45,2,0,0,0.0,-0.3,0.5,0.0,0.0,7.0,0.0,-0.3,Declining,Stable,Improving,0.438,44,MODERATE,Night-duty frequency | Leave gap,22 | 22,Increasing | Increasing,Routine monitoring,No significant risk indicators detected this period,synthetic-model-v1,2026-01-09 05:00:00,1
P0045,2026-01-15,34,8,UNIT-02,Junior Officer,40,7.3,0.0,Day,0,4,0,0,0,None,0,38,Not Deployed,0,0,0,380,16.2,7.4,8,7,5,3,0,7.4,2,0,0,0.0,-0.15,0.45,1.0,0.0,10.5,-1.0,-0.15,Stable,Declining,Improving,0.506,51,MODERATE,Leave gap | Night-duty frequency,35 | 16,Increasing | Increasing,Consider leave/recovery review,Prolonged gap since last leave taken,synthetic-model-v1,2026-01-16 03:00:00,0
P0045,2026-01-22,34,8,UNIT-02,Junior Officer,40,7.7,0.0,Day,0,4,0,0,0,None,0,45,Deployed,7,1,0,387,45.6,7.0,6,7,5,3,0,7.48,2,0,0,0.0,0.3,-0.1,0.67,0.0,14.0,-0.67,0.3,Declining,Declining,Stable,0.556,56,HIGH,Leave gap | Recent deployment | Deployment hardship | Night-duty frequency | Average duty hours,23 | 14 | 9 | 7 | 2,Increasing | Increasing | High | Increasing | Increasing,Consider leave/recovery review,Prolonged gap since last leave taken,synthetic-model-v1,2026-01-23 01:00:00,1
P0045,2026-01-29,34,8,UNIT-02,Junior Officer,40,7.9,0.6,Rotating,0,4,0,0,0,None,0,52,Deployed,14,0,0,394,58.7,7.9,8,7,5,4,0,7.55,1,0,0,0.0,0.43,0.83,0.5,0.0,17.5,-0.5,1.03,Declining,Stable,Improving,0.563,56,HIGH,Leave gap | Deployment hardship | Average duty hours,35 | 18 | 3,Increasing | High | Increasing,Consider leave/recovery review | Review deployment welfare support,Prolonged gap since last leave taken | High deployment hardship score,synthetic-model-v1,2026-01-30 01:00:00,1
P0045,2026-02-05,34,8,UNIT-02,Junior Officer,40,7.0,0.1,Rotating,0,5,0,0,0,None,0,59,Deployed,21,0,0,401,57.8,6.6,6,6,6,5,0,7.48,0,0,0,0.0,-0.56,-0.64,1.4,-1.0,21.0,-0.4,-0.58,Declining,Declining,Declining,0.671,67,HIGH,Leave gap | Deployment hardship | Mood decline | Sleep decline,36 | 15 | 8 | 8,Increasing | High | Declining | Declining,Consider leave/recovery review | Wellness check-in focused on sleep and recovery | Review deployment welfare support,Prolonged gap since last leave taken | Sleep duration/quality declining from baseline | High deployment hardship score,synthetic-model-v1,2026-02-06 01:00:00,0
P0045,2026-02-12,34,8,UNIT-02,Junior Officer,40,6.7,1.0,Day,0,4,0,0,0,None,0,66,Deployed,28,0,0,408,60.0,6.8,7,6,6,3,0,7.32,0,0,0,0.0,-0.77,-0.33,1.17,-0.83,24.5,-0.33,0.12,Declining,Declining,Declining,0.41,41,MODERATE,Leave gap | Deployment hardship | Mood decline | Sleep decline,25 | 9 | 4 | 2,Increasing | High | Declining | Declining,Consider leave/recovery review | Wellness check-in focused on sleep and recovery | Review deployment welfare support,Prolonged gap since last leave taken | Sleep duration/quality declining from baseline | High deployment hardship score,synthetic-model-v1,2026-02-13 02:00:00,0
P0045,2026-02-19,34,8,UNIT-02,Junior Officer,40,6.1,0.1,Day,0,5,0,1,7,Casual,1,7,Deployed,35,0,0,415,63.5,6.7,6,7,6,4,0,6.93,0,7,1,0.25,-1.26,-0.39,1.0,0.29,-38.0,-0.29,-1.4,Improving,Stable,Stable,0.522,52,MODERATE,Deployment hardship | Sleep decline,41 | 11,High | Declining,Wellness check-in focused on sleep and recovery | Review deployment welfare support,Sleep duration/quality declining from baseline | High deployment hardship score,synthetic-model-v1,2026-02-20 02:00:00,0
P0045,2026-02-26,34,8,UNIT-02,Junior Officer,40,6.8,0.0,Day,0,5,0,0,0,None,0,14,Not Deployed,0,0,0,422,42.4,6.9,7,5,7,5,0,6.65,0,7,1,0.25,-0.4,-0.14,1.88,-1.75,-26.25,-0.25,-0.62,Declining,Declining,Stable,0.442,44,MODERATE,Mood decline | Deployment hardship,31 | 14,Declining | High,Routine monitoring,No significant risk indicators detected this period,synthetic-model-v1,2026-02-27 03:00:00,0
P0045,2026-03-05,34,8,UNIT-02,Junior Officer,40,5.6,0.6,Rotating,1,5,2,0,0,None,0,21,Not Deployed,0,0,0,429,28.1,6.2,7,6,6,4,0,6.3,1,7,1,0.25,-1.56,-0.82,0.67,-0.56,-16.33,0.78,-1.16,Stable,Stable,Declining,0.478,48,MODERATE,Sleep decline | Mood decline,35 | 13,Declining | Declining,Wellness check-in focused on sleep and recovery,Sleep duration/quality declining from baseline,synthetic-model-v1,2026-03-06 03:00:00,0
P0046,2026-01-01,30,5,UNIT-04,Junior Officer,40,13.1,1.6,Day,0,4,0,0,0,None,0,18,Not Deployed,0,0,0,208,9.6,7.5,7,8,4,2,0,13.1,0,0,0,0.0,0.0,0.0,0.0,0.0,0.0,0.0,0.0,Stable,Stable,Stable,0.493,49,MODERATE,Average duty hours,49,Increasing,Workload review,Duty hours elevated relative to personal baseline,synthetic-model-v1,2026-01-02 05:00:00,0
P0046,2026-01-08,30,5,UNIT-04,Junior Officer,40,13.2,1.9,Day,0,5,0,0,0,None,0,25,Not Deployed,0,0,0,215,15.8,6.9,7,6,4,3,0,13.15,0,0,0,0.0,0.1,-0.6,0.0,-2.0,7.0,0.0,0.4,Declining,Stable,Declining,0.495,50,MODERATE,Average duty hours | Mood decline | Sleep decline,31 | 13 | 6,Increasing | Declining | Declining,Workload review | Wellness check-in focused on sleep and recovery,Duty hours elevated relative to personal baseline | Sleep duration/quality declining from baseline,synthetic-model-v1,2026-01-09 01:00:00,0
P0046,2026-01-15,30,5,UNIT-04,Junior Officer,40,13.7,2.4,Day,0,4,0,0,0,None,0,32,Not Deployed,0,0,0,222,14.9,8.1,9,8,3,2,0,13.33,0,0,0,0.0,0.55,0.9,-1.0,1.0,10.5,0.0,1.2,Improving,Improving,Improving,0.397,40,MODERATE,Average duty hours | Leave gap,34 | 5,Increasing | Increasing,Workload review,Duty hours elevated relative to personal baseline,synthetic-model-v1,2026-01-16 05:00:00,1
P0046,2026-01-22,30,5,UNIT-04,Junior Officer,40,12.9,3.2,Day,0,5,0,0,0,None,0,39,Not Deployed,0,0,0,229,15.9,7.4,8,7,4,3,0,13.22,0,0,0,0.0,-0.43,-0.1,0.33,-0.33,14.0,0.0,0.8,Improving,Stable,Improving,0.383,38,MODERATE,Average duty hours | Leave gap | Mood decline,26 | 10 | 2,Increasing | Increasing | Declining,Workload review | Consider leave/recovery review,Duty hours elevated relative to personal baseline | Prolonged gap since last leave taken,synthetic-model-v1,2026-01-23 02:00:00,1
P0046,2026-01-29,30,5,UNIT-04,Junior Officer,40,13.1,4.3,Day,0,5,0,0,0,None,0,46,Not Deployed,0,0,0,236,13.2,7.9,7,8,5,3,0,13.22,0,0,0,0.0,-0.12,0.43,1.25,0.75,17.5,0.0,1.9,Declining,Declining,Stable,0.352,35,MODERATE,Average duty hours | Leave gap,22 | 13,Increasing | Increasing,Workload review | Consider leave/recovery review,Duty hours elevated relative to personal baseline | Prolonged gap since last leave taken,synthetic-model-v1,2026-01-30 05:00:00,1
P0046,2026-02-05,30,5,UNIT-04,Junior Officer,40,12.8,3.3,Day,0,5,0,0,0,None,0,53,Not Deployed,0,0,0,243,12.2,7.8,7,7,5,3,0,13.12,0,0,0,0.0,-0.4,0.24,1.0,-0.4,21.0,0.0,0.22,Declining,Declining,Improving,0.459,46,MODERATE,Average duty hours | Leave gap | Mood decline,24 | 20 | 2,Increasing | Increasing | Declining,Workload review | Consider leave/recovery review,Duty hours elevated relative to personal baseline | Prolonged gap since last leave taken,synthetic-model-v1,2026-02-06 01:00:00,1
P0046,2026-02-12,30,5,UNIT-04,Junior Officer,40,13.6,2.7,Night,1,5,2,0,0,None,0,60,Not Deployed,0,0,0,250,12.4,7.4,7,7,5,4,0,13.1,1,0,0,0.0,0.47,-0.2,0.83,-0.33,24.5,1.0,0.38,Declining,Stable,Declining,0.59,59,HIGH,Average duty hours | Leave gap | Mood decline,32 | 25 | 2,Increasing | Increasing | Declining,Workload review | Consider leave/recovery review,Duty hours elevated relative to personal baseline | Prolonged gap since last leave taken,synthetic-model-v1,2026-02-13 01:00:00,1
P0046,2026-02-19,30,5,UNIT-04,Junior Officer,40,13.5,3.3,Night,1,5,3,0,0,None,0,67,Not Deployed,0,0,0,257,11.3,6.9,6,5,7,5,0,13.25,2,0,0,0.0,0.3,-0.67,2.71,-2.29,28.0,0.86,0.83,Declining,Declining,Declining,0.636,64,HIGH,Leave gap | Average duty hours | Mood decline | Sleep decline | Night-duty frequency,23 | 23 | 10 | 4 | 3,Increasing | Increasing | Declining | Declining | Increasing,Workload review | Consider leave/recovery review | Wellness check-in focused on sleep and recovery,Duty hours elevated relative to personal baseline | Prolonged gap since last leave taken | Sleep duration/quality declining from baseline,synthetic-model-v1,2026-02-20 01:00:00,0
P0046,2026-02-26,30,5,UNIT-04,Junior Officer,40,13.2,2.3,Night,1,4,4,0,0,None,0,74,Not Deployed,0,0,0,264,13.6,7.1,7,6,7,5,0,13.27,3,0,0,0.0,-0.04,-0.39,2.38,-1.0,31.5,0.75,-0.57,Declining,Declining,Declining,0.478,48,MODERATE,Leave gap | Average duty hours | Night-duty frequency | Mood decline | Sleep decline,21 | 16 | 5 | 3 | 2,Increasing | Increasing | Increasing | Declining | Declining,Workload review | Review night-duty schedule | Consider leave/recovery review | Wellness check-in focused on sleep and recovery,Duty hours elevated relative to personal baseline | Frequent night shifts in the past 30 days | Prolonged gap since last leave taken | Sleep duration/quality declining from baseline,synthetic-model-v1,2026-02-27 02:00:00,0
P0046,2026-03-05,30,5,UNIT-04,Junior Officer,40,13.6,3.1,Night,1,4,5,0,0,None,0,81,Not Deployed,0,0,0,271,17.8,6.4,6,5,7,5,0,13.48,4,0,0,0.0,0.37,-1.04,2.11,-1.89,35.0,0.67,0.69,Stable,Stable,Declining,0.673,67,HIGH,Leave gap | Average duty hours | Night-duty frequency | Mood decline | Sleep decline,26 | 20 | 8 | 7 | 6,Increasing | Increasing | Increasing | Declining | Declining,Workload review | Review night-duty schedule | Consider leave/recovery review | Wellness check-in focused on sleep and recovery,Duty hours elevated relative to personal baseline | Frequent night shifts in the past 30 days | Prolonged gap since last leave taken | Sleep duration/quality declining from baseline,synthetic-model-v1,2026-03-06 05:00:00,0
P0047,2026-01-01,31,8,UNIT-03,Junior Officer,40,9.6,1.1,Night,1,5,1,0,0,None,0,19,Not Deployed,0,0,0,124,13.6,8.1,7,7,5,3,0,9.6,1,0,0,0.0,0.0,0.0,0.0,0.0,0.0,0.0,0.0,Stable,Stable,Stable,0.267,27,LOW,Average duty hours,27,Increasing,Workload review,Duty hours elevated relative to personal baseline,synthetic-model-v1,2026-01-02 03:00:00,0
P0047,2026-01-08,31,8,UNIT-03,Junior Officer,40,7.3,0.4,Day,0,5,0,0,0,None,0,26,Not Deployed,0,0,0,131,13.1,8.4,8,8,5,4,0,8.45,1,0,0,0.0,-2.3,0.3,0.0,1.0,7.0,-1.0,-3.0,Improving,Stable,Improving,0.51,51,MODERATE,Leave gap,51,Increasing,Routine monitoring,No significant risk indicators detected this period,synthetic-model-v1,2026-01-09 01:00:00,0
P0047,2026-01-15,31,8,UNIT-03,Junior Officer,40,8.2,0.0,Day,0,4,0,1,1,Casual,1,7,Not Deployed,0,0,0,138,12.8,8.8,6,6,5,3,0,8.37,1,1,1,0.33,-0.25,0.55,0.0,-1.5,-15.5,-0.5,-1.0,Declining,Stable,Improving,0.358,36,MODERATE,Mood decline,36,Declining,Routine monitoring,No significant risk indicators detected this period,synthetic-model-v1,2026-01-16 04:00:00,0
P0047,2026-01-22,31,8,UNIT-03,Junior Officer,40,7.6,1.1,Day,0,5,0,0,0,None,0,14,Not Deployed,0,0,1,0,13.4,8.3,7,7,6,4,0,8.17,1,1,1,0.25,-0.77,-0.13,1.0,0.0,-3.33,-0.33,-0.17,Declining,Declining,Stable,0.374,37,MODERATE,Recent transfer,37,Increasing,Routine monitoring,No significant risk indicators detected this period,synthetic-model-v1,2026-01-23 03:00:00,0
P0047,2026-01-29,31,8,UNIT-03,Junior Officer,40,8.9,1.5,Day,0,6,0,0,0,None,0,21,Not Deployed,0,0,0,7,13.3,8.8,8,6,5,3,0,8.0,0,1,1,0.25,0.73,0.4,-0.25,-1.0,4.5,-0.25,1.58,Improving,Stable,Stable,0.505,50,MODERATE,Mood decline | Average duty hours,26 | 25,Declining | Increasing,Routine monitoring,No significant risk indicators detected this period,synthetic-model-v1,2026-01-30 04:00:00,0
P0047,2026-02-05,31,8,UNIT-03,Junior Officer,40,7.2,0.8,Day,0,6,0,0,0,None,0,28,Not Deployed,0,0,0,14,13.0,8.8,7,7,5,4,0,7.98,0,1,1,0.25,-1.12,0.32,-0.2,0.2,10.6,-0.2,-1.14,Stable,Improving,Improving,0.489,49,MODERATE,Leave gap,49,Increasing,Routine monitoring,No significant risk indicators detected this period,synthetic-model-v1,2026-02-06 04:00:00,0
P0047,2026-02-12,31,8,UNIT-03,Junior Officer,40,6.7,0.0,Rotating,0,7,0,0,0,None,0,35,Not Deployed,0,0,0,21,11.5,7.8,8,6,4,3,0,7.6,0,0,0,0.0,-1.43,-0.73,-1.17,-0.83,15.83,-0.17,-2.25,Stable,Improving,Declining,0.424,42,MODERATE,Leave gap | Sleep decline | Mood decline,17 | 15 | 11,Increasing | Declining | Declining,Wellness check-in focused on sleep and recovery,Sleep duration/quality declining from baseline,synthetic-model-v1,2026-02-13 04:00:00,0
P0047,2026-02-19,31,8,UNIT-03,Junior Officer,40,6.8,0.9,Rotating,1,8,2,0,0,None,0,42,Not Deployed,0,0,0,28,15.7,7.3,6,6,5,3,0,7.4,1,0,0,0.0,-1.13,-1.13,0.0,-0.71,20.57,0.86,-0.93,Declining,Stable,Declining,0.648,65,HIGH,Leave gap | Sleep decline | Consecutive work days | Mood decline,25 | 20 | 12 | 8,Increasing | Declining | Increasing | Declining,Consider leave/recovery review | Wellness check-in focused on sleep and recovery,Prolonged gap since last leave taken | Sleep duration/quality declining from baseline,synthetic-model-v1,2026-02-20 01:00:00,0
P0047,2026-02-26,31,8,UNIT-03,Junior Officer,40,6.9,0.7,Day,0,8,1,0,0,None,0,49,Not Deployed,0,0,0,35,13.9,8.0,8,6,5,3,0,6.9,1,0,0,0.0,-0.89,-0.29,0.0,-0.62,25.0,-0.25,-0.91,Stable,Declining,Stable,0.502,50,MODERATE,Leave gap | Consecutive work days | Mood decline | Sleep decline,29 | 10 | 6 | 5,Increasing | Increasing | Declining | Declining,Consider leave/recovery review,Prolonged gap since last leave taken,synthetic-model-v1,2026-02-27 03:00:00,0
P0047,2026-03-05,31,8,UNIT-03,Junior Officer,40,6.2,0.2,Day,0,8,0,0,0,None,0,56,Not Deployed,0,0,0,42,18.3,8.9,8,7,5,4,0,6.65,1,0,0,0.0,-1.49,0.64,0.0,0.44,29.22,-0.22,-2.01,Improving,Stable,Improving,0.421,42,MODERATE,Leave gap | Consecutive work days,33 | 9,Increasing | Increasing,Consider leave/recovery review,Prolonged gap since last leave taken,synthetic-model-v1,2026-03-06 04:00:00,0
P0048,2026-01-01,27,4,UNIT-06,Field Officer,55,8.2,0.3,Day,0,4,0,0,0,None,0,25,Not Deployed,0,0,0,510,15.7,6.6,7,6,6,4,0,8.2,0,0,0,0.0,0.0,0.0,0.0,0.0,0.0,0.0,0.0,Stable,Stable,Stable,0.53,53,MODERATE,Overall workload,53,Stable,Routine monitoring,No significant risk indicators detected this period,synthetic-model-v1,2026-01-02 03:00:00,0
P0048,2026-01-08,27,4,UNIT-06,Field Officer,55,7.8,0.0,Day,0,4,0,0,0,None,0,32,Not Deployed,0,0,0,517,13.1,7.7,7,7,5,3,0,8.0,0,0,0,0.0,-0.4,1.1,-1.0,1.0,7.0,0.0,-0.7,Improving,Improving,Improving,0.401,40,MODERATE,Leave gap,40,Increasing,Routine monitoring,No significant risk indicators detected this period,synthetic-model-v1,2026-01-09 05:00:00,1
P0048,2026-01-15,27,4,UNIT-06,Field Officer,55,7.7,0.6,Day,0,3,0,0,0,None,0,39,Not Deployed,0,0,0,524,14.1,7.4,8,7,6,4,0,7.9,0,0,0,0.0,-0.3,0.25,0.5,0.5,10.5,0.0,0.15,Improving,Stable,Improving,0.604,60,HIGH,Leave gap,60,Increasing,Consider leave/recovery review,Prolonged gap since last leave taken,synthetic-model-v1,2026-01-16 05:00:00,1
P0048,2026-01-22,27,4,UNIT-06,Field Officer,55,8.2,1.2,Day,0,2,0,0,0,None,0,46,Not Deployed,0,0,0,531,8.5,6.8,6,5,7,5,0,7.98,0,0,0,0.0,0.3,-0.43,1.33,-1.67,14.0,0.0,1.2,Declining,Declining,Declining,0.599,60,HIGH,Leave gap | Mood decline | Sleep decline | Average duty hours,30 | 19 | 7 | 3,Increasing | Declining | Declining | Increasing,Consider leave/recovery review | Wellness check-in focused on sleep and recovery,Prolonged gap since last leave taken | Sleep duration/quality declining from baseline,synthetic-model-v1,2026-01-23 05:00:00,0
P0048,2026-01-29,27,4,UNIT-06,Field Officer,55,8.0,0.9,Day,0,1,0,0,0,None,0,53,Deployed,7,1,0,538,45.1,7.4,7,6,6,4,0,7.92,0,0,0,0.0,0.03,0.27,0.0,-0.25,17.5,0.0,0.4,Declining,Stable,Stable,0.574,57,HIGH,Leave gap | Recent deployment | Deployment hardship | Average duty hours,34 | 14 | 9 | 1,Increasing | Increasing | High | Increasing,Consider leave/recovery review,Prolonged gap since last leave taken,synthetic-model-v1,2026-01-30 02:00:00,1
P0048,2026-02-05,27,4,UNIT-06,Field Officer,55,9.1,0.7,Day,0,1,0,0,0,None,0,60,Deployed,14,0,0,545,62.4,7.7,6,4,8,6,0,8.25,0,0,0,0.0,1.12,0.52,2.0,-2.2,21.0,0.0,1.22,Declining,Declining,Improving,0.587,59,HIGH,Leave gap | Mood decline | Deployment hardship | Average duty hours | Fatigue level,24 | 12 | 11 | 8 | 4,Increasing | Declining | High | Increasing | Increasing,Workload review | Consider leave/recovery review | Review deployment welfare support,Duty hours elevated relative to personal baseline | Prolonged gap since last leave taken | High deployment hardship score,synthetic-model-v1,2026-02-06 03:00:00,1
P0048,2026-02-12,27,4,UNIT-06,Field Officer,55,8.6,0.0,Day,0,1,0,0,0,None,0,67,Deployed,21,0,0,552,64.4,7.1,5,4,8,5,0,8.48,0,0,0,0.0,0.43,-0.17,1.67,-1.83,24.5,0.0,-0.18,Declining,Declining,Declining,0.683,68,HIGH,Leave gap | Deployment hardship | Mood decline | Average duty hours,37 | 15 | 13 | 3,Increasing | High | Declining | Increasing,Consider leave/recovery review | Review deployment welfare support,Prolonged gap since last leave taken | High deployment hardship score,synthetic-model-v1,2026-02-13 05:00:00,0
P0048,2026-02-19,27,4,UNIT-06,Field Officer,55,7.2,0.0,Day,0,2,0,0,0,None,0,74,Not Deployed,0,0,0,559,42.1,7.2,4,4,8,5,0,8.23,0,0,0,0.0,-1.03,-0.04,1.43,-1.57,28.0,0.0,-1.56,Declining,Stable,Declining,0.651,65,HIGH,Leave gap | Mood decline | Deployment hardship,47 | 12 | 6,Increasing | Declining | High,Consider leave/recovery review,Prolonged gap since last leave taken,synthetic-model-v1,2026-02-20 02:00:00,1
P0048,2026-02-26,27,4,UNIT-06,Field Officer,55,8.7,0.2,Night,1,3,1,0,0,None,0,81,Not Deployed,0,0,0,566,28.4,6.6,6,5,9,6,0,8.4,1,0,0,0.0,0.6,-0.64,2.25,-0.38,31.5,1.0,0.34,Improving,Declining,Declining,0.652,65,HIGH,Leave gap | Sleep decline | Fatigue level | Average duty hours | Mood decline,47 | 6 | 5 | 4 | 3,Increasing | Declining | Increasing | Increasing | Declining,Consider leave/recovery review | Wellness check-in focused on sleep and recovery,Prolonged gap since last leave taken | Sleep duration/quality declining from baseline,synthetic-model-v1,2026-02-27 04:00:00,0
P0048,2026-03-05,27,4,UNIT-06,Field Officer,55,8.5,0.1,Night,1,4,3,0,0,None,0,88,Not Deployed,0,0,0,573,20.6,6.4,5,4,9,6,0,8.25,2,0,0,0.0,0.33,-0.77,2.0,-1.33,35.0,0.89,-0.0,Stable,Declining,Declining,0.711,71,HIGH,Leave gap | Mood decline | Sleep decline | Night-duty frequency | Fatigue level,47 | 8 | 7 | 4 | 4,Increasing | Declining | Declining | Increasing | Increasing,Consider leave/recovery review | Wellness check-in focused on sleep and recovery,Prolonged gap since last leave taken | Sleep duration/quality declining from baseline,synthetic-model-v1,2026-03-06 02:00:00,1
P0049,2026-01-01,22,1,UNIT-06,Junior Officer,40,7.7,0.5,Day,0,8,0,1,3,Emergency,1,7,Not Deployed,0,0,0,363,11.3,8.1,8,7,5,3,0,7.7,0,3,1,1.0,0.0,0.0,0.0,0.0,0.0,0.0,0.0,Stable,Stable,Stable,0.451,45,MODERATE,Consecutive work days,45,Increasing,Routine monitoring,No significant risk indicators detected this period,synthetic-model-v1,2026-01-02 01:00:00,1
P0049,2026-01-08,22,1,UNIT-06,Junior Officer,40,7.8,1.2,Day,0,9,0,0,0,None,0,14,Not Deployed,0,0,0,370,15.6,7.6,6,5,6,4,0,7.75,0,3,1,0.5,0.1,-0.5,1.0,-2.0,7.0,0.0,0.8,Declining,Declining,Declining,0.492,49,MODERATE,Mood decline | Consecutive work days | Sleep decline | Average duty hours,23 | 17 | 9 | 1,Declining | Increasing | Declining | Increasing,Wellness check-in focused on sleep and recovery,Sleep duration/quality declining from baseline,synthetic-model-v1,2026-01-09 02:00:00,0
P0049,2026-01-15,22,1,UNIT-06,Junior Officer,40,7.5,0.4,Day,0,9,0,0,0,None,0,21,Not Deployed,0,0,0,377,15.9,7.1,6,6,6,5,0,7.67,0,3,1,0.33,-0.25,-0.75,0.5,0.0,10.5,0.0,-0.7,Declining,Declining,Declining,0.399,40,MODERATE,Consecutive work days | Sleep decline,23 | 17,Increasing | Declining,Wellness check-in focused on sleep and recovery,Sleep duration/quality declining from baseline,synthetic-model-v1,2026-01-16 05:00:00,0
P0049,2026-01-22,22,1,UNIT-06,Junior Officer,40,6.1,0.0,Day,0,9,0,0,0,None,0,28,Not Deployed,0,0,0,384,10.4,8.2,6,5,6,4,0,7.28,0,3,1,0.25,-1.57,0.6,0.33,-1.0,14.0,0.0,-2.27,Stable,Stable,Improving,0.449,45,MODERATE,Consecutive work days | Mood decline | Leave gap,22 | 15 | 7,Increasing | Declining | Increasing,Routine monitoring,No significant risk indicators detected this period,synthetic-model-v1,2026-01-23 05:00:00,0
P0049,2026-01-29,22,1,UNIT-06,Junior Officer,40,5.5,0.0,Day,0,8,0,0,0,None,0,35,Not Deployed,0,0,0,391,14.0,8.4,7,7,5,3,0,6.72,0,0,0,0.0,-1.78,0.65,-0.75,1.25,17.5,0.0,-2.3,Improving,Improving,Improving,0.383,38,MODERATE,Leave gap | Consecutive work days,21 | 17,Increasing | Increasing,Routine monitoring,No significant risk indicators detected this period,synthetic-model-v1,2026-01-30 05:00:00,1
P0049,2026-02-05,22,1,UNIT-06,Junior Officer,40,5.8,1.0,Day,0,8,0,1,2,Casual,1,7,Not Deployed,0,0,0,398,13.1,7.6,6,6,6,4,0,6.22,0,2,1,0.25,-1.12,-0.28,0.4,0.0,-14.0,0.0,-0.54,Improving,Stable,Declining,0.499,50,MODERATE,Consecutive work days | Sleep decline,33 | 17,Increasing | Declining,Routine monitoring,No significant risk indicators detected this period,synthetic-model-v1,2026-02-06 02:00:00,0
P0049,2026-02-12,22,1,UNIT-06,Junior Officer,40,6.6,1.2,Day,0,8,0,0,0,None,0,14,Not Deployed,0,0,0,405,16.5,7.2,6,6,7,5,0,6.0,0,2,1,0.25,-0.13,-0.63,1.33,0.0,-4.67,0.0,0.55,Declining,Declining,Declining,0.561,56,HIGH,Consecutive work days | Sleep decline,29 | 27,Increasing | Declining,Wellness check-in focused on sleep and recovery,Sleep duration/quality declining from baseline,synthetic-model-v1,2026-02-13 04:00:00,0
P0049,2026-02-19,22,1,UNIT-06,Junior Officer,40,7.0,0.0,Day,0,7,0,0,0,None,0,21,Not Deployed,0,0,0,412,17.8,6.9,6,4,7,5,0,6.22,0,2,1,0.25,0.29,-0.84,1.14,-2.0,3.0,0.0,-0.33,Declining,Declining,Declining,0.531,53,MODERATE,Mood decline | Sleep decline | Average duty hours,31 | 19 | 3,Declining | Declining | Increasing,Wellness check-in focused on sleep and recovery,Sleep duration/quality declining from baseline,synthetic-model-v1,2026-02-20 02:00:00,0
P0049,2026-02-26,22,1,UNIT-06,Junior Officer,40,8.5,0.8,Day,0,7,0,0,0,None,0,28,Not Deployed,0,0,0,419,12.4,7.9,7,6,7,4,0,6.98,0,2,1,0.25,1.75,0.26,1.0,0.25,9.62,0.0,2.01,Improving,Stable,Improving,0.513,51,MODERATE,Average duty hours | Leave gap,37 | 14,Increasing | Increasing,Workload review,Duty hours elevated relative to personal baseline,synthetic-model-v1,2026-02-27 01:00:00,0
P0049,2026-03-05,22,1,UNIT-06,Junior Officer,40,7.0,0.1,Day,0,6,0,0,0,None,0,35,Not Deployed,0,0,0,426,12.2,8.3,7,5,6,3,0,7.28,0,0,0,0.0,0.06,0.63,-0.11,-0.78,15.56,0.0,-0.41,Improving,Improving,Improving,0.463,46,MODERATE,Leave gap | Mood decline | Average duty hours,28 | 17 | 1,Increasing | Declining | Increasing,Routine monitoring,No significant risk indicators detected this period,synthetic-model-v1,2026-03-06 02:00:00,0
P0050,2026-01-01,37,7,UNIT-10,Command Officer,85,9.7,1.5,Day,0,5,0,0,0,None,0,44,Not Deployed,0,0,0,30,22.0,5.9,6,7,5,4,0,9.7,0,0,0,0.0,0.0,0.0,0.0,0.0,0.0,0.0,0.0,Stable,Stable,Stable,0.572,57,HIGH,Leave gap | Average duty hours | Role difficulty | Sleep decline,27 | 14 | 11 | 6,Increasing | Increasing | High | Declining,Workload review | Consider leave/recovery review | Wellness check-in focused on sleep and recovery,Duty hours elevated relative to personal baseline | Prolonged gap since last leave taken | Sleep duration/quality declining from baseline,synthetic-model-v1,2026-01-02 01:00:00,0
P0050,2026-01-08,37,7,UNIT-10,Command Officer,85,8.7,0.7,Day,0,5,0,0,0,None,0,51,Not Deployed,0,0,0,37,14.2,5.6,6,8,5,4,0,9.2,0,0,0,0.0,-1.0,-0.3,0.0,1.0,7.0,0.0,-1.8,Improving,Stable,Declining,0.521,52,MODERATE,Leave gap | Sleep decline | Role difficulty | Average duty hours,31 | 11 | 9 | 2,Increasing | Declining | High | Increasing,Consider leave/recovery review | Wellness check-in focused on sleep and recovery,Prolonged gap since last leave taken | Sleep duration/quality declining from baseline,synthetic-model-v1,2026-01-09 04:00:00,1
P0050,2026-01-15,37,7,UNIT-10,Command Officer,85,7.2,0.4,Day,0,4,0,0,0,None,0,58,Not Deployed,0,0,0,44,8.5,5.2,6,6,5,4,0,8.53,0,0,0,0.0,-2.0,-0.55,0.0,-1.5,10.5,0.0,-2.7,Declining,Stable,Declining,0.628,63,HIGH,Leave gap | Sleep decline | Mood decline | Role difficulty,31 | 14 | 11 | 7,Increasing | Declining | Declining | High,Consider leave/recovery review | Wellness check-in focused on sleep and recovery,Prolonged gap since last leave taken | Sleep duration/quality declining from baseline,synthetic-model-v1,2026-01-16 04:00:00,1
P0050,2026-01-22,37,7,UNIT-10,Command Officer,85,7.3,0.0,Day,0,3,0,0,0,None,0,65,Not Deployed,0,0,0,51,8.9,6.1,6,8,5,5,0,8.22,0,0,0,0.0,-1.23,0.53,0.0,1.0,14.0,0.0,-2.1,Declining,Stable,Improving,0.624,62,HIGH,Leave gap | Role difficulty | Sleep decline,48 | 9 | 5,Increasing | High | Declining,Consider leave/recovery review,Prolonged gap since last leave taken,synthetic-model-v1,2026-01-23 01:00:00,1
P0050,2026-01-29,37,7,UNIT-10,Command Officer,85,7.4,0.1,Day,0,4,0,0,0,None,0,72,Not Deployed,0,0,0,58,8.6,5.8,6,6,6,4,0,7.65,0,0,0,0.0,-0.82,0.1,1.0,-1.25,17.5,0.0,-1.38,Stable,Declining,Improving,0.67,67,HIGH,Leave gap | Mood decline | Role difficulty | Sleep decline,46 | 10 | 7 | 4,Increasing | Declining | High | Declining,Consider leave/recovery review | Wellness check-in focused on sleep and recovery,Prolonged gap since last leave taken | Sleep duration/quality declining from baseline,synthetic-model-v1,2026-01-30 01:00:00,1
P0050,2026-02-05,37,7,UNIT-10,Command Officer,85,7.9,0.5,Day,0,5,0,0,0,None,0,79,Deployed,7,1,0,65,56.0,6.5,7,6,7,6,0,7.45,0,0,0,0.0,-0.16,0.78,1.8,-1.0,21.0,0.0,-0.2,Declining,Declining,Improving,0.771,77,HIGH,Leave gap | Deployment hardship | Recent deployment | Mood decline | Role difficulty,44 | 11 | 10 | 7 | 6,Increasing | High | Increasing | Declining | High,Consider leave/recovery review | Review deployment welfare support,Prolonged gap since last leave taken | High deployment hardship score,synthetic-model-v1,2026-02-06 03:00:00,1
P0050,2026-02-12,37,7,UNIT-10,Command Officer,85,7.9,0.3,Day,0,4,0,0,0,None,0,86,Deployed,14,0,0,72,70.8,6.0,5,4,8,5,0,7.62,0,0,0,0.0,-0.13,0.15,2.5,-2.83,24.5,0.0,-0.37,Declining,Declining,Stable,0.804,80,CRITICAL,Leave gap | Mood decline | Deployment hardship | Role difficulty | Sleep decline,42 | 16 | 14 | 5 | 3,Increasing | Declining | High | High | Declining,Consider leave/recovery review | Review deployment welfare support,Prolonged gap since last leave taken | High deployment hardship score,synthetic-model-v1,2026-02-13 01:00:00,0
P0050,2026-02-19,37,7,UNIT-10,Command Officer,85,7.9,0.6,Day,0,3,0,0,0,None,0,93,Deployed,21,0,0,79,72.0,5.5,6,6,8,6,0,7.78,0,0,0,0.0,-0.11,-0.37,2.14,-0.43,28.0,0.0,-0.01,Declining,Declining,Declining,0.654,65,HIGH,Leave gap | Deployment hardship | Sleep decline | Role difficulty | Fatigue level,39 | 12 | 6 | 4 | 3,Increasing | High | Declining | High | Increasing,Consider leave/recovery review | Wellness check-in focused on sleep and recovery | Review deployment welfare support,Prolonged gap since last leave taken | Sleep duration/quality declining from baseline | High deployment hardship score,synthetic-model-v1,2026-02-20 05:00:00,0
P0050,2026-02-26,37,7,UNIT-10,Command Officer,85,6.9,0.0,Rotating,0,3,0,0,0,None,0,100,Deployed,28,0,0,86,62.0,5.8,5,7,7,5,0,7.65,0,0,0,0.0,-1.1,-0.03,0.88,0.62,31.5,0.0,-1.61,Improving,Improving,Stable,0.73,73,HIGH,Leave gap | Deployment hardship | Role difficulty | Sleep decline,53 | 11 | 5 | 3,Increasing | High | High | Declining,Consider leave/recovery review | Wellness check-in focused on sleep and recovery | Review deployment welfare support,Prolonged gap since last leave taken | Sleep duration/quality declining from baseline | High deployment hardship score,synthetic-model-v1,2026-02-27 03:00:00,1
P0050,2026-03-05,37,7,UNIT-10,Command Officer,85,7.9,0.0,Night,1,2,1,0,0,None,0,107,Deployed,35,0,0,93,57.5,6.0,5,5,8,6,0,7.65,1,0,0,0.0,0.02,0.18,1.78,-1.44,35.0,1.0,-0.43,Declining,Stable,Improving,0.81,81,CRITICAL,Leave gap | Deployment hardship | Mood decline | Role difficulty | Fatigue level,55 | 9 | 8 | 5 | 4,Increasing | High | Declining | High | Increasing,Consider leave/recovery review | Review deployment welfare support,Prolonged gap since last leave taken | High deployment hardship score,synthetic-model-v1,2026-03-06 03:00:00,1
P0051,2026-01-01,28,6,UNIT-12,Junior Officer,40,7.9,0.1,Night,1,5,2,1,1,Casual,1,7,Not Deployed,0,0,0,363,10.6,5.9,6,5,6,4,0,7.9,1,1,1,1.0,0.0,0.0,0.0,0.0,0.0,0.0,0.0,Stable,Stable,Stable,0.594,59,HIGH,Sleep decline,59,Declining,Wellness check-in focused on sleep and recovery,Sleep duration/quality declining from baseline,synthetic-model-v1,2026-01-02 01:00:00,0
P0051,2026-01-08,28,6,UNIT-12,Junior Officer,40,7.7,0.0,Day,0,4,1,0,0,None,0,14,Not Deployed,0,0,0,370,8.7,6.4,6,6,6,4,0,7.8,1,1,1,0.5,-0.2,0.5,0.0,1.0,7.0,-1.0,-0.3,Improving,Stable,Improving,0.404,40,MODERATE,Sleep decline,40,Declining,Routine monitoring,No significant risk indicators detected this period,synthetic-model-v1,2026-01-09 04:00:00,0
P0051,2026-01-15,28,6,UNIT-12,Junior Officer,40,8.0,0.0,Day,0,4,0,0,0,None,0,21,Not Deployed,0,0,0,377,11.3,6.5,6,6,6,4,0,7.87,1,1,1,0.33,0.2,0.35,0.0,0.5,10.5,-0.5,0.15,Improving,Stable,Improving,0.536,54,MODERATE,Average duty hours,54,Increasing,Routine monitoring,No significant risk indicators detected this period,synthetic-model-v1,2026-01-16 04:00:00,0
P0051,2026-01-22,28,6,UNIT-12,Junior Officer,40,7.2,0.9,Night,1,5,1,0,0,None,0,28,Not Deployed,0,0,0,384,12.0,6.3,5,5,7,5,0,7.7,2,1,1,0.25,-0.67,0.03,1.0,-0.67,14.0,0.67,0.2,Declining,Declining,Stable,0.54,54,MODERATE,Night-duty frequency | Mood decline | Leave gap | Sleep decline,17 | 15 | 11 | 11,Increasing | Declining | Increasing | Declining,Routine monitoring,No significant risk indicators detected this period,synthetic-model-v1,2026-01-23 04:00:00,0
P0051,2026-01-29,28,6,UNIT-12,Junior Officer,40,9.1,0.8,Night,1,6,2,0,0,None,0,35,Not Deployed,0,0,0,391,9.5,6.5,5,6,6,5,0,8.0,2,0,0,0.0,1.4,0.22,-0.25,0.5,17.5,0.5,1.95,Declining,Stable,Stable,0.689,69,HIGH,Average duty hours | Leave gap | Night-duty frequency,31 | 24 | 14,Increasing | Increasing | Increasing,Workload review,Duty hours elevated relative to personal baseline,synthetic-model-v1,2026-01-30 03:00:00,0
P0051,2026-02-05,28,6,UNIT-12,Junior Officer,40,7.5,0.7,Night,1,6,4,0,0,None,0,42,Not Deployed,0,0,0,398,8.6,6.2,5,6,6,3,0,7.95,3,0,0,0.0,-0.48,-0.12,-0.2,0.4,21.0,0.4,-0.14,Improving,Improving,Stable,0.362,36,MODERATE,Leave gap | Night-duty frequency | Sleep decline,19 | 13 | 4,Increasing | Increasing | Declining,Review night-duty schedule | Consider leave/recovery review,Frequent night shifts in the past 30 days | Prolonged gap since last leave taken,synthetic-model-v1,2026-02-06 02:00:00,0
P0051,2026-02-12,28,6,UNIT-12,Junior Officer,40,7.5,1.2,Night,1,7,5,1,1,Casual,1,7,Not Deployed,0,0,0,405,15.2,6.2,6,7,5,4,0,7.82,4,1,1,0.25,-0.4,-0.1,-1.17,1.33,-17.5,0.33,0.38,Improving,Improving,Stable,0.411,41,MODERATE,Night-duty frequency | Sleep decline,34 | 7,Increasing | Declining,Review night-duty schedule,Frequent night shifts in the past 30 days,synthetic-model-v1,2026-02-13 01:00:00,0
P0051,2026-02-19,28,6,UNIT-12,Junior Officer,40,7.5,0.1,Night,1,8,7,0,0,None,0,14,Not Deployed,0,0,0,412,18.9,6.1,6,5,6,4,0,7.9,4,1,1,0.25,-0.34,-0.19,0.0,-0.86,-8.0,0.29,-0.77,Declining,Stable,Stable,0.363,36,MODERATE,Night-duty frequency | Consecutive work days | Mood decline | Sleep decline,17 | 8 | 7 | 5,Increasing | Increasing | Declining | Declining,Review night-duty schedule,Frequent night shifts in the past 30 days,synthetic-model-v1,2026-02-20 02:00:00,1
P0051,2026-02-26,28,6,UNIT-12,Junior Officer,40,6.4,0.5,Night,1,7,8,0,0,None,0,21,Not Deployed,0,0,0,419,15.1,6.0,6,5,7,5,0,7.22,4,1,1,0.25,-1.4,-0.26,1.0,-0.75,0.0,0.25,-1.38,Declining,Declining,Stable,0.588,59,HIGH,Night-duty frequency | Sleep decline | Mood decline,35 | 12 | 12,Increasing | Declining | Declining,Review night-duty schedule,Frequent night shifts in the past 30 days,synthetic-model-v1,2026-02-27 03:00:00,0
P0051,2026-03-05,28,6,UNIT-12,Junior Officer,40,8.5,2.9,Day,0,8,0,0,0,None,0,28,Not Deployed,0,0,0,426,15.8,6.0,5,6,7,5,0,7.48,3,1,1,0.25,0.86,-0.23,0.89,0.33,7.0,-0.78,3.28,Declining,Declining,Stable,0.753,75,HIGH,Night-duty frequency | Consecutive work days | Sleep decline | Average duty hours | Leave gap,26 | 17 | 12 | 11 | 9,Increasing | Increasing | Declining | Increasing | Increasing,Review night-duty schedule,Frequent night shifts in the past 30 days,synthetic-model-v1,2026-03-06 01:00:00,0
P0052,2026-01-01,36,14,UNIT-12,Senior Officer,70,8.2,0.0,Day,0,8,0,0,0,None,0,41,Not Deployed,0,0,0,88,5.5,6.8,7,6,5,2,0,8.2,0,0,0,0.0,0.0,0.0,0.0,0.0,0.0,0.0,0.0,Stable,Stable,Stable,0.409,41,MODERATE,Leave gap | Consecutive work days | Role difficulty,24 | 12 | 5,Increasing | Increasing | High,Consider leave/recovery review,Prolonged gap since last leave taken,synthetic-model-v1,2026-01-02 01:00:00,1
P0052,2026-01-08,36,14,UNIT-12,Senior Officer,70,9.0,0.8,Day,0,8,0,0,0,None,0,48,Not Deployed,0,0,0,95,5.1,6.1,7,6,5,3,0,8.6,0,0,0,0.0,0.8,-0.7,0.0,0.0,7.0,0.0,1.6,Declining,Stable,Declining,0.491,49,MODERATE,Leave gap | Sleep decline | Average duty hours | Consecutive work days | Role difficulty,21 | 10 | 8 | 7 | 3,Increasing | Declining | Increasing | Increasing | High,Consider leave/recovery review | Wellness check-in focused on sleep and recovery,Prolonged gap since last leave taken | Sleep duration/quality declining from baseline,synthetic-model-v1,2026-01-09 02:00:00,1
P0052,2026-01-15,36,14,UNIT-12,Senior Officer,70,8.6,0.3,Day,0,8,0,0,0,None,0,55,Not Deployed,0,0,0,102,8.7,6.1,7,7,5,3,0,8.6,0,0,0,0.0,0.0,-0.35,0.0,1.0,10.5,0.0,-0.1,Stable,Stable,Declining,0.514,51,MODERATE,Leave gap | Consecutive work days | Sleep decline | Role difficulty | Average duty hours,32 | 8 | 7 | 3 | 1,Increasing | Increasing | Declining | High | Increasing,Consider leave/recovery review | Wellness check-in focused on sleep and recovery,Prolonged gap since last leave taken | Sleep duration/quality declining from baseline,synthetic-model-v1,2026-01-16 01:00:00,1
P0052,2026-01-22,36,14,UNIT-12,Senior Officer,70,9.0,0.8,Day,0,8,0,0,0,None,0,62,Deployed,7,1,0,109,37.4,6.7,6,6,5,3,0,8.7,0,0,0,0.0,0.4,0.37,0.0,-0.33,14.0,0.0,0.83,Declining,Stable,Improving,0.492,49,MODERATE,Leave gap | Recent deployment | Consecutive work days | Average duty hours | Deployment hardship,27 | 9 | 6 | 5 | 3,Increasing | Increasing | Increasing | Increasing | High,Consider leave/recovery review,Prolonged gap since last leave taken,synthetic-model-v1,2026-01-23 01:00:00,1
P0052,2026-01-29,36,14,UNIT-12,Senior Officer,70,8.7,0.0,Day,0,9,0,0,0,None,0,69,Deployed,14,0,0,116,72.9,5.4,5,5,7,5,1,8.82,0,0,0,0.0,0.0,-1.02,2.0,-1.25,17.5,0.0,-0.48,Declining,Declining,Declining,0.721,72,HIGH,Leave gap | Deployment hardship | Sleep decline | Consecutive work days | Mood decline,30 | 15 | 13 | 8 | 7,Increasing | High | Declining | Increasing | Declining,Consider leave/recovery review | Wellness check-in focused on sleep and recovery | Review deployment welfare support | Prioritize welfare officer follow-up,Prolonged gap since last leave taken | Sleep duration/quality declining from baseline | High deployment hardship score | Person actively requested help,synthetic-model-v1,2026-01-30 03:00:00,1
P0052,2026-02-05,36,14,UNIT-12,Senior Officer,70,8.4,0.2,Day,0,8,0,0,0,None,0,76,Deployed,21,0,0,123,58.5,6.4,5,6,7,4,0,8.68,0,0,0,0.0,-0.3,0.18,1.6,0.0,21.0,0.0,-0.48,Declining,Declining,Stable,0.654,65,HIGH,Leave gap | Deployment hardship | Consecutive work days | Sleep decline | Role difficulty,42 | 12 | 7 | 3 | 2,Increasing | High | Increasing | Declining | High,Consider leave/recovery review | Review deployment welfare support,Prolonged gap since last leave taken | High deployment hardship score,synthetic-model-v1,2026-02-06 04:00:00,1
P0052,2026-02-12,36,14,UNIT-12,Senior Officer,70,10.9,4.1,Day,0,8,0,0,0,None,0,83,Deployed,28,0,0,130,56.6,6.5,5,6,8,6,0,9.25,0,0,0,0.0,2.25,0.25,2.33,0.0,24.5,0.0,6.0,Stable,Declining,Improving,0.689,69,HIGH,Leave gap | Average duty hours | Deployment hardship | Consecutive work days | Fatigue level,34 | 19 | 8 | 5 | 4,Increasing | Increasing | High | Increasing | Increasing,Workload review | Consider leave/recovery review | Review deployment welfare support,Duty hours elevated relative to personal baseline | Prolonged gap since last leave taken | High deployment hardship score,synthetic-model-v1,2026-02-13 03:00:00,1
P0052,2026-02-19,36,14,UNIT-12,Senior Officer,70,11.5,2.8,Rotating,0,7,0,0,0,None,0,90,Deployed,35,0,0,137,60.8,6.3,5,5,9,6,0,9.88,0,0,0,0.0,2.53,0.01,3.0,-1.0,28.0,0.0,4.44,Declining,Declining,Stable,0.782,78,HIGH,Leave gap | Average duty hours | Deployment hardship | Mood decline | Fatigue level,38 | 23 | 9 | 5 | 4,Increasing | Increasing | High | Declining | Increasing,Workload review | Consider leave/recovery review | Review deployment welfare support,Duty hours elevated relative to personal baseline | Prolonged gap since last leave taken | High deployment hardship score,synthetic-model-v1,2026-02-20 01:00:00,1
P0052,2026-02-26,36,14,UNIT-12,Senior Officer,70,10.4,0.7,Rotating,0,7,0,1,5,Casual,1,7,Deployed,42,0,0,144,62.3,6.2,4,3,9,6,0,10.3,0,5,1,0.25,1.11,-0.09,2.62,-2.88,-58.5,0.0,0.69,Declining,Declining,Stable,0.758,76,HIGH,Mood decline | Average duty hours | Deployment hardship | Fatigue level | Sleep decline,25 | 23 | 17 | 6 | 4,Declining | Increasing | High | Increasing | Declining,Workload review | Review deployment welfare support,Duty hours elevated relative to personal baseline | High deployment hardship score,synthetic-model-v1,2026-02-27 02:00:00,1
P0052,2026-03-05,36,14,UNIT-12,Senior Officer,70,9.9,0.3,Rotating,0,8,0,0,0,None,0,14,Not Deployed,0,0,0,151,45.8,6.1,4,4,10,6,1,10.68,0,5,1,0.25,0.49,-0.18,3.33,-1.56,-45.0,0.0,-0.29,Declining,Declining,Stable,0.791,79,HIGH,Average duty hours | Mood decline | Consecutive work days | Deployment hardship | Fatigue level,23 | 20 | 13 | 13 | 10,Increasing | Declining | Increasing | High | Increasing,Workload review | Prioritize welfare officer follow-up,Duty hours elevated relative to personal baseline | Person actively requested help,synthetic-model-v1,2026-03-06 01:00:00,1
P0053,2026-01-01,22,1,UNIT-04,Field Officer,55,7.3,0.0,Rotating,0,3,0,0,0,None,0,26,Not Deployed,0,0,0,126,5.9,7.1,6,6,5,3,0,7.3,0,0,0,0.0,0.0,0.0,0.0,0.0,0.0,0.0,0.0,Stable,Stable,Stable,0.529,53,MODERATE,Leave gap,53,Increasing,Routine monitoring,No significant risk indicators detected this period,synthetic-model-v1,2026-01-02 04:00:00,0
P0053,2026-01-08,22,1,UNIT-04,Field Officer,55,7.8,1.3,Rotating,0,3,0,0,0,None,0,33,Not Deployed,0,0,0,133,9.6,6.9,7,7,5,4,0,7.55,0,0,0,0.0,0.5,-0.2,0.0,1.0,7.0,0.0,1.8,Improving,Stable,Stable,0.495,50,MODERATE,Leave gap | Average duty hours,36 | 13,Increasing | Increasing,Routine monitoring,No significant risk indicators detected this period,synthetic-model-v1,2026-01-09 02:00:00,0
P0053,2026-01-15,22,1,UNIT-04,Field Officer,55,8.0,0.0,Rotating,0,2,0,0,0,None,0,40,Not Deployed,0,0,0,140,11.2,7.2,8,6,5,3,0,7.7,0,0,0,0.0,0.45,0.2,0.0,-0.5,10.5,0.0,-0.2,Improving,Stable,Stable,0.475,48,MODERATE,Leave gap | Mood decline | Average duty hours,33 | 9 | 6,Increasing | Declining | Increasing,Consider leave/recovery review,Prolonged gap since last leave taken,synthetic-model-v1,2026-01-16 02:00:00,1
P0053,2026-01-22,22,1,UNIT-04,Field Officer,55,7.9,0.3,Rotating,1,2,1,0,0,None,0,47,Not Deployed,0,0,0,147,10.6,6.5,7,6,5,4,1,7.75,1,0,0,0.0,0.2,-0.57,0.0,-0.33,14.0,1.0,0.07,Declining,Stable,Declining,0.575,57,HIGH,Leave gap | Sleep decline | Mood decline | Average duty hours,39 | 12 | 5 | 2,Increasing | Declining | Declining | Increasing,Consider leave/recovery review | Wellness check-in focused on sleep and recovery | Prioritize welfare officer follow-up,Prolonged gap since last leave taken | Sleep duration/quality declining from baseline | Person actively requested help,synthetic-model-v1,2026-01-23 05:00:00,0
P0053,2026-01-29,22,1,UNIT-04,Field Officer,55,9.5,1.7,Rotating,1,1,3,0,0,None,0,54,Not Deployed,0,0,0,154,6.8,7.5,7,7,5,3,0,8.3,2,0,0,0.0,1.75,0.58,0.0,0.75,17.5,0.75,3.05,Stable,Stable,Stable,0.438,44,MODERATE,Leave gap | Average duty hours | Night-duty frequency,24 | 15 | 5,Increasing | Increasing | Increasing,Workload review | Consider leave/recovery review,Duty hours elevated relative to personal baseline | Prolonged gap since last leave taken,synthetic-model-v1,2026-01-30 03:00:00,1
P0053,2026-02-05,22,1,UNIT-04,Field Officer,55,8.9,0.2,Night,1,1,4,0,0,None,0,61,Deployed,7,1,0,161,50.6,6.5,5,5,7,5,0,8.57,3,0,0,0.0,0.8,-0.54,2.0,-1.4,21.0,0.6,0.34,Declining,Declining,Stable,0.609,61,HIGH,Leave gap | Night-duty frequency | Recent deployment | Mood decline | Deployment hardship,27 | 9 | 9 | 8 | 8,Increasing | Increasing | Increasing | Declining | High,Review night-duty schedule | Consider leave/recovery review | Wellness check-in focused on sleep and recovery,Frequent night shifts in the past 30 days | Prolonged gap since last leave taken | Sleep duration/quality declining from baseline,synthetic-model-v1,2026-02-06 04:00:00,1
P0053,2026-02-12,22,1,UNIT-04,Field Officer,55,9.5,0.0,Night,1,2,6,0,0,None,0,68,Deployed,14,0,0,168,61.6,6.6,7,6,6,4,0,8.95,4,0,0,0.0,1.27,-0.35,0.67,-0.17,24.5,0.5,0.68,Declining,Declining,Declining,0.635,64,HIGH,Leave gap | Night-duty frequency | Deployment hardship | Average duty hours | Sleep decline,28 | 12 | 10 | 10 | 3,Increasing | Increasing | High | Increasing | Declining,Workload review | Review night-duty schedule | Consider leave/recovery review | Wellness check-in focused on sleep and recovery | Review deployment welfare support,Duty hours elevated relative to personal baseline | Frequent night shifts in the past 30 days | Prolonged gap since last leave taken | Sleep duration/quality declining from baseline | High deployment hardship score,synthetic-model-v1,2026-02-13 02:00:00,1
P0053,2026-02-19,22,1,UNIT-04,Field Officer,55,9.1,0.2,Night,1,2,7,0,0,None,0,75,Deployed,21,0,0,175,65.1,6.4,6,6,7,6,0,9.25,4,0,0,0.0,0.69,-0.5,1.57,-0.14,28.0,0.43,0.39,Improving,Stable,Stable,0.621,62,HIGH,Leave gap | Night-duty frequency | Deployment hardship | Average duty hours | Sleep decline,31 | 11 | 11 | 5 | 4,Increasing | Increasing | High | Increasing | Declining,Review night-duty schedule | Consider leave/recovery review | Wellness check-in focused on sleep and recovery | Review deployment welfare support,Frequent night shifts in the past 30 days | Prolonged gap since last leave taken | Sleep duration/quality declining from baseline | High deployment hardship score,synthetic-model-v1,2026-02-20 05:00:00,1
P0053,2026-02-26,22,1,UNIT-04,Field Officer,55,9.4,0.0,Night,1,1,8,0,0,None,0,82,Deployed,28,0,0,182,63.3,6.0,5,4,8,5,1,9.22,4,0,0,0.0,0.9,-0.84,2.38,-2.12,31.5,0.38,0.44,Declining,Declining,Declining,0.787,79,HIGH,Leave gap | Night-duty frequency | Mood decline | Deployment hardship | Sleep decline,37 | 12 | 11 | 11 | 8,Increasing | Increasing | Declining | High | Declining,Review night-duty schedule | Consider leave/recovery review | Wellness check-in focused on sleep and recovery | Review deployment welfare support | Prioritize welfare officer follow-up,Frequent night shifts in the past 30 days | Prolonged gap since last leave taken | Sleep duration/quality declining from baseline | High deployment hardship score | Person actively requested help,synthetic-model-v1,2026-02-27 04:00:00,1
P0053,2026-03-05,22,1,UNIT-04,Field Officer,55,10.2,1.9,Day,0,1,0,0,0,None,0,89,Deployed,35,0,0,189,65.2,6.3,4,5,9,5,0,9.55,3,0,0,0.0,1.6,-0.44,3.11,-0.89,35.0,-0.67,3.09,Declining,Declining,Stable,0.829,83,CRITICAL,Leave gap | Average duty hours | Deployment hardship | Night-duty frequency | Mood decline,43 | 16 | 12 | 8 | 5,Increasing | Increasing | High | Increasing | Declining,Workload review | Review night-duty schedule | Consider leave/recovery review | Wellness check-in focused on sleep and recovery | Review deployment welfare support,Duty hours elevated relative to personal baseline | Frequent night shifts in the past 30 days | Prolonged gap since last leave taken | Sleep duration/quality declining from baseline | High deployment hardship score,synthetic-model-v1,2026-03-06 03:00:00,0
P0054,2026-01-01,39,12,UNIT-03,Field Officer,55,8.9,0.2,Day,0,6,0,0,0,None,0,26,Not Deployed,0,0,0,308,12.6,7.4,6,6,7,5,0,8.9,0,0,0,0.0,0.0,0.0,0.0,0.0,0.0,0.0,0.0,Stable,Stable,Stable,0.48,48,MODERATE,Leave gap | Average duty hours,27 | 21,Increasing | Increasing,Routine monitoring,No significant risk indicators detected this period,synthetic-model-v1,2026-01-02 03:00:00,0
P0054,2026-01-08,39,12,UNIT-03,Field Officer,55,9.7,2.3,Day,0,6,0,0,0,None,0,33,Not Deployed,0,0,0,315,14.7,6.5,6,5,7,5,0,9.3,0,0,0,0.0,0.8,-0.9,0.0,-1.0,7.0,0.0,2.9,Declining,Stable,Declining,0.625,62,HIGH,Average duty hours | Sleep decline | Leave gap | Mood decline,22 | 16 | 12 | 12,Increasing | Declining | Increasing | Declining,Workload review | Wellness check-in focused on sleep and recovery,Duty hours elevated relative to personal baseline | Sleep duration/quality declining from baseline,synthetic-model-v1,2026-01-09 04:00:00,1
P0054,2026-01-15,39,12,UNIT-03,Field Officer,55,9.3,1.8,Day,0,6,0,1,4,Emergency,1,7,Not Deployed,0,0,0,322,14.8,7.1,5,5,7,4,0,9.3,0,4,1,0.33,0.0,0.15,0.0,-0.5,-22.5,0.0,0.55,Declining,Stable,Declining,0.464,46,MODERATE,Average duty hours | Mood decline,29 | 18,Increasing | Declining,Routine monitoring,No significant risk indicators detected this period,synthetic-model-v1,2026-01-16 01:00:00,1
P0054,2026-01-22,39,12,UNIT-03,Field Officer,55,9.7,0.1,Rotating,1,7,2,0,0,None,0,14,Not Deployed,0,0,0,329,13.7,7.0,7,7,7,5,0,9.4,1,4,1,0.25,0.4,0.0,0.0,1.67,-8.0,1.0,-0.93,Improving,Stable,Improving,0.464,46,MODERATE,Average duty hours,46,Increasing,Workload review,Duty hours elevated relative to personal baseline,synthetic-model-v1,2026-01-23 02:00:00,1
P0054,2026-01-29,39,12,UNIT-03,Field Officer,55,10.0,1.2,Rotating,1,8,3,1,2,Medical,1,7,Not Deployed,0,0,0,336,18.2,7.2,6,6,7,4,0,9.68,2,6,2,0.5,0.6,0.2,0.0,0.25,-13.0,0.75,0.7,Improving,Stable,Stable,0.704,70,HIGH,Average duty hours | Rising leave requests | Consecutive work days | Night-duty frequency,28 | 18 | 14 | 11,Increasing | Increasing | Increasing | Increasing,Workload review,Duty hours elevated relative to personal baseline,synthetic-model-v1,2026-01-30 04:00:00,1
P0054,2026-02-05,39,12,UNIT-03,Field Officer,55,8.4,1.4,Rotating,0,7,1,0,0,None,0,14,Not Deployed,0,0,0,343,15.7,7.5,5,4,8,5,1,9.35,2,6,2,0.5,-1.12,0.46,1.0,-1.8,-3.4,-0.4,-0.84,Declining,Declining,Improving,0.517,52,MODERATE,Mood decline | Rising leave requests | Night-duty frequency,24 | 17 | 10,Declining | Increasing | Increasing,Prioritize welfare officer follow-up,Person actively requested help,synthetic-model-v1,2026-02-06 03:00:00,1
P0054,2026-02-12,39,12,UNIT-03,Field Officer,55,10.7,1.1,Rotating,0,8,0,1,2,Medical,1,7,Not Deployed,0,0,0,350,13.5,7.1,5,5,9,6,0,9.7,2,4,2,0.5,1.37,-0.02,1.83,-0.5,-9.83,-0.33,1.3,Declining,Declining,Stable,0.56,56,HIGH,Average duty hours | Rising leave requests | Consecutive work days | Night-duty frequency | Fatigue level,26 | 10 | 8 | 6 | 6,Increasing | Increasing | Increasing | Increasing | Increasing,Workload review,Duty hours elevated relative to personal baseline,synthetic-model-v1,2026-02-13 04:00:00,0
P0054,2026-02-19,39,12,UNIT-03,Field Officer,55,9.7,0.0,Rotating,1,8,2,1,1,Medical,1,7,Not Deployed,0,0,0,357,12.4,7.3,5,4,8,5,0,9.7,2,5,3,0.75,0.17,0.19,0.57,-1.43,-8.43,0.71,-0.99,Stable,Stable,Stable,0.598,60,HIGH,Mood decline | Average duty hours | Rising leave requests | Consecutive work days | Night-duty frequency,15 | 14 | 13 | 10 | 8,Declining | Increasing | Increasing | Increasing | Increasing,Workload review,Duty hours elevated relative to personal baseline,synthetic-model-v1,2026-02-20 03:00:00,1
P0054,2026-02-26,39,12,UNIT-03,Field Officer,55,10.6,0.9,Rotating,1,8,3,0,0,None,0,14,Not Deployed,0,0,0,364,8.0,6.1,7,5,8,5,0,9.85,2,3,2,0.5,1.05,-1.04,0.5,-0.25,-0.38,0.62,0.94,Improving,Improving,Declining,0.644,64,HIGH,Average duty hours | Sleep decline | Rising leave requests | Consecutive work days | Night-duty frequency,24 | 15 | 10 | 8 | 6,Increasing | Declining | Increasing | Increasing | Increasing,Workload review | Wellness check-in focused on sleep and recovery,Duty hours elevated relative to personal baseline | Sleep duration/quality declining from baseline,synthetic-model-v1,2026-02-27 01:00:00,1
P0054,2026-03-05,39,12,UNIT-03,Field Officer,55,9.8,0.0,Rotating,0,7,0,1,3,Casual,1,7,Not Deployed,0,0,0,371,14.0,7.2,4,5,9,5,0,10.2,2,6,3,0.75,0.13,0.18,1.44,-0.22,-7.33,-0.44,-0.87,Stable,Declining,Stable,0.668,67,HIGH,Average duty hours | Rising leave requests | Night-duty frequency,27 | 25 | 15,Increasing | Increasing | Increasing,Workload review,Duty hours elevated relative to personal baseline,synthetic-model-v1,2026-03-06 04:00:00,0
P0055,2026-01-01,26,3,UNIT-12,Junior Officer,40,7.7,0.9,Day,0,4,0,1,2,Casual,1,7,Not Deployed,0,0,0,30,25.0,5.9,5,7,5,4,0,7.7,0,2,1,1.0,0.0,0.0,0.0,0.0,0.0,0.0,0.0,Stable,Stable,Stable,0.623,62,HIGH,Sleep decline,62,Declining,Wellness check-in focused on sleep and recovery,Sleep duration/quality declining from baseline,synthetic-model-v1,2026-01-02 04:00:00,0
P0055,2026-01-08,26,3,UNIT-12,Junior Officer,40,8.9,1.3,Day,0,5,0,0,0,None,0,14,Not Deployed,0,0,0,37,18.3,5.8,6,7,5,4,0,8.3,0,2,1,0.5,1.2,-0.1,0.0,0.0,7.0,0.0,1.6,Improving,Stable,Stable,0.41,41,MODERATE,Average duty hours | Sleep decline,27 | 14,Increasing | Declining,Workload review | Wellness check-in focused on sleep and recovery,Duty hours elevated relative to personal baseline | Sleep duration/quality declining from baseline,synthetic-model-v1,2026-01-09 02:00:00,0
P0055,2026-01-15,26,3,UNIT-12,Junior Officer,40,9.0,0.0,Day,0,5,0,0,0,None,0,21,Not Deployed,0,0,0,44,17.1,6.5,5,6,6,3,0,8.53,0,2,1,0.33,0.7,0.65,1.0,-1.0,10.5,0.0,-0.4,Stable,Declining,Improving,0.421,42,MODERATE,Average duty hours | Mood decline,21 | 21,Increasing | Declining,Routine monitoring,No significant risk indicators detected this period,synthetic-model-v1,2026-01-16 04:00:00,0
P0055,2026-01-22,26,3,UNIT-12,Junior Officer,40,8.7,0.2,Day,0,4,0,0,0,None,0,28,Not Deployed,0,0,0,51,15.4,6.6,7,9,5,3,0,8.57,0,2,1,0.25,0.17,0.53,-0.33,2.33,14.0,0.0,-0.37,Improving,Stable,Improving,0.562,56,HIGH,Leave gap | Average duty hours,34 | 22,Increasing | Increasing,Routine monitoring,No significant risk indicators detected this period,synthetic-model-v1,2026-01-23 02:00:00,1
P0055,2026-01-29,26,3,UNIT-12,Junior Officer,40,8.4,0.1,Night,1,3,2,0,0,None,0,35,Not Deployed,0,0,0,58,10.6,6.3,7,7,5,3,0,8.75,1,0,0,0.0,-0.17,0.1,-0.25,-0.25,17.5,1.0,-0.68,Improving,Improving,Stable,0.501,50,MODERATE,Leave gap | Sleep decline,36 | 14,Increasing | Declining,Routine monitoring,No significant risk indicators detected this period,synthetic-model-v1,2026-01-30 01:00:00,1
P0055,2026-02-05,26,3,UNIT-12,Junior Officer,40,9.5,0.7,Night,1,4,4,0,0,None,0,42,Not Deployed,0,0,0,65,12.5,6.0,7,7,5,3,0,8.9,2,0,0,0.0,0.96,-0.22,-0.2,-0.2,21.0,0.8,1.16,Declining,Stable,Declining,0.529,53,MODERATE,Leave gap | Average duty hours | Night-duty frequency | Sleep decline,21 | 17 | 7 | 7,Increasing | Increasing | Increasing | Declining,Consider leave/recovery review,Prolonged gap since last leave taken,synthetic-model-v1,2026-02-06 01:00:00,1
P0055,2026-02-12,26,3,UNIT-12,Junior Officer,40,10.1,1.4,Night,1,5,5,0,0,None,0,49,Not Deployed,0,0,0,72,13.4,6.6,7,5,6,4,0,9.18,3,0,0,0.0,1.4,0.42,0.83,-2.17,24.5,0.67,2.27,Declining,Declining,Stable,0.499,50,MODERATE,Leave gap | Average duty hours | Mood decline | Night-duty frequency,16 | 14 | 12 | 8,Increasing | Increasing | Declining | Increasing,Workload review | Review night-duty schedule | Consider leave/recovery review,Duty hours elevated relative to personal baseline | Frequent night shifts in the past 30 days | Prolonged gap since last leave taken,synthetic-model-v1,2026-02-13 05:00:00,1
P0055,2026-02-19,26,3,UNIT-12,Junior Officer,40,10.2,0.5,Night,1,5,6,1,6,Casual,1,7,Not Deployed,0,0,0,79,14.5,6.2,5,5,7,5,0,9.55,4,6,1,0.25,1.3,-0.04,1.71,-1.86,-21.0,0.57,1.14,Declining,Declining,Stable,0.691,69,HIGH,Average duty hours | Night-duty frequency | Mood decline | Sleep decline,25 | 21 | 18 | 5,Increasing | Increasing | Declining | Declining,Workload review | Review night-duty schedule,Duty hours elevated relative to personal baseline | Frequent night shifts in the past 30 days,synthetic-model-v1,2026-02-20 02:00:00,0
P0055,2026-02-26,26,3,UNIT-12,Junior Officer,40,9.1,2.2,Day,0,5,0,0,0,None,0,14,Not Deployed,0,0,0,86,11.7,6.1,5,6,7,5,0,9.72,3,6,1,0.25,0.04,-0.14,1.5,-0.62,-11.38,-0.5,1.6,Declining,Declining,Declining,0.622,62,HIGH,Night-duty frequency | Average duty hours | Mood decline | Sleep decline,29 | 12 | 12 | 10,Increasing | Increasing | Declining | Declining,Review night-duty schedule,Frequent night shifts in the past 30 days,synthetic-model-v1,2026-02-27 03:00:00,0
P0055,2026-03-05,26,3,UNIT-12,Junior Officer,40,8.5,0.0,Rotating,1,4,2,1,3,Casual,1,7,Not Deployed,0,0,0,93,11.6,5.9,7,7,7,6,0,9.48,3,9,2,0.5,-0.57,-0.32,1.33,0.44,-17.11,0.56,-1.38,Improving,Stable,Stable,0.598,60,HIGH,Night-duty frequency | Rising leave requests | Sleep decline | Fatigue level,20 | 17 | 13 | 10,Increasing | Increasing | Declining | Increasing,Review night-duty schedule | Wellness check-in focused on sleep and recovery,Frequent night shifts in the past 30 days | Sleep duration/quality declining from baseline,synthetic-model-v1,2026-03-06 02:00:00,1
P0056,2026-01-01,22,1,UNIT-12,Junior Officer,40,9.1,0.8,Day,0,7,0,0,0,None,0,34,Not Deployed,0,0,0,246,16.8,5.8,7,6,5,3,0,9.1,0,0,0,0.0,0.0,0.0,0.0,0.0,0.0,0.0,0.0,Stable,Stable,Stable,0.375,38,MODERATE,Leave gap | Average duty hours | Sleep decline,19 | 10 | 9,Increasing | Increasing | Declining,Wellness check-in focused on sleep and recovery,Sleep duration/quality declining from baseline,synthetic-model-v1,2026-01-02 04:00:00,1
P0056,2026-01-08,22,1,UNIT-12,Junior Officer,40,8.7,0.3,Day,0,6,0,1,4,Earned,1,7,Not Deployed,0,0,0,253,15.6,7.3,6,5,6,4,0,8.9,0,4,1,0.5,-0.4,1.5,1.0,-1.0,-27.0,0.0,-0.9,Declining,Declining,Improving,0.486,49,MODERATE,Mood decline | Average duty hours,41 | 8,Declining | Increasing,Routine monitoring,No significant risk indicators detected this period,synthetic-model-v1,2026-01-09 04:00:00,1
P0056,2026-01-15,22,1,UNIT-12,Junior Officer,40,8.8,0.2,Day,0,6,0,0,0,None,0,14,Not Deployed,0,0,0,260,15.7,6.2,5,6,6,4,1,8.87,0,4,1,0.33,-0.1,-0.35,0.5,0.5,-6.5,0.0,-0.45,Declining,Declining,Improving,0.65,65,HIGH,Sleep decline | Average duty hours,46 | 19,Declining | Increasing,Wellness check-in focused on sleep and recovery | Prioritize welfare officer follow-up,Sleep duration/quality declining from baseline | Person actively requested help,synthetic-model-v1,2026-01-16 05:00:00,0
P0056,2026-01-22,22,1,UNIT-12,Junior Officer,40,8.3,0.2,Day,0,6,0,1,2,Emergency,1,7,Not Deployed,0,0,0,267,12.6,6.5,5,6,6,4,0,8.72,0,6,2,0.5,-0.57,0.07,0.33,0.33,-11.33,0.0,-0.8,Stable,Stable,Declining,0.381,38,MODERATE,Rising leave requests,38,Increasing,Routine monitoring,No significant risk indicators detected this period,synthetic-model-v1,2026-01-23 05:00:00,1
P0056,2026-01-29,22,1,UNIT-12,Junior Officer,40,8.8,0.6,Day,0,7,0,0,0,None,0,14,Not Deployed,0,0,0,274,16.3,6.2,7,6,6,5,0,8.65,0,6,2,0.5,0.08,-0.25,0.25,0.25,-1.5,0.0,0.3,Improving,Stable,Stable,0.441,44,MODERATE,Rising leave requests | Sleep decline | Average duty hours,25 | 12 | 7,Increasing | Declining | Increasing,Routine monitoring,No significant risk indicators detected this period,synthetic-model-v1,2026-01-30 05:00:00,0
P0056,2026-02-05,22,1,UNIT-12,Junior Officer,40,9.3,0.2,Day,0,6,0,0,0,None,0,21,Not Deployed,0,0,0,281,10.5,5.7,5,5,7,5,0,8.8,0,2,1,0.25,0.56,-0.7,1.2,-0.8,5.8,0.0,0.34,Declining,Declining,Declining,0.509,51,MODERATE,Sleep decline | Average duty hours | Mood decline,23 | 17 | 11,Declining | Increasing | Declining,Wellness check-in focused on sleep and recovery,Sleep duration/quality declining from baseline,synthetic-model-v1,2026-02-06 02:00:00,0
P0056,2026-02-12,22,1,UNIT-12,Junior Officer,40,7.9,0.0,Day,0,7,0,0,0,None,0,28,Not Deployed,0,0,0,288,9.8,7.1,5,5,7,4,0,8.58,0,2,1,0.25,-0.93,0.82,1.0,-0.67,11.83,0.0,-1.32,Declining,Declining,Improving,0.471,47,MODERATE,Mood decline | Leave gap,27 | 20,Declining | Increasing,Routine monitoring,No significant risk indicators detected this period,synthetic-model-v1,2026-02-13 03:00:00,0
P0056,2026-02-19,22,1,UNIT-12,Junior Officer,40,9.2,2.4,Day,0,7,0,0,0,None,0,35,Not Deployed,0,0,0,295,8.3,5.5,5,6,7,5,0,8.8,0,0,0,0.0,0.5,-0.9,0.86,0.43,17.14,0.0,2.57,Improving,Stable,Stable,0.57,57,HIGH,Sleep decline | Leave gap | Average duty hours,27 | 16 | 14,Declining | Increasing | Increasing,Wellness check-in focused on sleep and recovery,Sleep duration/quality declining from baseline,synthetic-model-v1,2026-02-20 02:00:00,0
P0056,2026-02-26,22,1,UNIT-12,Junior Officer,40,8.1,0.0,Day,0,8,0,0,0,None,0,42,Not Deployed,0,0,0,302,7.0,5.5,6,6,6,5,0,8.62,0,0,0,0.0,-0.66,-0.79,-0.25,0.38,22.0,0.0,-1.25,Improving,Improving,Declining,0.611,61,HIGH,Leave gap | Sleep decline | Consecutive work days,26 | 23 | 12,Increasing | Declining | Increasing,Consider leave/recovery review | Wellness check-in focused on sleep and recovery,Prolonged gap since last leave taken | Sleep duration/quality declining from baseline,synthetic-model-v1,2026-02-27 04:00:00,0
P0056,2026-03-05,22,1,UNIT-12,Junior Officer,40,9.1,0.0,Night,1,7,1,0,0,None,0,49,Not Deployed,0,0,0,309,6.6,6.6,7,6,6,3,0,8.58,1,0,0,0.0,0.41,0.4,-0.22,0.33,26.56,1.0,-0.11,Improving,Improving,Improving,0.518,52,MODERATE,Leave gap | Average duty hours,40 | 12,Increasing | Increasing,Consider leave/recovery review,Prolonged gap since last leave taken,synthetic-model-v1,2026-03-06 04:00:00,0
P0057,2026-01-01,22,1,UNIT-08,Command Officer,85,7.3,0.7,Day,0,7,0,1,2,Casual,1,7,Not Deployed,0,0,0,36,18.2,7.0,6,5,7,5,0,7.3,0,2,1,1.0,0.0,0.0,0.0,0.0,0.0,0.0,0.0,Stable,Stable,Stable,0.567,57,HIGH,Role difficulty,57,High,Routine monitoring,No significant risk indicators detected this period,synthetic-model-v1,2026-01-02 02:00:00,0
P0057,2026-01-08,22,1,UNIT-08,Command Officer,85,9.9,0.3,Day,0,7,0,0,0,None,0,14,Not Deployed,0,0,0,43,16.1,7.7,6,8,6,4,0,8.6,0,2,1,0.5,2.6,0.7,-1.0,3.0,7.0,0.0,2.2,Improving,Improving,Improving,0.588,59,HIGH,Average duty hours | Role difficulty,46 | 13,Increasing | High,Workload review,Duty hours elevated relative to personal baseline,synthetic-model-v1,2026-01-09 05:00:00,1
P0057,2026-01-15,22,1,UNIT-08,Command Officer,85,7.8,0.0,Day,0,6,0,0,0,None,0,21,Not Deployed,0,0,0,50,13.6,7.6,5,5,8,4,0,8.33,0,2,1,0.33,-0.8,0.25,1.5,-1.5,10.5,0.0,-1.3,Stable,Declining,Improving,0.62,62,HIGH,Mood decline | Role difficulty,38 | 24,Declining | High,Routine monitoring,No significant risk indicators detected this period,synthetic-model-v1,2026-01-16 02:00:00,0
P0057,2026-01-22,22,1,UNIT-08,Command Officer,85,7.9,0.8,Day,0,6,0,1,3,Medical,1,7,Not Deployed,0,0,0,57,14.0,7.4,6,5,8,6,0,8.22,0,5,2,0.5,-0.43,-0.03,1.0,-1.0,-7.0,0.0,0.03,Declining,Declining,Stable,0.472,47,MODERATE,Rising leave requests | Mood decline | Role difficulty | Fatigue level,15 | 12 | 11 | 9,Increasing | Declining | High | Increasing,Routine monitoring,No significant risk indicators detected this period,synthetic-model-v1,2026-01-23 05:00:00,0
P0057,2026-01-29,22,1,UNIT-08,Command Officer,85,6.9,0.2,Day,0,6,0,0,0,None,0,14,Not Deployed,0,0,0,64,15.0,7.4,5,6,7,4,0,8.12,0,3,1,0.25,-1.32,-0.02,-0.25,0.25,1.75,0.0,-1.58,Improving,Improving,Stable,0.626,63,HIGH,Role difficulty,63,High,Routine monitoring,No significant risk indicators detected this period,synthetic-model-v1,2026-01-30 05:00:00,0
P0057,2026-02-05,22,1,UNIT-08,Command Officer,85,6.3,0.0,Day,0,7,0,1,2,Casual,1,7,Not Deployed,0,0,0,71,13.3,7.5,7,6,6,3,0,7.22,0,5,2,0.5,-1.66,0.08,-1.2,0.2,-5.6,0.0,-2.06,Improving,Improving,Stable,0.401,40,MODERATE,Rising leave requests | Role difficulty,23 | 17,Increasing | High,Routine monitoring,No significant risk indicators detected this period,synthetic-model-v1,2026-02-06 01:00:00,0
P0057,2026-02-12,22,1,UNIT-08,Command Officer,85,7.1,1.6,Night,1,8,1,0,0,None,0,14,Not Deployed,0,0,0,78,14.9,7.5,7,6,6,4,0,7.05,1,5,2,0.5,-0.58,0.07,-1.0,0.17,2.33,1.0,0.68,Improving,Improving,Stable,0.46,46,MODERATE,Consecutive work days | Role difficulty,24 | 22,Increasing | High,Routine monitoring,No significant risk indicators detected this period,synthetic-model-v1,2026-02-13 02:00:00,0
P0057,2026-02-19,22,1,UNIT-08,Command Officer,85,7.8,0.2,Rotating,1,8,2,0,0,None,0,21,Not Deployed,0,0,0,85,11.0,6.6,6,6,6,4,0,7.02,2,2,1,0.25,0.2,-0.84,-0.86,0.14,9.0,0.86,-0.11,Declining,Stable,Declining,0.551,55,HIGH,Sleep decline | Consecutive work days | Role difficulty | Night-duty frequency | Average duty hours,17 | 13 | 13 | 10 | 2,Declining | Increasing | High | Increasing | Increasing,Wellness check-in focused on sleep and recovery,Sleep duration/quality declining from baseline,synthetic-model-v1,2026-02-20 02:00:00,1
P0057,2026-02-26,22,1,UNIT-08,Command Officer,85,9.9,1.1,Rotating,1,8,3,0,0,None,0,28,Not Deployed,0,0,0,92,11.4,7.1,5,5,7,5,0,7.78,3,2,1,0.25,2.28,-0.24,0.25,-0.88,14.88,0.75,2.9,Declining,Declining,Declining,0.626,63,HIGH,Average duty hours | Night-duty frequency | Consecutive work days | Role difficulty | Mood decline,26 | 13 | 8 | 8 | 7,Increasing | Increasing | Increasing | High | Declining,Workload review | Review night-duty schedule,Duty hours elevated relative to personal baseline | Frequent night shifts in the past 30 days,synthetic-model-v1,2026-02-27 05:00:00,0
P0057,2026-03-05,22,1,UNIT-08,Command Officer,85,7.5,0.4,Rotating,1,7,5,1,2,Medical,1,7,Not Deployed,0,0,0,99,11.9,7.6,4,6,7,4,0,8.07,4,2,1,0.25,-0.38,0.29,0.22,0.22,-7.78,0.67,-0.52,Declining,Declining,Improving,0.605,60,HIGH,Night-duty frequency | Role difficulty,43 | 18,Increasing | High,Review night-duty schedule,Frequent night shifts in the past 30 days,synthetic-model-v1,2026-03-06 04:00:00,0
P0058,2026-01-01,35,14,UNIT-10,Command Officer,85,7.5,0.0,Night,1,7,2,0,0,None,0,23,Not Deployed,0,0,0,577,17.9,6.2,7,8,4,3,0,7.5,1,0,0,0.0,0.0,0.0,0.0,0.0,0.0,0.0,0.0,Stable,Stable,Stable,0.42,42,MODERATE,Role difficulty | Sleep decline,27 | 15,High | Declining,Routine monitoring,No significant risk indicators detected this period,synthetic-model-v1,2026-01-02 01:00:00,1
P0058,2026-01-08,35,14,UNIT-10,Command Officer,85,7.6,0.9,Night,1,7,4,0,0,None,0,30,Not Deployed,0,0,0,584,17.1,4.8,7,7,5,4,0,7.55,2,0,0,0.0,0.1,-1.4,1.0,-1.0,7.0,0.0,1.0,Declining,Declining,Declining,0.478,48,MODERATE,Sleep decline | Mood decline | Role difficulty | Night-duty frequency | Leave gap,24 | 7 | 7 | 5 | 4,Declining | Declining | High | Increasing | Increasing,Wellness check-in focused on sleep and recovery,Sleep duration/quality declining from baseline,synthetic-model-v1,2026-01-09 05:00:00,1
P0058,2026-01-15,35,14,UNIT-10,Command Officer,85,8.7,0.8,Night,1,8,6,0,0,None,0,37,Not Deployed,0,0,0,591,14.1,6.2,5,6,7,5,0,7.93,3,0,0,0.0,1.15,0.7,2.5,-1.5,10.5,0.0,1.5,Declining,Declining,Stable,0.728,73,HIGH,Night-duty frequency | Leave gap | Mood decline | Average duty hours | Consecutive work days,17 | 17 | 17 | 12 | 11,Increasing | Increasing | Declining | Increasing | Increasing,Workload review | Review night-duty schedule | Consider leave/recovery review,Duty hours elevated relative to personal baseline | Frequent night shifts in the past 30 days | Prolonged gap since last leave taken,synthetic-model-v1,2026-01-16 02:00:00,0
P0058,2026-01-22,35,14,UNIT-10,Command Officer,85,7.5,0.9,Night,1,7,7,0,0,None,0,44,Not Deployed,0,0,0,598,10.5,5.6,5,5,7,5,0,7.82,4,0,0,0.0,-0.43,-0.13,1.67,-2.0,14.0,0.0,-0.1,Declining,Declining,Improving,0.665,66,HIGH,Leave gap | Night-duty frequency | Mood decline | Role difficulty | Sleep decline,19 | 18 | 16 | 7 | 7,Increasing | Increasing | Declining | High | Declining,Review night-duty schedule | Consider leave/recovery review | Wellness check-in focused on sleep and recovery,Frequent night shifts in the past 30 days | Prolonged gap since last leave taken | Sleep duration/quality declining from baseline,synthetic-model-v1,2026-01-23 02:00:00,0
P0058,2026-01-29,35,14,UNIT-10,Command Officer,85,6.2,0.6,Rotating,0,7,0,0,0,None,0,51,Not Deployed,0,0,0,605,9.5,6.5,7,7,6,3,0,7.5,3,0,0,0.0,-1.62,0.8,0.25,0.5,17.5,-1.0,-1.67,Improving,Improving,Stable,0.538,54,MODERATE,Leave gap | Night-duty frequency | Role difficulty,31 | 14 | 9,Increasing | Increasing | High,Review night-duty schedule | Consider leave/recovery review,Frequent night shifts in the past 30 days | Prolonged gap since last leave taken,synthetic-model-v1,2026-01-30 01:00:00,1
P0058,2026-02-05,35,14,UNIT-10,Command Officer,85,6.5,0.4,Rotating,0,8,0,1,3,Medical,1,7,Not Deployed,0,0,0,612,9.7,5.9,7,5,6,4,0,7.22,2,3,1,0.25,-1.0,0.04,0.2,-1.6,-30.0,-0.8,-1.24,Improving,Improving,Improving,0.554,55,HIGH,Mood decline | Consecutive work days | Role difficulty | Night-duty frequency | Sleep decline,19 | 12 | 11 | 9 | 6,Declining | Increasing | High | Increasing | Declining,Wellness check-in focused on sleep and recovery,Sleep duration/quality declining from baseline,synthetic-model-v1,2026-02-06 01:00:00,0
P0058,2026-02-12,35,14,UNIT-10,Command Officer,85,5.6,0.0,Rotating,1,9,1,0,0,None,0,14,Not Deployed,0,0,0,619,8.3,5.0,6,7,6,5,0,6.45,2,3,1,0.25,-1.73,-0.87,0.17,0.67,-18.0,0.33,-2.33,Declining,Stable,Declining,0.478,48,MODERATE,Sleep decline | Consecutive work days | Role difficulty | Night-duty frequency,21 | 13 | 8 | 6,Declining | Increasing | High | Increasing,Wellness check-in focused on sleep and recovery,Sleep duration/quality declining from baseline,synthetic-model-v1,2026-02-13 03:00:00,0
P0058,2026-02-19,35,14,UNIT-10,Command Officer,85,7.6,0.2,Rotating,1,8,3,0,0,None,0,21,Not Deployed,0,0,0,626,7.8,5.6,5,6,6,5,0,6.48,2,3,1,0.25,0.51,-0.14,0.14,-0.43,-8.43,0.29,0.2,Declining,Stable,Declining,0.71,71,HIGH,Consecutive work days | Role difficulty | Sleep decline | Night-duty frequency | Mood decline,18 | 17 | 16 | 13 | 8,Increasing | High | Declining | Increasing | Declining,Wellness check-in focused on sleep and recovery,Sleep duration/quality declining from baseline,synthetic-model-v1,2026-02-20 01:00:00,0
P0058,2026-02-26,35,14,UNIT-10,Command Officer,85,7.7,1.3,Rotating,0,8,0,0,0,None,0,28,Not Deployed,0,0,0,633,10.2,6.2,7,7,5,4,0,6.85,2,3,1,0.25,0.55,0.48,-0.88,0.62,-0.38,-0.75,1.38,Improving,Improving,Improving,0.381,38,MODERATE,Consecutive work days | Role difficulty | Night-duty frequency | Leave gap | Sleep decline,10 | 10 | 8 | 5 | 5,Increasing | High | Increasing | Increasing | Declining,Routine monitoring,No significant risk indicators detected this period,synthetic-model-v1,2026-02-27 01:00:00,0
P0058,2026-03-05,35,14,UNIT-10,Command Officer,85,7.6,0.3,Rotating,0,7,0,0,0,None,0,35,Not Deployed,0,0,0,640,12.2,5.6,6,7,5,4,0,7.12,2,0,0,0.0,0.39,-0.18,-0.78,0.56,6.67,-0.67,0.12,Improving,Improving,Stable,0.492,49,MODERATE,Leave gap | Sleep decline | Role difficulty | Night-duty frequency | Average duty hours,15 | 11 | 11 | 9 | 3,Increasing | Declining | High | Increasing | Increasing,Wellness check-in focused on sleep and recovery,Sleep duration/quality declining from baseline,synthetic-model-v1,2026-03-06 04:00:00,0
P0059,2026-01-01,29,7,UNIT-03,Field Officer,55,9.1,1.1,Day,0,5,0,1,4,Casual,1,7,Not Deployed,0,0,0,409,14.8,7.3,7,8,5,4,0,9.1,0,4,1,1.0,0.0,0.0,0.0,0.0,0.0,0.0,0.0,Stable,Stable,Stable,0.424,42,MODERATE,Average duty hours,42,Increasing,Routine monitoring,No significant risk indicators detected this period,synthetic-model-v1,2026-01-02 02:00:00,1
P0059,2026-01-08,29,7,UNIT-03,Field Officer,55,7.7,0.0,Day,0,6,0,0,0,None,0,14,Not Deployed,0,0,0,416,16.1,6.6,5,6,6,4,0,8.4,0,4,1,0.5,-1.4,-0.7,1.0,-2.0,7.0,0.0,-2.5,Declining,Declining,Declining,0.474,47,MODERATE,Mood decline | Sleep decline,31 | 16,Declining | Declining,Wellness check-in focused on sleep and recovery,Sleep duration/quality declining from baseline,synthetic-model-v1,2026-01-09 04:00:00,1
P0059,2026-01-15,29,7,UNIT-03,Field Officer,55,8.2,0.0,Day,0,7,0,0,0,None,0,21,Not Deployed,0,0,0,423,12.7,7.4,7,7,6,4,0,8.33,0,4,1,0.33,-0.2,0.45,0.5,0.0,10.5,0.0,-0.75,Declining,Declining,Stable,0.442,44,MODERATE,Overall workload,44,Stable,Routine monitoring,No significant risk indicators detected this period,synthetic-model-v1,2026-01-16 05:00:00,1
P0059,2026-01-22,29,7,UNIT-03,Field Officer,55,8.5,0.1,Night,1,6,2,1,4,Earned,1,7,Deployed,7,1,0,430,59.5,6.5,7,6,6,4,0,8.38,1,8,2,0.5,0.17,-0.6,0.33,-1.0,-7.0,1.0,-0.1,Improving,Stable,Stable,0.478,48,MODERATE,Deployment hardship | Recent deployment | Rising leave requests | Mood decline | Sleep decline,14 | 11 | 9 | 7 | 7,High | Increasing | Increasing | Declining | Declining,Wellness check-in focused on sleep and recovery | Review deployment welfare support,Sleep duration/quality declining from baseline | High deployment hardship score,synthetic-model-v1,2026-01-23 01:00:00,1
P0059,2026-01-29,29,7,UNIT-03,Field Officer,55,8.7,1.3,Night,1,7,4,0,0,None,0,14,Deployed,14,0,0,437,65.5,6.9,5,5,7,5,0,8.27,2,4,1,0.25,0.32,-0.05,1.25,-1.75,1.75,0.75,1.33,Declining,Declining,Declining,0.694,69,HIGH,Deployment hardship | Mood decline | Night-duty frequency | Average duty hours,30 | 24 | 10 | 6,High | Declining | Increasing | Increasing,Review deployment welfare support,High deployment hardship score,synthetic-model-v1,2026-01-30 04:00:00,1
P0059,2026-02-05,29,7,UNIT-03,Field Officer,55,8.5,0.0,Night,1,7,6,0,0,None,0,21,Deployed,21,0,0,444,61.9,6.9,6,6,8,5,0,8.48,3,4,1,0.25,0.06,-0.04,2.0,-0.4,8.4,0.6,-0.44,Declining,Declining,Improving,0.537,54,MODERATE,Deployment hardship | Night-duty frequency | Mood decline | Average duty hours,27 | 20 | 5 | 1,High | Increasing | Declining | Increasing,Review night-duty schedule | Review deployment welfare support,Frequent night shifts in the past 30 days | High deployment hardship score,synthetic-model-v1,2026-02-06 01:00:00,0
P0059,2026-02-12,29,7,UNIT-03,Field Officer,55,8.0,0.8,Rotating,0,7,0,0,0,None,0,28,Deployed,28,0,0,451,69.7,7.3,6,5,8,4,0,8.43,3,4,1,0.25,-0.45,0.37,1.67,-1.33,14.0,-0.5,-0.07,Improving,Declining,Improving,0.697,70,HIGH,Deployment hardship | Night-duty frequency | Mood decline | Leave gap,30 | 18 | 16 | 6,High | Increasing | Declining | Increasing,Review night-duty schedule | Review deployment welfare support,Frequent night shifts in the past 30 days | High deployment hardship score,synthetic-model-v1,2026-02-13 04:00:00,1
P0059,2026-02-19,29,7,UNIT-03,Field Officer,55,9.5,0.2,Rotating,0,8,0,0,0,None,0,35,Deployed,35,0,0,458,61.4,7.1,5,5,8,5,0,8.68,2,0,0,0.0,1.11,0.11,1.43,-1.14,19.0,-0.43,0.84,Declining,Stable,Stable,0.701,70,HIGH,Deployment hardship | Average duty hours | Leave gap | Mood decline | Consecutive work days,19 | 18 | 12 | 11 | 10,High | Increasing | Increasing | Declining | Increasing,Workload review | Review deployment welfare support,Duty hours elevated relative to personal baseline | High deployment hardship score,synthetic-model-v1,2026-02-20 02:00:00,1
P0059,2026-02-26,29,7,UNIT-03,Field Officer,55,8.9,0.8,Rotating,0,8,0,0,0,None,0,42,Deployed,42,0,0,465,58.6,6.8,5,3,9,5,0,8.72,1,0,0,0.0,0.38,-0.2,2.25,-3.0,23.62,-0.38,0.74,Declining,Declining,Declining,0.647,65,HIGH,Mood decline | Leave gap | Deployment hardship | Consecutive work days | Average duty hours,23 | 16 | 13 | 8 | 5,Declining | Increasing | High | Increasing | Increasing,Consider leave/recovery review | Review deployment welfare support,Prolonged gap since last leave taken | High deployment hardship score,synthetic-model-v1,2026-02-27 01:00:00,1
P0059,2026-03-05,29,7,UNIT-03,Field Officer,55,9.6,0.0,Rotating,1,9,2,0,0,None,0,49,Deployed,49,0,0,472,59.5,6.8,4,4,9,6,0,9.0,1,0,0,0.0,1.03,-0.18,2.0,-1.67,28.0,0.67,0.56,Declining,Declining,Stable,0.755,76,HIGH,Leave gap | Average duty hours | Deployment hardship | Mood decline | Consecutive work days,23 | 14 | 14 | 13 | 11,Increasing | Increasing | High | Declining | Increasing,Workload review | Consider leave/recovery review | Review deployment welfare support,Duty hours elevated relative to personal baseline | Prolonged gap since last leave taken | High deployment hardship score,synthetic-model-v1,2026-03-06 02:00:00,1
P0060,2026-01-01,22,1,UNIT-07,Senior Officer,70,7.9,0.0,Night,1,5,1,0,0,None,0,32,Not Deployed,0,0,0,415,16.2,5.7,5,6,6,4,0,7.9,1,0,0,0.0,0.0,0.0,0.0,0.0,0.0,0.0,0.0,Stable,Stable,Stable,0.481,48,MODERATE,Leave gap | Sleep decline | Role difficulty,23 | 16 | 10,Increasing | Declining | High,Wellness check-in focused on sleep and recovery,Sleep duration/quality declining from baseline,synthetic-model-v1,2026-01-02 02:00:00,1
P0060,2026-01-08,22,1,UNIT-07,Senior Officer,70,7.7,0.3,Night,1,6,3,0,0,None,0,39,Not Deployed,0,0,0,422,16.0,6.0,6,5,7,4,0,7.8,2,0,0,0.0,-0.2,0.3,1.0,-1.0,7.0,0.0,0.1,Stable,Declining,Stable,0.443,44,MODERATE,Leave gap | Mood decline | Night-duty frequency | Sleep decline | Role difficulty,18 | 10 | 8 | 5 | 4,Increasing | Declining | Increasing | Declining | High,Consider leave/recovery review,Prolonged gap since last leave taken,synthetic-model-v1,2026-01-09 04:00:00,0
P0060,2026-01-15,22,1,UNIT-07,Senior Officer,70,8.8,0.7,Night,1,7,5,0,0,None,0,46,Not Deployed,0,0,0,429,13.6,6.2,5,7,7,5,0,8.13,3,0,0,0.0,1.0,0.35,0.5,1.5,10.5,0.0,1.55,Stable,Declining,Improving,0.516,52,MODERATE,Leave gap | Night-duty frequency | Average duty hours | Sleep decline | Role difficulty,22 | 13 | 9 | 4 | 3,Increasing | Increasing | Increasing | Declining | High,Review night-duty schedule | Consider leave/recovery review,Frequent night shifts in the past 30 days | Prolonged gap since last leave taken,synthetic-model-v1,2026-01-16 04:00:00,0
P0060,2026-01-22,22,1,UNIT-07,Senior Officer,70,7.7,1.9,Night,1,6,7,0,0,None,0,53,Not Deployed,0,0,1,0,10.1,6.6,6,6,7,5,0,8.02,4,0,0,0.0,-0.43,0.63,0.33,0.0,14.0,0.0,1.13,Stable,Stable,Improving,0.661,66,HIGH,Leave gap | Night-duty frequency | Recent transfer | Role difficulty,31 | 20 | 11 | 3,Increasing | Increasing | Increasing | High,Review night-duty schedule | Consider leave/recovery review,Frequent night shifts in the past 30 days | Prolonged gap since last leave taken,synthetic-model-v1,2026-01-23 04:00:00,1
P0060,2026-01-29,22,1,UNIT-07,Senior Officer,70,7.4,0.3,Day,0,6,0,0,0,None,0,60,Not Deployed,0,0,0,7,8.8,6.0,6,6,7,5,0,7.9,3,0,0,0.0,-0.62,-0.12,0.25,0.0,17.5,-1.0,-1.05,Stable,Stable,Stable,0.651,65,HIGH,Leave gap | Night-duty frequency | Sleep decline | Role difficulty,42 | 14 | 5 | 4,Increasing | Increasing | Declining | High,Review night-duty schedule | Consider leave/recovery review,Frequent night shifts in the past 30 days | Prolonged gap since last leave taken,synthetic-model-v1,2026-01-30 01:00:00,1
P0060,2026-02-05,22,1,UNIT-07,Senior Officer,70,8.4,0.0,Day,0,7,0,1,2,Earned,1,7,Not Deployed,0,0,0,14,11.3,5.9,5,6,7,5,0,8.07,2,2,1,0.25,0.5,-0.2,0.2,0.0,-39.0,-0.8,-0.14,Declining,Stable,Declining,0.586,59,HIGH,Night-duty frequency | Sleep decline | Average duty hours | Role difficulty,20 | 20 | 10 | 10,Increasing | Declining | Increasing | High,Wellness check-in focused on sleep and recovery,Sleep duration/quality declining from baseline,synthetic-model-v1,2026-02-06 05:00:00,1
P0060,2026-02-12,22,1,UNIT-07,Senior Officer,70,7.6,1.3,Day,0,8,0,0,0,None,0,14,Not Deployed,0,0,0,21,11.8,6.3,4,5,8,5,0,7.78,1,2,1,0.25,-0.38,0.23,1.17,-1.0,-25.5,-0.67,0.38,Declining,Declining,Stable,0.549,55,HIGH,Mood decline | Consecutive work days | Sleep decline | Role difficulty,19 | 19 | 10 | 7,Declining | Increasing | Declining | High,Routine monitoring,No significant risk indicators detected this period,synthetic-model-v1,2026-02-13 03:00:00,1
P0060,2026-02-19,22,1,UNIT-07,Senior Officer,70,7.9,0.8,Day,0,9,0,0,0,None,0,21,Not Deployed,0,0,0,28,14.9,5.7,4,4,9,7,0,7.82,0,2,1,0.25,-0.03,-0.4,2.0,-1.86,-14.86,-0.57,0.13,Declining,Declining,Stable,0.659,66,HIGH,Mood decline | Fatigue level | Consecutive work days | Sleep decline | Role difficulty,19 | 15 | 15 | 12 | 4,Declining | Increasing | Increasing | Declining | High,Wellness check-in focused on sleep and recovery,Sleep duration/quality declining from baseline,synthetic-model-v1,2026-02-20 01:00:00,0
P0060,2026-02-26,22,1,UNIT-07,Senior Officer,70,7.8,0.4,Day,0,9,0,0,0,None,0,28,Not Deployed,0,0,0,35,12.4,6.3,5,5,8,6,0,7.92,0,2,1,0.25,-0.13,0.25,0.75,-0.62,-6.0,-0.5,-0.39,Stable,Stable,Stable,0.58,58,HIGH,Consecutive work days | Fatigue level | Mood decline | Leave gap | Sleep decline,22 | 11 | 9 | 7 | 7,Increasing | Increasing | Declining | Increasing | Declining,Routine monitoring,No significant risk indicators detected this period,synthetic-model-v1,2026-02-27 05:00:00,1
P0060,2026-03-05,22,1,UNIT-07,Senior Officer,70,7.4,0.1,Night,1,9,2,0,0,None,0,35,Not Deployed,0,0,0,42,13.2,5.3,3,3,8,6,0,7.68,1,0,0,0.0,-0.51,-0.78,0.67,-2.56,1.67,0.56,-1.04,Declining,Improving,Declining,0.483,48,MODERATE,Mood decline | Sleep decline | Consecutive work days | Leave gap | Fatigue level,15 | 12 | 9 | 7 | 4,Declining | Declining | Increasing | Increasing | Increasing,Wellness check-in focused on sleep and recovery,Sleep duration/quality declining from baseline,synthetic-model-v1,2026-03-06 04:00:00,1
P0061,2026-01-01,36,7,UNIT-07,Junior Officer,40,7.6,0.0,Rotating,1,4,2,1,2,Medical,1,7,Not Deployed,0,0,0,103,22.0,7.2,7,7,5,4,0,7.6,1,2,1,1.0,0.0,0.0,0.0,0.0,0.0,0.0,0.0,Stable,Stable,Stable,0.454,45,MODERATE,Overall workload,45,Stable,Routine monitoring,No significant risk indicators detected this period,synthetic-model-v1,2026-01-02 01:00:00,1
P0061,2026-01-08,36,7,UNIT-07,Junior Officer,40,8.5,0.0,Night,1,4,4,0,0,None,0,14,Not Deployed,0,0,0,110,18.2,6.5,6,6,7,5,0,8.05,2,2,1,0.5,0.9,-0.7,2.0,-1.0,7.0,0.0,0.9,Declining,Declining,Declining,0.623,62,HIGH,Sleep decline | Mood decline | Night-duty frequency | Average duty hours,19 | 18 | 13 | 12,Declining | Declining | Increasing | Increasing,Wellness check-in focused on sleep and recovery,Sleep duration/quality declining from baseline,synthetic-model-v1,2026-01-09 03:00:00,1
P0061,2026-01-15,36,7,UNIT-07,Junior Officer,40,8.5,0.1,Night,1,5,5,0,0,None,0,21,Not Deployed,0,0,0,117,16.1,5.6,6,3,8,5,0,8.2,3,2,1,0.33,0.45,-1.25,2.0,-3.5,10.5,0.0,0.55,Declining,Declining,Declining,0.634,63,HIGH,Mood decline | Sleep decline | Night-duty frequency | Average duty hours,28 | 20 | 12 | 3,Declining | Declining | Increasing | Increasing,Review night-duty schedule | Wellness check-in focused on sleep and recovery,Frequent night shifts in the past 30 days | Sleep duration/quality declining from baseline,synthetic-model-v1,2026-01-16 05:00:00,0
P0061,2026-01-22,36,7,UNIT-07,Junior Officer,40,8.2,0.2,Night,1,5,6,0,0,None,0,28,Not Deployed,0,0,0,124,13.7,6.0,5,6,7,5,0,8.2,4,2,1,0.25,-0.0,-0.43,0.33,0.67,14.0,0.0,0.17,Declining,Stable,Declining,0.718,72,HIGH,Night-duty frequency | Sleep decline | Leave gap,43 | 19 | 10,Increasing | Declining | Increasing,Review night-duty schedule | Wellness check-in focused on sleep and recovery,Frequent night shifts in the past 30 days | Sleep duration/quality declining from baseline,synthetic-model-v1,2026-01-23 04:00:00,1
P0061,2026-01-29,36,7,UNIT-07,Junior Officer,40,8.0,0.4,Day,0,6,0,0,0,None,0,35,Deployed,7,1,0,131,37.3,7.4,5,4,8,4,0,8.3,3,0,0,0.0,-0.2,1.08,1.25,-1.5,17.5,-1.0,0.12,Improving,Stable,Improving,0.502,50,MODERATE,Night-duty frequency | Mood decline | Recent deployment | Leave gap | Deployment hardship,12 | 12 | 12 | 10 | 4,Increasing | Declining | Increasing | Increasing | High,Review night-duty schedule,Frequent night shifts in the past 30 days,synthetic-model-v1,2026-01-30 01:00:00,1
P0061,2026-02-05,36,7,UNIT-07,Junior Officer,40,8.9,0.0,Day,0,6,0,0,0,None,0,42,Deployed,14,0,0,138,47.6,6.3,4,4,8,5,0,8.4,2,0,0,0.0,0.74,-0.24,1.0,-1.2,21.0,-0.8,0.6,Declining,Declining,Stable,0.583,58,HIGH,Leave gap | Mood decline | Deployment hardship | Average duty hours | Night-duty frequency,20 | 11 | 10 | 9 | 7,Increasing | Declining | High | Increasing | Increasing,Consider leave/recovery review,Prolonged gap since last leave taken,synthetic-model-v1,2026-02-06 04:00:00,1
P0061,2026-02-12,36,7,UNIT-07,Junior Officer,40,8.3,0.0,Night,1,7,2,1,1,Emergency,1,7,Deployed,21,0,0,145,49.6,6.7,6,6,9,6,0,8.35,2,1,1,0.25,0.02,0.2,1.83,1.0,-17.5,0.33,-0.1,Improving,Declining,Declining,0.669,67,HIGH,Deployment hardship | Night-duty frequency | Fatigue level | Average duty hours,30 | 18 | 18 | 1,High | Increasing | Increasing | Increasing,Routine monitoring,No significant risk indicators detected this period,synthetic-model-v1,2026-02-13 01:00:00,0
P0061,2026-02-19,36,7,UNIT-07,Junior Officer,40,8.7,0.0,Night,1,6,4,0,0,None,0,14,Deployed,28,0,0,152,46.4,6.7,6,4,9,6,0,8.48,2,1,1,0.25,0.41,0.17,1.57,-1.14,-8.0,0.29,0.31,Improving,Declining,Improving,0.684,68,HIGH,Mood decline | Deployment hardship | Night-duty frequency | Fatigue level | Average duty hours,19 | 17 | 12 | 12 | 8,Declining | High | Increasing | Increasing | Increasing,Routine monitoring,No significant risk indicators detected this period,synthetic-model-v1,2026-02-20 02:00:00,1
P0061,2026-02-26,36,7,UNIT-07,Junior Officer,40,7.5,0.1,Day,0,6,0,0,0,None,0,21,Deployed,35,0,0,159,51.5,5.9,4,5,10,7,0,8.35,2,1,1,0.25,-0.84,-0.65,2.38,0.0,0.0,-0.75,-0.83,Declining,Declining,Declining,0.575,57,HIGH,Fatigue level | Sleep decline | Deployment hardship | Night-duty frequency,17 | 16 | 15 | 9,Increasing | Declining | High | Increasing,Wellness check-in focused on sleep and recovery,Sleep duration/quality declining from baseline,synthetic-model-v1,2026-02-27 01:00:00,0
P0061,2026-03-05,36,7,UNIT-07,Junior Officer,40,8.0,1.0,Day,0,6,0,0,0,None,0,28,Not Deployed,0,0,0,166,35.0,6.4,5,3,10,6,0,8.12,2,1,1,0.25,-0.24,-0.08,2.11,-2.0,7.0,-0.67,0.67,Declining,Declining,Stable,0.723,72,HIGH,Mood decline | Night-duty frequency | Fatigue level | Leave gap | Sleep decline,32 | 12 | 12 | 8 | 8,Declining | Increasing | Increasing | Increasing | Declining,Routine monitoring,No significant risk indicators detected this period,synthetic-model-v1,2026-03-06 04:00:00,1
P0062,2026-01-01,22,1,UNIT-01,Junior Officer,40,8.5,1.7,Rotating,0,6,0,0,0,None,0,35,Not Deployed,0,0,0,179,8.1,7.4,7,9,3,2,0,8.5,0,0,0,0.0,0.0,0.0,0.0,0.0,0.0,0.0,0.0,Stable,Stable,Stable,0.348,35,MODERATE,Leave gap,35,Increasing,Routine monitoring,No significant risk indicators detected this period,synthetic-model-v1,2026-01-02 05:00:00,0
P0062,2026-01-08,22,1,UNIT-01,Junior Officer,40,8.5,0.0,Rotating,1,6,2,0,0,None,0,42,Not Deployed,0,0,0,186,8.9,6.8,7,7,4,3,0,8.5,1,0,0,0.0,0.0,-0.6,1.0,-2.0,7.0,1.0,-1.7,Declining,Declining,Declining,0.246,25,LOW,Leave gap | Mood decline | Sleep decline,10 | 10 | 4,Increasing | Declining | Declining,Consider leave/recovery review | Wellness check-in focused on sleep and recovery,Prolonged gap since last leave taken | Sleep duration/quality declining from baseline,synthetic-model-v1,2026-01-09 01:00:00,0
P0062,2026-01-15,22,1,UNIT-01,Junior Officer,40,9.7,0.8,Day,0,7,0,1,3,Casual,1,7,Not Deployed,0,0,0,193,9.3,7.2,8,9,3,3,0,8.9,1,3,1,0.33,1.2,0.1,-0.5,1.0,-31.5,-0.5,1.15,Stable,Stable,Stable,0.364,36,MODERATE,Average duty hours,36,Increasing,Workload review,Duty hours elevated relative to personal baseline,synthetic-model-v1,2026-01-16 04:00:00,0
P0062,2026-01-22,22,1,UNIT-01,Junior Officer,40,8.4,0.0,Day,0,6,0,0,0,None,0,14,Not Deployed,0,0,0,200,14.2,7.4,8,7,4,2,0,8.78,1,3,1,0.25,-0.5,0.27,0.67,-1.33,-14.0,-0.33,-1.33,Improving,Stable,Improving,0.297,30,MODERATE,Mood decline,30,Declining,Routine monitoring,No significant risk indicators detected this period,synthetic-model-v1,2026-01-23 02:00:00,0
P0062,2026-01-29,22,1,UNIT-01,Junior Officer,40,9.3,2.1,Day,0,5,0,0,0,None,0,21,Not Deployed,0,0,0,207,18.0,6.9,9,9,2,1,0,8.98,1,3,1,0.25,0.53,-0.3,-1.5,1.0,-3.5,-0.25,2.0,Improving,Improving,Stable,0.265,26,LOW,Average duty hours | Sleep decline,19 | 8,Increasing | Declining,Routine monitoring,No significant risk indicators detected this period,synthetic-model-v1,2026-01-30 04:00:00,1
P0062,2026-02-05,22,1,UNIT-01,Junior Officer,40,8.5,0.0,Day,0,5,0,0,0,None,0,28,Not Deployed,0,0,0,214,13.2,7.1,8,8,3,3,0,8.98,0,3,1,0.25,-0.38,-0.04,-0.2,-0.2,4.2,-0.2,-1.3,Stable,Improving,Declining,0.253,25,LOW,Leave gap,25,Increasing,Routine monitoring,No significant risk indicators detected this period,synthetic-model-v1,2026-02-06 01:00:00,0
P0062,2026-02-12,22,1,UNIT-01,Junior Officer,40,8.5,0.9,Day,0,5,0,0,0,None,0,35,Not Deployed,0,0,0,221,12.2,6.5,8,8,4,3,0,8.68,0,0,0,0.0,-0.32,-0.63,0.83,-0.17,10.5,-0.17,-0.18,Declining,Declining,Declining,0.438,44,MODERATE,Leave gap | Sleep decline,25 | 19,Increasing | Declining,Wellness check-in focused on sleep and recovery,Sleep duration/quality declining from baseline,synthetic-model-v1,2026-02-13 02:00:00,0
P0062,2026-02-19,22,1,UNIT-01,Junior Officer,40,9.0,1.6,Day,0,4,0,0,0,None,0,42,Not Deployed,0,0,0,228,10.7,7.5,8,7,4,3,0,8.82,0,0,0,0.0,0.23,0.46,0.71,-1.14,16.0,-0.14,1.04,Declining,Declining,Improving,0.552,55,HIGH,Leave gap | Mood decline | Average duty hours,30 | 16 | 9,Increasing | Declining | Increasing,Consider leave/recovery review,Prolonged gap since last leave taken,synthetic-model-v1,2026-02-20 02:00:00,0
P0062,2026-02-26,22,1,UNIT-01,Junior Officer,40,8.9,2.6,Day,0,4,0,0,0,None,0,49,Not Deployed,0,0,0,235,14.6,6.7,7,7,4,3,0,8.72,0,0,0,0.0,0.1,-0.4,0.62,-1.0,21.0,-0.12,1.81,Declining,Stable,Stable,0.441,44,MODERATE,Leave gap | Mood decline | Sleep decline | Average duty hours,26 | 9 | 5 | 4,Increasing | Declining | Declining | Increasing,Consider leave/recovery review | Wellness check-in focused on sleep and recovery,Prolonged gap since last leave taken | Sleep duration/quality declining from baseline,synthetic-model-v1,2026-02-27 05:00:00,0
P0062,2026-03-05,22,1,UNIT-01,Junior Officer,40,8.5,1.2,Day,0,5,0,0,0,None,0,56,Not Deployed,0,0,0,242,14.1,7.2,8,8,4,3,0,8.72,0,0,0,0.0,-0.31,0.14,0.56,0.11,25.67,-0.11,-0.19,Improving,Stable,Stable,0.249,25,LOW,Leave gap,25,Increasing,Consider leave/recovery review,Prolonged gap since last leave taken,synthetic-model-v1,2026-03-06 01:00:00,0
P0063,2026-01-01,35,7,UNIT-07,Command Officer,85,9.8,1.4,Day,0,5,0,0,0,None,0,26,Not Deployed,0,0,0,754,7.8,4.6,7,6,6,5,0,9.8,0,0,0,0.0,0.0,0.0,0.0,0.0,0.0,0.0,0.0,Stable,Stable,Stable,0.542,54,MODERATE,Sleep decline | Average duty hours | Role difficulty | Leave gap,19 | 17 | 12 | 7,Declining | Increasing | High | Increasing,Workload review | Wellness check-in focused on sleep and recovery,Duty hours elevated relative to personal baseline | Sleep duration/quality declining from baseline,synthetic-model-v1,2026-01-02 03:00:00,0
P0063,2026-01-08,35,7,UNIT-07,Command Officer,85,9.6,2.1,Night,1,4,1,0,0,None,0,33,Not Deployed,0,0,0,761,10.6,5.4,6,6,6,4,0,9.7,1,0,0,0.0,-0.2,0.8,0.0,0.0,7.0,1.0,0.5,Stable,Stable,Improving,0.482,48,MODERATE,Average duty hours | Leave gap | Role difficulty | Sleep decline,14 | 12 | 12 | 10,Increasing | Increasing | High | Declining,Workload review | Wellness check-in focused on sleep and recovery,Duty hours elevated relative to personal baseline | Sleep duration/quality declining from baseline,synthetic-model-v1,2026-01-09 01:00:00,0
P0063,2026-01-15,35,7,UNIT-07,Command Officer,85,10.2,1.2,Day,0,3,0,0,0,None,0,40,Not Deployed,0,0,0,768,11.7,6.0,6,6,7,5,0,9.87,1,0,0,0.0,0.5,1.0,1.0,0.0,10.5,-0.5,-0.05,Declining,Declining,Improving,0.485,48,MODERATE,Average duty hours | Leave gap | Role difficulty | Sleep decline,19 | 17 | 8 | 5,Increasing | Increasing | High | Declining,Workload review | Consider leave/recovery review,Duty hours elevated relative to personal baseline | Prolonged gap since last leave taken,synthetic-model-v1,2026-01-16 03:00:00,0
P0063,2026-01-22,35,7,UNIT-07,Command Officer,85,10.1,0.1,Day,0,2,0,0,0,None,0,47,Not Deployed,0,0,0,775,11.7,5.6,5,6,7,5,0,9.92,1,0,0,0.0,0.23,0.27,0.67,0.0,14.0,-0.33,-1.23,Declining,Declining,Stable,0.612,61,HIGH,Leave gap | Average duty hours | Role difficulty | Sleep decline,27 | 18 | 9 | 7,Increasing | Increasing | High | Declining,Workload review | Consider leave/recovery review | Wellness check-in focused on sleep and recovery,Duty hours elevated relative to personal baseline | Prolonged gap since last leave taken | Sleep duration/quality declining from baseline,synthetic-model-v1,2026-01-23 04:00:00,1
P0063,2026-01-29,35,7,UNIT-07,Command Officer,85,10.2,0.2,Day,0,2,0,0,0,None,0,54,Deployed,7,1,0,782,48.4,6.7,7,6,6,4,0,10.02,1,0,0,0.0,0.28,1.3,-0.5,0.0,17.5,-0.25,-0.73,Improving,Improving,Improving,0.64,64,HIGH,Leave gap | Average duty hours | Recent deployment | Deployment hardship | Role difficulty,25 | 13 | 11 | 8 | 7,Increasing | Increasing | Increasing | High | High,Workload review | Consider leave/recovery review,Duty hours elevated relative to personal baseline | Prolonged gap since last leave taken,synthetic-model-v1,2026-01-30 04:00:00,1
P0063,2026-02-05,35,7,UNIT-07,Command Officer,85,10.1,0.9,Day,0,3,0,1,2,Medical,0,61,Deployed,14,0,0,789,72.7,5.3,6,8,6,5,0,10.15,0,2,1,0.25,0.12,-0.36,-0.4,2.0,21.0,-0.2,0.02,Improving,Improving,Stable,0.57,57,HIGH,Leave gap | Deployment hardship | Average duty hours | Sleep decline | Role difficulty,19 | 15 | 10 | 8 | 5,Increasing | High | Increasing | Declining | High,Workload review | Consider leave/recovery review | Wellness check-in focused on sleep and recovery | Review deployment welfare support,Duty hours elevated relative to personal baseline | Prolonged gap since last leave taken | Sleep duration/quality declining from baseline | High deployment hardship score,synthetic-model-v1,2026-02-06 01:00:00,0
P0063,2026-02-12,35,7,UNIT-07,Command Officer,85,10.4,1.7,Day,0,3,0,1,1,Emergency,1,7,Deployed,21,0,0,796,85.6,5.5,6,7,6,5,0,10.2,0,3,2,0.5,0.4,-0.1,-0.33,0.67,-36.5,-0.17,1.12,Declining,Stable,Declining,0.459,46,MODERATE,Deployment hardship | Average duty hours | Rising leave requests | Role difficulty | Sleep decline,18 | 12 | 7 | 5 | 5,High | Increasing | Increasing | High | Declining,Workload review | Wellness check-in focused on sleep and recovery | Review deployment welfare support,Duty hours elevated relative to personal baseline | Sleep duration/quality declining from baseline | High deployment hardship score,synthetic-model-v1,2026-02-13 04:00:00,0
P0063,2026-02-19,35,7,UNIT-07,Command Officer,85,11.5,1.7,Rotating,1,3,1,0,0,None,0,14,Deployed,28,0,0,803,65.9,5.0,7,6,6,4,1,10.55,1,3,2,0.5,1.44,-0.59,-0.29,-0.43,-24.29,0.86,2.06,Stable,Stable,Stable,0.447,45,MODERATE,Average duty hours | Deployment hardship | Sleep decline | Rising leave requests | Role difficulty,17 | 10 | 9 | 5 | 4,Increasing | High | Declining | Increasing | High,Workload review | Wellness check-in focused on sleep and recovery | Review deployment welfare support | Prioritize welfare officer follow-up,Duty hours elevated relative to personal baseline | Sleep duration/quality declining from baseline | High deployment hardship score | Person actively requested help,synthetic-model-v1,2026-02-20 02:00:00,1
P0063,2026-02-26,35,7,UNIT-07,Command Officer,85,11.0,1.0,Rotating,0,2,0,0,0,None,0,21,Deployed,35,0,0,810,59.1,6.1,7,7,6,4,0,10.75,1,3,2,0.5,0.76,0.59,-0.25,0.62,-14.25,-0.25,0.6,Improving,Stable,Improving,0.501,50,MODERATE,Average duty hours | Deployment hardship | Rising leave requests | Role difficulty | Sleep decline,20 | 12 | 8 | 6 | 3,Increasing | High | Increasing | High | Declining,Workload review | Review deployment welfare support,Duty hours elevated relative to personal baseline | High deployment hardship score,synthetic-model-v1,2026-02-27 04:00:00,1
P0063,2026-03-05,35,7,UNIT-07,Command Officer,85,11.2,1.3,Rotating,0,3,0,0,0,None,0,28,Deployed,42,0,0,817,80.7,4.9,7,6,7,6,1,11.02,1,1,1,0.25,0.88,-0.68,0.78,-0.44,-5.67,-0.22,1.03,Declining,Declining,Stable,0.687,69,HIGH,Average duty hours | Deployment hardship | Sleep decline | Role difficulty | Fatigue level,22 | 21 | 15 | 6 | 5,Increasing | High | Declining | High | Increasing,Workload review | Wellness check-in focused on sleep and recovery | Review deployment welfare support | Prioritize welfare officer follow-up,Duty hours elevated relative to personal baseline | Sleep duration/quality declining from baseline | High deployment hardship score | Person actively requested help,synthetic-model-v1,2026-03-06 05:00:00,1
P0064,2026-01-01,38,11,UNIT-02,Junior Officer,40,6.7,0.4,Day,0,1,0,0,0,None,0,18,Not Deployed,0,0,0,315,15.2,7.0,5,7,5,3,0,6.7,0,0,0,0.0,0.0,0.0,0.0,0.0,0.0,0.0,0.0,Stable,Stable,Stable,0.374,37,MODERATE,Overall workload,37,Stable,Routine monitoring,No significant risk indicators detected this period,synthetic-model-v1,2026-01-02 01:00:00,0
P0064,2026-01-08,38,11,UNIT-02,Junior Officer,40,8.2,0.4,Day,0,1,0,1,2,Medical,1,7,Not Deployed,0,0,0,322,12.0,7.2,7,7,6,4,0,7.45,0,2,1,0.5,1.5,0.2,1.0,0.0,-11.0,0.0,1.5,Improving,Declining,Stable,0.452,45,MODERATE,Average duty hours,45,Increasing,Workload review,Duty hours elevated relative to personal baseline,synthetic-model-v1,2026-01-09 02:00:00,0
P0064,2026-01-15,38,11,UNIT-02,Junior Officer,40,7.7,0.7,Day,0,2,0,1,5,Earned,1,7,Not Deployed,0,0,0,329,7.9,7.6,6,6,6,4,0,7.53,0,7,2,0.67,0.25,0.5,0.5,-1.0,-5.5,0.0,0.55,Declining,Declining,Improving,0.526,53,MODERATE,Rising leave requests | Mood decline | Average duty hours,27 | 22 | 4,Increasing | Declining | Increasing,Routine monitoring,No significant risk indicators detected this period,synthetic-model-v1,2026-01-16 05:00:00,0
P0064,2026-01-22,38,11,UNIT-02,Junior Officer,40,7.9,0.0,Day,0,3,0,0,0,None,0,14,Not Deployed,0,0,0,336,9.1,6.9,8,7,5,3,0,7.62,0,7,2,0.5,0.37,-0.37,-0.67,0.33,3.33,0.0,-0.13,Improving,Improving,Stable,0.47,47,MODERATE,Sleep decline | Average duty hours,31 | 16,Declining | Increasing,Wellness check-in focused on sleep and recovery,Sleep duration/quality declining from baseline,synthetic-model-v1,2026-01-23 01:00:00,0
P0064,2026-01-29,38,11,UNIT-02,Junior Officer,40,7.0,0.0,Day,0,4,0,0,0,None,0,21,Not Deployed,0,0,0,343,7.0,6.7,8,7,5,4,0,7.7,0,7,2,0.5,-0.62,-0.47,-0.5,0.25,9.5,0.0,-1.0,Improving,Improving,Declining,0.463,46,MODERATE,Sleep decline,46,Declining,Wellness check-in focused on sleep and recovery,Sleep duration/quality declining from baseline,synthetic-model-v1,2026-01-30 02:00:00,0
P0064,2026-02-05,38,11,UNIT-02,Junior Officer,40,5.7,0.1,Day,0,4,0,1,3,Casual,1,7,Not Deployed,0,0,0,350,9.4,6.9,6,6,6,4,0,7.08,0,8,2,0.5,-1.8,-0.18,0.6,-0.8,-6.4,0.0,-2.0,Declining,Declining,Stable,0.547,55,HIGH,Rising leave requests | Mood decline,33 | 21,Increasing | Declining,Routine monitoring,No significant risk indicators detected this period,synthetic-model-v1,2026-02-06 03:00:00,0
P0064,2026-02-12,38,11,UNIT-02,Junior Officer,40,5.7,0.9,Day,0,4,0,0,0,None,0,14,Not Deployed,0,0,0,357,6.6,6.6,7,7,5,4,0,6.58,0,3,1,0.25,-1.5,-0.45,-0.5,0.33,1.67,0.0,-0.87,Declining,Stable,Stable,0.389,39,MODERATE,Sleep decline,39,Declining,Wellness check-in focused on sleep and recovery,Sleep duration/quality declining from baseline,synthetic-model-v1,2026-02-13 05:00:00,0
P0064,2026-02-19,38,11,UNIT-02,Junior Officer,40,5.6,0.8,Day,0,4,0,0,0,None,0,21,Not Deployed,0,0,0,364,7.9,6.9,6,5,6,4,0,6.0,0,3,1,0.25,-1.39,-0.09,0.57,-1.71,8.43,0.0,-0.94,Declining,Stable,Stable,0.379,38,MODERATE,Mood decline,38,Declining,Routine monitoring,No significant risk indicators detected this period,synthetic-model-v1,2026-02-20 02:00:00,0
P0064,2026-02-26,38,11,UNIT-02,Junior Officer,40,5.8,0.0,Day,0,4,0,0,0,None,0,28,Not Deployed,0,0,0,371,7.0,7.6,7,5,5,3,0,5.7,0,3,1,0.25,-1.01,0.62,-0.5,-1.5,14.38,0.0,-1.42,Declining,Stable,Improving,0.367,37,MODERATE,Mood decline | Leave gap,28 | 9,Declining | Increasing,Routine monitoring,No significant risk indicators detected this period,synthetic-model-v1,2026-02-27 02:00:00,0
P0064,2026-03-05,38,11,UNIT-02,Junior Officer,40,6.3,0.5,Day,0,5,0,0,0,None,0,35,Not Deployed,0,0,0,378,7.2,7.5,7,7,5,3,0,5.85,0,0,0,0.0,-0.4,0.46,-0.44,0.67,19.78,0.0,-0.27,Improving,Improving,Improving,0.367,37,MODERATE,Leave gap,37,Increasing,Routine monitoring,No significant risk indicators detected this period,synthetic-model-v1,2026-03-06 04:00:00,0
P0065,2026-01-01,33,3,UNIT-07,Junior Officer,40,9.3,0.7,Rotating,0,2,0,0,0,None,0,31,Not Deployed,0,0,0,226,7.1,6.6,7,9,2,1,0,9.3,0,0,0,0.0,0.0,0.0,0.0,0.0,0.0,0.0,0.0,Stable,Stable,Stable,0.155,16,LOW,Average duty hours | Leave gap,8 | 7,Increasing | Increasing,Routine monitoring,No significant risk indicators detected this period,synthetic-model-v1,2026-01-02 01:00:00,0
P0065,2026-01-08,33,3,UNIT-07,Junior Officer,40,10.2,1.8,Rotating,1,1,1,0,0,None,0,38,Not Deployed,0,0,0,233,6.3,6.4,9,8,2,2,0,9.75,1,0,0,0.0,0.9,-0.2,0.0,-1.0,7.0,1.0,2.0,Stable,Stable,Stable,0.283,28,LOW,Average duty hours | Leave gap | Mood decline | Sleep decline,12 | 8 | 5 | 3,Increasing | Increasing | Declining | Declining,Workload review | Consider leave/recovery review,Duty hours elevated relative to personal baseline | Prolonged gap since last leave taken,synthetic-model-v1,2026-01-09 02:00:00,1
P0065,2026-01-15,33,3,UNIT-07,Junior Officer,40,9.4,1.9,Rotating,0,2,0,0,0,None,0,45,Not Deployed,0,0,0,240,10.3,6.7,6,7,3,3,0,9.63,1,0,0,0.0,-0.35,0.2,1.0,-1.5,10.5,-0.5,0.3,Declining,Declining,Stable,0.458,46,MODERATE,Leave gap | Mood decline | Average duty hours,23 | 14 | 8,Increasing | Declining | Increasing,Consider leave/recovery review,Prolonged gap since last leave taken,synthetic-model-v1,2026-01-16 02:00:00,0
P0065,2026-01-22,33,3,UNIT-07,Junior Officer,40,10.9,1.1,Rotating,0,2,0,0,0,None,0,52,Not Deployed,0,0,0,247,13.1,6.3,7,9,3,3,0,9.95,1,0,0,0.0,1.27,-0.27,0.67,1.0,14.0,-0.33,0.9,Declining,Declining,Stable,0.481,48,MODERATE,Leave gap | Average duty hours | Sleep decline,22 | 22 | 4,Increasing | Increasing | Declining,Workload review | Consider leave/recovery review,Duty hours elevated relative to personal baseline | Prolonged gap since last leave taken,synthetic-model-v1,2026-01-23 03:00:00,0
P0065,2026-01-29,33,3,UNIT-07,Junior Officer,40,10.4,0.6,Rotating,1,3,1,0,0,None,0,59,Deployed,7,1,0,254,42.6,5.9,8,10,2,2,0,10.22,2,0,0,0.0,0.45,-0.6,-0.5,1.75,17.5,0.75,-0.32,Improving,Improving,Declining,0.422,42,MODERATE,Leave gap | Average duty hours | Recent deployment | Sleep decline | Deployment hardship,18 | 9 | 6 | 6 | 3,Increasing | Increasing | Increasing | Declining | High,Workload review | Consider leave/recovery review | Wellness check-in focused on sleep and recovery,Duty hours elevated relative to personal baseline | Prolonged gap since last leave taken | Sleep duration/quality declining from baseline,synthetic-model-v1,2026-01-30 03:00:00,1
P0065,2026-02-05,33,3,UNIT-07,Junior Officer,40,10.0,1.5,Rotating,0,2,0,0,0,None,0,66,Deployed,14,0,0,261,61.9,6.0,8,9,3,3,0,10.18,1,0,0,0.0,-0.04,-0.38,0.6,0.4,21.0,-0.4,0.24,Improving,Stable,Stable,0.457,46,MODERATE,Leave gap | Deployment hardship | Average duty hours | Sleep decline,24 | 10 | 7 | 5,Increasing | High | Increasing | Declining,Workload review | Consider leave/recovery review | Wellness check-in focused on sleep and recovery | Review deployment welfare support,Duty hours elevated relative to personal baseline | Prolonged gap since last leave taken | Sleep duration/quality declining from baseline | High deployment hardship score,synthetic-model-v1,2026-02-06 02:00:00,1
P0065,2026-02-12,33,3,UNIT-07,Junior Officer,40,10.8,3.0,Night,1,3,1,0,0,None,0,73,Deployed,21,0,0,268,67.7,6.1,7,8,4,3,0,10.52,2,0,0,0.0,0.77,-0.22,1.5,-0.67,24.5,0.67,2.5,Declining,Declining,Stable,0.633,63,HIGH,Leave gap | Average duty hours | Deployment hardship | Night-duty frequency | Mood decline,30 | 14 | 12 | 4 | 3,Increasing | Increasing | High | Increasing | Declining,Workload review | Consider leave/recovery review | Review deployment welfare support,Duty hours elevated relative to personal baseline | Prolonged gap since last leave taken | High deployment hardship score,synthetic-model-v1,2026-02-13 02:00:00,1
P0065,2026-02-19,33,3,UNIT-07,Junior Officer,40,10.5,1.6,Night,1,3,3,1,1,Emergency,1,7,Not Deployed,0,0,0,275,47.3,6.0,6,7,5,3,0,10.42,3,1,1,0.25,0.36,-0.29,2.29,-1.57,-45.0,0.57,0.44,Declining,Declining,Stable,0.389,39,MODERATE,Average duty hours | Mood decline | Night-duty frequency | Deployment hardship | Sleep decline,12 | 8 | 8 | 6 | 4,Increasing | Declining | Increasing | High | Declining,Workload review | Review night-duty schedule,Duty hours elevated relative to personal baseline | Frequent night shifts in the past 30 days,synthetic-model-v1,2026-02-20 05:00:00,0
P0065,2026-02-26,33,3,UNIT-07,Junior Officer,40,10.5,2.6,Day,0,3,1,0,0,None,0,14,Not Deployed,0,0,0,282,35.8,6.3,6,6,5,4,0,10.45,2,1,1,0.25,0.31,0.05,2.0,-2.38,-32.38,-0.5,1.39,Declining,Declining,Stable,0.386,39,MODERATE,Mood decline | Average duty hours | Night-duty frequency | Sleep decline | Deployment hardship,15 | 14 | 5 | 3 | 2,Declining | Increasing | Increasing | Declining | High,Workload review,Duty hours elevated relative to personal baseline,synthetic-model-v1,2026-02-27 05:00:00,0
P0065,2026-03-05,33,3,UNIT-07,Junior Officer,40,11.3,2.5,Day,0,3,0,0,0,None,0,21,Not Deployed,0,0,0,289,28.7,6.2,6,7,5,3,0,10.78,2,1,1,0.25,1.08,-0.06,1.78,-1.11,-21.78,-0.44,1.93,Stable,Stable,Stable,0.556,56,HIGH,Average duty hours | Mood decline | Night-duty frequency | Sleep decline,34 | 10 | 7 | 5,Increasing | Declining | Increasing | Declining,Workload review,Duty hours elevated relative to personal baseline,synthetic-model-v1,2026-03-06 05:00:00,0
P0066,2026-01-01,36,15,UNIT-04,Junior Officer,40,11.7,2.4,Night,1,4,2,1,4,Other,1,7,Not Deployed,0,0,0,302,21.4,7.8,7,8,4,3,0,11.7,1,4,1,1.0,0.0,0.0,0.0,0.0,0.0,0.0,0.0,Stable,Stable,Stable,0.392,39,MODERATE,Average duty hours,39,Increasing,Workload review,Duty hours elevated relative to personal baseline,synthetic-model-v1,2026-01-02 04:00:00,1
P0066,2026-01-08,36,15,UNIT-04,Junior Officer,40,10.4,2.8,Night,1,5,4,0,0,None,0,14,Not Deployed,0,0,0,309,17.6,6.6,8,10,4,3,0,11.05,2,4,1,0.5,-1.3,-1.2,0.0,2.0,7.0,0.0,-0.9,Improving,Stable,Declining,0.359,36,MODERATE,Average duty hours | Sleep decline | Night-duty frequency,15 | 15 | 6,Increasing | Declining | Increasing,Workload review | Wellness check-in focused on sleep and recovery,Duty hours elevated relative to personal baseline | Sleep duration/quality declining from baseline,synthetic-model-v1,2026-01-09 03:00:00,1
P0066,2026-01-15,36,15,UNIT-04,Junior Officer,40,10.6,2.3,Day,0,5,0,0,0,None,0,21,Not Deployed,0,0,0,316,16.6,6.8,6,6,5,3,0,10.9,2,4,1,0.33,-0.45,-0.4,1.0,-3.0,10.5,-1.0,-0.75,Declining,Declining,Declining,0.476,48,MODERATE,Mood decline | Average duty hours | Night-duty frequency | Sleep decline,22 | 15 | 6 | 4,Declining | Increasing | Increasing | Declining,Workload review | Wellness check-in focused on sleep and recovery,Duty hours elevated relative to personal baseline | Sleep duration/quality declining from baseline,synthetic-model-v1,2026-01-16 02:00:00,0
P0066,2026-01-22,36,15,UNIT-04,Junior Officer,40,12.5,1.9,Day,0,4,0,0,0,None,0,28,Not Deployed,0,0,0,323,16.2,7.0,6,6,6,4,0,11.3,2,4,1,0.25,1.6,-0.07,1.67,-2.0,14.0,-0.67,1.0,Declining,Declining,Improving,0.481,48,MODERATE,Average duty hours | Mood decline | Night-duty frequency | Leave gap,30 | 11 | 4 | 3,Increasing | Declining | Increasing | Increasing,Workload review,Duty hours elevated relative to personal baseline,synthetic-model-v1,2026-01-23 01:00:00,0
P0066,2026-01-29,36,15,UNIT-04,Junior Officer,40,11.1,1.7,Day,0,4,0,0,0,None,0,35,Not Deployed,0,0,0,330,11.3,6.4,7,7,5,4,0,11.15,1,0,0,0.0,-0.2,-0.65,0.25,-0.5,17.5,-0.5,-0.85,Improving,Stable,Declining,0.389,39,MODERATE,Average duty hours | Leave gap | Sleep decline | Mood decline,19 | 9 | 8 | 4,Increasing | Increasing | Declining | Declining,Workload review | Wellness check-in focused on sleep and recovery,Duty hours elevated relative to personal baseline | Sleep duration/quality declining from baseline,synthetic-model-v1,2026-01-30 03:00:00,1
P0066,2026-02-05,36,15,UNIT-04,Junior Officer,40,12.4,2.0,Day,0,4,0,0,0,None,0,42,Not Deployed,0,0,0,337,7.2,6.4,5,6,6,4,0,11.65,0,0,0,0.0,1.14,-0.52,1.2,-1.4,21.0,-0.4,0.92,Declining,Stable,Declining,0.45,45,MODERATE,Average duty hours | Leave gap | Mood decline | Sleep decline,23 | 10 | 7 | 4,Increasing | Increasing | Declining | Declining,Workload review | Consider leave/recovery review | Wellness check-in focused on sleep and recovery,Duty hours elevated relative to personal baseline | Prolonged gap since last leave taken | Sleep duration/quality declining from baseline,synthetic-model-v1,2026-02-06 03:00:00,0
P0066,2026-02-12,36,15,UNIT-04,Junior Officer,40,11.3,2.1,Day,0,5,0,0,0,None,0,49,Not Deployed,0,0,0,344,8.1,6.7,7,8,5,3,0,11.82,0,0,0,0.0,-0.15,-0.13,0.0,0.83,24.5,-0.33,-0.23,Improving,Stable,Stable,0.465,46,MODERATE,Leave gap | Average duty hours,24 | 22,Increasing | Increasing,Workload review | Consider leave/recovery review,Duty hours elevated relative to personal baseline | Prolonged gap since last leave taken,synthetic-model-v1,2026-02-13 04:00:00,1
P0066,2026-02-19,36,15,UNIT-04,Junior Officer,40,11.1,2.5,Day,0,6,0,1,2,Other,1,7,Not Deployed,0,0,0,351,9.9,7.0,6,7,6,4,0,11.48,0,2,1,0.25,-0.33,0.19,1.0,-0.29,-21.0,-0.29,0.0,Improving,Stable,Improving,0.49,49,MODERATE,Average duty hours,49,Increasing,Workload review,Duty hours elevated relative to personal baseline,synthetic-model-v1,2026-02-20 01:00:00,0
P0066,2026-02-26,36,15,UNIT-04,Junior Officer,40,10.9,2.0,Night,1,5,1,0,0,None,0,14,Not Deployed,0,0,0,358,7.7,7.1,8,6,6,4,0,11.42,1,2,1,0.25,-0.49,0.26,0.88,-1.25,-11.38,0.75,-0.7,Declining,Declining,Improving,0.601,60,HIGH,Average duty hours | Mood decline,40 | 21,Increasing | Declining,Workload review,Duty hours elevated relative to personal baseline,synthetic-model-v1,2026-02-27 05:00:00,0
P0066,2026-03-05,36,15,UNIT-04,Junior Officer,40,10.9,3.0,Night,1,4,2,0,0,None,0,21,Not Deployed,0,0,0,365,9.4,6.4,6,7,6,4,0,11.05,2,2,1,0.25,-0.43,-0.47,0.78,-0.11,-3.11,0.67,0.38,Stable,Stable,Declining,0.458,46,MODERATE,Average duty hours | Sleep decline | Night-duty frequency,28 | 9 | 9,Increasing | Declining | Increasing,Workload review | Wellness check-in focused on sleep and recovery,Duty hours elevated relative to personal baseline | Sleep duration/quality declining from baseline,synthetic-model-v1,2026-03-06 01:00:00,0
P0067,2026-01-01,29,4,UNIT-06,Senior Officer,70,9.2,0.2,Day,0,3,0,0,0,None,0,27,Not Deployed,0,0,0,374,11.4,7.8,8,7,3,3,0,9.2,0,0,0,0.0,0.0,0.0,0.0,0.0,0.0,0.0,0.0,Stable,Stable,Stable,0.337,34,MODERATE,Average duty hours | Leave gap | Role difficulty,15 | 11 | 8,Increasing | Increasing | High,Routine monitoring,No significant risk indicators detected this period,synthetic-model-v1,2026-01-02 02:00:00,0
P0067,2026-01-08,29,4,UNIT-06,Senior Officer,70,10.9,2.3,Day,0,3,0,0,0,None,0,34,Not Deployed,0,0,0,381,11.1,8.0,7,7,5,2,0,10.05,0,0,0,0.0,1.7,0.2,2.0,0.0,7.0,0.0,3.8,Stable,Declining,Stable,0.576,58,HIGH,Average duty hours | Leave gap | Role difficulty,41 | 13 | 4,Increasing | Increasing | High,Workload review,Duty hours elevated relative to personal baseline,synthetic-model-v1,2026-01-09 02:00:00,0
P0067,2026-01-15,29,4,UNIT-06,Senior Officer,70,9.4,0.9,Day,0,3,0,0,0,None,0,41,Not Deployed,0,0,0,388,7.7,7.7,7,6,5,3,0,9.83,0,0,0,0.0,-0.65,-0.2,1.0,-1.0,10.5,0.0,-1.0,Declining,Declining,Stable,0.53,53,MODERATE,Leave gap | Mood decline | Average duty hours | Role difficulty,25 | 12 | 11 | 5,Increasing | Declining | Increasing | High,Consider leave/recovery review,Prolonged gap since last leave taken,synthetic-model-v1,2026-01-16 05:00:00,0
P0067,2026-01-22,29,4,UNIT-06,Senior Officer,70,9.3,1.3,Day,0,3,0,0,0,None,0,48,Not Deployed,0,0,0,395,11.8,8.3,7,7,4,2,0,9.7,0,0,0,0.0,-0.53,0.47,-0.33,0.33,14.0,0.0,-0.37,Stable,Improving,Improving,0.405,40,MODERATE,Leave gap | Average duty hours | Role difficulty,29 | 8 | 4,Increasing | Increasing | High,Consider leave/recovery review,Prolonged gap since last leave taken,synthetic-model-v1,2026-01-23 04:00:00,1
P0067,2026-01-29,29,4,UNIT-06,Senior Officer,70,10.2,0.0,Day,0,3,0,0,0,None,0,55,Not Deployed,0,0,0,402,13.1,7.1,8,7,5,3,0,9.95,0,0,0,0.0,0.5,-0.85,0.75,0.25,17.5,0.0,-0.68,Improving,Stable,Declining,0.362,36,MODERATE,Leave gap | Average duty hours | Sleep decline | Role difficulty,18 | 10 | 6 | 2,Increasing | Increasing | Declining | High,Workload review | Consider leave/recovery review | Wellness check-in focused on sleep and recovery,Duty hours elevated relative to personal baseline | Prolonged gap since last leave taken | Sleep duration/quality declining from baseline,synthetic-model-v1,2026-01-30 01:00:00,0
P0067,2026-02-05,29,4,UNIT-06,Senior Officer,70,9.9,2.1,Day,0,2,0,0,0,None,0,62,Not Deployed,0,0,0,409,8.6,7.3,7,7,5,3,0,9.7,0,0,0,0.0,0.1,-0.48,0.6,0.2,21.0,0.0,1.26,Declining,Declining,Declining,0.41,41,MODERATE,Leave gap | Average duty hours | Sleep decline | Role difficulty,26 | 8 | 4 | 2,Increasing | Increasing | Declining | High,Workload review | Consider leave/recovery review | Wellness check-in focused on sleep and recovery,Duty hours elevated relative to personal baseline | Prolonged gap since last leave taken | Sleep duration/quality declining from baseline,synthetic-model-v1,2026-02-06 05:00:00,1
P0067,2026-02-12,29,4,UNIT-06,Senior Officer,70,10.9,1.5,Day,0,1,0,0,0,None,0,69,Not Deployed,0,0,0,416,10.5,7.6,6,7,6,3,0,10.07,0,0,0,0.0,1.08,-0.1,1.5,0.17,24.5,0.0,1.45,Declining,Declining,Improving,0.449,45,MODERATE,Leave gap | Average duty hours | Role difficulty,27 | 16 | 2,Increasing | Increasing | High,Workload review | Consider leave/recovery review,Duty hours elevated relative to personal baseline | Prolonged gap since last leave taken,synthetic-model-v1,2026-02-13 04:00:00,0
P0067,2026-02-19,29,4,UNIT-06,Senior Officer,70,8.7,1.4,Day,0,1,0,0,0,None,0,76,Not Deployed,0,0,0,423,9.9,7.9,5,7,6,4,0,9.93,0,0,0,0.0,-1.27,0.21,1.29,0.14,28.0,0.0,-1.06,Declining,Declining,Improving,0.547,55,HIGH,Leave gap | Role difficulty | Average duty hours,50 | 3 | 2,Increasing | High | Increasing,Consider leave/recovery review,Prolonged gap since last leave taken,synthetic-model-v1,2026-02-20 01:00:00,0
P0067,2026-02-26,29,4,UNIT-06,Senior Officer,70,9.5,1.8,Day,0,1,0,0,0,None,0,83,Not Deployed,0,0,0,430,10.5,7.3,5,6,6,4,0,9.75,0,0,0,0.0,-0.31,-0.41,1.12,-0.88,31.5,0.0,0.28,Declining,Stable,Stable,0.519,52,MODERATE,Leave gap | Average duty hours | Mood decline | Sleep decline | Role difficulty,37 | 5 | 5 | 3 | 2,Increasing | Increasing | Declining | Declining | High,Consider leave/recovery review | Wellness check-in focused on sleep and recovery,Prolonged gap since last leave taken | Sleep duration/quality declining from baseline,synthetic-model-v1,2026-02-27 04:00:00,1
P0067,2026-03-05,29,4,UNIT-06,Senior Officer,70,9.4,1.6,Day,0,2,0,0,0,None,0,90,Not Deployed,0,0,0,437,9.5,6.9,6,6,7,5,0,9.62,0,0,0,0.0,-0.38,-0.77,2.0,-0.78,35.0,0.0,-0.06,Declining,Declining,Declining,0.755,76,HIGH,Leave gap | Sleep decline | Average duty hours | Mood decline | Role difficulty,54 | 8 | 6 | 5 | 2,Increasing | Declining | Increasing | Declining | High,Consider leave/recovery review | Wellness check-in focused on sleep and recovery,Prolonged gap since last leave taken | Sleep duration/quality declining from baseline,synthetic-model-v1,2026-03-06 01:00:00,0
P0068,2026-01-01,27,3,UNIT-03,Command Officer,85,5.8,0.1,Day,0,4,0,0,0,None,0,29,Not Deployed,0,0,0,253,16.8,6.9,9,8,4,3,0,5.8,0,0,0,0.0,0.0,0.0,0.0,0.0,0.0,0.0,0.0,Stable,Stable,Stable,0.284,28,LOW,Role difficulty | Leave gap,19 | 10,High | Increasing,Routine monitoring,No significant risk indicators detected this period,synthetic-model-v1,2026-01-02 03:00:00,0
P0068,2026-01-08,27,3,UNIT-03,Command Officer,85,6.4,0.9,Day,0,5,0,0,0,None,0,36,Not Deployed,0,0,0,260,12.8,6.5,8,7,4,3,0,6.1,0,0,0,0.0,0.6,-0.4,0.0,-1.0,7.0,0.0,1.4,Declining,Stable,Declining,0.339,34,MODERATE,Leave gap | Mood decline | Role difficulty | Sleep decline | Average duty hours,11 | 8 | 7 | 5 | 3,Increasing | Declining | High | Declining | Increasing,Consider leave/recovery review | Wellness check-in focused on sleep and recovery,Prolonged gap since last leave taken | Sleep duration/quality declining from baseline,synthetic-model-v1,2026-01-09 01:00:00,0
P0068,2026-01-15,27,3,UNIT-03,Command Officer,85,5.6,0.2,Day,0,4,0,0,0,None,0,43,Not Deployed,0,0,0,267,17.7,5.6,7,8,4,3,0,5.93,0,0,0,0.0,-0.5,-1.1,0.0,0.5,10.5,0.0,-0.8,Declining,Stable,Declining,0.472,47,MODERATE,Sleep decline | Leave gap | Role difficulty,20 | 19 | 8,Declining | Increasing | High,Consider leave/recovery review | Wellness check-in focused on sleep and recovery,Prolonged gap since last leave taken | Sleep duration/quality declining from baseline,synthetic-model-v1,2026-01-16 01:00:00,1
P0068,2026-01-22,27,3,UNIT-03,Command Officer,85,6.8,0.4,Day,0,5,0,0,0,None,0,50,Not Deployed,0,0,0,274,15.2,6.3,6,6,5,4,0,6.15,0,0,0,0.0,0.87,-0.03,1.0,-1.67,14.0,0.0,0.87,Declining,Declining,Stable,0.557,56,HIGH,Leave gap | Mood decline | Role difficulty | Average duty hours | Sleep decline,25 | 14 | 8 | 5 | 4,Increasing | Declining | High | Increasing | Declining,Consider leave/recovery review,Prolonged gap since last leave taken,synthetic-model-v1,2026-01-23 03:00:00,0
P0068,2026-01-29,27,3,UNIT-03,Command Officer,85,7.2,0.4,Day,0,6,0,0,0,None,0,57,Not Deployed,0,0,0,281,12.6,7.1,7,7,5,3,0,6.5,0,0,0,0.0,1.05,0.77,0.75,-0.25,17.5,0.0,1.05,Declining,Declining,Improving,0.285,28,LOW,Leave gap | Role difficulty | Average duty hours,20 | 5 | 4,Increasing | High | Increasing,Workload review | Consider leave/recovery review,Duty hours elevated relative to personal baseline | Prolonged gap since last leave taken,synthetic-model-v1,2026-01-30 04:00:00,1
P0068,2026-02-05,27,3,UNIT-03,Command Officer,85,6.5,0.6,Day,0,7,0,0,0,None,0,64,Not Deployed,0,0,0,288,12.3,7.5,7,6,5,3,0,6.52,0,0,0,0.0,0.14,1.02,0.6,-1.2,21.0,0.0,0.34,Improving,Stable,Improving,0.337,34,MODERATE,Leave gap | Mood decline | Role difficulty | Average duty hours,23 | 6 | 4 | 1,Increasing | Declining | High | Increasing,Consider leave/recovery review,Prolonged gap since last leave taken,synthetic-model-v1,2026-02-06 03:00:00,1
P0068,2026-02-12,27,3,UNIT-03,Command Officer,85,7.0,0.4,Day,0,8,0,1,4,Other,1,7,Deployed,7,1,0,295,43.9,6.7,6,6,5,4,0,6.88,0,4,1,0.25,0.62,0.05,0.5,-1.0,-39.5,0.0,0.58,Declining,Stable,Declining,0.484,48,MODERATE,Recent deployment | Mood decline | Consecutive work days | Role difficulty | Deployment hardship,14 | 9 | 9 | 9 | 8,Increasing | Declining | Increasing | High | High,Routine monitoring,No significant risk indicators detected this period,synthetic-model-v1,2026-02-13 02:00:00,1
P0068,2026-02-19,27,3,UNIT-03,Command Officer,85,6.4,0.1,Day,0,7,0,0,0,None,0,14,Deployed,14,0,0,302,48.3,6.1,6,6,6,5,0,6.78,0,4,1,0.25,-0.07,-0.56,1.43,-0.86,-26.86,0.0,-0.4,Declining,Declining,Declining,0.68,68,HIGH,Deployment hardship | Sleep decline | Role difficulty | Mood decline,19 | 19 | 16 | 14,High | Declining | High | Declining,Wellness check-in focused on sleep and recovery,Sleep duration/quality declining from baseline,synthetic-model-v1,2026-02-20 03:00:00,0
P0068,2026-02-26,27,3,UNIT-03,Command Officer,85,7.2,0.0,Night,1,8,1,0,0,None,0,21,Deployed,21,0,0,309,47.3,6.0,6,6,6,3,0,6.78,1,4,1,0.25,0.74,-0.59,1.25,-0.75,-16.5,1.0,0.35,Improving,Declining,Declining,0.692,69,HIGH,Sleep decline | Deployment hardship | Consecutive work days | Role difficulty | Mood decline,17 | 15 | 14 | 13 | 10,Declining | High | Increasing | High | Declining,Wellness check-in focused on sleep and recovery,Sleep duration/quality declining from baseline,synthetic-model-v1,2026-02-27 01:00:00,1
P0068,2026-03-05,27,3,UNIT-03,Command Officer,85,6.9,0.0,Night,1,9,2,0,0,None,0,28,Not Deployed,0,0,0,316,32.9,6.1,6,5,7,6,0,6.88,2,4,1,0.25,0.36,-0.42,2.11,-1.67,-7.67,0.89,0.01,Declining,Declining,Stable,0.583,58,HIGH,Mood decline | Consecutive work days | Role difficulty | Sleep decline | Night-duty frequency,17 | 15 | 9 | 9 | 8,Declining | Increasing | High | Declining | Increasing,Wellness check-in focused on sleep and recovery,Sleep duration/quality declining from baseline,synthetic-model-v1,2026-03-06 01:00:00,1
P0069,2026-01-01,42,8,UNIT-06,Field Officer,55,8.9,1.0,Day,0,7,0,0,0,None,0,34,Not Deployed,0,0,0,373,15.1,6.8,7,7,5,4,0,8.9,0,0,0,0.0,0.0,0.0,0.0,0.0,0.0,0.0,0.0,Stable,Stable,Stable,0.44,44,MODERATE,Leave gap | Average duty hours,32 | 12,Increasing | Increasing,Routine monitoring,No significant risk indicators detected this period,synthetic-model-v1,2026-01-02 01:00:00,1
P0069,2026-01-08,42,8,UNIT-06,Field Officer,55,7.4,0.3,Day,0,7,0,0,0,None,0,41,Not Deployed,0,0,0,380,9.4,6.8,7,6,5,4,0,8.15,0,0,0,0.0,-1.5,0.0,0.0,-1.0,7.0,0.0,-2.2,Declining,Stable,Stable,0.386,39,MODERATE,Leave gap | Mood decline,26 | 13,Increasing | Declining,Consider leave/recovery review,Prolonged gap since last leave taken,synthetic-model-v1,2026-01-09 01:00:00,1
P0069,2026-01-15,42,8,UNIT-06,Field Officer,55,8.7,0.0,Day,0,6,0,1,4,Earned,1,7,Not Deployed,0,0,0,387,8.2,6.4,7,6,6,4,0,8.33,0,4,1,0.33,0.55,-0.4,1.0,-0.5,-30.5,0.0,-0.1,Declining,Declining,Declining,0.557,56,HIGH,Sleep decline | Average duty hours | Mood decline,21 | 19 | 16,Declining | Increasing | Declining,Wellness check-in focused on sleep and recovery,Sleep duration/quality declining from baseline,synthetic-model-v1,2026-01-16 04:00:00,0
P0069,2026-01-22,42,8,UNIT-06,Field Officer,55,8.4,0.0,Day,0,5,0,0,0,None,0,14,Not Deployed,0,0,0,394,6.7,7.0,8,6,5,3,0,8.35,0,4,1,0.25,0.07,0.33,-0.33,-0.33,-13.33,0.0,-0.37,Improving,Stable,Stable,0.552,55,HIGH,Mood decline | Average duty hours,48 | 8,Declining | Increasing,Routine monitoring,No significant risk indicators detected this period,synthetic-model-v1,2026-01-23 04:00:00,1
P0069,2026-01-29,42,8,UNIT-06,Field Officer,55,9.2,0.8,Day,0,6,0,1,3,Casual,1,7,Not Deployed,0,0,0,401,7.0,6.2,6,5,7,5,0,8.43,0,7,2,0.5,0.85,-0.55,1.75,-1.25,-17.0,0.0,1.32,Declining,Declining,Stable,0.674,67,HIGH,Average duty hours | Mood decline | Rising leave requests | Sleep decline,18 | 17 | 17 | 14,Increasing | Declining | Increasing | Declining,Wellness check-in focused on sleep and recovery,Sleep duration/quality declining from baseline,synthetic-model-v1,2026-01-30 01:00:00,0
P0069,2026-02-05,42,8,UNIT-06,Field Officer,55,9.2,1.1,Night,1,6,2,0,0,None,0,14,Not Deployed,0,0,0,408,4.9,7.2,7,6,6,4,0,8.88,1,7,2,0.5,0.68,0.56,0.4,0.0,-6.6,1.0,1.36,Declining,Declining,Stable,0.489,49,MODERATE,Rising leave requests | Average duty hours,25 | 24,Increasing | Increasing,Routine monitoring,No significant risk indicators detected this period,synthetic-model-v1,2026-02-06 03:00:00,0
P0069,2026-02-12,42,8,UNIT-06,Field Officer,55,8.7,0.5,Night,1,5,3,0,0,None,0,21,Not Deployed,0,0,0,415,6.7,6.8,7,6,5,4,0,8.88,2,3,1,0.25,0.07,0.07,-0.67,0.0,1.5,0.83,0.03,Improving,Improving,Improving,0.373,37,MODERATE,Night-duty frequency | Average duty hours,28 | 9,Increasing | Increasing,Routine monitoring,No significant risk indicators detected this period,synthetic-model-v1,2026-02-13 03:00:00,0
P0069,2026-02-19,42,8,UNIT-06,Field Officer,55,8.9,0.0,Day,0,4,0,0,0,None,0,28,Not Deployed,0,0,0,422,11.3,6.7,6,6,6,4,0,9.0,2,3,1,0.25,0.26,-0.04,0.43,0.0,8.29,-0.29,-0.27,Declining,Stable,Declining,0.489,49,MODERATE,Night-duty frequency | Average duty hours | Leave gap,20 | 16 | 13,Increasing | Increasing | Increasing,Routine monitoring,No significant risk indicators detected this period,synthetic-model-v1,2026-02-20 01:00:00,0
P0069,2026-02-26,42,8,UNIT-06,Field Officer,55,8.8,0.5,Day,0,3,0,0,0,None,0,35,Not Deployed,0,0,0,429,11.9,7.1,5,6,6,3,0,8.9,2,0,0,0.0,0.12,0.36,0.38,0.0,14.25,-0.25,0.16,Declining,Declining,Stable,0.585,58,HIGH,Leave gap | Night-duty frequency | Average duty hours,31 | 18 | 10,Increasing | Increasing | Increasing,Routine monitoring,No significant risk indicators detected this period,synthetic-model-v1,2026-02-27 05:00:00,0
P0069,2026-03-05,42,8,UNIT-06,Field Officer,55,8.1,0.0,Day,0,2,0,0,0,None,0,42,Not Deployed,0,0,0,436,12.6,7.1,7,6,6,4,0,8.62,1,0,0,0.0,-0.59,0.32,0.33,0.0,19.67,-0.22,-1.06,Improving,Stable,Improving,0.462,46,MODERATE,Leave gap,46,Increasing,Consider leave/recovery review,Prolonged gap since last leave taken,synthetic-model-v1,2026-03-06 05:00:00,0
P0070,2026-01-01,24,1,UNIT-03,Field Officer,55,8.4,0.0,Day,0,6,0,0,0,None,0,49,Not Deployed,0,0,0,267,20.3,6.4,7,6,4,3,0,8.4,0,0,0,0.0,0.0,0.0,0.0,0.0,0.0,0.0,0.0,Stable,Stable,Stable,0.276,28,LOW,Leave gap | Sleep decline,24 | 4,Increasing | Declining,Consider leave/recovery review,Prolonged gap since last leave taken,synthetic-model-v1,2026-01-02 04:00:00,0
P0070,2026-01-08,24,1,UNIT-03,Field Officer,55,9.1,0.0,Night,1,6,2,1,3,Casual,1,7,Not Deployed,0,0,0,274,17.2,6.5,8,7,3,2,0,8.75,1,3,1,0.5,0.7,0.1,-1.0,1.0,-42.0,1.0,0.7,Improving,Improving,Stable,0.325,32,MODERATE,Average duty hours,32,Increasing,Routine monitoring,No significant risk indicators detected this period,synthetic-model-v1,2026-01-09 05:00:00,1
P0070,2026-01-15,24,1,UNIT-03,Field Officer,55,9.9,1.2,Night,1,5,3,0,0,None,0,14,Not Deployed,0,0,0,281,17.5,7.0,7,7,4,3,0,9.13,2,3,1,0.33,1.15,0.55,0.5,0.5,-14.0,0.5,2.35,Improving,Stable,Improving,0.397,40,MODERATE,Average duty hours | Night-duty frequency,30 | 10,Increasing | Increasing,Workload review,Duty hours elevated relative to personal baseline,synthetic-model-v1,2026-01-16 03:00:00,0
P0070,2026-01-22,24,1,UNIT-03,Field Officer,55,9.8,0.4,Night,1,5,4,1,1,Earned,1,7,Not Deployed,0,0,0,288,14.3,7.2,7,8,4,3,0,9.3,3,4,2,0.5,0.67,0.57,0.33,1.33,-16.33,0.33,0.67,Declining,Declining,Improving,0.279,28,LOW,Average duty hours | Night-duty frequency | Rising leave requests,11 | 9 | 8,Increasing | Increasing | Increasing,Workload review | Review night-duty schedule,Duty hours elevated relative to personal baseline | Frequent night shifts in the past 30 days,synthetic-model-v1,2026-01-23 05:00:00,1
P0070,2026-01-29,24,1,UNIT-03,Field Officer,55,8.8,1.3,Night,1,4,6,0,0,None,0,14,Not Deployed,0,0,0,295,13.0,5.7,7,6,5,4,0,9.4,4,4,2,0.5,-0.5,-1.07,1.25,-1.0,-5.25,0.25,0.4,Declining,Declining,Declining,0.528,53,MODERATE,Night-duty frequency | Sleep decline | Rising leave requests | Mood decline | Average duty hours,17 | 17 | 9 | 8 | 2,Increasing | Declining | Increasing | Declining | Increasing,Review night-duty schedule | Wellness check-in focused on sleep and recovery,Frequent night shifts in the past 30 days | Sleep duration/quality declining from baseline,synthetic-model-v1,2026-01-30 03:00:00,0
P0070,2026-02-05,24,1,UNIT-03,Field Officer,55,9.5,1.0,Night,1,5,7,0,0,None,0,21,Not Deployed,0,0,0,302,10.4,6.1,5,7,4,4,0,9.5,4,1,1,0.25,0.3,-0.46,0.0,0.2,2.8,0.2,0.72,Declining,Stable,Declining,0.506,51,MODERATE,Night-duty frequency | Average duty hours | Sleep decline,25 | 14 | 11,Increasing | Increasing | Declining,Review night-duty schedule | Wellness check-in focused on sleep and recovery,Frequent night shifts in the past 30 days | Sleep duration/quality declining from baseline,synthetic-model-v1,2026-02-06 01:00:00,1
P0070,2026-02-12,24,1,UNIT-03,Field Officer,55,12.2,3.3,Night,1,4,8,0,0,None,0,28,Deployed,7,1,0,309,58.9,7.1,7,8,5,3,0,10.07,4,1,1,0.25,2.95,0.62,1.0,1.17,9.33,0.17,5.6,Improving,Stable,Improving,0.719,72,HIGH,Average duty hours | Night-duty frequency | Deployment hardship | Recent deployment | Leave gap,36 | 14 | 11 | 9 | 3,Increasing | Increasing | High | Increasing | Increasing,Workload review | Review night-duty schedule | Review deployment welfare support,Duty hours elevated relative to personal baseline | Frequent night shifts in the past 30 days | High deployment hardship score,synthetic-model-v1,2026-02-13 01:00:00,1
P0070,2026-02-19,24,1,UNIT-03,Field Officer,55,12.8,3.9,Night,1,5,9,1,3,Casual,1,7,Deployed,14,0,1,0,53.4,6.6,6,7,6,4,0,10.82,4,3,1,0.25,3.13,0.03,1.86,0.0,-13.0,0.14,6.0,Improving,Declining,Improving,0.515,52,MODERATE,Average duty hours | Night-duty frequency | Deployment hardship | Recent transfer,29 | 10 | 6 | 6,Increasing | Increasing | High | Increasing,Workload review | Review night-duty schedule,Duty hours elevated relative to personal baseline | Frequent night shifts in the past 30 days,synthetic-model-v1,2026-02-20 05:00:00,1
P0070,2026-02-26,24,1,UNIT-03,Field Officer,55,10.5,2.0,Night,1,4,10,0,0,None,0,14,Deployed,21,0,0,7,63.7,6.4,5,6,7,5,0,11.25,4,3,1,0.25,0.44,-0.17,2.62,-1.0,-4.38,0.12,1.05,Declining,Declining,Declining,0.692,69,HIGH,Average duty hours | Night-duty frequency | Deployment hardship | Mood decline | Sleep decline,20 | 19 | 18 | 8 | 4,Increasing | Increasing | High | Declining | Declining,Workload review | Review night-duty schedule | Review deployment welfare support,Duty hours elevated relative to personal baseline | Frequent night shifts in the past 30 days | High deployment hardship score,synthetic-model-v1,2026-02-27 03:00:00,0
P0070,2026-03-05,24,1,UNIT-03,Field Officer,55,8.9,1.3,Night,1,4,2,1,2,Medical,1,7,Deployed,28,0,0,14,73.3,5.7,6,5,7,5,0,11.1,4,5,2,0.5,-1.21,-0.86,2.33,-1.89,-10.89,0.11,-1.37,Declining,Declining,Declining,0.722,72,HIGH,Deployment hardship | Night-duty frequency | Sleep decline | Mood decline | Rising leave requests,20 | 16 | 14 | 14 | 9,High | Increasing | Declining | Declining | Increasing,Review night-duty schedule | Wellness check-in focused on sleep and recovery | Review deployment welfare support,Frequent night shifts in the past 30 days | Sleep duration/quality declining from baseline | High deployment hardship score,synthetic-model-v1,2026-03-06 04:00:00,0
P0071,2026-01-01,45,15,UNIT-03,Senior Officer,70,8.0,0.0,Night,1,2,1,0,0,None,0,28,Not Deployed,0,0,0,335,16.0,5.7,7,7,5,4,0,8.0,1,0,0,0.0,0.0,0.0,0.0,0.0,0.0,0.0,0.0,Stable,Stable,Stable,0.503,50,MODERATE,Sleep decline | Leave gap | Role difficulty,20 | 17 | 13,Declining | Increasing | High,Wellness check-in focused on sleep and recovery,Sleep duration/quality declining from baseline,synthetic-model-v1,2026-01-02 01:00:00,1
P0071,2026-01-08,45,15,UNIT-03,Senior Officer,70,8.1,0.0,Night,1,1,2,0,0,None,0,35,Not Deployed,0,0,0,342,13.9,6.7,6,5,6,4,0,8.05,2,0,0,0.0,0.1,1.0,1.0,-2.0,7.0,0.0,0.1,Declining,Declining,Improving,0.412,41,MODERATE,Mood decline | Leave gap | Night-duty frequency | Role difficulty | Average duty hours,19 | 12 | 7 | 3 | 1,Declining | Increasing | Increasing | High | Increasing,Routine monitoring,No significant risk indicators detected this period,synthetic-model-v1,2026-01-09 03:00:00,1
P0071,2026-01-15,45,15,UNIT-03,Senior Officer,70,8.6,0.5,Night,1,1,3,0,0,None,0,42,Deployed,7,1,0,349,42.0,6.2,6,6,6,4,0,8.23,3,0,0,0.0,0.55,0.0,0.5,0.0,10.5,0.0,1.05,Declining,Declining,Improving,0.469,47,MODERATE,Leave gap | Night-duty frequency | Recent deployment | Deployment hardship | Average duty hours,16 | 11 | 11 | 6 | 4,Increasing | Increasing | Increasing | High | Increasing,Review night-duty schedule | Consider leave/recovery review,Frequent night shifts in the past 30 days | Prolonged gap since last leave taken,synthetic-model-v1,2026-01-16 01:00:00,1
P0071,2026-01-22,45,15,UNIT-03,Senior Officer,70,8.1,0.0,Night,1,2,4,0,0,None,0,49,Deployed,14,0,0,356,51.8,5.8,5,4,8,6,0,8.2,4,0,0,0.0,-0.13,-0.4,2.33,-2.0,14.0,0.0,-0.3,Declining,Declining,Declining,0.708,71,HIGH,Leave gap | Night-duty frequency | Mood decline | Deployment hardship | Sleep decline,22 | 16 | 15 | 10 | 8,Increasing | Increasing | Declining | High | Declining,Review night-duty schedule | Consider leave/recovery review | Wellness check-in focused on sleep and recovery,Frequent night shifts in the past 30 days | Prolonged gap since last leave taken | Sleep duration/quality declining from baseline,synthetic-model-v1,2026-01-23 02:00:00,1
P0071,2026-01-29,45,15,UNIT-03,Senior Officer,70,7.9,0.2,Night,1,2,5,1,4,Casual,1,7,Deployed,21,0,0,363,56.0,6.0,5,5,7,6,0,8.17,4,4,1,0.25,-0.3,-0.1,0.75,-0.5,-31.5,0.0,-0.23,Declining,Declining,Stable,0.654,65,HIGH,Night-duty frequency | Deployment hardship | Fatigue level | Sleep decline | Mood decline,26 | 19 | 9 | 6 | 6,Increasing | High | Increasing | Declining | Declining,Review night-duty schedule | Review deployment welfare support,Frequent night shifts in the past 30 days | High deployment hardship score,synthetic-model-v1,2026-01-30 01:00:00,1
P0071,2026-02-05,45,15,UNIT-03,Senior Officer,70,6.0,0.0,Night,1,3,6,0,0,None,0,14,Not Deployed,0,0,0,370,39.6,5.5,4,5,8,7,0,7.65,4,4,1,0.25,-2.14,-0.58,1.6,-0.4,-18.2,0.0,-2.28,Declining,Stable,Stable,0.653,65,HIGH,Night-duty frequency | Sleep decline | Fatigue level | Deployment hardship | Mood decline,23 | 17 | 15 | 6 | 4,Increasing | Declining | Increasing | High | Declining,Review night-duty schedule | Wellness check-in focused on sleep and recovery,Frequent night shifts in the past 30 days | Sleep duration/quality declining from baseline,synthetic-model-v1,2026-02-06 02:00:00,1
P0071,2026-02-12,45,15,UNIT-03,Senior Officer,70,6.8,0.1,Night,1,2,7,0,0,None,0,21,Not Deployed,0,0,0,377,26.2,6.0,5,4,9,5,0,7.2,4,4,1,0.25,-0.98,0.02,2.33,-1.33,-8.17,0.0,-1.0,Stable,Declining,Stable,0.753,75,HIGH,Night-duty frequency | Mood decline | Sleep decline | Role difficulty,38 | 22 | 8 | 6,Increasing | Declining | Declining | High,Review night-duty schedule,Frequent night shifts in the past 30 days,synthetic-model-v1,2026-02-13 04:00:00,1
P0071,2026-02-19,45,15,UNIT-03,Senior Officer,70,8.8,0.7,Night,1,1,9,0,0,None,0,28,Not Deployed,0,0,0,384,22.1,5.8,6,5,8,6,1,7.38,4,4,1,0.25,1.16,-0.19,1.0,-0.14,0.0,0.0,1.74,Improving,Stable,Stable,0.668,67,HIGH,Night-duty frequency | Average duty hours | Sleep decline | Fatigue level | Leave gap,27 | 14 | 10 | 9 | 6,Increasing | Increasing | Declining | Increasing | Increasing,Workload review | Review night-duty schedule | Wellness check-in focused on sleep and recovery | Prioritize welfare officer follow-up,Duty hours elevated relative to personal baseline | Frequent night shifts in the past 30 days | Sleep duration/quality declining from baseline | Person actively requested help,synthetic-model-v1,2026-02-20 01:00:00,1
P0071,2026-02-26,45,15,UNIT-03,Senior Officer,70,9.3,0.0,Night,1,2,11,0,0,None,0,35,Not Deployed,0,0,0,391,20.0,5.4,4,4,10,7,0,7.72,4,0,0,0.0,1.51,-0.56,2.88,-1.12,7.0,0.0,1.33,Declining,Declining,Declining,0.634,63,HIGH,Night-duty frequency | Average duty hours | Sleep decline | Fatigue level | Leave gap,17 | 14 | 12 | 11 | 9,Increasing | Increasing | Declining | Increasing | Increasing,Workload review | Review night-duty schedule | Wellness check-in focused on sleep and recovery,Duty hours elevated relative to personal baseline | Frequent night shifts in the past 30 days | Sleep duration/quality declining from baseline,synthetic-model-v1,2026-02-27 01:00:00,1
P0071,2026-03-05,45,15,UNIT-03,Senior Officer,70,8.5,0.4,Night,1,1,2,0,0,None,0,42,Not Deployed,0,0,0,398,15.7,5.7,4,4,9,5,1,8.35,4,0,0,0.0,0.54,-0.2,1.56,-1.0,13.22,0.0,0.78,Declining,Declining,Stable,0.685,68,HIGH,Night-duty frequency | Leave gap | Mood decline | Sleep decline | Average duty hours,23 | 22 | 10 | 9 | 4,Increasing | Increasing | Declining | Declining | Increasing,Review night-duty schedule | Consider leave/recovery review | Wellness check-in focused on sleep and recovery | Prioritize welfare officer follow-up,Frequent night shifts in the past 30 days | Prolonged gap since last leave taken | Sleep duration/quality declining from baseline | Person actively requested help,synthetic-model-v1,2026-03-06 04:00:00,0
P0072,2026-01-01,40,14,UNIT-12,Junior Officer,40,6.1,1.1,Day,0,3,0,0,0,None,0,32,Not Deployed,0,0,0,170,16.4,5.6,7,7,5,4,0,6.1,0,0,0,0.0,0.0,0.0,0.0,0.0,0.0,0.0,0.0,Stable,Stable,Stable,0.487,49,MODERATE,Leave gap | Sleep decline,27 | 21,Increasing | Declining,Wellness check-in focused on sleep and recovery,Sleep duration/quality declining from baseline,synthetic-model-v1,2026-01-02 01:00:00,1
P0072,2026-01-08,40,14,UNIT-12,Junior Officer,40,6.7,0.4,Day,0,4,0,0,0,None,0,39,Not Deployed,0,0,0,177,15.5,5.9,6,4,6,5,0,6.4,0,0,0,0.0,0.6,0.3,1.0,-3.0,7.0,0.0,-0.1,Declining,Declining,Improving,0.558,56,HIGH,Mood decline | Leave gap | Sleep decline | Average duty hours,29 | 17 | 5 | 4,Declining | Increasing | Declining | Increasing,Consider leave/recovery review | Wellness check-in focused on sleep and recovery,Prolonged gap since last leave taken | Sleep duration/quality declining from baseline,synthetic-model-v1,2026-01-09 03:00:00,0
P0072,2026-01-15,40,14,UNIT-12,Junior Officer,40,6.6,0.6,Night,1,4,2,0,0,None,0,46,Not Deployed,0,0,0,184,12.1,5.2,6,6,6,4,0,6.47,1,0,0,0.0,0.2,-0.55,0.5,0.5,10.5,1.0,0.05,Declining,Declining,Declining,0.542,54,MODERATE,Leave gap | Sleep decline | Average duty hours,31 | 21 | 2,Increasing | Declining | Increasing,Consider leave/recovery review | Wellness check-in focused on sleep and recovery,Prolonged gap since last leave taken | Sleep duration/quality declining from baseline,synthetic-model-v1,2026-01-16 05:00:00,1
P0072,2026-01-22,40,14,UNIT-12,Junior Officer,40,6.9,0.0,Night,1,3,4,0,0,None,0,53,Not Deployed,0,0,0,191,14.1,5.4,6,6,6,4,0,6.57,2,0,0,0.0,0.43,-0.17,0.33,0.33,14.0,0.67,-0.27,Improving,Stable,Declining,0.646,65,HIGH,Leave gap | Sleep decline | Night-duty frequency | Average duty hours,40 | 12 | 9 | 4,Increasing | Declining | Increasing | Increasing,Consider leave/recovery review | Wellness check-in focused on sleep and recovery,Prolonged gap since last leave taken | Sleep duration/quality declining from baseline,synthetic-model-v1,2026-01-23 04:00:00,1
P0072,2026-01-29,40,14,UNIT-12,Junior Officer,40,7.6,0.2,Night,1,4,6,0,0,None,0,60,Not Deployed,0,0,0,198,14.3,5.4,7,5,7,6,0,6.95,3,0,0,0.0,1.03,-0.12,1.25,-0.75,17.5,0.5,0.7,Declining,Declining,Stable,0.546,55,HIGH,Leave gap | Night-duty frequency | Sleep decline | Average duty hours | Fatigue level,28 | 10 | 7 | 5 | 5,Increasing | Increasing | Declining | Increasing | Increasing,Workload review | Review night-duty schedule | Consider leave/recovery review | Wellness check-in focused on sleep and recovery,Duty hours elevated relative to personal baseline | Frequent night shifts in the past 30 days | Prolonged gap since last leave taken | Sleep duration/quality declining from baseline,synthetic-model-v1,2026-01-30 01:00:00,0
P0072,2026-02-05,40,14,UNIT-12,Junior Officer,40,6.4,0.2,Night,1,5,8,1,2,Emergency,1,7,Not Deployed,0,0,0,205,16.6,6.4,7,5,7,5,0,6.88,4,2,1,0.25,-0.38,0.9,1.0,-0.6,-39.0,0.4,-0.64,Declining,Declining,Improving,0.534,53,MODERATE,Night-duty frequency | Mood decline | Sleep decline,36 | 10 | 8,Increasing | Declining | Declining,Review night-duty schedule,Frequent night shifts in the past 30 days,synthetic-model-v1,2026-02-06 01:00:00,1
P0072,2026-02-12,40,14,UNIT-12,Junior Officer,40,6.4,0.4,Night,1,6,10,0,0,None,0,14,Not Deployed,0,0,0,212,13.9,5.2,6,6,7,6,0,6.82,4,2,1,0.25,-0.32,-0.45,0.83,0.5,-25.5,0.33,-0.33,Stable,Stable,Stable,0.723,72,HIGH,Night-duty frequency | Sleep decline | Fatigue level,35 | 26 | 12,Increasing | Declining | Increasing,Review night-duty schedule | Wellness check-in focused on sleep and recovery,Frequent night shifts in the past 30 days | Sleep duration/quality declining from baseline,synthetic-model-v1,2026-02-13 04:00:00,0
P0072,2026-02-19,40,14,UNIT-12,Junior Officer,40,8.2,0.0,Night,1,5,2,1,2,Emergency,1,7,Not Deployed,0,0,0,219,13.6,5.5,7,5,7,6,0,7.15,4,4,2,0.5,1.53,-0.09,0.71,-0.57,-28.86,0.29,1.11,Declining,Stable,Declining,0.462,46,MODERATE,Night-duty frequency | Rising leave requests | Average duty hours | Sleep decline | Fatigue level,17 | 9 | 8 | 7 | 6,Increasing | Increasing | Increasing | Declining | Increasing,Workload review | Review night-duty schedule | Wellness check-in focused on sleep and recovery,Duty hours elevated relative to personal baseline | Frequent night shifts in the past 30 days | Sleep duration/quality declining from baseline,synthetic-model-v1,2026-02-20 02:00:00,1
P0072,2026-02-26,40,14,UNIT-12,Junior Officer,40,6.8,0.2,Night,1,5,4,0,0,None,0,14,Not Deployed,0,0,0,226,11.9,4.9,4,5,8,6,0,6.95,4,4,2,0.5,-0.06,-0.67,1.62,-0.5,-18.25,0.25,-0.22,Declining,Declining,Stable,0.636,64,HIGH,Night-duty frequency | Sleep decline | Rising leave requests | Fatigue level | Mood decline,21 | 20 | 11 | 7 | 5,Increasing | Declining | Increasing | Increasing | Declining,Review night-duty schedule | Wellness check-in focused on sleep and recovery,Frequent night shifts in the past 30 days | Sleep duration/quality declining from baseline,synthetic-model-v1,2026-02-27 03:00:00,0
P0072,2026-03-05,40,14,UNIT-12,Junior Officer,40,7.4,0.2,Night,1,6,5,0,0,None,0,21,Not Deployed,0,0,0,233,12.3,5.2,6,6,7,5,0,7.2,4,2,1,0.25,0.54,-0.3,0.44,0.56,-9.22,0.22,0.4,Improving,Stable,Stable,0.686,69,HIGH,Night-duty frequency | Sleep decline | Average duty hours,38 | 24 | 7,Increasing | Declining | Increasing,Review night-duty schedule | Wellness check-in focused on sleep and recovery,Frequent night shifts in the past 30 days | Sleep duration/quality declining from baseline,synthetic-model-v1,2026-03-06 03:00:00,0
P0073,2026-01-01,48,18,UNIT-11,Senior Officer,70,7.6,0.0,Day,0,4,0,0,0,None,0,21,Not Deployed,0,0,0,148,10.5,7.0,8,7,4,3,0,7.6,0,0,0,0.0,0.0,0.0,0.0,0.0,0.0,0.0,0.0,Stable,Stable,Stable,0.499,50,MODERATE,Role difficulty,50,High,Routine monitoring,No significant risk indicators detected this period,synthetic-model-v1,2026-01-02 03:00:00,1
P0073,2026-01-08,48,18,UNIT-11,Senior Officer,70,8.5,0.0,Day,0,4,0,0,0,None,0,28,Not Deployed,0,0,0,155,14.2,6.8,8,7,4,3,0,8.05,0,0,0,0.0,0.9,-0.2,0.0,0.0,7.0,0.0,0.9,Stable,Stable,Stable,0.481,48,MODERATE,Average duty hours | Leave gap | Role difficulty,21 | 16 | 12,Increasing | Increasing | High,Routine monitoring,No significant risk indicators detected this period,synthetic-model-v1,2026-01-09 03:00:00,1
P0073,2026-01-15,48,18,UNIT-11,Senior Officer,70,8.1,0.3,Day,0,4,0,0,0,None,0,35,Not Deployed,0,0,0,162,12.4,7.0,8,6,6,3,0,8.07,0,0,0,0.0,0.05,0.1,2.0,-1.0,10.5,0.0,0.35,Declining,Declining,Stable,0.532,53,MODERATE,Leave gap | Mood decline | Role difficulty | Average duty hours,25 | 20 | 7 | 1,Increasing | Declining | High | Increasing,Routine monitoring,No significant risk indicators detected this period,synthetic-model-v1,2026-01-16 01:00:00,0
P0073,2026-01-22,48,18,UNIT-11,Senior Officer,70,7.7,0.9,Day,0,4,0,1,1,Earned,1,7,Not Deployed,0,0,0,169,11.7,7.7,8,7,5,3,0,7.98,0,1,1,0.25,-0.37,0.77,0.33,0.33,-21.0,0.0,0.43,Stable,Declining,Improving,0.343,34,MODERATE,Role difficulty,34,High,Routine monitoring,No significant risk indicators detected this period,synthetic-model-v1,2026-01-23 01:00:00,0
P0073,2026-01-29,48,18,UNIT-11,Senior Officer,70,9.5,0.3,Rotating,0,3,0,0,0,None,0,14,Not Deployed,0,0,0,176,11.2,7.5,8,7,4,2,0,8.45,0,1,1,0.25,1.52,0.38,-0.75,0.25,-8.75,0.0,1.53,Improving,Improving,Improving,0.526,53,MODERATE,Average duty hours | Role difficulty,45 | 8,Increasing | High,Workload review,Duty hours elevated relative to personal baseline,synthetic-model-v1,2026-01-30 01:00:00,1
P0073,2026-02-05,48,18,UNIT-11,Senior Officer,70,8.9,0.4,Rotating,1,2,2,0,0,None,0,21,Not Deployed,0,0,0,183,11.2,7.2,6,7,5,3,0,8.55,1,1,1,0.25,0.62,0.0,0.4,0.2,0.0,1.0,0.72,Declining,Stable,Declining,0.344,34,MODERATE,Average duty hours | Role difficulty,24 | 10,Increasing | High,Routine monitoring,No significant risk indicators detected this period,synthetic-model-v1,2026-02-06 02:00:00,0
P0073,2026-02-12,48,18,UNIT-11,Senior Officer,70,8.9,2.3,Rotating,0,1,0,0,0,None,0,28,Not Deployed,0,0,0,190,9.8,7.7,8,6,5,4,0,8.75,1,1,1,0.25,0.52,0.5,0.33,-0.83,7.0,-0.17,2.5,Declining,Declining,Stable,0.368,37,MODERATE,Mood decline | Average duty hours | Leave gap | Role difficulty,12 | 12 | 7 | 6,Declining | Increasing | Increasing | High,Routine monitoring,No significant risk indicators detected this period,synthetic-model-v1,2026-02-13 05:00:00,0
P0073,2026-02-19,48,18,UNIT-11,Senior Officer,70,8.8,2.5,Rotating,1,1,1,0,0,None,0,35,Not Deployed,0,0,0,197,10.7,6.6,6,6,6,4,0,9.02,2,0,0,0.0,0.34,-0.67,1.29,-0.71,13.0,0.86,2.24,Declining,Declining,Declining,0.553,55,HIGH,Leave gap | Sleep decline | Night-duty frequency | Mood decline | Average duty hours,16 | 13 | 10 | 9 | 7,Increasing | Declining | Increasing | Declining | Increasing,Wellness check-in focused on sleep and recovery,Sleep duration/quality declining from baseline,synthetic-model-v1,2026-02-20 05:00:00,0
P0073,2026-02-26,48,18,UNIT-11,Senior Officer,70,8.1,0.0,Day,0,2,0,0,0,None,0,42,Not Deployed,0,0,0,204,12.3,6.6,6,6,6,3,0,8.68,2,0,0,0.0,-0.4,-0.59,1.12,-0.62,18.38,-0.25,-1.24,Declining,Declining,Declining,0.451,45,MODERATE,Leave gap | Sleep decline | Night-duty frequency | Mood decline | Role difficulty,20 | 8 | 7 | 6 | 4,Increasing | Declining | Increasing | Declining | High,Consider leave/recovery review | Wellness check-in focused on sleep and recovery,Prolonged gap since last leave taken | Sleep duration/quality declining from baseline,synthetic-model-v1,2026-02-27 03:00:00,0
P0073,2026-03-05,48,18,UNIT-11,Senior Officer,70,9.6,0.5,Day,0,3,0,1,3,Earned,0,49,Not Deployed,0,0,0,211,15.4,6.3,7,7,5,3,0,8.85,1,3,1,0.25,1.14,-0.82,0.0,0.44,23.33,-0.22,0.9,Improving,Improving,Stable,0.523,52,MODERATE,Average duty hours | Sleep decline | Leave gap | Role difficulty,21 | 15 | 12 | 4,Increasing | Declining | Increasing | High,Workload review | Wellness check-in focused on sleep and recovery,Duty hours elevated relative to personal baseline | Sleep duration/quality declining from baseline,synthetic-model-v1,2026-03-06 01:00:00,0
P0074,2026-01-01,40,14,UNIT-10,Senior Officer,70,8.8,0.5,Day,0,2,0,0,0,None,0,43,Not Deployed,0,0,0,382,15.8,7.9,7,6,5,4,0,8.8,0,0,0,0.0,0.0,0.0,0.0,0.0,0.0,0.0,0.0,Stable,Stable,Stable,0.511,51,MODERATE,Leave gap | Role difficulty | Average duty hours,39 | 7 | 5,Increasing | High | Increasing,Consider leave/recovery review,Prolonged gap since last leave taken,synthetic-model-v1,2026-01-02 01:00:00,1
P0074,2026-01-08,40,14,UNIT-10,Senior Officer,70,9.9,1.2,Day,0,2,0,1,4,Casual,1,7,Not Deployed,0,0,0,389,14.7,7.7,6,6,5,2,0,9.35,0,4,1,0.5,1.1,-0.2,0.0,0.0,-36.0,0.0,1.8,Improving,Stable,Stable,0.593,59,HIGH,Average duty hours | Role difficulty,51 | 9,Increasing | High,Workload review,Duty hours elevated relative to personal baseline,synthetic-model-v1,2026-01-09 05:00:00,1
P0074,2026-01-15,40,14,UNIT-10,Senior Officer,70,9.5,0.0,Day,0,1,0,0,0,None,0,14,Not Deployed,0,0,0,396,18.4,7.2,6,6,6,4,0,9.4,0,4,1,0.33,0.15,-0.6,1.0,0.0,-11.0,0.0,-0.7,Declining,Declining,Declining,0.551,55,HIGH,Average duty hours | Sleep decline | Role difficulty,26 | 21 | 9,Increasing | Declining | High,Wellness check-in focused on sleep and recovery,Sleep duration/quality declining from baseline,synthetic-model-v1,2026-01-16 02:00:00,1
P0074,2026-01-22,40,14,UNIT-10,Senior Officer,70,10.0,0.5,Day,0,2,0,0,0,None,0,21,Not Deployed,0,0,0,403,16.3,7.5,5,5,8,5,0,9.55,0,4,1,0.25,0.6,-0.1,2.67,-1.0,-0.33,0.0,0.53,Declining,Declining,Stable,0.551,55,HIGH,Average duty hours | Mood decline | Role difficulty,32 | 17 | 6,Increasing | Declining | High,Workload review,Duty hours elevated relative to personal baseline,synthetic-model-v1,2026-01-23 05:00:00,0
P0074,2026-01-29,40,14,UNIT-10,Senior Officer,70,9.7,0.8,Day,0,1,0,0,0,None,0,28,Not Deployed,0,0,0,410,14.3,8.3,7,7,6,4,0,9.77,0,4,1,0.25,0.15,0.73,0.0,1.25,6.75,0.0,0.4,Improving,Stable,Improving,0.554,55,HIGH,Average duty hours | Leave gap | Role difficulty,33 | 13 | 9,Increasing | Increasing | High,Workload review,Duty hours elevated relative to personal baseline,synthetic-model-v1,2026-01-30 03:00:00,1
P0074,2026-02-05,40,14,UNIT-10,Senior Officer,70,8.9,0.2,Day,0,1,0,0,0,None,0,35,Deployed,7,1,0,417,39.0,7.3,4,5,7,5,0,9.52,0,0,0,0.0,-0.68,-0.42,1.0,-1.0,12.4,0.0,-1.08,Declining,Improving,Stable,0.518,52,MODERATE,Recent deployment | Leave gap | Mood decline | Sleep decline | Deployment hardship,16 | 13 | 10 | 7 | 6,Increasing | Increasing | Declining | Declining | High,Wellness check-in focused on sleep and recovery,Sleep duration/quality declining from baseline,synthetic-model-v1,2026-02-06 05:00:00,0
P0074,2026-02-12,40,14,UNIT-10,Senior Officer,70,10.2,1.3,Night,1,1,1,0,0,None,0,42,Deployed,14,0,0,424,46.3,7.5,6,6,7,4,0,9.7,1,0,0,0.0,0.73,-0.15,0.83,0.17,17.33,1.0,1.5,Declining,Declining,Declining,0.666,67,HIGH,Average duty hours | Leave gap | Deployment hardship | Role difficulty,26 | 25 | 12 | 4,Increasing | Increasing | High | High,Workload review | Consider leave/recovery review,Duty hours elevated relative to personal baseline | Prolonged gap since last leave taken,synthetic-model-v1,2026-02-13 01:00:00,1
P0074,2026-02-19,40,14,UNIT-10,Senior Officer,70,11.6,2.4,Night,1,1,2,0,0,None,0,49,Deployed,21,0,0,431,56.9,7.0,5,6,7,4,0,10.1,2,0,0,0.0,2.03,-0.63,0.71,0.14,21.86,0.86,3.79,Improving,Stable,Stable,0.656,66,HIGH,Average duty hours | Leave gap | Deployment hardship | Sleep decline | Night-duty frequency,28 | 18 | 10 | 6 | 4,Increasing | Increasing | High | Declining | Increasing,Workload review | Consider leave/recovery review | Wellness check-in focused on sleep and recovery | Review deployment welfare support,Duty hours elevated relative to personal baseline | Prolonged gap since last leave taken | Sleep duration/quality declining from baseline | High deployment hardship score,synthetic-model-v1,2026-02-20 05:00:00,1
P0074,2026-02-26,40,14,UNIT-10,Senior Officer,70,10.5,1.1,Night,1,1,4,0,0,None,0,56,Not Deployed,0,0,0,438,41.6,6.9,6,5,8,5,0,10.3,3,0,0,0.0,0.68,-0.65,1.62,-0.88,26.12,0.75,0.91,Declining,Declining,Declining,0.714,71,HIGH,Leave gap | Average duty hours | Night-duty frequency | Sleep decline | Mood decline,28 | 18 | 11 | 7 | 6,Increasing | Increasing | Increasing | Declining | Declining,Workload review | Review night-duty schedule | Consider leave/recovery review | Wellness check-in focused on sleep and recovery,Duty hours elevated relative to personal baseline | Frequent night shifts in the past 30 days | Prolonged gap since last leave taken | Sleep duration/quality declining from baseline,synthetic-model-v1,2026-02-27 03:00:00,0
P0074,2026-03-05,40,14,UNIT-10,Senior Officer,70,11.1,1.6,Rotating,1,2,5,0,0,None,0,63,Not Deployed,0,0,0,445,29.5,7.0,7,5,8,5,0,10.85,4,0,0,0.0,1.2,-0.48,1.44,-0.78,30.22,0.67,1.91,Stable,Declining,Stable,0.561,56,HIGH,Leave gap | Average duty hours | Night-duty frequency | Mood decline | Sleep decline,22 | 16 | 11 | 4 | 3,Increasing | Increasing | Increasing | Declining | Declining,Workload review | Review night-duty schedule | Consider leave/recovery review | Wellness check-in focused on sleep and recovery,Duty hours elevated relative to personal baseline | Frequent night shifts in the past 30 days | Prolonged gap since last leave taken | Sleep duration/quality declining from baseline,synthetic-model-v1,2026-03-06 03:00:00,0
P0075,2026-01-01,29,3,UNIT-11,Junior Officer,40,12.8,3.3,Rotating,1,6,2,0,0,None,0,22,Not Deployed,0,0,0,349,14.8,7.1,8,7,5,4,0,12.8,1,0,0,0.0,0.0,0.0,0.0,0.0,0.0,0.0,0.0,Stable,Stable,Stable,0.265,26,LOW,Average duty hours,26,Increasing,Workload review,Duty hours elevated relative to personal baseline,synthetic-model-v1,2026-01-02 03:00:00,0
P0075,2026-01-08,29,3,UNIT-11,Junior Officer,40,12.7,2.9,Rotating,0,6,1,1,3,Earned,1,7,Not Deployed,0,0,0,356,15.4,8.5,7,6,5,3,0,12.75,1,3,1,0.5,-0.1,1.4,0.0,-1.0,-15.0,-1.0,-0.5,Declining,Stable,Improving,0.298,30,MODERATE,Average duty hours | Mood decline,24 | 6,Increasing | Declining,Workload review,Duty hours elevated relative to personal baseline,synthetic-model-v1,2026-01-09 02:00:00,0
P0075,2026-01-15,29,3,UNIT-11,Junior Officer,40,13.1,5.0,Day,0,7,0,0,0,None,0,14,Not Deployed,0,0,0,363,13.1,8.4,8,8,5,3,0,12.87,1,3,1,0.33,0.35,0.6,0.0,1.5,-0.5,-0.5,2.25,Improving,Stable,Improving,0.576,58,HIGH,Average duty hours,58,Increasing,Workload review,Duty hours elevated relative to personal baseline,synthetic-model-v1,2026-01-16 04:00:00,1
P0075,2026-01-22,29,3,UNIT-11,Junior Officer,40,13.4,1.9,Day,0,7,0,0,0,None,0,21,Not Deployed,0,0,0,370,10.6,7.3,7,7,5,3,0,13.0,1,3,1,0.25,0.53,-0.7,0.0,0.0,6.67,-0.33,-1.3,Improving,Stable,Declining,0.348,35,MODERATE,Average duty hours | Sleep decline,29 | 6,Increasing | Declining,Workload review | Wellness check-in focused on sleep and recovery,Duty hours elevated relative to personal baseline | Sleep duration/quality declining from baseline,synthetic-model-v1,2026-01-23 04:00:00,1
P0075,2026-01-29,29,3,UNIT-11,Junior Officer,40,12.4,2.5,Day,0,7,0,0,0,None,0,28,Not Deployed,0,0,0,377,9.1,7.9,7,7,5,3,0,12.9,0,3,1,0.25,-0.6,0.08,0.0,0.0,12.0,-0.25,-1.38,Declining,Stable,Declining,0.475,48,MODERATE,Average duty hours | Leave gap,42 | 5,Increasing | Increasing,Workload review,Duty hours elevated relative to personal baseline,synthetic-model-v1,2026-01-30 05:00:00,1
P0075,2026-02-05,29,3,UNIT-11,Junior Officer,40,13.0,4.8,Day,0,8,0,1,2,Other,1,7,Not Deployed,0,0,0,384,8.8,6.8,6,7,6,3,0,12.98,0,2,1,0.25,0.12,-1.04,1.0,0.0,-11.4,-0.2,1.8,Declining,Declining,Declining,0.419,42,MODERATE,Average duty hours | Sleep decline | Consecutive work days,27 | 9 | 6,Increasing | Declining | Increasing,Workload review | Wellness check-in focused on sleep and recovery,Duty hours elevated relative to personal baseline | Sleep duration/quality declining from baseline,synthetic-model-v1,2026-02-06 05:00:00,1
P0075,2026-02-12,29,3,UNIT-11,Junior Officer,40,13.8,3.1,Day,0,8,0,0,0,None,0,14,Deployed,7,1,0,391,58.6,6.5,6,6,7,5,0,13.15,0,2,1,0.25,0.9,-1.17,1.83,-1.0,-2.5,-0.17,0.6,Declining,Declining,Declining,0.607,61,HIGH,Average duty hours | Deployment hardship | Sleep decline | Recent deployment | Mood decline,30 | 9 | 9 | 8 | 5,Increasing | High | Declining | Increasing | Declining,Workload review | Wellness check-in focused on sleep and recovery | Review deployment welfare support,Duty hours elevated relative to personal baseline | Sleep duration/quality declining from baseline | High deployment hardship score,synthetic-model-v1,2026-02-13 03:00:00,1
P0075,2026-02-19,29,3,UNIT-11,Junior Officer,40,14.0,4.7,Day,0,7,0,0,0,None,0,21,Deployed,14,0,0,398,61.9,7.6,4,4,8,5,0,13.3,0,2,1,0.25,0.97,0.1,2.57,-2.86,4.86,-0.14,2.31,Declining,Declining,Improving,0.633,63,HIGH,Average duty hours | Mood decline | Deployment hardship,36 | 16 | 11,Increasing | Declining | High,Workload review | Review deployment welfare support,Duty hours elevated relative to personal baseline | High deployment hardship score,synthetic-model-v1,2026-02-20 04:00:00,0
P0075,2026-02-26,29,3,UNIT-11,Junior Officer,40,13.3,2.3,Day,0,7,0,0,0,None,0,28,Deployed,21,0,0,405,59.5,7.6,6,6,8,5,0,13.52,0,2,1,0.25,0.15,0.09,2.25,-0.5,11.25,-0.12,-1.08,Stable,Declining,Improving,0.74,74,HIGH,Average duty hours | Deployment hardship | Leave gap | Mood decline,47 | 18 | 5 | 5,Increasing | High | Increasing | Declining,Workload review | Review deployment welfare support,Duty hours elevated relative to personal baseline | High deployment hardship score,synthetic-model-v1,2026-02-27 05:00:00,1
P0075,2026-03-05,29,3,UNIT-11,Junior Officer,40,14.0,3.4,Day,0,6,0,1,6,Casual,1,7,Deployed,28,0,0,412,67.7,7.8,4,4,9,6,0,13.78,0,6,1,0.25,0.83,0.28,3.0,-2.44,-11.0,-0.11,0.84,Declining,Declining,Stable,0.733,73,HIGH,Average duty hours | Mood decline | Deployment hardship | Fatigue level,38 | 15 | 15 | 5,Increasing | Declining | High | Increasing,Workload review | Review deployment welfare support,Duty hours elevated relative to personal baseline | High deployment hardship score,synthetic-model-v1,2026-03-06 01:00:00,1
P0076,2026-01-01,34,4,UNIT-09,Junior Officer,40,8.5,0.4,Day,0,2,0,0,0,None,0,27,Not Deployed,0,0,0,487,18.6,6.5,5,7,7,4,0,8.5,0,0,0,0.0,0.0,0.0,0.0,0.0,0.0,0.0,0.0,Stable,Stable,Stable,0.548,55,HIGH,Leave gap,55,Increasing,Routine monitoring,No significant risk indicators detected this period,synthetic-model-v1,2026-01-02 03:00:00,0
P0076,2026-01-08,34,4,UNIT-09,Junior Officer,40,8.3,0.0,Day,0,3,0,0,0,None,0,34,Not Deployed,0,0,0,494,16.8,7.2,6,7,6,3,0,8.4,0,0,0,0.0,-0.2,0.7,-1.0,0.0,7.0,0.0,-0.6,Improving,Improving,Improving,0.571,57,HIGH,Leave gap,57,Increasing,Routine monitoring,No significant risk indicators detected this period,synthetic-model-v1,2026-01-09 04:00:00,1
P0076,2026-01-15,34,4,UNIT-09,Junior Officer,40,8.2,0.6,Rotating,1,4,1,0,0,None,0,41,Not Deployed,0,0,0,501,14.9,6.6,6,7,6,5,0,8.33,1,0,0,0.0,-0.2,-0.25,-0.5,0.0,10.5,1.0,0.2,Stable,Improving,Stable,0.466,47,MODERATE,Leave gap | Sleep decline,37 | 9,Increasing | Declining,Consider leave/recovery review,Prolonged gap since last leave taken,synthetic-model-v1,2026-01-16 03:00:00,0
P0076,2026-01-22,34,4,UNIT-09,Junior Officer,40,9.1,0.8,Rotating,1,3,3,0,0,None,0,48,Not Deployed,0,0,0,508,9.8,6.5,6,5,7,5,0,8.52,2,0,0,0.0,0.77,-0.27,0.67,-2.0,14.0,0.67,1.23,Declining,Declining,Declining,0.667,67,HIGH,Leave gap | Mood decline | Average duty hours | Night-duty frequency | Sleep decline,26 | 18 | 11 | 7 | 5,Increasing | Declining | Increasing | Increasing | Declining,Consider leave/recovery review,Prolonged gap since last leave taken,synthetic-model-v1,2026-01-23 01:00:00,0
P0076,2026-01-29,34,4,UNIT-09,Junior Officer,40,7.8,0.2,Rotating,0,3,0,0,0,None,0,55,Not Deployed,0,0,0,515,9.9,7.1,6,5,7,5,0,8.35,2,0,0,0.0,-0.73,0.4,0.5,-1.5,17.5,-0.5,-0.97,Declining,Declining,Improving,0.638,64,HIGH,Leave gap | Mood decline | Night-duty frequency,40 | 16 | 8,Increasing | Declining | Increasing,Consider leave/recovery review,Prolonged gap since last leave taken,synthetic-model-v1,2026-01-30 04:00:00,0
P0076,2026-02-05,34,4,UNIT-09,Junior Officer,40,8.3,1.1,Day,0,3,0,0,0,None,0,62,Not Deployed,0,0,0,522,14.5,7.4,7,5,7,4,0,8.35,2,0,0,0.0,-0.08,0.62,0.4,-1.2,21.0,-0.4,0.62,Improving,Stable,Improving,0.626,63,HIGH,Leave gap | Mood decline | Night-duty frequency,44 | 11 | 7,Increasing | Declining | Increasing,Consider leave/recovery review,Prolonged gap since last leave taken,synthetic-model-v1,2026-02-06 03:00:00,0
P0076,2026-02-12,34,4,UNIT-09,Junior Officer,40,8.9,0.0,Day,0,4,0,0,0,None,0,69,Not Deployed,0,0,0,529,14.3,6.8,5,5,7,5,0,8.52,1,0,0,0.0,0.53,-0.08,0.33,-1.0,24.5,-0.33,0.02,Declining,Stable,Stable,0.585,58,HIGH,Leave gap | Mood decline | Average duty hours,44 | 8 | 6,Increasing | Declining | Increasing,Consider leave/recovery review,Prolonged gap since last leave taken,synthetic-model-v1,2026-02-13 04:00:00,0
P0076,2026-02-19,34,4,UNIT-09,Junior Officer,40,8.5,2.3,Day,0,3,0,0,0,None,0,76,Not Deployed,0,0,0,536,13.6,5.7,6,6,7,5,0,8.38,0,0,0,0.0,0.06,-1.17,0.29,0.14,28.0,-0.29,1.91,Declining,Stable,Declining,0.584,58,HIGH,Leave gap | Sleep decline | Average duty hours,42 | 16 | 1,Increasing | Declining | Increasing,Consider leave/recovery review | Wellness check-in focused on sleep and recovery,Prolonged gap since last leave taken | Sleep duration/quality declining from baseline,synthetic-model-v1,2026-02-20 01:00:00,0
P0076,2026-02-26,34,4,UNIT-09,Junior Officer,40,8.8,1.1,Rotating,1,2,2,0,0,None,0,83,Not Deployed,0,0,0,543,10.2,7.0,7,6,7,4,0,8.62,1,0,0,0.0,0.35,0.28,0.25,0.12,31.5,0.75,0.78,Improving,Stable,Stable,0.506,51,MODERATE,Leave gap | Average duty hours,47 | 4,Increasing | Increasing,Consider leave/recovery review,Prolonged gap since last leave taken,synthetic-model-v1,2026-02-27 01:00:00,0
P0076,2026-03-05,34,4,UNIT-09,Junior Officer,40,9.1,0.0,Rotating,1,2,3,0,0,None,0,90,Not Deployed,0,0,0,550,13.0,6.9,7,6,7,4,0,8.82,2,0,0,0.0,0.61,0.14,0.22,0.11,35.0,0.67,-0.11,Improving,Stable,Improving,0.529,53,MODERATE,Leave gap | Average duty hours | Night-duty frequency,43 | 6 | 4,Increasing | Increasing | Increasing,Consider leave/recovery review,Prolonged gap since last leave taken,synthetic-model-v1,2026-03-06 04:00:00,0
P0077,2026-01-01,25,3,UNIT-09,Field Officer,55,7.8,0.0,Rotating,0,3,0,0,0,None,0,8,Not Deployed,0,0,0,325,12.6,7.7,8,8,5,4,0,7.8,0,0,0,0.0,0.0,0.0,0.0,0.0,0.0,0.0,0.0,Stable,Stable,Stable,0.37,37,MODERATE,Overall workload,37,Stable,Routine monitoring,No significant risk indicators detected this period,synthetic-model-v1,2026-01-02 05:00:00,0
P0077,2026-01-08,25,3,UNIT-09,Field Officer,55,7.4,0.5,Rotating,0,4,0,0,0,None,0,15,Not Deployed,0,0,0,332,9.5,7.3,6,6,5,4,0,7.6,0,0,0,0.0,-0.4,-0.4,0.0,-2.0,7.0,0.0,0.1,Declining,Stable,Declining,0.486,49,MODERATE,Mood decline | Sleep decline,37 | 11,Declining | Declining,Wellness check-in focused on sleep and recovery,Sleep duration/quality declining from baseline,synthetic-model-v1,2026-01-09 04:00:00,0
P0077,2026-01-15,25,3,UNIT-09,Field Officer,55,6.9,0.4,Rotating,0,4,0,1,1,Emergency,1,7,Not Deployed,0,0,0,339,7.8,7.3,8,7,5,4,0,7.37,0,1,1,0.33,-0.7,-0.2,0.0,0.0,-4.5,0.0,-0.55,Declining,Stable,Declining,0.428,43,MODERATE,Overall workload,43,Stable,Routine monitoring,No significant risk indicators detected this period,synthetic-model-v1,2026-01-16 05:00:00,0
P0077,2026-01-22,25,3,UNIT-09,Field Officer,55,6.6,0.7,Rotating,1,4,2,0,0,None,0,14,Not Deployed,0,0,0,346,7.4,7.1,5,6,6,3,0,7.18,1,1,1,0.25,-0.77,-0.33,1.0,-1.0,4.0,1.0,-0.37,Stable,Declining,Stable,0.498,50,MODERATE,Mood decline | Sleep decline,33 | 17,Declining | Declining,Wellness check-in focused on sleep and recovery,Sleep duration/quality declining from baseline,synthetic-model-v1,2026-01-23 05:00:00,0
P0077,2026-01-29,25,3,UNIT-09,Field Officer,55,7.9,0.6,Night,1,5,3,0,0,None,0,21,Not Deployed,0,0,0,353,10.6,6.6,5,7,5,2,0,7.2,2,1,1,0.25,0.72,-0.75,-0.25,0.25,10.0,0.75,0.92,Declining,Stable,Declining,0.474,47,MODERATE,Sleep decline | Night-duty frequency | Average duty hours,22 | 15 | 11,Declining | Increasing | Increasing,Wellness check-in focused on sleep and recovery,Sleep duration/quality declining from baseline,synthetic-model-v1,2026-01-30 02:00:00,1
P0077,2026-02-05,25,3,UNIT-09,Field Officer,55,7.9,0.0,Night,1,4,5,0,0,None,0,28,Not Deployed,0,0,0,360,6.9,7.3,7,6,6,3,0,7.32,3,1,1,0.25,0.58,0.1,0.8,-0.8,15.0,0.6,0.14,Improving,Stable,Stable,0.392,39,MODERATE,Night-duty frequency | Mood decline | Leave gap | Average duty hours,18 | 10 | 6 | 5,Increasing | Declining | Increasing | Increasing,Review night-duty schedule,Frequent night shifts in the past 30 days,synthetic-model-v1,2026-02-06 01:00:00,1
P0077,2026-02-12,25,3,UNIT-09,Field Officer,55,9.7,0.6,Night,1,4,7,0,0,None,0,35,Not Deployed,0,0,0,367,8.7,7.2,7,7,6,4,0,8.02,4,0,0,0.0,2.28,-0.02,0.67,0.33,19.5,0.5,2.52,Stable,Declining,Improving,0.48,48,MODERATE,Average duty hours | Night-duty frequency | Leave gap,22 | 17 | 9,Increasing | Increasing | Increasing,Workload review | Review night-duty schedule,Duty hours elevated relative to personal baseline | Frequent night shifts in the past 30 days,synthetic-model-v1,2026-02-13 03:00:00,1
P0077,2026-02-19,25,3,UNIT-09,Field Officer,55,8.1,0.8,Night,1,5,9,0,0,None,0,42,Not Deployed,0,0,0,374,14.1,7.1,7,7,6,5,0,8.4,4,0,0,0.0,0.36,-0.11,0.57,0.29,23.71,0.43,0.76,Declining,Stable,Stable,0.548,55,HIGH,Night-duty frequency | Leave gap | Average duty hours,27 | 25 | 3,Increasing | Increasing | Increasing,Review night-duty schedule | Consider leave/recovery review,Frequent night shifts in the past 30 days | Prolonged gap since last leave taken,synthetic-model-v1,2026-02-20 04:00:00,1
P0077,2026-02-26,25,3,UNIT-09,Field Officer,55,8.7,0.8,Night,1,6,11,0,0,None,0,49,Not Deployed,0,0,0,381,13.3,6.5,6,5,8,4,0,8.6,4,0,0,0.0,0.91,-0.7,2.5,-1.75,27.75,0.38,1.26,Declining,Declining,Declining,0.581,58,HIGH,Leave gap | Night-duty frequency | Mood decline | Sleep decline | Average duty hours,20 | 15 | 11 | 7 | 6,Increasing | Increasing | Declining | Declining | Increasing,Review night-duty schedule | Consider leave/recovery review | Wellness check-in focused on sleep and recovery,Frequent night shifts in the past 30 days | Prolonged gap since last leave taken | Sleep duration/quality declining from baseline,synthetic-model-v1,2026-02-27 04:00:00,0
P0077,2026-03-05,25,3,UNIT-09,Field Officer,55,9.6,1.2,Rotating,0,5,0,0,0,None,0,56,Not Deployed,0,0,0,388,11.5,7.0,5,6,7,4,0,9.02,3,0,0,0.0,1.71,-0.12,1.22,-0.56,31.67,-0.67,2.42,Declining,Declining,Stable,0.534,53,MODERATE,Leave gap | Average duty hours | Night-duty frequency | Mood decline,25 | 15 | 10 | 4,Increasing | Increasing | Increasing | Declining,Workload review | Review night-duty schedule | Consider leave/recovery review,Duty hours elevated relative to personal baseline | Frequent night shifts in the past 30 days | Prolonged gap since last leave taken,synthetic-model-v1,2026-03-06 03:00:00,0
P0078,2026-01-01,34,5,UNIT-01,Command Officer,85,8.4,1.0,Day,0,4,0,0,0,None,0,18,Not Deployed,0,0,0,249,14.1,7.3,6,7,6,4,0,8.4,0,0,0,0.0,0.0,0.0,0.0,0.0,0.0,0.0,0.0,Stable,Stable,Stable,0.643,64,HIGH,Role difficulty,64,High,Routine monitoring,No significant risk indicators detected this period,synthetic-model-v1,2026-01-02 05:00:00,0
P0078,2026-01-08,34,5,UNIT-01,Command Officer,85,8.7,0.2,Day,0,3,0,0,0,None,0,25,Not Deployed,0,0,0,256,8.5,7.8,6,6,6,3,0,8.55,0,0,0,0.0,0.3,0.5,0.0,-1.0,7.0,0.0,-0.5,Stable,Stable,Improving,0.346,35,MODERATE,Mood decline | Role difficulty | Average duty hours,15 | 14 | 6,Declining | High | Increasing,Routine monitoring,No significant risk indicators detected this period,synthetic-model-v1,2026-01-09 05:00:00,0
P0078,2026-01-15,34,5,UNIT-01,Command Officer,85,8.6,0.0,Day,0,3,0,0,0,None,0,32,Not Deployed,0,0,0,263,8.5,7.6,8,7,5,4,0,8.57,0,0,0,0.0,0.05,0.05,-1.0,0.5,10.5,0.0,-0.55,Improving,Improving,Stable,0.635,64,HIGH,Role difficulty | Leave gap | Average duty hours,31 | 28 | 4,High | Increasing | Increasing,Routine monitoring,No significant risk indicators detected this period,synthetic-model-v1,2026-01-16 03:00:00,0
P0078,2026-01-22,34,5,UNIT-01,Command Officer,85,8.8,0.9,Day,0,2,0,0,0,None,0,39,Not Deployed,0,0,0,270,13.7,8.2,6,7,6,4,0,8.62,0,0,0,0.0,0.23,0.63,0.33,0.33,14.0,0.0,0.73,Stable,Stable,Improving,0.54,54,MODERATE,Leave gap | Role difficulty | Average duty hours,30 | 16 | 8,Increasing | High | Increasing,Consider leave/recovery review,Prolonged gap since last leave taken,synthetic-model-v1,2026-01-23 03:00:00,0
P0078,2026-01-29,34,5,UNIT-01,Command Officer,85,7.1,0.4,Rotating,1,2,2,0,0,None,0,46,Not Deployed,0,0,0,277,12.0,6.8,6,8,6,4,0,8.3,1,0,0,0.0,-1.53,-0.92,0.25,1.25,17.5,1.0,-1.65,Declining,Declining,Declining,0.623,62,HIGH,Leave gap | Sleep decline | Role difficulty,33 | 17 | 12,Increasing | Declining | High,Consider leave/recovery review | Wellness check-in focused on sleep and recovery,Prolonged gap since last leave taken | Sleep duration/quality declining from baseline,synthetic-model-v1,2026-01-30 01:00:00,0
P0078,2026-02-05,34,5,UNIT-01,Command Officer,85,6.4,0.0,Rotating,0,3,0,0,0,None,0,53,Not Deployed,0,0,0,284,16.9,7.6,7,6,6,4,0,7.72,1,0,0,0.0,-1.92,0.06,0.2,-1.0,21.0,-0.2,-2.42,Stable,Stable,Declining,0.604,60,HIGH,Leave gap | Mood decline | Role difficulty,39 | 11 | 10,Increasing | Declining | High,Consider leave/recovery review,Prolonged gap since last leave taken,synthetic-model-v1,2026-02-06 04:00:00,0
P0078,2026-02-12,34,5,UNIT-01,Command Officer,85,7.2,0.0,Rotating,0,2,0,0,0,None,0,60,Not Deployed,0,0,0,291,15.4,7.7,6,6,6,3,0,7.38,1,0,0,0.0,-0.8,0.15,0.17,-0.83,24.5,-0.17,-1.22,Declining,Stable,Improving,0.566,57,HIGH,Leave gap | Role difficulty | Mood decline,40 | 9 | 8,Increasing | High | Declining,Consider leave/recovery review,Prolonged gap since last leave taken,synthetic-model-v1,2026-02-13 04:00:00,1
P0078,2026-02-19,34,5,UNIT-01,Command Officer,85,8.3,0.0,Rotating,0,3,0,0,0,None,0,67,Not Deployed,0,0,0,298,12.6,7.3,7,7,6,3,0,7.25,1,0,0,0.0,0.41,-0.27,0.14,0.29,28.0,-0.14,0.06,Improving,Stable,Stable,0.673,67,HIGH,Leave gap | Role difficulty | Sleep decline | Average duty hours,51 | 9 | 5 | 3,Increasing | High | Declining | Increasing,Consider leave/recovery review,Prolonged gap since last leave taken,synthetic-model-v1,2026-02-20 05:00:00,1
P0078,2026-02-26,34,5,UNIT-01,Command Officer,85,9.2,1.5,Rotating,1,3,2,0,0,None,0,74,Not Deployed,0,0,0,305,13.7,6.2,6,6,6,5,0,7.78,1,0,0,0.0,1.26,-1.34,0.12,-0.75,31.5,0.88,2.45,Declining,Stable,Declining,0.548,55,HIGH,Leave gap | Sleep decline | Average duty hours | Role difficulty | Mood decline,29 | 10 | 8 | 4 | 4,Increasing | Declining | Increasing | High | Declining,Workload review | Consider leave/recovery review | Wellness check-in focused on sleep and recovery,Duty hours elevated relative to personal baseline | Prolonged gap since last leave taken | Sleep duration/quality declining from baseline,synthetic-model-v1,2026-02-27 01:00:00,0
P0078,2026-03-05,34,5,UNIT-01,Command Officer,85,8.1,0.8,Rotating,0,4,0,0,0,None,0,81,Not Deployed,0,0,0,312,11.8,7.2,7,6,6,4,0,8.2,1,0,0,0.0,0.02,-0.19,0.11,-0.67,35.0,-0.22,0.38,Declining,Stable,Stable,0.551,55,HIGH,Leave gap | Role difficulty | Mood decline | Average duty hours,45 | 6 | 4 | 1,Increasing | High | Declining | Increasing,Consider leave/recovery review,Prolonged gap since last leave taken,synthetic-model-v1,2026-03-06 01:00:00,0
P0079,2026-01-01,35,8,UNIT-01,Field Officer,55,8.6,0.0,Day,0,7,0,0,0,None,0,46,Not Deployed,0,0,0,399,7.7,6.1,7,8,4,3,0,8.6,0,0,0,0.0,0.0,0.0,0.0,0.0,0.0,0.0,0.0,Stable,Stable,Stable,0.334,33,MODERATE,Leave gap | Sleep decline | Average duty hours,27 | 5 | 1,Increasing | Declining | Increasing,Consider leave/recovery review,Prolonged gap since last leave taken,synthetic-model-v1,2026-01-02 04:00:00,0
P0079,2026-01-08,35,8,UNIT-01,Field Officer,55,7.8,0.2,Day,0,6,0,1,5,Earned,1,7,Not Deployed,0,0,0,406,11.7,6.5,6,8,4,2,0,8.2,0,5,1,0.5,-0.8,0.4,0.0,0.0,-39.0,0.0,-0.6,Stable,Stable,Improving,0.241,24,LOW,Overall workload,24,Stable,Routine monitoring,No significant risk indicators detected this period,synthetic-model-v1,2026-01-09 03:00:00,1
P0079,2026-01-15,35,8,UNIT-01,Field Officer,55,8.5,0.4,Rotating,0,5,0,0,0,None,0,14,Not Deployed,0,0,0,413,13.1,6.9,7,7,4,3,0,8.3,0,5,1,0.33,0.3,0.6,0.0,-1.0,-12.5,0.0,0.6,Declining,Stable,Improving,0.342,34,MODERATE,Mood decline | Average duty hours,28 | 6,Declining | Increasing,Routine monitoring,No significant risk indicators detected this period,synthetic-model-v1,2026-01-16 03:00:00,1
P0079,2026-01-22,35,8,UNIT-01,Field Officer,55,8.9,0.2,Night,1,6,2,0,0,None,0,21,Not Deployed,0,0,0,420,15.0,6.4,7,8,4,2,0,8.45,1,5,1,0.25,0.6,-0.1,0.0,0.33,-1.33,1.0,0.6,Improving,Stable,Stable,0.545,55,HIGH,Average duty hours | Sleep decline,34 | 20,Increasing | Declining,Routine monitoring,No significant risk indicators detected this period,synthetic-model-v1,2026-01-23 03:00:00,1
P0079,2026-01-29,35,8,UNIT-01,Field Officer,55,8.6,2.0,Night,1,6,3,0,0,None,0,28,Not Deployed,0,0,0,427,10.5,5.7,5,6,6,5,0,8.45,2,5,1,0.25,0.15,-0.77,2.0,-1.75,6.0,0.75,1.95,Declining,Declining,Declining,0.513,51,MODERATE,Sleep decline | Mood decline | Night-duty frequency | Leave gap | Average duty hours,18 | 18 | 8 | 5 | 2,Declining | Declining | Increasing | Increasing | Increasing,Wellness check-in focused on sleep and recovery,Sleep duration/quality declining from baseline,synthetic-model-v1,2026-01-30 04:00:00,0
P0079,2026-02-05,35,8,UNIT-01,Field Officer,55,9.3,0.1,Night,1,6,4,0,0,None,0,35,Not Deployed,0,0,0,434,9.9,6.2,5,7,6,4,0,8.82,3,0,0,0.0,0.82,-0.12,1.6,-0.4,11.8,0.6,0.36,Declining,Declining,Stable,0.689,69,HIGH,Night-duty frequency | Average duty hours | Leave gap | Sleep decline | Mood decline,20 | 19 | 17 | 7 | 5,Increasing | Increasing | Increasing | Declining | Declining,Review night-duty schedule,Frequent night shifts in the past 30 days,synthetic-model-v1,2026-02-06 04:00:00,0
P0079,2026-02-12,35,8,UNIT-01,Field Officer,55,7.6,0.9,Night,1,6,6,0,0,None,0,42,Not Deployed,0,0,0,441,10.8,6.8,8,6,5,4,0,8.6,4,0,0,0.0,-1.02,0.5,0.33,-1.33,16.83,0.5,-0.6,Improving,Improving,Improving,0.669,67,HIGH,Night-duty frequency | Leave gap | Mood decline,26 | 25 | 16,Increasing | Increasing | Declining,Review night-duty schedule | Consider leave/recovery review,Frequent night shifts in the past 30 days | Prolonged gap since last leave taken,synthetic-model-v1,2026-02-13 01:00:00,1
P0079,2026-02-19,35,8,UNIT-01,Field Officer,55,9.6,1.3,Night,1,6,8,0,0,None,0,49,Not Deployed,0,0,0,448,11.0,6.8,7,7,6,2,0,8.78,4,0,0,0.0,1.13,0.43,1.29,-0.14,21.43,0.43,1.89,Improving,Stable,Improving,0.752,75,HIGH,Leave gap | Night-duty frequency | Average duty hours,31 | 24 | 20,Increasing | Increasing | Increasing,Workload review | Review night-duty schedule | Consider leave/recovery review,Duty hours elevated relative to personal baseline | Frequent night shifts in the past 30 days | Prolonged gap since last leave taken,synthetic-model-v1,2026-02-20 04:00:00,1
P0079,2026-02-26,35,8,UNIT-01,Field Officer,55,9.1,1.2,Night,1,6,9,1,3,Casual,0,56,Not Deployed,0,0,0,455,11.9,6.1,6,6,7,6,0,8.9,4,3,1,0.25,0.49,-0.33,2.12,-1.12,25.75,0.38,1.05,Declining,Declining,Declining,0.782,78,HIGH,Night-duty frequency | Leave gap | Mood decline | Average duty hours | Sleep decline,25 | 22 | 12 | 11 | 9,Increasing | Increasing | Declining | Increasing | Declining,Review night-duty schedule | Consider leave/recovery review | Wellness check-in focused on sleep and recovery,Frequent night shifts in the past 30 days | Prolonged gap since last leave taken | Sleep duration/quality declining from baseline,synthetic-model-v1,2026-02-27 03:00:00,0
P0079,2026-03-05,35,8,UNIT-01,Field Officer,55,10.0,1.4,Day,0,6,0,0,0,None,0,63,Not Deployed,0,0,0,462,10.4,6.2,5,5,7,5,0,9.07,3,3,1,0.25,1.33,-0.19,1.89,-2.0,29.89,-0.67,2.03,Declining,Declining,Declining,0.797,80,CRITICAL,Leave gap | Average duty hours | Mood decline | Night-duty frequency | Sleep decline,24 | 21 | 17 | 13 | 4,Increasing | Increasing | Declining | Increasing | Declining,Workload review | Review night-duty schedule | Consider leave/recovery review,Duty hours elevated relative to personal baseline | Frequent night shifts in the past 30 days | Prolonged gap since last leave taken,synthetic-model-v1,2026-03-06 03:00:00,0
P0080,2026-01-01,30,8,UNIT-10,Command Officer,85,6.2,0.3,Rotating,1,6,1,0,0,None,0,30,Not Deployed,0,0,0,379,12.8,5.3,6,7,4,3,0,6.2,1,0,0,0.0,0.0,0.0,0.0,0.0,0.0,0.0,0.0,Stable,Stable,Stable,0.431,43,MODERATE,Role difficulty | Sleep decline | Leave gap,16 | 16 | 11,High | Declining | Increasing,Wellness check-in focused on sleep and recovery,Sleep duration/quality declining from baseline,synthetic-model-v1,2026-01-02 04:00:00,0
P0080,2026-01-08,30,8,UNIT-10,Command Officer,85,6.9,0.0,Rotating,1,6,2,0,0,None,0,37,Not Deployed,0,0,0,386,11.3,6.0,9,8,3,3,0,6.55,2,0,0,0.0,0.7,0.7,-1.0,1.0,7.0,0.0,0.4,Improving,Improving,Improving,0.413,41,MODERATE,Leave gap | Role difficulty | Night-duty frequency | Average duty hours | Sleep decline,15 | 9 | 7 | 5 | 5,Increasing | High | Increasing | Increasing | Declining,Consider leave/recovery review,Prolonged gap since last leave taken,synthetic-model-v1,2026-01-09 04:00:00,0
P0080,2026-01-15,30,8,UNIT-10,Command Officer,85,7.5,0.0,Day,0,7,0,0,0,None,0,44,Not Deployed,0,0,0,393,16.6,5.4,7,6,5,4,0,6.87,2,0,0,0.0,0.95,-0.25,1.5,-1.5,10.5,-1.0,0.8,Declining,Declining,Stable,0.539,54,MODERATE,Leave gap | Mood decline | Sleep decline | Role difficulty | Night-duty frequency,19 | 12 | 10 | 7 | 6,Increasing | Declining | Declining | High | Increasing,Consider leave/recovery review | Wellness check-in focused on sleep and recovery,Prolonged gap since last leave taken | Sleep duration/quality declining from baseline,synthetic-model-v1,2026-01-16 02:00:00,0
P0080,2026-01-22,30,8,UNIT-10,Command Officer,85,7.0,0.8,Day,0,6,0,0,0,None,0,51,Not Deployed,0,0,0,400,18.4,5.2,7,8,4,3,0,6.9,2,0,0,0.0,0.13,-0.37,0.0,1.0,14.0,-0.67,0.83,Declining,Declining,Declining,0.446,45,MODERATE,Leave gap | Sleep decline | Role difficulty | Night-duty frequency | Average duty hours,22 | 10 | 6 | 5 | 1,Increasing | Declining | High | Increasing | Increasing,Consider leave/recovery review | Wellness check-in focused on sleep and recovery,Prolonged gap since last leave taken | Sleep duration/quality declining from baseline,synthetic-model-v1,2026-01-23 01:00:00,1
P0080,2026-01-29,30,8,UNIT-10,Command Officer,85,8.1,0.3,Day,0,6,0,0,0,None,0,58,Not Deployed,0,0,0,407,16.1,6.0,7,7,4,3,0,7.38,1,0,0,0.0,1.2,0.52,0.0,-0.25,17.5,-0.5,1.23,Improving,Improving,Improving,0.483,48,MODERATE,Leave gap | Role difficulty | Average duty hours | Sleep decline,31 | 7 | 7 | 4,Increasing | High | Increasing | Declining,Workload review | Consider leave/recovery review,Duty hours elevated relative to personal baseline | Prolonged gap since last leave taken,synthetic-model-v1,2026-01-30 01:00:00,1
P0080,2026-02-05,30,8,UNIT-10,Command Officer,85,7.8,0.3,Day,0,7,0,0,0,None,0,65,Not Deployed,0,0,0,414,15.1,5.8,8,8,5,4,0,7.6,0,0,0,0.0,0.66,0.22,1.0,0.8,21.0,-0.4,0.68,Stable,Declining,Improving,0.589,59,HIGH,Leave gap | Role difficulty | Sleep decline | Average duty hours,42 | 8 | 4 | 4,Increasing | High | Declining | Increasing,Consider leave/recovery review | Wellness check-in focused on sleep and recovery,Prolonged gap since last leave taken | Sleep duration/quality declining from baseline,synthetic-model-v1,2026-02-06 05:00:00,1
P0080,2026-02-12,30,8,UNIT-10,Command Officer,85,8.0,0.8,Day,0,7,0,0,0,None,0,72,Not Deployed,0,0,0,421,10.5,5.3,7,6,5,4,1,7.72,0,0,0,0.0,0.75,-0.32,0.83,-1.33,24.5,-0.33,1.27,Declining,Declining,Declining,0.523,52,MODERATE,Leave gap | Sleep decline | Mood decline | Role difficulty | Average duty hours,30 | 7 | 7 | 5 | 3,Increasing | Declining | Declining | High | Increasing,Consider leave/recovery review | Wellness check-in focused on sleep and recovery | Prioritize welfare officer follow-up,Prolonged gap since last leave taken | Sleep duration/quality declining from baseline | Person actively requested help,synthetic-model-v1,2026-02-13 02:00:00,1
P0080,2026-02-19,30,8,UNIT-10,Command Officer,85,7.9,0.0,Day,0,8,0,0,0,None,0,79,Not Deployed,0,0,0,428,9.1,6.4,7,7,5,4,1,7.95,0,0,0,0.0,0.54,0.83,0.71,-0.14,28.0,-0.29,0.19,Declining,Stable,Improving,0.438,44,MODERATE,Leave gap | Consecutive work days | Role difficulty | Sleep decline | Average duty hours,31 | 5 | 4 | 2 | 2,Increasing | Increasing | High | Declining | Increasing,Consider leave/recovery review | Prioritize welfare officer follow-up,Prolonged gap since last leave taken | Person actively requested help,synthetic-model-v1,2026-02-20 02:00:00,1
P0080,2026-02-26,30,8,UNIT-10,Command Officer,85,8.5,0.9,Day,0,8,0,1,3,Emergency,1,7,Not Deployed,0,0,0,435,15.5,5.7,6,6,6,4,0,8.05,0,3,1,0.25,1.08,0.02,1.62,-1.12,-47.5,-0.25,1.66,Declining,Declining,Improving,0.558,56,HIGH,Mood decline | Consecutive work days | Role difficulty | Average duty hours | Sleep decline,14 | 12 | 12 | 10 | 7,Declining | Increasing | High | Increasing | Declining,Workload review | Wellness check-in focused on sleep and recovery,Duty hours elevated relative to personal baseline | Sleep duration/quality declining from baseline,synthetic-model-v1,2026-02-27 05:00:00,0
P0080,2026-03-05,30,8,UNIT-10,Command Officer,85,7.4,1.1,Day,0,9,0,0,0,None,0,14,Not Deployed,0,0,0,442,15.3,5.7,7,6,6,4,0,7.95,0,3,1,0.25,-0.14,0.02,1.44,-1.0,-35.22,-0.22,0.58,Declining,Declining,Declining,0.439,44,MODERATE,Consecutive work days | Mood decline | Role difficulty | Sleep decline,16 | 11 | 10 | 7,Increasing | Declining | High | Declining,Wellness check-in focused on sleep and recovery,Sleep duration/quality declining from baseline,synthetic-model-v1,2026-03-06 02:00:00,0
P0081,2026-01-01,37,15,UNIT-06,Senior Officer,70,8.3,0.0,Day,0,4,0,0,0,None,0,12,Not Deployed,0,0,0,322,18.1,6.7,9,8,4,3,0,8.3,0,0,0,0.0,0.0,0.0,0.0,0.0,0.0,0.0,0.0,Stable,Stable,Stable,0.352,35,MODERATE,Role difficulty,35,High,Routine monitoring,No significant risk indicators detected this period,synthetic-model-v1,2026-01-02 03:00:00,0
P0081,2026-01-08,37,15,UNIT-06,Senior Officer,70,7.7,1.1,Night,1,4,2,0,0,None,0,19,Not Deployed,0,0,0,329,13.2,6.4,8,7,4,2,0,8.0,1,0,0,0.0,-0.6,-0.3,0.0,-1.0,7.0,1.0,0.5,Declining,Stable,Stable,0.368,37,MODERATE,Mood decline | Sleep decline | Role difficulty,19 | 10 | 7,Declining | Declining | High,Routine monitoring,No significant risk indicators detected this period,synthetic-model-v1,2026-01-09 02:00:00,1
P0081,2026-01-15,37,15,UNIT-06,Senior Officer,70,7.6,0.2,Night,1,5,4,0,0,None,0,26,Not Deployed,0,0,0,336,15.8,6.7,7,6,5,4,0,7.87,2,0,0,0.0,-0.4,0.15,1.0,-1.5,10.5,0.5,-0.75,Declining,Declining,Stable,0.425,42,MODERATE,Mood decline | Night-duty frequency | Leave gap | Role difficulty,20 | 10 | 7 | 5,Declining | Increasing | Increasing | High,Routine monitoring,No significant risk indicators detected this period,synthetic-model-v1,2026-01-16 04:00:00,0
P0081,2026-01-22,37,15,UNIT-06,Senior Officer,70,8.4,0.1,Night,1,6,5,0,0,None,0,33,Not Deployed,0,0,0,343,14.8,6.3,6,7,5,4,0,8.0,3,0,0,0.0,0.53,-0.3,0.67,0.0,14.0,0.33,0.2,Declining,Declining,Stable,0.594,59,HIGH,Night-duty frequency | Leave gap | Sleep decline | Average duty hours | Role difficulty,23 | 15 | 9 | 6 | 6,Increasing | Increasing | Declining | Increasing | High,Review night-duty schedule,Frequent night shifts in the past 30 days,synthetic-model-v1,2026-01-23 03:00:00,0
P0081,2026-01-29,37,15,UNIT-06,Senior Officer,70,8.5,0.5,Night,1,5,7,0,0,None,0,40,Not Deployed,0,0,0,350,15.9,6.2,7,7,5,4,0,8.05,4,0,0,0.0,0.5,-0.33,0.5,0.0,17.5,0.25,0.65,Improving,Stable,Declining,0.509,51,MODERATE,Night-duty frequency | Leave gap | Sleep decline | Average duty hours | Role difficulty,20 | 17 | 7 | 3 | 3,Increasing | Increasing | Declining | Increasing | High,Review night-duty schedule | Consider leave/recovery review | Wellness check-in focused on sleep and recovery,Frequent night shifts in the past 30 days | Prolonged gap since last leave taken | Sleep duration/quality declining from baseline,synthetic-model-v1,2026-01-30 03:00:00,0
P0081,2026-02-05,37,15,UNIT-06,Senior Officer,70,8.4,0.9,Day,0,6,0,0,0,None,0,47,Not Deployed,0,0,0,357,16.7,6.7,6,7,4,3,0,8.22,3,0,0,0.0,0.3,0.24,-0.6,0.0,21.0,-0.8,0.82,Improving,Improving,Improving,0.545,55,HIGH,Leave gap | Night-duty frequency | Role difficulty | Average duty hours,31 | 17 | 4 | 3,Increasing | Increasing | High | Increasing,Review night-duty schedule | Consider leave/recovery review,Frequent night shifts in the past 30 days | Prolonged gap since last leave taken,synthetic-model-v1,2026-02-06 03:00:00,0
P0081,2026-02-12,37,15,UNIT-06,Senior Officer,70,7.8,0.0,Day,0,7,0,0,0,None,0,54,Not Deployed,0,0,0,364,13.2,6.7,7,7,4,2,0,8.27,2,0,0,0.0,-0.35,0.2,-0.5,0.0,24.5,-0.67,-0.82,Improving,Improving,Improving,0.419,42,MODERATE,Leave gap | Night-duty frequency | Role difficulty,32 | 7 | 3,Increasing | Increasing | High,Consider leave/recovery review,Prolonged gap since last leave taken,synthetic-model-v1,2026-02-13 05:00:00,0
P0081,2026-02-19,37,15,UNIT-06,Senior Officer,70,8.2,0.7,Day,0,8,0,0,0,None,0,61,Not Deployed,0,0,0,371,13.8,6.5,8,7,5,3,0,8.22,1,0,0,0.0,0.1,-0.03,0.57,0.0,28.0,-0.57,0.4,Improving,Declining,Stable,0.465,46,MODERATE,Leave gap | Consecutive work days | Role difficulty | Average duty hours,35 | 8 | 3 | 1,Increasing | Increasing | High | Increasing,Consider leave/recovery review,Prolonged gap since last leave taken,synthetic-model-v1,2026-02-20 03:00:00,0
P0081,2026-02-26,37,15,UNIT-06,Senior Officer,70,8.4,0.0,Day,0,8,0,0,0,None,0,68,Not Deployed,0,0,0,378,8.3,5.7,6,8,4,3,0,8.2,0,0,0,0.0,0.29,-0.83,-0.5,1.0,31.5,-0.5,-0.15,Declining,Stable,Declining,0.48,48,MODERATE,Leave gap | Sleep decline | Consecutive work days | Role difficulty | Average duty hours,29 | 10 | 5 | 2 | 1,Increasing | Declining | Increasing | High | Increasing,Consider leave/recovery review | Wellness check-in focused on sleep and recovery,Prolonged gap since last leave taken | Sleep duration/quality declining from baseline,synthetic-model-v1,2026-02-27 03:00:00,0
P0081,2026-03-05,37,15,UNIT-06,Senior Officer,70,9.4,2.0,Rotating,1,9,2,1,1,Emergency,1,7,Not Deployed,0,0,0,385,12.1,6.8,7,7,4,2,0,8.45,1,1,1,0.25,1.26,0.37,-0.44,-0.11,-33.0,0.56,2.87,Stable,Improving,Stable,0.299,30,MODERATE,Average duty hours | Consecutive work days | Role difficulty,15 | 12 | 3,Increasing | Increasing | High,Workload review,Duty hours elevated relative to personal baseline,synthetic-model-v1,2026-03-06 05:00:00,0
P0082,2026-01-01,34,13,UNIT-02,Command Officer,85,8.2,0.1,Day,0,4,0,0,0,None,0,9,Not Deployed,0,0,0,513,8.6,7.3,6,7,5,3,0,8.2,0,0,0,0.0,0.0,0.0,0.0,0.0,0.0,0.0,0.0,Stable,Stable,Stable,0.463,46,MODERATE,Role difficulty,46,High,Routine monitoring,No significant risk indicators detected this period,synthetic-model-v1,2026-01-02 01:00:00,0
P0082,2026-01-08,34,13,UNIT-02,Command Officer,85,8.6,0.0,Day,0,5,0,0,0,None,0,16,Not Deployed,0,0,0,520,11.0,7.7,7,7,5,3,0,8.4,0,0,0,0.0,0.4,0.4,0.0,0.0,7.0,0.0,0.3,Improving,Stable,Improving,0.52,52,MODERATE,Role difficulty | Average duty hours,36 | 16,High | Increasing,Routine monitoring,No significant risk indicators detected this period,synthetic-model-v1,2026-01-09 05:00:00,0
P0082,2026-01-15,34,13,UNIT-02,Command Officer,85,7.8,0.4,Rotating,0,6,0,0,0,None,0,23,Not Deployed,0,0,0,527,10.0,7.3,5,7,4,2,0,8.2,0,0,0,0.0,-0.6,-0.2,-1.0,0.0,10.5,0.0,-0.25,Stable,Improving,Stable,0.466,47,MODERATE,Role difficulty,47,High,Routine monitoring,No significant risk indicators detected this period,synthetic-model-v1,2026-01-16 01:00:00,1
P0082,2026-01-22,34,13,UNIT-02,Command Officer,85,7.7,0.8,Rotating,1,6,2,0,0,None,0,30,Not Deployed,0,0,0,534,15.5,6.7,8,7,5,4,0,8.07,1,0,0,0.0,-0.5,-0.73,0.33,0.0,14.0,1.0,0.13,Stable,Stable,Declining,0.368,37,MODERATE,Sleep decline | Role difficulty | Leave gap,15 | 13 | 9,Declining | High | Increasing,Wellness check-in focused on sleep and recovery,Sleep duration/quality declining from baseline,synthetic-model-v1,2026-01-23 02:00:00,0
P0082,2026-01-29,34,13,UNIT-02,Command Officer,85,7.5,0.8,Rotating,0,7,0,0,0,None,0,37,Not Deployed,0,0,0,541,17.5,7.2,7,6,5,4,0,7.9,1,0,0,0.0,-0.57,-0.05,0.25,-1.0,17.5,-0.25,-0.1,Declining,Declining,Stable,0.348,35,MODERATE,Leave gap | Mood decline | Role difficulty,15 | 10 | 9,Increasing | Declining | High,Consider leave/recovery review,Prolonged gap since last leave taken,synthetic-model-v1,2026-01-30 01:00:00,0
P0082,2026-02-05,34,13,UNIT-02,Command Officer,85,7.3,0.6,Rotating,0,7,0,0,0,None,0,44,Not Deployed,0,0,0,548,13.8,7.4,7,6,5,3,0,7.58,1,0,0,0.0,-0.66,0.16,0.2,-0.8,21.0,-0.2,-0.48,Declining,Stable,Improving,0.409,41,MODERATE,Leave gap | Role difficulty | Mood decline,24 | 9 | 8,Increasing | High | Declining,Consider leave/recovery review,Prolonged gap since last leave taken,synthetic-model-v1,2026-02-06 03:00:00,0
P0082,2026-02-12,34,13,UNIT-02,Command Officer,85,6.9,0.2,Rotating,1,8,1,0,0,None,0,51,Not Deployed,0,0,1,0,11.4,7.2,6,7,4,2,0,7.35,2,0,0,0.0,-0.95,-0.07,-0.83,0.33,24.5,0.83,-1.2,Improving,Improving,Stable,0.525,52,MODERATE,Leave gap | Recent transfer | Consecutive work days | Role difficulty | Night-duty frequency,24 | 9 | 7 | 7 | 5,Increasing | Increasing | Increasing | High | Increasing,Consider leave/recovery review,Prolonged gap since last leave taken,synthetic-model-v1,2026-02-13 05:00:00,1
P0082,2026-02-19,34,13,UNIT-02,Command Officer,85,7.6,0.0,Rotating,1,7,3,0,0,None,0,58,Not Deployed,0,0,0,7,12.2,7.2,6,6,6,3,0,7.33,2,0,0,0.0,-0.11,-0.06,1.29,-0.71,28.0,0.71,-0.53,Declining,Declining,Stable,0.527,53,MODERATE,Leave gap | Role difficulty | Night-duty frequency | Mood decline,33 | 8 | 6 | 6,Increasing | High | Increasing | Declining,Consider leave/recovery review,Prolonged gap since last leave taken,synthetic-model-v1,2026-02-20 02:00:00,0
P0082,2026-02-26,34,13,UNIT-02,Command Officer,85,6.6,0.0,Rotating,0,8,0,0,0,None,0,65,Not Deployed,0,0,0,14,11.1,7.1,7,6,5,3,0,7.1,2,0,0,0.0,-1.1,-0.15,0.12,-0.62,31.5,-0.38,-1.46,Declining,Declining,Stable,0.416,42,MODERATE,Leave gap | Consecutive work days | Role difficulty | Night-duty frequency | Mood decline,25 | 5 | 5 | 4 | 3,Increasing | Increasing | High | Increasing | Declining,Consider leave/recovery review,Prolonged gap since last leave taken,synthetic-model-v1,2026-02-27 04:00:00,0
P0082,2026-03-05,34,13,UNIT-02,Command Officer,85,6.4,0.0,Rotating,0,9,0,0,0,None,0,72,Not Deployed,0,0,0,21,7.2,7.1,8,7,5,3,0,6.88,2,0,0,0.0,-1.18,-0.13,0.11,0.44,35.0,-0.33,-1.5,Improving,Improving,Stable,0.364,36,MODERATE,Leave gap | Consecutive work days | Role difficulty | Night-duty frequency,24 | 6 | 4 | 3,Increasing | Increasing | High | Increasing,Consider leave/recovery review,Prolonged gap since last leave taken,synthetic-model-v1,2026-03-06 02:00:00,0
P0083,2026-01-01,30,7,UNIT-05,Command Officer,85,10.6,2.0,Night,1,5,1,0,0,None,0,12,Not Deployed,0,0,0,387,10.5,7.4,7,6,5,3,0,10.6,1,0,0,0.0,0.0,0.0,0.0,0.0,0.0,0.0,0.0,Stable,Stable,Stable,0.378,38,MODERATE,Average duty hours | Role difficulty,26 | 12,Increasing | High,Workload review,Duty hours elevated relative to personal baseline,synthetic-model-v1,2026-01-02 04:00:00,1
P0083,2026-01-08,30,7,UNIT-05,Command Officer,85,8.4,0.2,Night,1,6,3,0,0,None,0,19,Not Deployed,0,0,0,394,10.3,6.8,6,6,6,3,0,9.5,2,0,0,0.0,-2.2,-0.6,1.0,0.0,7.0,0.0,-4.0,Declining,Declining,Declining,0.42,42,MODERATE,Role difficulty | Sleep decline | Night-duty frequency,15 | 15 | 12,High | Declining | Increasing,Wellness check-in focused on sleep and recovery,Sleep duration/quality declining from baseline,synthetic-model-v1,2026-01-09 05:00:00,1
P0083,2026-01-15,30,7,UNIT-05,Command Officer,85,8.2,0.0,Day,0,7,1,0,0,None,0,26,Not Deployed,0,0,0,401,11.7,6.8,5,6,7,4,1,9.07,2,0,0,0.0,-1.3,-0.3,1.5,0.0,10.5,-1.0,-2.4,Declining,Declining,Declining,0.641,64,HIGH,Role difficulty | Night-duty frequency | Leave gap | Sleep decline,22 | 18 | 12 | 12,High | Increasing | Increasing | Declining,Prioritize welfare officer follow-up,Person actively requested help,synthetic-model-v1,2026-01-16 04:00:00,1
P0083,2026-01-22,30,7,UNIT-05,Command Officer,85,11.1,1.6,Day,0,8,0,0,0,None,0,33,Not Deployed,0,0,0,408,15.7,7.1,7,5,7,4,0,9.57,2,0,0,0.0,2.03,0.1,1.0,-1.0,14.0,-0.67,2.9,Declining,Declining,Stable,0.671,67,HIGH,Average duty hours | Leave gap | Mood decline | Consecutive work days | Role difficulty,34 | 8 | 8 | 8 | 8,Increasing | Increasing | Declining | Increasing | High,Workload review,Duty hours elevated relative to personal baseline,synthetic-model-v1,2026-01-23 02:00:00,1
P0083,2026-01-29,30,7,UNIT-05,Command Officer,85,10.0,0.0,Day,0,9,0,0,0,None,0,40,Not Deployed,0,0,0,415,14.0,7.3,6,5,8,5,0,9.43,1,0,0,0.0,0.43,0.27,1.75,-0.75,17.5,-0.5,-0.52,Declining,Declining,Improving,0.524,52,MODERATE,Leave gap | Average duty hours | Consecutive work days | Role difficulty | Mood decline,14 | 14 | 11 | 7 | 6,Increasing | Increasing | Increasing | High | Declining,Workload review | Consider leave/recovery review,Duty hours elevated relative to personal baseline | Prolonged gap since last leave taken,synthetic-model-v1,2026-01-30 05:00:00,1
P0083,2026-02-05,30,7,UNIT-05,Command Officer,85,10.2,1.1,Day,0,9,0,0,0,None,0,47,Not Deployed,0,0,0,422,12.1,6.5,5,6,8,5,0,9.88,0,0,0,0.0,0.54,-0.58,1.4,0.4,21.0,-0.4,0.88,Declining,Declining,Declining,0.696,70,HIGH,Leave gap | Average duty hours | Consecutive work days | Role difficulty | Sleep decline,23 | 18 | 13 | 8 | 7,Increasing | Increasing | Increasing | High | Declining,Workload review | Consider leave/recovery review | Wellness check-in focused on sleep and recovery,Duty hours elevated relative to personal baseline | Prolonged gap since last leave taken | Sleep duration/quality declining from baseline,synthetic-model-v1,2026-02-06 01:00:00,0
P0083,2026-02-12,30,7,UNIT-05,Command Officer,85,10.3,0.9,Day,0,9,0,0,0,None,0,54,Not Deployed,0,0,0,429,13.9,6.7,5,4,8,6,0,10.4,0,0,0,0.0,0.55,-0.28,1.17,-1.67,24.5,-0.33,0.63,Declining,Stable,Declining,0.712,71,HIGH,Leave gap | Average duty hours | Mood decline | Consecutive work days | Role difficulty,26 | 16 | 12 | 11 | 7,Increasing | Increasing | Declining | Increasing | High,Workload review | Consider leave/recovery review,Duty hours elevated relative to personal baseline | Prolonged gap since last leave taken,synthetic-model-v1,2026-02-13 05:00:00,0
P0083,2026-02-19,30,7,UNIT-05,Command Officer,85,11.7,0.8,Rotating,1,10,2,0,0,None,0,61,Not Deployed,0,0,0,436,11.2,5.5,5,6,8,5,0,10.55,1,0,0,0.0,1.87,-1.44,1.0,0.57,28.0,0.71,1.84,Stable,Stable,Declining,0.607,61,HIGH,Average duty hours | Leave gap | Sleep decline | Consecutive work days | Role difficulty,19 | 18 | 12 | 8 | 4,Increasing | Increasing | Declining | Increasing | High,Workload review | Consider leave/recovery review | Wellness check-in focused on sleep and recovery,Duty hours elevated relative to personal baseline | Prolonged gap since last leave taken | Sleep duration/quality declining from baseline,synthetic-model-v1,2026-02-20 05:00:00,0
P0083,2026-02-26,30,7,UNIT-05,Command Officer,85,10.7,0.8,Rotating,0,10,1,0,0,None,0,68,Not Deployed,0,0,0,443,11.2,7.3,5,4,8,5,0,10.73,1,0,0,0.0,0.64,0.54,0.88,-1.5,31.5,-0.38,0.61,Improving,Stable,Improving,0.643,64,HIGH,Leave gap | Average duty hours | Consecutive work days | Mood decline | Role difficulty,28 | 14 | 10 | 8 | 5,Increasing | Increasing | Increasing | Declining | High,Workload review | Consider leave/recovery review,Duty hours elevated relative to personal baseline | Prolonged gap since last leave taken,synthetic-model-v1,2026-02-27 04:00:00,0
P0083,2026-03-05,30,7,UNIT-05,Command Officer,85,10.5,3.1,Rotating,1,11,3,0,0,None,0,75,Not Deployed,0,0,0,450,11.1,6.9,6,5,8,5,0,10.8,2,0,0,0.0,0.37,0.08,0.78,-0.33,35.0,0.67,2.64,Stable,Stable,Improving,0.678,68,HIGH,Leave gap | Consecutive work days | Average duty hours | Role difficulty | Night-duty frequency,33 | 13 | 12 | 5 | 4,Increasing | Increasing | Increasing | High | Increasing,Workload review | Consider leave/recovery review,Duty hours elevated relative to personal baseline | Prolonged gap since last leave taken,synthetic-model-v1,2026-03-06 04:00:00,0
P0084,2026-01-01,33,7,UNIT-05,Junior Officer,40,8.5,0.2,Night,1,1,1,0,0,None,0,26,Not Deployed,0,0,0,197,17.1,7.7,8,8,3,1,0,8.5,1,0,0,0.0,0.0,0.0,0.0,0.0,0.0,0.0,0.0,Stable,Stable,Stable,0.321,32,MODERATE,Leave gap,32,Increasing,Routine monitoring,No significant risk indicators detected this period,synthetic-model-v1,2026-01-02 02:00:00,1
P0084,2026-01-08,33,7,UNIT-05,Junior Officer,40,7.6,0.0,Night,1,2,2,0,0,None,0,33,Not Deployed,0,0,0,204,17.7,7.0,8,8,3,2,0,8.05,2,0,0,0.0,-0.9,-0.7,0.0,0.0,7.0,0.0,-1.1,Declining,Stable,Declining,0.228,23,LOW,Sleep decline | Leave gap | Night-duty frequency,9 | 8 | 6,Declining | Increasing | Increasing,Wellness check-in focused on sleep and recovery,Sleep duration/quality declining from baseline,synthetic-model-v1,2026-01-09 03:00:00,1
P0084,2026-01-15,33,7,UNIT-05,Junior Officer,40,8.1,0.0,Night,1,1,4,0,0,None,0,40,Not Deployed,0,0,0,211,15.2,7.3,8,9,3,2,0,8.07,3,0,0,0.0,0.05,-0.05,0.0,1.0,10.5,0.0,-0.05,Stable,Stable,Declining,0.368,37,MODERATE,Leave gap | Night-duty frequency | Average duty hours,20 | 16 | 1,Increasing | Increasing | Increasing,Review night-duty schedule | Consider leave/recovery review,Frequent night shifts in the past 30 days | Prolonged gap since last leave taken,synthetic-model-v1,2026-01-16 01:00:00,1
P0084,2026-01-22,33,7,UNIT-05,Junior Officer,40,9.2,1.5,Night,1,1,6,0,0,None,0,47,Deployed,7,1,0,218,59.0,7.6,7,6,5,3,0,8.35,4,0,0,0.0,1.13,0.27,2.0,-2.33,14.0,0.0,2.57,Declining,Declining,Improving,0.595,60,HIGH,Leave gap | Mood decline | Night-duty frequency | Deployment hardship | Average duty hours,15 | 13 | 13 | 10 | 9,Increasing | Declining | Increasing | High | Increasing,Workload review | Review night-duty schedule | Consider leave/recovery review | Review deployment welfare support,Duty hours elevated relative to personal baseline | Frequent night shifts in the past 30 days | Prolonged gap since last leave taken | High deployment hardship score,synthetic-model-v1,2026-01-23 02:00:00,1
P0084,2026-01-29,33,7,UNIT-05,Junior Officer,40,9.5,1.2,Day,0,1,0,0,0,None,0,54,Deployed,14,0,0,225,57.9,7.0,6,5,6,5,0,8.6,3,0,0,0.0,1.15,-0.4,2.5,-2.75,17.5,-1.0,1.93,Declining,Declining,Stable,0.743,74,HIGH,Leave gap | Mood decline | Average duty hours | Deployment hardship | Night-duty frequency,23 | 18 | 12 | 11 | 10,Increasing | Declining | Increasing | High | Increasing,Workload review | Review night-duty schedule | Consider leave/recovery review | Wellness check-in focused on sleep and recovery | Review deployment welfare support,Duty hours elevated relative to personal baseline | Frequent night shifts in the past 30 days | Prolonged gap since last leave taken | Sleep duration/quality declining from baseline | High deployment hardship score,synthetic-model-v1,2026-01-30 03:00:00,0
P0084,2026-02-05,33,7,UNIT-05,Junior Officer,40,8.7,0.1,Day,0,2,0,0,0,None,0,61,Deployed,21,0,0,232,53.0,7.1,7,6,5,4,0,8.88,2,0,0,0.0,0.12,-0.22,1.0,-1.2,21.0,-0.8,-0.36,Declining,Stable,Declining,0.466,47,MODERATE,Leave gap | Deployment hardship | Mood decline | Night-duty frequency | Sleep decline,25 | 8 | 7 | 4 | 3,Increasing | High | Declining | Increasing | Declining,Consider leave/recovery review,Prolonged gap since last leave taken,synthetic-model-v1,2026-02-06 02:00:00,1
P0084,2026-02-12,33,7,UNIT-05,Junior Officer,40,8.3,0.3,Day,0,1,0,0,0,None,0,68,Deployed,28,0,0,239,50.0,7.4,7,7,6,4,0,8.93,1,0,0,0.0,-0.3,0.12,1.83,0.0,24.5,-0.67,-0.5,Improving,Stable,Improving,0.509,51,MODERATE,Leave gap | Deployment hardship,41 | 10,Increasing | High,Consider leave/recovery review,Prolonged gap since last leave taken,synthetic-model-v1,2026-02-13 04:00:00,1
P0084,2026-02-19,33,7,UNIT-05,Junior Officer,40,8.5,0.0,Rotating,1,2,1,1,2,Emergency,1,7,Deployed,35,0,0,246,78.7,7.3,7,6,6,5,0,8.75,1,2,1,0.25,-0.06,0.0,1.57,-1.0,-40.0,0.43,-0.53,Declining,Declining,Stable,0.543,54,MODERATE,Deployment hardship | Mood decline,41 | 13,High | Declining,Review deployment welfare support,High deployment hardship score,synthetic-model-v1,2026-02-20 05:00:00,0
P0084,2026-02-26,33,7,UNIT-05,Junior Officer,40,9.8,0.8,Rotating,1,1,3,0,0,None,0,14,Deployed,42,0,0,253,72.3,6.2,6,6,6,5,0,8.82,2,2,1,0.25,1.25,-1.1,1.38,-0.88,-28.0,0.38,1.64,Declining,Stable,Declining,0.636,64,HIGH,Deployment hardship | Average duty hours | Sleep decline | Mood decline | Night-duty frequency,20 | 17 | 14 | 7 | 6,High | Increasing | Declining | Declining | Increasing,Workload review | Wellness check-in focused on sleep and recovery | Review deployment welfare support,Duty hours elevated relative to personal baseline | Sleep duration/quality declining from baseline | High deployment hardship score,synthetic-model-v1,2026-02-27 03:00:00,1
P0084,2026-03-05,33,7,UNIT-05,Junior Officer,40,7.9,0.8,Rotating,1,1,4,1,2,Other,1,7,Deployed,49,0,0,260,69.4,7.2,6,6,7,5,0,8.62,3,4,2,0.5,-0.79,0.02,2.22,-0.78,-31.89,0.33,-0.44,Declining,Declining,Stable,0.611,61,HIGH,Deployment hardship | Night-duty frequency | Rising leave requests | Mood decline,25 | 15 | 13 | 8,High | Increasing | Increasing | Declining,Review night-duty schedule | Review deployment welfare support,Frequent night shifts in the past 30 days | High deployment hardship score,synthetic-model-v1,2026-03-06 02:00:00,0
P0085,2026-01-01,39,11,UNIT-09,Field Officer,55,7.7,0.0,Day,0,8,0,0,0,None,0,25,Not Deployed,0,0,0,569,11.7,7.4,7,7,5,3,0,7.7,0,0,0,0.0,0.0,0.0,0.0,0.0,0.0,0.0,0.0,Stable,Stable,Stable,0.474,47,MODERATE,Consecutive work days,47,Increasing,Routine monitoring,No significant risk indicators detected this period,synthetic-model-v1,2026-01-02 02:00:00,0
P0085,2026-01-08,39,11,UNIT-09,Field Officer,55,8.1,0.0,Day,0,8,0,0,0,None,0,32,Not Deployed,0,0,0,576,14.2,7.6,7,7,4,2,0,7.9,0,0,0,0.0,0.4,0.2,-1.0,0.0,7.0,0.0,0.4,Improving,Improving,Stable,0.291,29,LOW,Consecutive work days | Leave gap | Average duty hours,13 | 12 | 4,Increasing | Increasing | Increasing,Routine monitoring,No significant risk indicators detected this period,synthetic-model-v1,2026-01-09 03:00:00,1
P0085,2026-01-15,39,11,UNIT-09,Field Officer,55,7.2,1.4,Day,0,7,0,0,0,None,0,39,Not Deployed,0,0,0,583,11.2,7.1,7,7,5,3,0,7.67,0,0,0,0.0,-0.7,-0.4,0.5,0.0,10.5,0.0,0.7,Stable,Stable,Declining,0.476,48,MODERATE,Leave gap | Sleep decline,35 | 12,Increasing | Declining,Consider leave/recovery review | Wellness check-in focused on sleep and recovery,Prolonged gap since last leave taken | Sleep duration/quality declining from baseline,synthetic-model-v1,2026-01-16 04:00:00,0
P0085,2026-01-22,39,11,UNIT-09,Field Officer,55,7.7,1.2,Day,0,6,0,0,0,None,0,46,Not Deployed,0,0,0,590,13.0,7.1,7,7,5,4,0,7.68,0,0,0,0.0,0.03,-0.27,0.33,0.0,14.0,0.0,0.77,Declining,Declining,Declining,0.411,41,MODERATE,Leave gap | Sleep decline | Average duty hours,34 | 7 | 1,Increasing | Declining | Increasing,Consider leave/recovery review,Prolonged gap since last leave taken,synthetic-model-v1,2026-01-23 01:00:00,0
P0085,2026-01-29,39,11,UNIT-09,Field Officer,55,5.8,0.2,Day,0,5,0,0,0,None,0,53,Not Deployed,0,0,0,597,13.8,7.5,7,7,5,3,0,7.2,0,0,0,0.0,-1.88,0.2,0.25,0.0,17.5,0.0,-2.32,Stable,Stable,Improving,0.439,44,MODERATE,Leave gap,44,Increasing,Consider leave/recovery review,Prolonged gap since last leave taken,synthetic-model-v1,2026-01-30 03:00:00,0
P0085,2026-02-05,39,11,UNIT-09,Field Officer,55,5.9,0.0,Day,0,5,0,1,5,Casual,1,7,Not Deployed,0,0,0,604,17.7,7.0,7,6,5,3,0,6.65,0,5,1,0.25,-1.4,-0.34,0.2,-1.0,-32.0,0.0,-1.96,Stable,Stable,Stable,0.584,58,HIGH,Mood decline | Sleep decline,39 | 20,Declining | Declining,Wellness check-in focused on sleep and recovery,Sleep duration/quality declining from baseline,synthetic-model-v1,2026-02-06 03:00:00,0
P0085,2026-02-12,39,11,UNIT-09,Field Officer,55,6.2,0.2,Day,0,6,0,0,0,None,0,14,Not Deployed,0,0,0,611,16.0,7.3,8,8,5,3,0,6.4,0,5,1,0.25,-0.87,0.02,0.17,1.17,-19.67,0.0,-1.13,Improving,Stable,Stable,0.312,31,MODERATE,Overall workload,31,Stable,Routine monitoring,No significant risk indicators detected this period,synthetic-model-v1,2026-02-13 02:00:00,0
P0085,2026-02-19,39,11,UNIT-09,Field Officer,55,7.7,0.8,Day,0,6,0,0,0,None,0,21,Not Deployed,0,0,0,618,14.6,7.0,6,7,5,3,0,6.4,0,5,1,0.25,0.76,-0.29,0.14,0.0,-9.86,0.0,1.13,Stable,Stable,Stable,0.426,43,MODERATE,Average duty hours | Sleep decline,23 | 20,Increasing | Declining,Routine monitoring,No significant risk indicators detected this period,synthetic-model-v1,2026-02-20 02:00:00,0
P0085,2026-02-26,39,11,UNIT-09,Field Officer,55,7.0,0.0,Day,0,6,0,0,0,None,0,28,Not Deployed,0,0,0,625,13.5,7.3,7,7,5,3,0,6.7,0,5,1,0.25,-0.04,0.05,0.12,0.0,-1.62,0.0,-0.51,Declining,Stable,Stable,0.32,32,MODERATE,Leave gap,32,Increasing,Routine monitoring,No significant risk indicators detected this period,synthetic-model-v1,2026-02-27 05:00:00,1
P0085,2026-03-05,39,11,UNIT-09,Field Officer,55,8.1,1.4,Rotating,0,6,0,0,0,None,0,35,Not Deployed,0,0,0,632,16.3,6.1,7,6,5,4,0,7.25,0,0,0,0.0,1.07,-1.16,0.11,-1.0,5.56,0.0,2.04,Declining,Stable,Declining,0.526,53,MODERATE,Sleep decline | Leave gap | Mood decline | Average duty hours,21 | 13 | 10 | 8,Declining | Increasing | Declining | Increasing,Workload review | Wellness check-in focused on sleep and recovery,Duty hours elevated relative to personal baseline | Sleep duration/quality declining from baseline,synthetic-model-v1,2026-03-06 03:00:00,0
P0086,2026-01-01,24,1,UNIT-06,Command Officer,85,8.5,0.0,Rotating,1,6,2,1,3,Earned,1,7,Not Deployed,0,0,0,146,22.9,7.8,8,7,4,3,0,8.5,1,3,1,1.0,0.0,0.0,0.0,0.0,0.0,0.0,0.0,Stable,Stable,Stable,0.503,50,MODERATE,Role difficulty,50,High,Routine monitoring,No significant risk indicators detected this period,synthetic-model-v1,2026-01-02 03:00:00,0
P0086,2026-01-08,24,1,UNIT-06,Command Officer,85,8.1,0.0,Rotating,0,6,0,0,0,None,0,14,Not Deployed,0,0,0,153,16.7,7.9,7,6,5,3,0,8.3,1,3,1,0.5,-0.4,0.1,1.0,-1.0,7.0,-1.0,-0.4,Declining,Declining,Stable,0.456,46,MODERATE,Mood decline | Role difficulty,24 | 22,Declining | High,Routine monitoring,No significant risk indicators detected this period,synthetic-model-v1,2026-01-09 01:00:00,0
P0086,2026-01-15,24,1,UNIT-06,Command Officer,85,9.4,0.6,Rotating,0,5,0,0,0,None,0,21,Not Deployed,0,0,0,160,13.0,7.4,5,7,5,3,0,8.67,1,3,1,0.33,1.1,-0.45,0.5,0.5,10.5,-0.5,1.7,Declining,Declining,Declining,0.466,47,MODERATE,Average duty hours | Role difficulty | Sleep decline,24 | 13 | 9,Increasing | High | Declining,Workload review | Wellness check-in focused on sleep and recovery,Duty hours elevated relative to personal baseline | Sleep duration/quality declining from baseline,synthetic-model-v1,2026-01-16 02:00:00,0
P0086,2026-01-22,24,1,UNIT-06,Command Officer,85,7.9,0.3,Rotating,1,5,1,1,3,Medical,1,7,Not Deployed,0,0,0,167,13.6,7.9,8,7,4,3,0,8.48,2,6,2,0.5,-0.77,0.2,-0.67,0.33,-7.0,0.67,-0.67,Improving,Improving,Stable,0.519,52,MODERATE,Rising leave requests | Role difficulty | Night-duty frequency,22 | 17 | 13,Increasing | High | Increasing,Routine monitoring,No significant risk indicators detected this period,synthetic-model-v1,2026-01-23 02:00:00,0
P0086,2026-01-29,24,1,UNIT-06,Command Officer,85,7.7,1.0,Rotating,1,4,3,0,0,None,0,14,Not Deployed,0,0,0,174,15.7,7.5,6,7,5,3,0,8.28,2,3,1,0.25,-0.77,-0.25,0.5,0.25,1.75,0.5,-0.0,Improving,Stable,Stable,0.475,48,MODERATE,Role difficulty | Night-duty frequency | Sleep decline,20 | 16 | 11,High | Increasing | Declining,Routine monitoring,No significant risk indicators detected this period,synthetic-model-v1,2026-01-30 02:00:00,1
P0086,2026-02-05,24,1,UNIT-06,Command Officer,85,7.4,0.1,Rotating,0,3,0,0,0,None,0,21,Not Deployed,0,0,0,181,11.4,7.7,6,8,5,3,0,8.1,2,3,1,0.25,-0.92,0.0,0.4,1.2,8.4,-0.6,-1.2,Declining,Declining,Stable,0.507,51,MODERATE,Role difficulty | Night-duty frequency,28 | 23,High | Increasing,Routine monitoring,No significant risk indicators detected this period,synthetic-model-v1,2026-02-06 05:00:00,1
P0086,2026-02-12,24,1,UNIT-06,Command Officer,85,7.8,0.4,Rotating,1,3,2,0,0,None,0,28,Not Deployed,0,0,0,188,10.1,7.4,8,7,5,3,0,7.7,3,3,1,0.25,-0.37,-0.3,0.33,0.0,14.0,0.5,-0.3,Improving,Stable,Stable,0.521,52,MODERATE,Night-duty frequency | Role difficulty | Leave gap | Sleep decline,23 | 14 | 8 | 8,Increasing | High | Increasing | Declining,Review night-duty schedule,Frequent night shifts in the past 30 days,synthetic-model-v1,2026-02-13 03:00:00,1
P0086,2026-02-19,24,1,UNIT-06,Command Officer,85,7.6,1.2,Rotating,1,4,3,0,0,None,0,35,Not Deployed,0,0,0,195,10.6,7.9,6,7,4,3,0,7.62,3,0,0,0.0,-0.51,0.24,-0.71,0.0,19.0,0.43,0.34,Declining,Improving,Stable,0.212,21,LOW,Night-duty frequency | Leave gap | Role difficulty,9 | 7 | 5,Increasing | Increasing | High,Review night-duty schedule,Frequent night shifts in the past 30 days,synthetic-model-v1,2026-02-20 05:00:00,1
P0086,2026-02-26,24,1,UNIT-06,Command Officer,85,6.6,0.7,Rotating,1,5,4,1,3,Emergency,1,7,Not Deployed,0,0,0,202,9.4,7.6,9,7,5,3,1,7.35,3,3,1,0.25,-1.45,-0.09,0.38,0.0,-11.38,0.38,-1.2,Improving,Stable,Stable,0.471,47,MODERATE,Night-duty frequency | Role difficulty,29 | 18,Increasing | High,Review night-duty schedule | Prioritize welfare officer follow-up,Frequent night shifts in the past 30 days | Person actively requested help,synthetic-model-v1,2026-02-27 03:00:00,0
P0086,2026-03-05,24,1,UNIT-06,Command Officer,85,6.5,0.8,Day,0,4,0,0,0,None,0,14,Not Deployed,0,0,0,209,6.9,7.5,8,6,5,3,0,7.12,3,3,1,0.25,-1.39,-0.18,0.33,-1.0,-3.11,-0.67,-1.07,Improving,Declining,Declining,0.362,36,MODERATE,Night-duty frequency | Mood decline | Role difficulty,16 | 11 | 10,Increasing | Declining | High,Review night-duty schedule,Frequent night shifts in the past 30 days,synthetic-model-v1,2026-03-06 04:00:00,0
P0087,2026-01-01,34,7,UNIT-02,Junior Officer,40,9.0,0.4,Day,0,6,0,0,0,None,0,36,Not Deployed,0,0,0,451,13.7,7.0,5,6,6,4,0,9.0,0,0,0,0.0,0.0,0.0,0.0,0.0,0.0,0.0,0.0,Stable,Stable,Stable,0.411,41,MODERATE,Leave gap | Average duty hours,30 | 11,Increasing | Increasing,Consider leave/recovery review,Prolonged gap since last leave taken,synthetic-model-v1,2026-01-02 01:00:00,1
P0087,2026-01-08,34,7,UNIT-02,Junior Officer,40,7.6,0.2,Day,0,5,0,0,0,None,0,43,Not Deployed,0,0,0,458,17.3,5.9,6,7,4,3,0,8.3,0,0,0,0.0,-1.4,-1.1,-2.0,1.0,7.0,0.0,-1.6,Improving,Improving,Declining,0.556,56,HIGH,Leave gap | Sleep decline,29 | 27,Increasing | Declining,Consider leave/recovery review | Wellness check-in focused on sleep and recovery,Prolonged gap since last leave taken | Sleep duration/quality declining from baseline,synthetic-model-v1,2026-01-09 05:00:00,1
P0087,2026-01-15,34,7,UNIT-02,Junior Officer,40,7.6,0.6,Day,0,4,0,1,2,Casual,1,7,Not Deployed,0,0,0,465,12.3,5.9,6,6,6,4,1,8.07,0,2,1,0.33,-0.7,-0.55,1.0,-0.5,-32.5,0.0,-0.4,Improving,Stable,Declining,0.48,48,MODERATE,Sleep decline | Mood decline,34 | 14,Declining | Declining,Wellness check-in focused on sleep and recovery | Prioritize welfare officer follow-up,Sleep duration/quality declining from baseline | Person actively requested help,synthetic-model-v1,2026-01-16 04:00:00,0
P0087,2026-01-22,34,7,UNIT-02,Junior Officer,40,7.1,0.0,Day,0,5,0,0,0,None,0,14,Not Deployed,0,0,0,472,16.3,6.2,7,6,5,3,0,7.83,0,2,1,0.25,-0.97,-0.07,-0.33,-0.33,-14.67,0.0,-1.37,Stable,Declining,Stable,0.584,58,HIGH,Sleep decline | Mood decline,35 | 23,Declining | Declining,Routine monitoring,No significant risk indicators detected this period,synthetic-model-v1,2026-01-23 01:00:00,0
P0087,2026-01-29,34,7,UNIT-02,Junior Officer,40,8.2,0.2,Day,0,5,0,0,0,None,0,21,Not Deployed,0,0,0,479,12.7,7.0,8,6,5,3,0,7.62,0,2,1,0.25,0.37,0.75,-0.25,-0.25,-4.0,0.0,0.27,Improving,Improving,Improving,0.31,31,MODERATE,Average duty hours,31,Increasing,Routine monitoring,No significant risk indicators detected this period,synthetic-model-v1,2026-01-30 04:00:00,1
P0087,2026-02-05,34,7,UNIT-02,Junior Officer,40,8.2,0.1,Day,0,5,0,0,0,None,0,28,Not Deployed,0,0,0,486,12.2,6.8,7,6,6,4,0,7.78,0,2,1,0.25,0.3,0.4,0.8,-0.2,3.8,0.0,0.12,Declining,Declining,Improving,0.389,39,MODERATE,Leave gap | Average duty hours,27 | 12,Increasing | Increasing,Routine monitoring,No significant risk indicators detected this period,synthetic-model-v1,2026-02-06 03:00:00,0
P0087,2026-02-12,34,7,UNIT-02,Junior Officer,40,7.4,0.9,Night,1,5,1,1,3,Earned,1,7,Not Deployed,0,0,0,493,13.1,6.2,5,6,6,4,0,7.72,1,3,1,0.25,-0.55,-0.27,0.67,-0.17,-17.83,1.0,0.1,Declining,Declining,Declining,0.548,55,HIGH,Sleep decline,55,Declining,Routine monitoring,No significant risk indicators detected this period,synthetic-model-v1,2026-02-13 01:00:00,0
P0087,2026-02-19,34,7,UNIT-02,Junior Officer,40,7.8,0.4,Night,1,5,3,0,0,None,0,14,Not Deployed,0,0,0,500,14.3,6.7,6,7,5,5,0,7.9,2,3,1,0.25,-0.07,0.27,-0.43,0.86,-8.29,0.86,-0.01,Declining,Improving,Stable,0.436,44,MODERATE,Night-duty frequency,44,Increasing,Routine monitoring,No significant risk indicators detected this period,synthetic-model-v1,2026-02-20 05:00:00,1
P0087,2026-02-26,34,7,UNIT-02,Junior Officer,40,7.0,0.3,Night,1,6,4,0,0,None,0,21,Not Deployed,0,0,0,507,13.7,6.2,6,6,6,4,0,7.6,3,3,1,0.25,-0.86,-0.26,0.62,-0.25,-0.25,0.75,-0.91,Improving,Stable,Stable,0.525,52,MODERATE,Night-duty frequency | Sleep decline,37 | 15,Increasing | Declining,Review night-duty schedule,Frequent night shifts in the past 30 days,synthetic-model-v1,2026-02-27 03:00:00,1
P0087,2026-03-05,34,7,UNIT-02,Junior Officer,40,8.6,0.9,Night,1,6,6,0,0,None,0,28,Not Deployed,0,0,0,514,13.5,5.7,7,7,6,5,0,7.7,4,3,1,0.25,0.83,-0.73,0.56,0.78,6.78,0.67,1.39,Improving,Declining,Declining,0.562,56,HIGH,Night-duty frequency | Sleep decline | Average duty hours | Leave gap,24 | 18 | 8 | 5,Increasing | Declining | Increasing | Increasing,Review night-duty schedule | Wellness check-in focused on sleep and recovery,Frequent night shifts in the past 30 days | Sleep duration/quality declining from baseline,synthetic-model-v1,2026-03-06 04:00:00,0
P0088,2026-01-01,29,9,UNIT-11,Junior Officer,40,9.3,0.0,Rotating,0,1,0,0,0,None,0,44,Not Deployed,0,0,0,275,12.8,6.5,7,8,4,3,0,9.3,0,0,0,0.0,0.0,0.0,0.0,0.0,0.0,0.0,0.0,Stable,Stable,Stable,0.387,39,MODERATE,Leave gap | Average duty hours,29 | 10,Increasing | Increasing,Consider leave/recovery review,Prolonged gap since last leave taken,synthetic-model-v1,2026-01-02 03:00:00,1
P0088,2026-01-08,29,9,UNIT-11,Junior Officer,40,8.0,0.0,Rotating,1,1,1,0,0,None,0,51,Not Deployed,0,0,0,282,11.4,5.9,7,8,4,3,0,8.65,1,0,0,0.0,-1.3,-0.6,0.0,0.0,7.0,1.0,-1.3,Stable,Stable,Declining,0.394,39,MODERATE,Leave gap | Sleep decline,28 | 12,Increasing | Declining,Consider leave/recovery review | Wellness check-in focused on sleep and recovery,Prolonged gap since last leave taken | Sleep duration/quality declining from baseline,synthetic-model-v1,2026-01-09 01:00:00,1
P0088,2026-01-15,29,9,UNIT-11,Junior Officer,40,9.0,1.1,Night,1,1,3,1,3,Emergency,1,7,Not Deployed,0,0,0,289,13.5,6.0,7,7,5,4,0,8.77,2,3,1,0.33,0.35,-0.2,1.0,-1.0,-40.5,0.5,1.45,Declining,Declining,Declining,0.47,47,MODERATE,Mood decline | Average duty hours | Night-duty frequency | Sleep decline,15 | 11 | 11 | 10,Declining | Increasing | Increasing | Declining,Routine monitoring,No significant risk indicators detected this period,synthetic-model-v1,2026-01-16 02:00:00,0
P0088,2026-01-22,29,9,UNIT-11,Junior Officer,40,8.0,0.0,Night,1,2,4,0,0,None,0,14,Not Deployed,0,0,0,296,12.5,6.2,7,7,5,3,0,8.57,3,3,1,0.25,-0.77,0.07,0.67,-0.67,-20.0,0.33,-1.13,Declining,Declining,Stable,0.487,49,MODERATE,Night-duty frequency | Mood decline | Sleep decline,27 | 12 | 9,Increasing | Declining | Declining,Review night-duty schedule,Frequent night shifts in the past 30 days,synthetic-model-v1,2026-01-23 04:00:00,1
P0088,2026-01-29,29,9,UNIT-11,Junior Officer,40,7.9,0.0,Night,1,2,5,0,0,None,0,21,Not Deployed,0,0,0,303,15.8,5.7,6,6,6,4,0,8.22,4,3,1,0.25,-0.67,-0.45,1.5,-1.5,-8.0,0.25,-0.95,Declining,Declining,Stable,0.658,66,HIGH,Night-duty frequency | Mood decline | Sleep decline,29 | 20 | 17,Increasing | Declining | Declining,Review night-duty schedule | Wellness check-in focused on sleep and recovery,Frequent night shifts in the past 30 days | Sleep duration/quality declining from baseline,synthetic-model-v1,2026-01-30 02:00:00,1
P0088,2026-02-05,29,9,UNIT-11,Junior Officer,40,8.8,0.0,Night,1,3,6,0,0,None,0,28,Not Deployed,0,0,0,310,15.2,5.9,6,7,6,4,0,8.43,4,3,1,0.25,0.36,-0.16,1.2,-0.2,0.6,0.2,0.14,Declining,Declining,Stable,0.505,50,MODERATE,Night-duty frequency | Sleep decline | Average duty hours | Leave gap,28 | 9 | 7 | 6,Increasing | Declining | Increasing | Increasing,Review night-duty schedule | Wellness check-in focused on sleep and recovery,Frequent night shifts in the past 30 days | Sleep duration/quality declining from baseline,synthetic-model-v1,2026-02-06 05:00:00,1
P0088,2026-02-12,29,9,UNIT-11,Junior Officer,40,9.9,1.7,Night,1,4,8,0,0,None,0,35,Not Deployed,0,0,0,317,14.0,6.1,6,7,6,4,0,8.65,4,0,0,0.0,1.4,0.07,1.0,-0.17,7.5,0.17,2.92,Improving,Stable,Improving,0.516,52,MODERATE,Average duty hours | Night-duty frequency | Leave gap | Sleep decline,20 | 18 | 10 | 4,Increasing | Increasing | Increasing | Declining,Workload review | Review night-duty schedule,Duty hours elevated relative to personal baseline | Frequent night shifts in the past 30 days,synthetic-model-v1,2026-02-13 02:00:00,1
P0088,2026-02-19,29,9,UNIT-11,Junior Officer,40,11.2,0.1,Day,0,3,6,0,0,None,0,42,Not Deployed,0,0,0,324,12.6,6.3,5,4,8,5,0,9.45,3,0,0,0.0,2.5,0.26,2.86,-3.14,13.43,-0.86,2.2,Declining,Declining,Improving,0.616,62,HIGH,Average duty hours | Mood decline | Leave gap | Night-duty frequency | Sleep decline,24 | 16 | 11 | 8 | 3,Increasing | Declining | Increasing | Increasing | Declining,Workload review | Review night-duty schedule | Consider leave/recovery review,Duty hours elevated relative to personal baseline | Frequent night shifts in the past 30 days | Prolonged gap since last leave taken,synthetic-model-v1,2026-02-20 03:00:00,0
P0088,2026-02-26,29,9,UNIT-11,Junior Officer,40,8.7,0.9,Day,0,2,0,0,0,None,0,49,Not Deployed,0,0,0,331,16.1,6.6,5,5,7,5,0,9.65,2,0,0,0.0,-0.31,0.52,1.5,-1.75,18.75,-0.75,0.22,Declining,Declining,Improving,0.681,68,HIGH,Leave gap | Mood decline | Night-duty frequency | Average duty hours,36 | 21 | 9 | 2,Increasing | Declining | Increasing | Increasing,Consider leave/recovery review,Prolonged gap since last leave taken,synthetic-model-v1,2026-02-27 03:00:00,0
P0088,2026-03-05,29,9,UNIT-11,Junior Officer,40,8.1,2.0,Rotating,0,1,0,0,0,None,0,56,Not Deployed,0,0,0,338,11.3,6.7,5,6,7,5,0,9.48,1,0,0,0.0,-0.88,0.57,1.33,-0.56,23.67,-0.67,0.7,Improving,Improving,Improving,0.623,62,HIGH,Leave gap | Mood decline,54 | 8,Increasing | Declining,Consider leave/recovery review,Prolonged gap since last leave taken,synthetic-model-v1,2026-03-06 01:00:00,0
P0089,2026-01-01,41,16,UNIT-07,Junior Officer,40,7.8,1.2,Day,0,5,0,0,0,None,0,29,Not Deployed,0,0,0,559,7.8,7.8,7,6,6,4,0,7.8,0,0,0,0.0,0.0,0.0,0.0,0.0,0.0,0.0,0.0,Stable,Stable,Stable,0.313,31,MODERATE,Leave gap,31,Increasing,Routine monitoring,No significant risk indicators detected this period,synthetic-model-v1,2026-01-02 05:00:00,0
P0089,2026-01-08,41,16,UNIT-07,Junior Officer,40,7.2,0.4,Day,0,5,0,1,3,Medical,0,36,Not Deployed,0,0,0,566,4.7,7.0,6,6,6,4,0,7.5,0,3,1,0.5,-0.6,-0.8,0.0,0.0,7.0,0.0,-1.4,Declining,Stable,Declining,0.331,33,MODERATE,Sleep decline | Leave gap,23 | 10,Declining | Increasing,Wellness check-in focused on sleep and recovery,Sleep duration/quality declining from baseline,synthetic-model-v1,2026-01-09 01:00:00,0
P0089,2026-01-15,41,16,UNIT-07,Junior Officer,40,7.9,1.0,Night,1,5,2,0,0,None,0,43,Not Deployed,0,0,0,573,7.7,6.5,6,6,7,3,0,7.63,1,3,1,0.33,0.4,-0.9,1.0,0.0,10.5,1.0,0.6,Stable,Declining,Declining,0.456,46,MODERATE,Sleep decline | Leave gap | Average duty hours,29 | 11 | 6,Declining | Increasing | Increasing,Wellness check-in focused on sleep and recovery,Sleep duration/quality declining from baseline,synthetic-model-v1,2026-01-16 03:00:00,1
P0089,2026-01-22,41,16,UNIT-07,Junior Officer,40,7.3,0.1,Night,1,4,3,1,4,Medical,0,50,Not Deployed,0,0,0,580,10.9,7.0,6,6,6,4,0,7.55,2,7,2,0.5,-0.33,-0.1,-0.33,0.0,14.0,0.67,-1.1,Stable,Stable,Stable,0.52,52,MODERATE,Night-duty frequency | Leave gap,31 | 21,Increasing | Increasing,Routine monitoring,No significant risk indicators detected this period,synthetic-model-v1,2026-01-23 05:00:00,0
P0089,2026-01-29,41,16,UNIT-07,Junior Officer,40,8.4,0.1,Night,1,3,5,1,2,Medical,1,7,Not Deployed,0,0,0,587,12.5,7.1,7,8,5,3,0,7.7,3,9,3,0.75,0.85,0.02,-1.25,2.0,-32.5,0.5,0.28,Improving,Improving,Improving,0.449,45,MODERATE,Night-duty frequency | Rising leave requests | Average duty hours,20 | 17 | 8,Increasing | Increasing | Increasing,Review night-duty schedule,Frequent night shifts in the past 30 days,synthetic-model-v1,2026-01-30 05:00:00,1
P0089,2026-02-05,41,16,UNIT-07,Junior Officer,40,7.8,0.3,Night,1,3,6,1,3,Other,1,7,Not Deployed,0,0,0,594,11.7,7.6,7,7,6,3,1,7.85,4,9,3,0.75,0.08,0.52,0.0,0.6,-26.0,0.4,-0.18,Improving,Stable,Improving,0.554,55,HIGH,Night-duty frequency | Rising leave requests | Average duty hours,35 | 19 | 1,Increasing | Increasing | Increasing,Review night-duty schedule | Prioritize welfare officer follow-up,Frequent night shifts in the past 30 days | Person actively requested help,synthetic-model-v1,2026-02-06 02:00:00,1
P0089,2026-02-12,41,16,UNIT-07,Junior Officer,40,6.9,1.3,Night,1,4,8,1,1,Medical,1,7,Not Deployed,0,0,1,0,14.7,6.4,6,5,7,5,0,7.6,4,10,4,1.0,-0.83,-0.77,1.0,-1.5,-21.67,0.33,-0.05,Declining,Declining,Declining,0.573,57,HIGH,Night-duty frequency | Mood decline | Rising leave requests | Recent transfer | Sleep decline,17 | 11 | 10 | 10 | 9,Increasing | Declining | Increasing | Increasing | Declining,Review night-duty schedule | Wellness check-in focused on sleep and recovery,Frequent night shifts in the past 30 days | Sleep duration/quality declining from baseline,synthetic-model-v1,2026-02-13 02:00:00,1
P0089,2026-02-19,41,16,UNIT-07,Junior Officer,40,8.0,0.0,Night,1,3,9,0,0,None,0,14,Not Deployed,0,0,0,7,14.3,7.6,6,4,7,4,0,7.78,4,6,3,0.75,0.39,0.54,0.86,-2.29,-11.57,0.29,-0.24,Declining,Declining,Stable,0.669,67,HIGH,Mood decline | Night-duty frequency | Rising leave requests | Average duty hours,25 | 25 | 14 | 3,Declining | Increasing | Increasing | Increasing,Review night-duty schedule,Frequent night shifts in the past 30 days,synthetic-model-v1,2026-02-20 03:00:00,1
P0089,2026-02-26,41,16,UNIT-07,Junior Officer,40,7.2,0.6,Night,1,3,10,0,0,None,0,21,Not Deployed,0,0,0,14,12.8,7.2,6,5,8,5,1,7.48,4,4,2,0.5,-0.46,0.08,1.75,-1.0,-3.12,0.25,-0.41,Stable,Declining,Improving,0.686,69,HIGH,Night-duty frequency | Rising leave requests | Mood decline,34 | 19 | 15,Increasing | Increasing | Declining,Review night-duty schedule | Prioritize welfare officer follow-up,Frequent night shifts in the past 30 days | Person actively requested help,synthetic-model-v1,2026-02-27 04:00:00,1
P0089,2026-03-05,41,16,UNIT-07,Junior Officer,40,8.3,0.3,Night,1,3,2,0,0,None,0,28,Not Deployed,0,0,0,21,13.9,7.3,6,5,8,6,1,7.6,4,1,1,0.25,0.69,0.17,1.56,-0.89,4.22,0.22,0.43,Declining,Declining,Stable,0.671,67,HIGH,Night-duty frequency | Mood decline | Fatigue level | Average duty hours | Leave gap,31 | 12 | 10 | 7 | 7,Increasing | Declining | Increasing | Increasing | Increasing,Review night-duty schedule | Prioritize welfare officer follow-up,Frequent night shifts in the past 30 days | Person actively requested help,synthetic-model-v1,2026-03-06 02:00:00,1
P0090,2026-01-01,32,11,UNIT-11,Senior Officer,70,9.3,0.0,Night,1,5,1,1,4,Other,1,7,Not Deployed,0,0,0,437,15.8,7.1,7,7,4,3,0,9.3,1,4,1,1.0,0.0,0.0,0.0,0.0,0.0,0.0,0.0,Stable,Stable,Stable,0.498,50,MODERATE,Average duty hours | Role difficulty,34 | 16,Increasing | High,Routine monitoring,No significant risk indicators detected this period,synthetic-model-v1,2026-01-02 03:00:00,0
P0090,2026-01-08,32,11,UNIT-11,Senior Officer,70,8.3,1.1,Rotating,0,6,0,0,0,None,0,14,Not Deployed,0,0,0,444,12.3,7.0,6,7,5,4,0,8.8,1,4,1,0.5,-1.0,-0.1,1.0,0.0,7.0,-1.0,0.1,Declining,Declining,Stable,0.321,32,MODERATE,Role difficulty,32,High,Routine monitoring,No significant risk indicators detected this period,synthetic-model-v1,2026-01-09 05:00:00,0
P0090,2026-01-15,32,11,UNIT-11,Senior Officer,70,8.7,0.2,Rotating,1,7,2,0,0,None,0,21,Not Deployed,0,0,0,451,15.8,7.3,6,6,5,3,0,8.77,2,4,1,0.33,-0.1,0.25,0.5,-1.0,10.5,0.5,-0.45,Declining,Declining,Stable,0.425,42,MODERATE,Mood decline | Night-duty frequency | Role difficulty | Average duty hours,18 | 14 | 7 | 4,Declining | Increasing | High | Increasing,Routine monitoring,No significant risk indicators detected this period,synthetic-model-v1,2026-01-16 04:00:00,0
P0090,2026-01-22,32,11,UNIT-11,Senior Officer,70,7.9,0.0,Rotating,1,6,4,0,0,None,0,28,Not Deployed,0,0,0,458,10.6,7.5,8,7,5,3,0,8.55,3,4,1,0.25,-0.87,0.37,0.33,0.33,14.0,0.33,-1.3,Improving,Stable,Improving,0.456,46,MODERATE,Night-duty frequency | Leave gap | Role difficulty,29 | 10 | 7,Increasing | Increasing | High,Review night-duty schedule,Frequent night shifts in the past 30 days,synthetic-model-v1,2026-01-23 05:00:00,1
P0090,2026-01-29,32,11,UNIT-11,Senior Officer,70,8.7,0.0,Rotating,1,6,5,0,0,None,0,35,Not Deployed,0,0,0,465,7.9,6.8,8,7,5,3,0,8.4,3,0,0,0.0,0.15,-0.42,0.25,0.25,17.5,0.25,-0.18,Improving,Stable,Declining,0.515,52,MODERATE,Night-duty frequency | Leave gap | Sleep decline | Role difficulty | Average duty hours,19 | 16 | 8 | 5 | 4,Increasing | Increasing | Declining | High | Increasing,Review night-duty schedule | Wellness check-in focused on sleep and recovery,Frequent night shifts in the past 30 days | Sleep duration/quality declining from baseline,synthetic-model-v1,2026-01-30 05:00:00,1
P0090,2026-02-05,32,11,UNIT-11,Senior Officer,70,7.8,0.4,Rotating,0,7,0,1,4,Earned,1,7,Not Deployed,0,0,0,472,5.6,6.3,7,6,6,4,0,8.28,3,4,1,0.25,-0.78,-0.84,1.2,-0.8,-14.0,-0.8,-0.64,Declining,Declining,Declining,0.373,37,MODERATE,Night-duty frequency | Sleep decline | Mood decline | Role difficulty,14 | 13 | 7 | 3,Increasing | Declining | Declining | High,Review night-duty schedule | Wellness check-in focused on sleep and recovery,Frequent night shifts in the past 30 days | Sleep duration/quality declining from baseline,synthetic-model-v1,2026-02-06 05:00:00,0
P0090,2026-02-12,32,11,UNIT-11,Senior Officer,70,11.2,1.6,Rotating,0,7,0,0,0,None,0,14,Not Deployed,0,0,1,0,8.9,7.4,7,8,6,4,0,8.9,2,4,1,0.25,2.75,0.4,1.0,1.33,-4.67,-0.67,4.07,Declining,Declining,Improving,0.532,53,MODERATE,Average duty hours | Recent transfer | Night-duty frequency | Role difficulty,35 | 9 | 6 | 3,Increasing | Increasing | Increasing | High,Workload review,Duty hours elevated relative to personal baseline,synthetic-model-v1,2026-02-13 03:00:00,0
P0090,2026-02-19,32,11,UNIT-11,Senior Officer,70,11.6,1.1,Rotating,0,8,0,0,0,None,0,21,Not Deployed,0,0,0,7,8.0,6.5,6,6,6,4,0,9.82,1,4,1,0.25,2.76,-0.56,0.86,-0.86,3.0,-0.57,3.39,Declining,Stable,Stable,0.602,60,HIGH,Average duty hours | Consecutive work days | Mood decline | Sleep decline | Role difficulty,38 | 7 | 6 | 6 | 3,Increasing | Increasing | Declining | Declining | High,Workload review | Wellness check-in focused on sleep and recovery,Duty hours elevated relative to personal baseline | Sleep duration/quality declining from baseline,synthetic-model-v1,2026-02-20 05:00:00,1
P0090,2026-02-26,32,11,UNIT-11,Senior Officer,70,8.3,0.6,Rotating,0,7,0,1,1,Medical,1,7,Not Deployed,0,0,0,14,8.3,6.7,5,6,7,4,0,9.73,0,5,2,0.5,-0.89,-0.29,1.75,-0.75,-11.38,-0.5,-0.84,Declining,Declining,Declining,0.569,57,HIGH,Rising leave requests | Mood decline | Sleep decline | Role difficulty,25 | 15 | 10 | 7,Increasing | Declining | Declining | High,Routine monitoring,No significant risk indicators detected this period,synthetic-model-v1,2026-02-27 03:00:00,0
P0090,2026-03-05,32,11,UNIT-11,Senior Officer,70,9.2,0.0,Rotating,1,7,1,0,0,None,0,14,Not Deployed,0,0,0,21,11.8,6.6,6,6,7,5,0,10.07,1,1,1,0.25,0.11,-0.36,1.56,-0.67,-3.11,0.56,-0.44,Declining,Declining,Stable,0.658,66,HIGH,Average duty hours | Mood decline | Sleep decline | Role difficulty,22 | 19 | 15 | 10,Increasing | Declining | Declining | High,Wellness check-in focused on sleep and recovery,Sleep duration/quality declining from baseline,synthetic-model-v1,2026-03-06 04:00:00,0
P0091,2026-01-01,36,11,UNIT-12,Command Officer,85,8.0,0.0,Day,0,2,0,0,0,None,0,14,Not Deployed,0,0,0,145,15.7,7.4,6,7,6,3,0,8.0,0,0,0,0.0,0.0,0.0,0.0,0.0,0.0,0.0,0.0,Stable,Stable,Stable,0.541,54,MODERATE,Role difficulty,54,High,Routine monitoring,No significant risk indicators detected this period,synthetic-model-v1,2026-01-02 05:00:00,0
P0091,2026-01-08,36,11,UNIT-12,Command Officer,85,8.4,0.0,Day,0,1,0,0,0,None,0,21,Not Deployed,0,0,0,152,18.2,8.0,6,6,6,3,0,8.2,0,0,0,0.0,0.4,0.6,0.0,-1.0,7.0,0.0,0.4,Declining,Stable,Improving,0.482,48,MODERATE,Mood decline | Role difficulty | Average duty hours,22 | 20 | 6,Declining | High | Increasing,Routine monitoring,No significant risk indicators detected this period,synthetic-model-v1,2026-01-09 01:00:00,1
P0091,2026-01-15,36,11,UNIT-12,Command Officer,85,8.5,0.0,Day,0,1,0,0,0,None,0,28,Not Deployed,0,0,0,159,12.9,8.0,6,6,6,4,0,8.3,0,0,0,0.0,0.3,0.3,0.0,-0.5,10.5,0.0,0.3,Declining,Stable,Improving,0.563,56,HIGH,Role difficulty | Leave gap | Mood decline | Average duty hours,24 | 13 | 13 | 6,High | Increasing | Declining | Increasing,Routine monitoring,No significant risk indicators detected this period,synthetic-model-v1,2026-01-16 05:00:00,1
P0091,2026-01-22,36,11,UNIT-12,Command Officer,85,8.3,1.9,Day,0,2,0,1,1,Casual,1,7,Not Deployed,0,0,0,166,11.4,7.9,5,6,7,4,0,8.3,0,1,1,0.25,0.0,0.1,1.0,-0.33,-14.0,0.0,1.9,Declining,Declining,Stable,0.513,51,MODERATE,Role difficulty | Mood decline,38 | 13,High | Declining,Routine monitoring,No significant risk indicators detected this period,synthetic-model-v1,2026-01-23 05:00:00,1
P0091,2026-01-29,36,11,UNIT-12,Command Officer,85,9.1,1.8,Night,1,3,1,0,0,None,0,14,Not Deployed,0,0,0,173,12.2,6.5,5,5,7,6,0,8.57,1,1,1,0.25,0.8,-1.32,0.75,-1.25,-3.5,1.0,2.12,Declining,Declining,Declining,0.643,64,HIGH,Sleep decline | Mood decline | Average duty hours | Role difficulty | Fatigue level,21 | 13 | 13 | 10 | 8,Declining | Declining | Increasing | High | Increasing,Wellness check-in focused on sleep and recovery,Sleep duration/quality declining from baseline,synthetic-model-v1,2026-01-30 05:00:00,1
P0091,2026-02-05,36,11,UNIT-12,Command Officer,85,9.8,1.6,Day,0,2,0,0,0,None,0,21,Not Deployed,0,0,0,180,10.7,7.1,5,6,7,4,0,8.93,1,1,1,0.25,1.34,-0.46,0.6,0.0,4.2,-0.2,2.2,Stable,Stable,Declining,0.641,64,HIGH,Average duty hours | Role difficulty | Sleep decline,38 | 15 | 11,Increasing | High | Declining,Workload review | Wellness check-in focused on sleep and recovery,Duty hours elevated relative to personal baseline | Sleep duration/quality declining from baseline,synthetic-model-v1,2026-02-06 04:00:00,1
P0091,2026-02-12,36,11,UNIT-12,Command Officer,85,11.6,1.6,Day,0,3,0,0,0,None,0,28,Not Deployed,0,0,0,187,11.5,7.5,6,6,8,5,0,9.7,1,1,1,0.25,2.92,0.02,1.5,0.0,10.5,-0.17,3.63,Improving,Declining,Improving,0.655,66,HIGH,Average duty hours | Role difficulty | Leave gap,52 | 9 | 5,Increasing | High | Increasing,Workload review,Duty hours elevated relative to personal baseline,synthetic-model-v1,2026-02-13 01:00:00,1
P0091,2026-02-19,36,11,UNIT-12,Command Officer,85,10.5,2.1,Day,0,3,0,0,0,None,0,35,Not Deployed,0,0,0,194,11.6,7.4,5,4,8,6,0,10.25,1,0,0,0.0,1.4,-0.09,1.29,-2.0,16.0,-0.14,2.51,Declining,Declining,Improving,0.682,68,HIGH,Average duty hours | Mood decline | Leave gap | Role difficulty | Fatigue level,26 | 17 | 11 | 8 | 6,Increasing | Declining | Increasing | High | Increasing,Workload review,Duty hours elevated relative to personal baseline,synthetic-model-v1,2026-02-20 02:00:00,0
P0091,2026-02-26,36,11,UNIT-12,Command Officer,85,9.2,0.0,Day,0,2,0,0,0,None,0,42,Not Deployed,0,0,0,201,9.4,7.3,5,4,9,6,0,10.27,0,0,0,0.0,-0.08,-0.17,2.12,-1.75,21.0,-0.12,-1.2,Declining,Declining,Stable,0.733,73,HIGH,Leave gap | Mood decline | Role difficulty | Fatigue level | Average duty hours,25 | 20 | 11 | 9 | 8,Increasing | Declining | High | Increasing | Increasing,Consider leave/recovery review,Prolonged gap since last leave taken,synthetic-model-v1,2026-02-27 01:00:00,0
P0091,2026-03-05,36,11,UNIT-12,Command Officer,85,8.9,0.0,Day,0,2,0,0,0,None,0,49,Not Deployed,0,0,0,208,11.5,7.8,4,5,8,6,0,10.05,0,0,0,0.0,-0.37,0.34,0.89,-0.56,25.67,-0.11,-1.37,Stable,Stable,Improving,0.692,69,HIGH,Leave gap | Role difficulty | Fatigue level | Mood decline | Average duty hours,37 | 11 | 9 | 7 | 5,Increasing | High | Increasing | Declining | Increasing,Consider leave/recovery review,Prolonged gap since last leave taken,synthetic-model-v1,2026-03-06 04:00:00,1
P0092,2026-01-01,31,7,UNIT-03,Field Officer,55,6.5,0.0,Rotating,0,5,0,0,0,None,0,31,Not Deployed,0,0,0,422,25.0,7.2,9,9,2,1,0,6.5,0,0,0,0.0,0.0,0.0,0.0,0.0,0.0,0.0,0.0,Stable,Stable,Stable,0.389,39,MODERATE,Leave gap,39,Increasing,Routine monitoring,No significant risk indicators detected this period,synthetic-model-v1,2026-01-02 03:00:00,1
P0092,2026-01-08,31,7,UNIT-03,Field Officer,55,6.6,0.0,Rotating,1,5,2,0,0,None,0,38,Not Deployed,0,0,0,429,21.9,7.6,9,10,2,2,0,6.55,1,0,0,0.0,0.1,0.4,0.0,1.0,7.0,1.0,0.1,Stable,Stable,Improving,0.517,52,MODERATE,Leave gap | Average duty hours,49 | 2,Increasing | Increasing,Consider leave/recovery review,Prolonged gap since last leave taken,synthetic-model-v1,2026-01-09 03:00:00,1
P0092,2026-01-15,31,7,UNIT-03,Field Officer,55,7.2,0.0,Rotating,0,5,0,1,4,Casual,1,7,Not Deployed,0,0,0,436,16.8,6.7,8,8,3,2,0,6.77,1,4,1,0.33,0.65,-0.7,1.0,-1.5,-27.5,-0.5,0.65,Declining,Declining,Declining,0.427,43,MODERATE,Mood decline | Sleep decline | Average duty hours,21 | 15 | 7,Declining | Declining | Increasing,Wellness check-in focused on sleep and recovery,Sleep duration/quality declining from baseline,synthetic-model-v1,2026-01-16 04:00:00,0
P0092,2026-01-22,31,7,UNIT-03,Field Officer,55,6.6,0.0,Rotating,1,5,1,0,0,None,0,14,Not Deployed,0,0,0,443,15.8,7.0,9,8,3,3,0,6.72,2,4,1,0.25,-0.17,-0.17,0.67,-1.0,-11.33,0.67,-0.17,Declining,Declining,Declining,0.326,33,MODERATE,Mood decline | Night-duty frequency,19 | 14,Declining | Increasing,Routine monitoring,No significant risk indicators detected this period,synthetic-model-v1,2026-01-23 05:00:00,0
P0092,2026-01-29,31,7,UNIT-03,Field Officer,55,6.7,0.6,Rotating,1,4,3,0,0,None,0,21,Not Deployed,0,0,0,450,11.8,6.9,9,7,3,2,0,6.78,3,4,1,0.25,-0.02,-0.22,0.5,-1.75,-1.5,0.5,0.58,Stable,Stable,Stable,0.395,40,MODERATE,Mood decline | Night-duty frequency | Sleep decline,18 | 16 | 5,Declining | Increasing | Declining,Review night-duty schedule,Frequent night shifts in the past 30 days,synthetic-model-v1,2026-01-30 01:00:00,0
P0092,2026-02-05,31,7,UNIT-03,Field Officer,55,6.7,0.8,Rotating,0,5,0,0,0,None,0,28,Not Deployed,0,0,0,457,10.0,6.8,8,9,2,2,0,6.8,2,4,1,0.25,-0.02,-0.28,-0.6,0.6,5.8,-0.6,0.66,Improving,Improving,Stable,0.343,34,MODERATE,Night-duty frequency | Leave gap | Sleep decline,15 | 10 | 10,Increasing | Increasing | Declining,Routine monitoring,No significant risk indicators detected this period,synthetic-model-v1,2026-02-06 05:00:00,1
P0092,2026-02-12,31,7,UNIT-03,Field Officer,55,6.3,0.3,Rotating,0,5,0,1,2,Emergency,1,7,Not Deployed,0,0,0,464,9.6,7.4,9,9,2,2,0,6.58,2,2,1,0.25,-0.42,0.37,-0.5,0.5,-16.17,-0.5,-0.35,Improving,Improving,Improving,0.348,35,MODERATE,Night-duty frequency,35,Increasing,Routine monitoring,No significant risk indicators detected this period,synthetic-model-v1,2026-02-13 02:00:00,0
P0092,2026-02-19,31,7,UNIT-03,Field Officer,55,7.8,0.2,Rotating,0,4,0,0,0,None,0,14,Not Deployed,0,0,0,471,8.8,7.8,10,7,3,1,0,6.88,1,2,1,0.25,1.14,0.71,0.57,-1.57,-6.86,-0.43,1.1,Improving,Declining,Improving,0.458,46,MODERATE,Mood decline | Average duty hours,30 | 16,Declining | Increasing,Workload review,Duty hours elevated relative to personal baseline,synthetic-model-v1,2026-02-20 04:00:00,0
P0092,2026-02-26,31,7,UNIT-03,Field Officer,55,7.8,0.7,Rotating,0,4,0,1,4,Earned,1,7,Not Deployed,0,0,0,478,12.3,7.6,8,8,3,3,0,7.15,0,6,2,0.5,1.0,0.42,0.5,-0.38,-13.0,-0.38,1.46,Declining,Declining,Stable,0.253,25,LOW,Rising leave requests | Average duty hours | Mood decline,13 | 8 | 4,Increasing | Increasing | Declining,Routine monitoring,No significant risk indicators detected this period,synthetic-model-v1,2026-02-27 03:00:00,0
P0092,2026-03-05,31,7,UNIT-03,Field Officer,55,8.5,0.1,Rotating,0,4,0,0,0,None,0,14,Not Deployed,0,0,0,485,15.2,7.8,7,10,3,2,0,7.6,0,6,2,0.5,1.59,0.58,0.44,1.67,-4.56,-0.33,1.4,Declining,Stable,Stable,0.501,50,MODERATE,Rising leave requests | Average duty hours,26 | 24,Increasing | Increasing,Workload review,Duty hours elevated relative to personal baseline,synthetic-model-v1,2026-03-06 03:00:00,0
P0093,2026-01-01,44,11,UNIT-08,Junior Officer,40,9.8,0.3,Day,0,4,0,0,0,None,0,28,Not Deployed,0,0,0,142,8.0,7.2,7,6,6,3,0,9.8,0,0,0,0.0,0.0,0.0,0.0,0.0,0.0,0.0,0.0,Stable,Stable,Stable,0.605,60,HIGH,Average duty hours | Leave gap,44 | 17,Increasing | Increasing,Workload review,Duty hours elevated relative to personal baseline,synthetic-model-v1,2026-01-02 02:00:00,0
P0093,2026-01-08,44,11,UNIT-08,Junior Officer,40,9.3,1.8,Day,0,4,0,0,0,None,0,35,Not Deployed,0,0,0,149,9.3,7.1,5,7,6,4,0,9.55,0,0,0,0.0,-0.5,-0.1,0.0,1.0,7.0,0.0,1.0,Declining,Stable,Stable,0.53,53,MODERATE,Leave gap | Average duty hours,32 | 21,Increasing | Increasing,Routine monitoring,No significant risk indicators detected this period,synthetic-model-v1,2026-01-09 01:00:00,0
P0093,2026-01-15,44,11,UNIT-08,Junior Officer,40,7.1,0.2,Day,0,3,0,0,0,None,0,42,Not Deployed,0,0,0,156,10.1,6.7,8,6,6,3,0,8.73,0,0,0,0.0,-2.45,-0.45,0.0,-0.5,10.5,0.0,-3.3,Improving,Stable,Declining,0.525,52,MODERATE,Leave gap | Sleep decline | Mood decline,34 | 11 | 8,Increasing | Declining | Declining,Consider leave/recovery review | Wellness check-in focused on sleep and recovery,Prolonged gap since last leave taken | Sleep duration/quality declining from baseline,synthetic-model-v1,2026-01-16 04:00:00,1
P0093,2026-01-22,44,11,UNIT-08,Junior Officer,40,8.4,0.6,Day,0,4,0,0,0,None,0,49,Not Deployed,0,0,0,163,10.5,7.2,5,6,6,4,0,8.65,0,0,0,0.0,-0.33,0.2,0.0,-0.33,14.0,0.0,-0.5,Declining,Stable,Stable,0.475,48,MODERATE,Leave gap | Mood decline,43 | 5,Increasing | Declining,Consider leave/recovery review,Prolonged gap since last leave taken,synthetic-model-v1,2026-01-23 02:00:00,0
P0093,2026-01-29,44,11,UNIT-08,Junior Officer,40,8.0,0.6,Day,0,3,0,0,0,None,0,56,Not Deployed,0,0,0,170,10.9,6.3,6,6,7,4,0,8.2,0,0,0,0.0,-0.65,-0.75,1.0,-0.25,17.5,0.0,-0.78,Declining,Declining,Declining,0.559,56,HIGH,Leave gap | Sleep decline,42 | 14,Increasing | Declining,Consider leave/recovery review | Wellness check-in focused on sleep and recovery,Prolonged gap since last leave taken | Sleep duration/quality declining from baseline,synthetic-model-v1,2026-01-30 02:00:00,0
P0093,2026-02-05,44,11,UNIT-08,Junior Officer,40,8.0,0.0,Day,0,3,0,0,0,None,0,63,Not Deployed,0,0,0,177,10.7,7.0,7,5,7,4,0,7.88,0,0,0,0.0,-0.52,0.1,0.8,-1.2,21.0,0.0,-1.22,Improving,Declining,Stable,0.608,61,HIGH,Leave gap | Mood decline,49 | 12,Increasing | Declining,Consider leave/recovery review,Prolonged gap since last leave taken,synthetic-model-v1,2026-02-06 01:00:00,1
P0093,2026-02-12,44,11,UNIT-08,Junior Officer,40,8.0,0.0,Day,0,2,0,0,0,None,0,70,Not Deployed,0,0,0,184,11.8,7.6,5,6,7,3,0,8.1,0,0,0,0.0,-0.43,0.68,0.67,0.0,24.5,0.0,-1.02,Stable,Stable,Improving,0.588,59,HIGH,Leave gap,59,Increasing,Consider leave/recovery review,Prolonged gap since last leave taken,synthetic-model-v1,2026-02-13 05:00:00,1
P0093,2026-02-19,44,11,UNIT-08,Junior Officer,40,7.9,1.0,Day,0,1,0,0,0,None,0,77,Not Deployed,0,0,0,191,15.3,6.6,6,5,7,5,0,7.98,0,0,0,0.0,-0.47,-0.41,0.57,-1.0,28.0,0.0,0.03,Declining,Stable,Declining,0.663,66,HIGH,Leave gap | Mood decline | Sleep decline,53 | 8 | 5,Increasing | Declining | Declining,Consider leave/recovery review | Wellness check-in focused on sleep and recovery,Prolonged gap since last leave taken | Sleep duration/quality declining from baseline,synthetic-model-v1,2026-02-20 02:00:00,0
P0093,2026-02-26,44,11,UNIT-08,Junior Officer,40,8.6,1.1,Day,0,1,0,1,2,Medical,0,84,Not Deployed,0,0,0,198,10.2,6.5,7,5,7,5,0,8.12,0,2,1,0.25,0.29,-0.46,0.5,-0.88,31.5,0.0,0.82,Declining,Stable,Declining,0.667,67,HIGH,Leave gap | Mood decline | Sleep decline | Average duty hours,51 | 7 | 6 | 3,Increasing | Declining | Declining | Increasing,Consider leave/recovery review | Wellness check-in focused on sleep and recovery,Prolonged gap since last leave taken | Sleep duration/quality declining from baseline,synthetic-model-v1,2026-02-27 02:00:00,1
P0093,2026-03-05,44,11,UNIT-08,Junior Officer,40,8.9,2.1,Day,0,1,0,1,1,Medical,1,7,Not Deployed,0,0,0,205,12.9,6.4,6,5,8,6,0,8.35,0,3,2,0.5,0.56,-0.51,1.44,-0.78,-49.0,0.0,2.03,Declining,Declining,Stable,0.69,69,HIGH,Rising leave requests | Sleep decline | Average duty hours | Mood decline | Fatigue level,19 | 13 | 13 | 12 | 12,Increasing | Declining | Increasing | Declining | Increasing,Wellness check-in focused on sleep and recovery,Sleep duration/quality declining from baseline,synthetic-model-v1,2026-03-06 02:00:00,1
P0094,2026-01-01,31,4,UNIT-08,Command Officer,85,8.8,0.2,Day,0,4,0,1,2,Emergency,1,7,Not Deployed,0,0,0,425,12.1,7.0,7,7,5,3,0,8.8,0,2,1,1.0,0.0,0.0,0.0,0.0,0.0,0.0,0.0,Stable,Stable,Stable,0.505,50,MODERATE,Role difficulty | Average duty hours,38 | 12,High | Increasing,Routine monitoring,No significant risk indicators detected this period,synthetic-model-v1,2026-01-02 03:00:00,0
P0094,2026-01-08,31,4,UNIT-08,Command Officer,85,9.9,1.2,Day,0,5,0,0,0,None,0,14,Not Deployed,0,0,0,432,12.3,6.9,8,8,5,3,0,9.35,0,2,1,0.5,1.1,-0.1,0.0,1.0,7.0,0.0,2.1,Improving,Stable,Stable,0.379,38,MODERATE,Average duty hours | Role difficulty,27 | 11,Increasing | High,Workload review,Duty hours elevated relative to personal baseline,synthetic-model-v1,2026-01-09 03:00:00,0
P0094,2026-01-15,31,4,UNIT-08,Command Officer,85,9.6,1.8,Day,0,6,0,0,0,None,0,21,Not Deployed,0,0,0,439,11.0,6.9,6,7,5,4,0,9.43,0,2,1,0.33,0.25,-0.05,0.0,-0.5,10.5,0.0,1.35,Declining,Stable,Stable,0.541,54,MODERATE,Average duty hours | Role difficulty | Mood decline,26 | 19 | 10,Increasing | High | Declining,Workload review,Duty hours elevated relative to personal baseline,synthetic-model-v1,2026-01-16 03:00:00,0
P0094,2026-01-22,31,4,UNIT-08,Command Officer,85,10.2,2.6,Day,0,7,0,0,0,None,0,28,Not Deployed,0,0,0,446,13.1,7.2,7,6,7,5,0,9.62,0,2,1,0.25,0.77,0.27,2.0,-1.33,14.0,0.0,2.3,Declining,Declining,Stable,0.722,72,HIGH,Average duty hours | Mood decline | Role difficulty | Leave gap,33 | 19 | 13 | 7,Increasing | Declining | High | Increasing,Workload review,Duty hours elevated relative to personal baseline,synthetic-model-v1,2026-01-23 02:00:00,0
P0094,2026-01-29,31,4,UNIT-08,Command Officer,85,9.2,1.7,Day,0,6,0,0,0,None,0,35,Not Deployed,0,0,0,453,7.9,7.3,7,8,5,4,0,9.72,0,0,0,0.0,-0.43,0.3,-0.5,1.0,17.5,0.0,-0.18,Improving,Stable,Improving,0.461,46,MODERATE,Leave gap | Role difficulty | Average duty hours,20 | 15 | 11,Increasing | High | Increasing,Routine monitoring,No significant risk indicators detected this period,synthetic-model-v1,2026-01-30 02:00:00,1
P0094,2026-02-05,31,4,UNIT-08,Command Officer,85,10.1,1.5,Day,0,7,0,0,0,None,0,42,Not Deployed,0,0,0,460,9.2,7.2,7,7,5,4,0,9.77,0,0,0,0.0,0.56,0.14,-0.4,-0.2,21.0,0.0,0.56,Improving,Improving,Stable,0.617,62,HIGH,Leave gap | Average duty hours | Role difficulty,26 | 25 | 11,Increasing | Increasing | High,Workload review | Consider leave/recovery review,Duty hours elevated relative to personal baseline | Prolonged gap since last leave taken,synthetic-model-v1,2026-02-06 05:00:00,1
P0094,2026-02-12,31,4,UNIT-08,Command Officer,85,10.0,0.5,Day,0,8,0,0,0,None,0,49,Not Deployed,0,0,0,467,5.8,6.1,5,5,7,5,0,9.88,0,0,0,0.0,0.37,-0.98,1.67,-2.17,24.5,0.0,-0.63,Declining,Declining,Declining,0.528,53,MODERATE,Leave gap | Mood decline | Average duty hours | Sleep decline | Consecutive work days,16 | 12 | 10 | 10 | 5,Increasing | Declining | Increasing | Declining | Increasing,Workload review | Consider leave/recovery review | Wellness check-in focused on sleep and recovery,Duty hours elevated relative to personal baseline | Prolonged gap since last leave taken | Sleep duration/quality declining from baseline,synthetic-model-v1,2026-02-13 03:00:00,0
P0094,2026-02-19,31,4,UNIT-08,Command Officer,85,11.2,1.7,Day,0,8,0,0,0,None,0,56,Not Deployed,0,0,0,474,8.5,6.7,7,6,6,4,0,10.12,0,0,0,0.0,1.51,-0.24,0.43,-0.86,28.0,0.0,1.86,Declining,Declining,Declining,0.566,57,HIGH,Leave gap | Average duty hours | Consecutive work days | Role difficulty | Mood decline,21 | 21 | 5 | 5 | 5,Increasing | Increasing | Increasing | High | Declining,Workload review | Consider leave/recovery review,Duty hours elevated relative to personal baseline | Prolonged gap since last leave taken,synthetic-model-v1,2026-02-20 05:00:00,0
P0094,2026-02-26,31,4,UNIT-08,Command Officer,85,11.5,0.7,Day,0,9,0,1,5,Medical,1,7,Not Deployed,0,0,0,481,10.7,6.6,6,8,6,4,0,10.7,0,5,1,0.25,1.62,-0.31,0.38,1.25,-24.5,0.0,0.93,Improving,Improving,Improving,0.487,49,MODERATE,Average duty hours | Consecutive work days | Role difficulty | Sleep decline,29 | 10 | 6 | 3,Increasing | Increasing | High | Declining,Workload review | Wellness check-in focused on sleep and recovery,Duty hours elevated relative to personal baseline | Sleep duration/quality declining from baseline,synthetic-model-v1,2026-02-27 05:00:00,1
P0094,2026-03-05,31,4,UNIT-08,Command Officer,85,11.3,0.1,Day,0,9,0,0,0,None,0,14,Not Deployed,0,0,0,488,11.5,6.3,7,6,7,5,0,11.0,0,5,1,0.25,1.24,-0.58,1.33,-0.89,-14.78,0.0,0.02,Declining,Declining,Declining,0.708,71,HIGH,Average duty hours | Consecutive work days | Sleep decline | Role difficulty | Mood decline,33 | 13 | 9 | 8 | 8,Increasing | Increasing | Declining | High | Declining,Workload review | Wellness check-in focused on sleep and recovery,Duty hours elevated relative to personal baseline | Sleep duration/quality declining from baseline,synthetic-model-v1,2026-03-06 04:00:00,0
P0095,2026-01-01,42,10,UNIT-08,Senior Officer,70,9.8,1.0,Day,0,1,0,0,0,None,0,22,Not Deployed,0,0,0,243,3.5,7.4,7,8,3,2,1,9.8,0,0,0,0.0,0.0,0.0,0.0,0.0,0.0,0.0,0.0,Stable,Stable,Stable,0.494,49,MODERATE,Average duty hours | Role difficulty,38 | 11,Increasing | High,Workload review | Prioritize welfare officer follow-up,Duty hours elevated relative to personal baseline | Person actively requested help,synthetic-model-v1,2026-01-02 03:00:00,1
P0095,2026-01-08,42,10,UNIT-08,Senior Officer,70,8.8,0.3,Day,0,1,0,1,4,Casual,1,7,Not Deployed,0,0,0,250,10.5,7.3,8,8,4,2,0,9.3,0,4,1,0.5,-1.0,-0.1,1.0,0.0,-15.0,0.0,-1.7,Improving,Declining,Stable,0.365,36,MODERATE,Role difficulty | Average duty hours,20 | 16,High | Increasing,Routine monitoring,No significant risk indicators detected this period,synthetic-model-v1,2026-01-09 05:00:00,0
P0095,2026-01-15,42,10,UNIT-08,Senior Officer,70,9.6,2.8,Day,0,2,0,0,0,None,0,14,Not Deployed,0,0,0,257,9.9,8.0,9,7,4,3,0,9.4,0,4,1,0.33,0.3,0.65,0.5,-1.0,-0.5,0.0,2.45,Stable,Declining,Improving,0.502,50,MODERATE,Average duty hours | Mood decline | Role difficulty,25 | 19 | 7,Increasing | Declining | High,Workload review,Duty hours elevated relative to personal baseline,synthetic-model-v1,2026-01-16 01:00:00,0
P0095,2026-01-22,42,10,UNIT-08,Senior Officer,70,8.9,0.8,Rotating,1,1,2,0,0,None,0,21,Not Deployed,0,0,0,264,10.7,7.0,7,7,4,3,0,9.28,1,4,1,0.25,-0.5,-0.57,0.33,-0.67,6.67,1.0,-1.07,Declining,Stable,Stable,0.551,55,HIGH,Sleep decline | Mood decline | Average duty hours | Role difficulty,20 | 16 | 10 | 9,Declining | Declining | Increasing | High,Wellness check-in focused on sleep and recovery,Sleep duration/quality declining from baseline,synthetic-model-v1,2026-01-23 03:00:00,0
P0095,2026-01-29,42,10,UNIT-08,Senior Officer,70,9.0,0.6,Rotating,1,1,3,0,0,None,0,28,Not Deployed,0,0,0,271,11.6,7.4,8,8,3,2,0,9.07,2,4,1,0.25,-0.28,-0.02,-0.75,0.5,12.0,0.75,-0.9,Improving,Improving,Declining,0.337,34,MODERATE,Night-duty frequency | Leave gap | Average duty hours | Role difficulty,12 | 8 | 8 | 6,Increasing | Increasing | Increasing | High,Routine monitoring,No significant risk indicators detected this period,synthetic-model-v1,2026-01-30 04:00:00,1
P0095,2026-02-05,42,10,UNIT-08,Senior Officer,70,8.8,0.0,Rotating,1,2,4,0,0,None,0,35,Not Deployed,0,0,0,278,13.5,6.3,7,6,4,3,0,9.07,3,0,0,0.0,-0.42,-1.12,0.4,-1.6,16.6,0.6,-1.52,Declining,Stable,Declining,0.458,46,MODERATE,Sleep decline | Mood decline | Night-duty frequency | Leave gap | Role difficulty,13 | 11 | 10 | 9 | 3,Declining | Declining | Increasing | Increasing | High,Review night-duty schedule | Wellness check-in focused on sleep and recovery,Frequent night shifts in the past 30 days | Sleep duration/quality declining from baseline,synthetic-model-v1,2026-02-06 01:00:00,0
P0095,2026-02-12,42,10,UNIT-08,Senior Officer,70,8.5,0.0,Rotating,1,2,6,1,2,Casual,1,7,Not Deployed,0,0,0,285,16.0,7.4,7,7,5,3,0,8.8,4,2,1,0.25,-0.65,0.17,1.33,-0.33,-14.17,0.5,-1.57,Declining,Declining,Stable,0.53,53,MODERATE,Night-duty frequency | Role difficulty | Mood decline,40 | 7 | 6,Increasing | High | Declining,Review night-duty schedule,Frequent night shifts in the past 30 days,synthetic-model-v1,2026-02-13 01:00:00,0
P0095,2026-02-19,42,10,UNIT-08,Senior Officer,70,9.4,1.1,Rotating,0,2,0,0,0,None,0,14,Not Deployed,0,0,0,292,13.4,7.0,9,7,4,2,0,8.93,3,2,1,0.25,0.34,-0.26,0.14,-0.29,-5.14,-0.57,0.66,Improving,Stable,Improving,0.334,33,MODERATE,Night-duty frequency | Average duty hours | Sleep decline | Role difficulty,14 | 11 | 5 | 4,Increasing | Increasing | Declining | High,Review night-duty schedule,Frequent night shifts in the past 30 days,synthetic-model-v1,2026-02-20 01:00:00,0
P0095,2026-02-26,42,10,UNIT-08,Senior Officer,70,8.3,0.6,Rotating,1,2,2,0,0,None,0,21,Not Deployed,0,0,0,299,12.2,6.9,9,7,3,2,0,8.75,3,2,1,0.25,-0.8,-0.32,-0.88,-0.25,2.5,0.5,-1.03,Improving,Improving,Declining,0.371,37,MODERATE,Night-duty frequency | Sleep decline | Role difficulty,23 | 8 | 6,Increasing | Declining | High,Review night-duty schedule | Wellness check-in focused on sleep and recovery,Frequent night shifts in the past 30 days | Sleep duration/quality declining from baseline,synthetic-model-v1,2026-02-27 03:00:00,1
P0095,2026-03-05,42,10,UNIT-08,Senior Officer,70,9.6,1.5,Rotating,0,3,1,0,0,None,0,28,Not Deployed,0,0,0,306,12.2,7.2,7,7,5,4,0,8.95,2,2,1,0.25,0.59,0.01,1.22,-0.22,9.22,-0.56,1.29,Declining,Declining,Stable,0.651,65,HIGH,Average duty hours | Night-duty frequency | Leave gap | Role difficulty,32 | 15 | 10 | 8,Increasing | Increasing | Increasing | High,Workload review,Duty hours elevated relative to personal baseline,synthetic-model-v1,2026-03-06 03:00:00,0
P0096,2026-01-01,36,8,UNIT-08,Field Officer,55,8.0,0.5,Day,0,3,0,0,0,None,0,36,Not Deployed,0,0,0,267,18.4,7.8,5,6,6,4,0,8.0,0,0,0,0.0,0.0,0.0,0.0,0.0,0.0,0.0,0.0,Stable,Stable,Stable,0.451,45,MODERATE,Leave gap,45,Increasing,Consider leave/recovery review,Prolonged gap since last leave taken,synthetic-model-v1,2026-01-02 03:00:00,0
P0096,2026-01-08,36,8,UNIT-08,Field Officer,55,8.6,0.9,Day,0,2,0,0,0,None,0,43,Not Deployed,0,0,0,274,17.8,7.2,7,7,5,4,0,8.3,0,0,0,0.0,0.6,-0.6,-1.0,1.0,7.0,0.0,1.0,Improving,Improving,Declining,0.572,57,HIGH,Leave gap | Sleep decline | Average duty hours,35 | 14 | 9,Increasing | Declining | Increasing,Consider leave/recovery review | Wellness check-in focused on sleep and recovery,Prolonged gap since last leave taken | Sleep duration/quality declining from baseline,synthetic-model-v1,2026-01-09 01:00:00,0
P0096,2026-01-15,36,8,UNIT-08,Field Officer,55,8.2,1.0,Day,0,3,0,0,0,None,0,50,Not Deployed,0,0,0,281,13.4,7.4,6,6,6,4,0,8.27,0,0,0,0.0,-0.1,-0.1,0.5,-0.5,10.5,0.0,0.2,Improving,Stable,Declining,0.556,56,HIGH,Leave gap | Mood decline,48 | 8,Increasing | Declining,Consider leave/recovery review,Prolonged gap since last leave taken,synthetic-model-v1,2026-01-16 03:00:00,0
P0096,2026-01-22,36,8,UNIT-08,Field Officer,55,7.5,0.0,Day,0,3,0,0,0,None,0,57,Not Deployed,0,0,0,288,13.5,7.4,6,5,7,5,0,8.07,0,0,0,0.0,-0.77,-0.07,1.33,-1.33,14.0,0.0,-1.57,Declining,Declining,Stable,0.563,56,HIGH,Leave gap | Mood decline,42 | 14,Increasing | Declining,Consider leave/recovery review,Prolonged gap since last leave taken,synthetic-model-v1,2026-01-23 05:00:00,0
P0096,2026-01-29,36,8,UNIT-08,Field Officer,55,7.3,0.3,Day,0,3,0,0,0,None,0,64,Not Deployed,0,0,0,295,12.0,7.8,7,6,6,4,0,7.9,0,0,0,0.0,-0.77,0.35,0.0,0.0,17.5,0.0,-1.08,Improving,Stable,Improving,0.543,54,MODERATE,Leave gap,54,Increasing,Consider leave/recovery review,Prolonged gap since last leave taken,synthetic-model-v1,2026-01-30 01:00:00,1
P0096,2026-02-05,36,8,UNIT-08,Field Officer,55,6.2,0.0,Rotating,0,2,0,0,0,None,0,71,Not Deployed,0,0,0,302,7.8,7.3,7,6,5,3,0,7.3,0,0,0,0.0,-1.72,-0.22,-1.0,0.0,21.0,0.0,-2.26,Improving,Improving,Stable,0.625,62,HIGH,Leave gap | Sleep decline,58 | 5,Increasing | Declining,Consider leave/recovery review,Prolonged gap since last leave taken,synthetic-model-v1,2026-02-06 04:00:00,1
P0096,2026-02-12,36,8,UNIT-08,Field Officer,55,7.0,0.7,Night,1,1,2,0,0,None,0,78,Not Deployed,0,0,0,309,11.5,7.2,6,6,7,4,0,7.0,1,0,0,0.0,-0.63,-0.28,1.17,0.0,24.5,1.0,-0.38,Declining,Declining,Declining,0.628,63,HIGH,Leave gap | Sleep decline,58 | 4,Increasing | Declining,Consider leave/recovery review,Prolonged gap since last leave taken,synthetic-model-v1,2026-02-13 02:00:00,0
P0096,2026-02-19,36,8,UNIT-08,Field Officer,55,5.8,1.3,Day,0,1,0,0,0,None,0,85,Not Deployed,0,0,0,316,7.6,7.3,7,6,6,4,0,6.58,1,0,0,0.0,-1.74,-0.14,0.0,0.0,28.0,-0.14,-0.93,Declining,Declining,Stable,0.61,61,HIGH,Leave gap,61,Increasing,Consider leave/recovery review,Prolonged gap since last leave taken,synthetic-model-v1,2026-02-20 01:00:00,0
P0096,2026-02-26,36,8,UNIT-08,Field Officer,55,5.4,0.0,Day,0,1,0,0,0,None,0,92,Not Deployed,0,0,0,323,5.9,7.5,6,6,6,4,1,6.1,1,0,0,0.0,-1.92,0.07,0.0,0.0,31.5,-0.12,-2.51,Stable,Improving,Stable,0.705,70,HIGH,Leave gap,70,Increasing,Consider leave/recovery review | Prioritize welfare officer follow-up,Prolonged gap since last leave taken | Person actively requested help,synthetic-model-v1,2026-02-27 01:00:00,0
P0096,2026-03-05,36,8,UNIT-08,Field Officer,55,7.2,1.3,Day,0,2,0,0,0,None,0,99,Not Deployed,0,0,0,330,5.5,7.6,6,6,7,3,0,6.35,1,0,0,0.0,0.09,0.17,1.0,0.0,35.0,-0.11,0.87,Stable,Declining,Stable,0.548,55,HIGH,Leave gap | Average duty hours,54 | 1,Increasing | Increasing,Consider leave/recovery review,Prolonged gap since last leave taken,synthetic-model-v1,2026-03-06 01:00:00,0
P0097,2026-01-01,34,8,UNIT-04,Senior Officer,70,10.8,0.9,Rotating,0,4,0,0,0,None,0,32,Not Deployed,0,0,0,527,15.4,7.1,7,7,5,3,0,10.8,0,0,0,0.0,0.0,0.0,0.0,0.0,0.0,0.0,0.0,Stable,Stable,Stable,0.348,35,MODERATE,Average duty hours | Leave gap | Role difficulty,23 | 9 | 4,Increasing | Increasing | High,Workload review,Duty hours elevated relative to personal baseline,synthetic-model-v1,2026-01-02 03:00:00,1
P0097,2026-01-08,34,8,UNIT-04,Senior Officer,70,10.8,4.0,Rotating,0,3,0,0,0,None,0,39,Not Deployed,0,0,0,534,18.5,6.3,7,7,5,4,0,10.8,0,0,0,0.0,0.0,-0.8,0.0,0.0,7.0,0.0,3.1,Declining,Stable,Declining,0.642,64,HIGH,Average duty hours | Leave gap | Sleep decline | Role difficulty,26 | 19 | 15 | 4,Increasing | Increasing | Declining | High,Workload review | Consider leave/recovery review | Wellness check-in focused on sleep and recovery,Duty hours elevated relative to personal baseline | Prolonged gap since last leave taken | Sleep duration/quality declining from baseline,synthetic-model-v1,2026-01-09 03:00:00,1
P0097,2026-01-15,34,8,UNIT-04,Senior Officer,70,10.6,1.0,Night,1,4,2,0,0,None,0,46,Not Deployed,0,0,0,541,20.7,5.8,8,6,5,4,0,10.73,1,0,0,0.0,-0.2,-0.9,0.0,-1.0,10.5,1.0,-1.65,Declining,Stable,Declining,0.516,52,MODERATE,Leave gap | Average duty hours | Sleep decline | Mood decline | Role difficulty,17 | 14 | 12 | 6 | 2,Increasing | Increasing | Declining | Declining | High,Workload review | Consider leave/recovery review | Wellness check-in focused on sleep and recovery,Duty hours elevated relative to personal baseline | Prolonged gap since last leave taken | Sleep duration/quality declining from baseline,synthetic-model-v1,2026-01-16 04:00:00,1
P0097,2026-01-22,34,8,UNIT-04,Senior Officer,70,10.4,1.0,Night,1,5,4,1,2,Other,1,7,Not Deployed,0,0,0,548,19.7,6.0,6,7,7,5,0,10.65,2,2,1,0.25,-0.33,-0.4,2.0,0.33,-32.0,0.67,-1.3,Declining,Declining,Stable,0.64,64,HIGH,Average duty hours | Sleep decline | Night-duty frequency | Role difficulty,30 | 16 | 12 | 6,Increasing | Declining | Increasing | High,Workload review | Wellness check-in focused on sleep and recovery,Duty hours elevated relative to personal baseline | Sleep duration/quality declining from baseline,synthetic-model-v1,2026-01-23 01:00:00,1
P0097,2026-01-29,34,8,UNIT-04,Senior Officer,70,10.8,1.5,Night,1,6,5,0,0,None,0,14,Deployed,7,1,0,555,52.9,5.9,4,6,7,4,0,10.65,3,2,1,0.25,0.15,-0.4,1.5,-0.75,-17.0,0.5,-0.07,Declining,Declining,Stable,0.526,53,MODERATE,Average duty hours | Night-duty frequency | Recent deployment | Deployment hardship | Sleep decline,16 | 10 | 10 | 10 | 7,Increasing | Increasing | Increasing | High | Declining,Workload review | Review night-duty schedule | Wellness check-in focused on sleep and recovery,Duty hours elevated relative to personal baseline | Frequent night shifts in the past 30 days | Sleep duration/quality declining from baseline,synthetic-model-v1,2026-01-30 04:00:00,1
P0097,2026-02-05,34,8,UNIT-04,Senior Officer,70,11.1,3.0,Day,0,6,3,0,0,None,0,21,Deployed,14,0,0,562,60.8,6.0,5,6,7,4,0,10.72,3,2,1,0.25,0.42,-0.22,1.2,-0.6,-6.6,-0.6,1.74,Declining,Stable,Stable,0.633,63,HIGH,Average duty hours | Deployment hardship | Night-duty frequency | Sleep decline | Mood decline,24 | 16 | 12 | 6 | 5,Increasing | High | Increasing | Declining | Declining,Workload review | Review night-duty schedule | Review deployment welfare support,Duty hours elevated relative to personal baseline | Frequent night shifts in the past 30 days | High deployment hardship score,synthetic-model-v1,2026-02-06 04:00:00,1
P0097,2026-02-12,34,8,UNIT-04,Senior Officer,70,11.0,1.6,Day,0,7,0,0,0,None,0,28,Deployed,21,0,0,569,60.0,6.1,5,6,7,5,0,10.82,2,2,1,0.25,0.25,-0.08,1.0,-0.5,1.5,-0.5,-0.05,Stable,Stable,Stable,0.506,51,MODERATE,Average duty hours | Deployment hardship | Night-duty frequency | Leave gap | Sleep decline,22 | 15 | 6 | 4 | 4,Increasing | High | Increasing | Increasing | Declining,Workload review | Review deployment welfare support,Duty hours elevated relative to personal baseline | High deployment hardship score,synthetic-model-v1,2026-02-13 01:00:00,1
P0097,2026-02-19,34,8,UNIT-04,Senior Officer,70,11.8,3.7,Day,0,7,0,0,0,None,0,35,Deployed,28,0,0,576,53.4,6.1,5,5,8,6,1,11.18,1,0,0,0.0,1.01,-0.07,1.86,-1.43,8.29,-0.43,2.86,Declining,Declining,Stable,0.7,70,HIGH,Average duty hours | Deployment hardship | Mood decline | Leave gap | Fatigue level,32 | 11 | 11 | 10 | 6,Increasing | High | Declining | Increasing | Increasing,Workload review | Prioritize welfare officer follow-up,Duty hours elevated relative to personal baseline | Person actively requested help,synthetic-model-v1,2026-02-20 04:00:00,1
P0097,2026-02-26,34,8,UNIT-04,Senior Officer,70,11.3,1.2,Day,0,8,0,0,0,None,0,42,Deployed,35,0,0,583,49.9,4.8,4,4,8,6,0,11.3,0,0,0,0.0,0.39,-1.36,1.62,-2.25,14.25,-0.38,-0.5,Declining,Declining,Declining,0.642,64,HIGH,Sleep decline | Average duty hours | Mood decline | Leave gap | Deployment hardship,18 | 17 | 12 | 11 | 7,Declining | Increasing | Declining | Increasing | High,Workload review | Consider leave/recovery review | Wellness check-in focused on sleep and recovery,Duty hours elevated relative to personal baseline | Prolonged gap since last leave taken | Sleep duration/quality declining from baseline,synthetic-model-v1,2026-02-27 01:00:00,0
P0097,2026-03-05,34,8,UNIT-04,Senior Officer,70,11.5,2.5,Day,0,7,0,1,6,Medical,1,7,Not Deployed,0,0,0,590,39.0,6.6,5,5,8,5,0,11.4,0,6,1,0.25,0.54,0.59,1.44,-1.0,-22.33,-0.33,1.06,Improving,Stable,Improving,0.546,55,HIGH,Average duty hours | Mood decline | Deployment hardship | Role difficulty,35 | 10 | 6 | 4,Increasing | Declining | High | High,Workload review,Duty hours elevated relative to personal baseline,synthetic-model-v1,2026-03-06 03:00:00,0
P0098,2026-01-01,40,13,UNIT-06,Senior Officer,70,7.6,0.5,Rotating,1,3,2,0,0,None,0,7,Not Deployed,0,0,0,293,5.9,7.8,9,6,4,3,0,7.6,1,0,0,0.0,0.0,0.0,0.0,0.0,0.0,0.0,0.0,Stable,Stable,Stable,0.365,36,MODERATE,Role difficulty,36,High,Routine monitoring,No significant risk indicators detected this period,synthetic-model-v1,2026-01-02 04:00:00,1
P0098,2026-01-08,40,13,UNIT-06,Senior Officer,70,7.0,0.1,Rotating,1,4,3,1,1,Casual,1,7,Not Deployed,0,0,0,300,11.8,7.1,4,6,6,3,0,7.3,2,1,1,0.5,-0.6,-0.7,2.0,0.0,0.0,0.0,-1.0,Declining,Declining,Declining,0.294,29,LOW,Sleep decline | Night-duty frequency | Role difficulty,14 | 10 | 5,Declining | Increasing | High,Wellness check-in focused on sleep and recovery,Sleep duration/quality declining from baseline,synthetic-model-v1,2026-01-09 05:00:00,0
P0098,2026-01-15,40,13,UNIT-06,Senior Officer,70,8.5,1.4,Rotating,1,4,5,0,0,None,0,14,Not Deployed,0,0,0,307,14.2,7.5,7,6,6,4,0,7.7,3,1,1,0.33,1.2,0.05,1.0,0.0,7.0,0.0,2.3,Declining,Declining,Stable,0.436,44,MODERATE,Night-duty frequency | Average duty hours | Role difficulty,24 | 14 | 6,Increasing | Increasing | High,Workload review | Review night-duty schedule,Duty hours elevated relative to personal baseline | Frequent night shifts in the past 30 days,synthetic-model-v1,2026-01-16 03:00:00,0
P0098,2026-01-22,40,13,UNIT-06,Senior Officer,70,6.8,0.6,Rotating,1,4,6,0,0,None,0,21,Not Deployed,0,0,0,314,12.3,7.0,8,7,6,4,0,7.48,4,1,1,0.25,-0.9,-0.47,0.67,1.0,11.67,0.0,-0.97,Improving,Stable,Stable,0.601,60,HIGH,Night-duty frequency | Sleep decline | Role difficulty,41 | 13 | 7,Increasing | Declining | High,Review night-duty schedule | Wellness check-in focused on sleep and recovery,Frequent night shifts in the past 30 days | Sleep duration/quality declining from baseline,synthetic-model-v1,2026-01-23 03:00:00,1
P0098,2026-01-29,40,13,UNIT-06,Senior Officer,70,6.2,0.6,Rotating,0,3,0,0,0,None,0,28,Not Deployed,0,0,0,321,10.0,7.6,7,6,6,4,0,7.12,3,1,1,0.25,-1.28,0.25,0.5,-0.25,15.75,-1.0,-1.33,Stable,Stable,Stable,0.534,53,MODERATE,Night-duty frequency | Leave gap | Role difficulty,34 | 11 | 8,Increasing | Increasing | High,Review night-duty schedule,Frequent night shifts in the past 30 days,synthetic-model-v1,2026-01-30 05:00:00,1
P0098,2026-02-05,40,13,UNIT-06,Senior Officer,70,7.8,0.0,Rotating,1,2,2,0,0,None,0,35,Not Deployed,0,0,0,328,11.1,7.4,5,6,7,5,0,7.32,3,0,0,0.0,0.58,0.0,1.4,-0.2,19.6,0.2,-0.06,Declining,Declining,Improving,0.491,49,MODERATE,Night-duty frequency | Leave gap | Average duty hours | Role difficulty,21 | 17 | 6 | 5,Increasing | Increasing | Increasing | High,Review night-duty schedule,Frequent night shifts in the past 30 days,synthetic-model-v1,2026-02-06 02:00:00,0
P0098,2026-02-12,40,13,UNIT-06,Senior Officer,70,7.4,0.7,Rotating,0,3,0,1,5,Earned,1,7,Not Deployed,0,0,0,335,8.2,7.6,6,6,7,4,0,7.05,2,5,1,0.25,0.08,0.2,1.17,-0.17,-11.67,-0.83,0.25,Declining,Declining,Stable,0.57,57,HIGH,Night-duty frequency | Role difficulty | Average duty hours,36 | 18 | 3,Increasing | High | Increasing,Routine monitoring,No significant risk indicators detected this period,synthetic-model-v1,2026-02-13 02:00:00,0
P0098,2026-02-19,40,13,UNIT-06,Senior Officer,70,7.3,0.0,Rotating,0,2,0,0,0,None,0,14,Not Deployed,0,0,0,342,9.5,7.1,6,6,7,4,0,7.18,1,5,1,0.25,-0.03,-0.33,1.0,-0.14,-3.0,-0.71,-0.59,Improving,Stable,Declining,0.453,45,MODERATE,Sleep decline | Role difficulty,26 | 19,Declining | High,Wellness check-in focused on sleep and recovery,Sleep duration/quality declining from baseline,synthetic-model-v1,2026-02-20 03:00:00,0
P0098,2026-02-26,40,13,UNIT-06,Senior Officer,70,7.7,0.1,Rotating,0,1,0,0,0,None,0,21,Not Deployed,0,0,0,349,5.7,7.1,5,6,7,4,0,7.55,1,5,1,0.25,0.38,-0.29,0.88,-0.12,4.38,-0.62,-0.01,Declining,Stable,Declining,0.597,60,HIGH,Sleep decline | Role difficulty | Average duty hours,26 | 19 | 15,Declining | High | Increasing,Routine monitoring,No significant risk indicators detected this period,synthetic-model-v1,2026-02-27 01:00:00,0
P0098,2026-03-05,40,13,UNIT-06,Senior Officer,70,8.3,0.0,Rotating,0,1,0,0,0,None,0,28,Not Deployed,0,0,0,356,11.4,7.8,6,5,7,5,0,7.68,0,5,1,0.25,0.93,0.44,0.78,-1.11,10.89,-0.56,0.49,Declining,Stable,Improving,0.561,56,HIGH,Mood decline | Average duty hours | Leave gap | Role difficulty,23 | 15 | 10 | 8,Declining | Increasing | Increasing | High,Routine monitoring,No significant risk indicators detected this period,synthetic-model-v1,2026-03-06 01:00:00,0
P0099,2026-01-01,31,7,UNIT-04,Junior Officer,40,8.7,1.2,Day,0,5,0,0,0,None,0,19,Not Deployed,0,0,0,210,15.6,7.3,7,6,5,3,1,8.7,0,0,0,0.0,0.0,0.0,0.0,0.0,0.0,0.0,0.0,Stable,Stable,Stable,0.415,42,MODERATE,Average duty hours,42,Increasing,Prioritize welfare officer follow-up,Person actively requested help,synthetic-model-v1,2026-01-02 02:00:00,1
P0099,2026-01-08,31,7,UNIT-04,Junior Officer,40,8.9,0.3,Day,0,6,0,0,0,None,0,26,Not Deployed,0,0,0,217,16.7,7.3,6,7,6,4,0,8.8,0,0,0,0.0,0.2,0.0,1.0,1.0,7.0,0.0,-0.7,Declining,Declining,Stable,0.475,48,MODERATE,Average duty hours | Leave gap,25 | 23,Increasing | Increasing,Routine monitoring,No significant risk indicators detected this period,synthetic-model-v1,2026-01-09 01:00:00,1
P0099,2026-01-15,31,7,UNIT-04,Junior Officer,40,9.9,2.0,Rotating,0,7,0,0,0,None,0,33,Not Deployed,0,0,0,224,18.8,6.4,5,6,6,4,0,9.17,0,0,0,0.0,1.1,-0.9,0.5,-0.5,10.5,0.0,2.35,Declining,Declining,Declining,0.737,74,HIGH,Average duty hours | Sleep decline | Leave gap | Mood decline,32 | 20 | 14 | 7,Increasing | Declining | Increasing | Declining,Workload review | Wellness check-in focused on sleep and recovery,Duty hours elevated relative to personal baseline | Sleep duration/quality declining from baseline,synthetic-model-v1,2026-01-16 04:00:00,1
P0099,2026-01-22,31,7,UNIT-04,Junior Officer,40,10.4,0.2,Day,0,7,0,1,4,Medical,1,7,Not Deployed,0,0,0,231,16.0,7.6,7,7,6,4,1,9.48,0,4,1,0.25,1.23,0.6,0.33,0.67,-19.0,0.0,0.27,Improving,Stable,Stable,0.467,47,MODERATE,Average duty hours,47,Increasing,Workload review | Prioritize welfare officer follow-up,Duty hours elevated relative to personal baseline | Person actively requested help,synthetic-model-v1,2026-01-23 03:00:00,1
P0099,2026-01-29,31,7,UNIT-04,Junior Officer,40,9.7,1.3,Day,0,7,0,0,0,None,0,14,Not Deployed,0,0,0,238,14.0,7.2,8,6,7,5,1,9.73,0,4,1,0.25,0.22,0.05,1.25,-0.5,-7.25,0.0,0.6,Improving,Declining,Improving,0.585,58,HIGH,Average duty hours | Mood decline,43 | 16,Increasing | Declining,Workload review | Prioritize welfare officer follow-up,Duty hours elevated relative to personal baseline | Person actively requested help,synthetic-model-v1,2026-01-30 03:00:00,1
P0099,2026-02-05,31,7,UNIT-04,Junior Officer,40,10.2,1.1,Day,0,7,0,0,0,None,0,21,Not Deployed,0,0,0,245,16.6,7.2,5,6,7,4,0,10.05,0,4,1,0.25,0.68,0.04,1.0,-0.4,1.2,0.0,0.78,Declining,Declining,Declining,0.597,60,HIGH,Average duty hours | Mood decline,51 | 9,Increasing | Declining,Workload review,Duty hours elevated relative to personal baseline,synthetic-model-v1,2026-02-06 03:00:00,1
P0099,2026-02-12,31,7,UNIT-04,Junior Officer,40,10.4,2.5,Day,0,8,0,0,0,None,0,28,Not Deployed,0,0,0,252,16.1,6.4,6,5,7,5,0,10.18,0,4,1,0.25,0.77,-0.77,0.83,-1.33,8.0,0.0,2.25,Declining,Stable,Declining,0.492,49,MODERATE,Average duty hours | Mood decline | Sleep decline | Consecutive work days | Leave gap,19 | 10 | 9 | 8 | 4,Increasing | Declining | Declining | Increasing | Increasing,Workload review | Wellness check-in focused on sleep and recovery,Duty hours elevated relative to personal baseline | Sleep duration/quality declining from baseline,synthetic-model-v1,2026-02-13 01:00:00,1
P0099,2026-02-19,31,7,UNIT-04,Junior Officer,40,10.4,1.4,Night,1,8,2,0,0,None,0,35,Not Deployed,0,0,0,259,19.0,6.5,7,5,8,5,0,10.17,1,0,0,0.0,0.66,-0.56,1.71,-1.14,13.86,1.0,0.83,Stable,Declining,Declining,0.473,47,MODERATE,Average duty hours | Leave gap | Mood decline | Consecutive work days | Sleep decline,17 | 9 | 8 | 7 | 6,Increasing | Increasing | Declining | Increasing | Declining,Workload review | Wellness check-in focused on sleep and recovery,Duty hours elevated relative to personal baseline | Sleep duration/quality declining from baseline,synthetic-model-v1,2026-02-20 03:00:00,0
P0099,2026-02-26,31,7,UNIT-04,Junior Officer,40,10.1,2.3,Night,1,7,4,1,2,Casual,1,7,Not Deployed,0,0,0,266,20.7,6.3,6,5,8,5,0,10.28,2,2,1,0.25,0.27,-0.69,1.5,-1.0,-15.88,0.88,1.32,Stable,Declining,Stable,0.548,55,HIGH,Average duty hours | Sleep decline | Mood decline | Night-duty frequency,21 | 14 | 12 | 9,Increasing | Declining | Declining | Increasing,Workload review | Wellness check-in focused on sleep and recovery,Duty hours elevated relative to personal baseline | Sleep duration/quality declining from baseline,synthetic-model-v1,2026-02-27 01:00:00,1
P0099,2026-03-05,31,7,UNIT-04,Junior Officer,40,10.8,3.0,Night,1,8,6,0,0,None,0,14,Not Deployed,0,0,0,273,16.7,6.8,5,4,9,5,0,10.42,3,2,1,0.25,0.94,-0.11,2.33,-1.89,-7.11,0.78,2.58,Declining,Declining,Stable,0.705,70,HIGH,Average duty hours | Mood decline | Night-duty frequency | Consecutive work days,29 | 18 | 14 | 10,Increasing | Declining | Increasing | Increasing,Workload review | Review night-duty schedule,Duty hours elevated relative to personal baseline | Frequent night shifts in the past 30 days,synthetic-model-v1,2026-03-06 02:00:00,0
P0100,2026-01-01,42,17,UNIT-09,Field Officer,55,9.2,1.6,Night,1,6,1,0,0,None,0,33,Not Deployed,0,0,0,589,13.8,6.1,7,6,5,5,0,9.2,1,0,0,0.0,0.0,0.0,0.0,0.0,0.0,0.0,0.0,Stable,Stable,Stable,0.447,45,MODERATE,Leave gap | Average duty hours | Sleep decline,20 | 14 | 10,Increasing | Increasing | Declining,Routine monitoring,No significant risk indicators detected this period,synthetic-model-v1,2026-01-02 04:00:00,0
P0100,2026-01-08,42,17,UNIT-09,Field Officer,55,8.9,0.2,Night,1,6,2,0,0,None,0,40,Not Deployed,0,0,0,596,12.6,7.2,7,7,5,3,0,9.05,2,0,0,0.0,-0.3,1.1,0.0,1.0,7.0,0.0,-1.7,Improving,Stable,Improving,0.415,42,MODERATE,Leave gap | Night-duty frequency | Average duty hours,26 | 10 | 5,Increasing | Increasing | Increasing,Consider leave/recovery review,Prolonged gap since last leave taken,synthetic-model-v1,2026-01-09 05:00:00,1
P0100,2026-01-15,42,17,UNIT-09,Field Officer,55,9.1,0.0,Night,1,5,3,0,0,None,0,47,Not Deployed,0,0,0,603,12.3,7.0,6,5,6,3,0,9.07,3,0,0,0.0,0.05,0.35,1.0,-1.5,10.5,0.0,-0.85,Stable,Declining,Improving,0.575,57,HIGH,Leave gap | Night-duty frequency | Mood decline | Average duty hours,25 | 14 | 14 | 6,Increasing | Increasing | Declining | Increasing,Review night-duty schedule | Consider leave/recovery review,Frequent night shifts in the past 30 days | Prolonged gap since last leave taken,synthetic-model-v1,2026-01-16 02:00:00,1
P0100,2026-01-22,42,17,UNIT-09,Field Officer,55,9.4,0.5,Night,1,4,5,0,0,None,0,54,Not Deployed,0,0,0,610,12.8,6.1,7,7,6,5,0,9.15,4,0,0,0.0,0.33,-0.67,0.67,1.0,14.0,0.0,0.23,Declining,Declining,Declining,0.525,52,MODERATE,Leave gap | Night-duty frequency | Sleep decline | Average duty hours,23 | 14 | 8 | 7,Increasing | Increasing | Declining | Increasing,Review night-duty schedule | Consider leave/recovery review | Wellness check-in focused on sleep and recovery,Frequent night shifts in the past 30 days | Prolonged gap since last leave taken | Sleep duration/quality declining from baseline,synthetic-model-v1,2026-01-23 02:00:00,1
P0100,2026-01-29,42,17,UNIT-09,Field Officer,55,8.9,0.2,Night,1,3,6,0,0,None,0,61,Not Deployed,0,0,0,617,9.0,5.9,6,5,7,6,0,9.07,4,0,0,0.0,-0.25,-0.7,1.5,-1.25,17.5,0.0,-0.62,Declining,Declining,Declining,0.641,64,HIGH,Leave gap | Night-duty frequency | Sleep decline | Mood decline | Fatigue level,28 | 14 | 9 | 8 | 5,Increasing | Increasing | Declining | Declining | Increasing,Review night-duty schedule | Consider leave/recovery review | Wellness check-in focused on sleep and recovery,Frequent night shifts in the past 30 days | Prolonged gap since last leave taken | Sleep duration/quality declining from baseline,synthetic-model-v1,2026-01-30 04:00:00,1
P0100,2026-02-05,42,17,UNIT-09,Field Officer,55,9.1,0.3,Night,1,2,7,0,0,None,0,68,Not Deployed,0,0,0,624,9.3,6.2,5,5,8,5,0,9.12,4,0,0,0.0,0.0,-0.26,2.2,-1.0,21.0,0.0,-0.2,Declining,Declining,Stable,0.529,53,MODERATE,Leave gap | Night-duty frequency | Mood decline | Sleep decline | Average duty hours,29 | 12 | 5 | 3 | 3,Increasing | Increasing | Declining | Declining | Increasing,Review night-duty schedule | Consider leave/recovery review,Frequent night shifts in the past 30 days | Prolonged gap since last leave taken,synthetic-model-v1,2026-02-06 05:00:00,1
P0100,2026-02-12,42,17,UNIT-09,Field Officer,55,11.4,3.3,Day,0,2,0,1,2,Earned,0,75,Not Deployed,0,0,0,631,12.8,6.1,5,5,8,5,0,9.7,3,2,1,0.25,2.3,-0.32,1.83,-0.83,24.5,-1.0,5.13,Stable,Declining,Stable,0.726,73,HIGH,Leave gap | Average duty hours | Night-duty frequency | Mood decline | Sleep decline,29 | 26 | 9 | 5 | 4,Increasing | Increasing | Increasing | Declining | Declining,Workload review | Review night-duty schedule | Consider leave/recovery review | Wellness check-in focused on sleep and recovery,Duty hours elevated relative to personal baseline | Frequent night shifts in the past 30 days | Prolonged gap since last leave taken | Sleep duration/quality declining from baseline,synthetic-model-v1,2026-02-13 02:00:00,1
P0100,2026-02-19,42,17,UNIT-09,Field Officer,55,11.8,2.9,Day,0,3,0,0,0,None,0,82,Not Deployed,0,0,0,638,12.1,6.0,4,4,9,5,0,10.3,2,2,1,0.25,2.37,-0.37,2.57,-1.71,28.0,-0.86,4.4,Declining,Declining,Stable,0.743,74,HIGH,Leave gap | Average duty hours | Mood decline | Sleep decline | Night-duty frequency,30 | 26 | 9 | 5 | 4,Increasing | Increasing | Declining | Declining | Increasing,Workload review | Consider leave/recovery review | Wellness check-in focused on sleep and recovery,Duty hours elevated relative to personal baseline | Prolonged gap since last leave taken | Sleep duration/quality declining from baseline,synthetic-model-v1,2026-02-20 05:00:00,1
P0100,2026-02-26,42,17,UNIT-09,Field Officer,55,8.1,0.8,Day,0,4,0,0,0,None,0,89,Not Deployed,0,0,0,645,17.2,6.7,4,5,10,6,1,10.1,1,2,1,0.25,-1.63,0.38,3.25,-0.5,31.5,-0.75,-1.95,Declining,Declining,Improving,0.799,80,CRITICAL,Leave gap | Fatigue level | Mood decline,67 | 7 | 5,Increasing | Increasing | Declining,Consider leave/recovery review | Prioritize welfare officer follow-up,Prolonged gap since last leave taken | Person actively requested help,synthetic-model-v1,2026-02-27 02:00:00,0
P0100,2026-03-05,42,17,UNIT-09,Field Officer,55,7.4,0.8,Day,0,5,0,0,0,None,0,96,Not Deployed,0,0,0,652,16.6,6.6,3,4,10,6,0,9.68,0,2,1,0.25,-2.14,0.23,2.89,-1.44,35.0,-0.67,-2.43,Declining,Declining,Improving,0.653,65,HIGH,Leave gap | Mood decline | Fatigue level,51 | 10 | 5,Increasing | Declining | Increasing,Consider leave/recovery review,Prolonged gap since last leave taken,synthetic-model-v1,2026-03-06 04:00:00,1
