id,pseudonymous_id,record_date,shift_type,duty_hours
1c7d047e-1c30-46e8-a96b-74ef935b88da,a789808b-9d6e-4182-8b54-ba7064f7ac61,2026-01-01,night,10.5
931edafb-16f5-46c4-a495-0d48b00de877,a789808b-9d6e-4182-8b54-ba7064f7ac61,2026-01-02,extended,15.3
30985103-7775-4158-bd8e-6dd61ac2af00,a789808b-9d6e-4182-8b54-ba7064f7ac61,2026-01-04,day,8.5
1336f3e0-d288-4c8a-9631-2216802be85b,a789808b-9d6e-4182-8b54-ba7064f7ac61,2026-01-05,day,8.0
a1c5010e-4f4e-4ba8-8cff-611f12c1b3ee,a789808b-9d6e-4182-8b54-ba7064f7ac61,2026-01-06,day,8.0
597cb2ce-b923-451d-8ce7-7bb691c4661b,a789808b-9d6e-4182-8b54-ba7064f7ac61,2026-01-07,day,9.0
1162f304-bee6-44e9-ae5b-2b5d23a4e8c8,a789808b-9d6e-4182-8b54-ba7064f7ac61,2026-01-08,night,11.0
6f8cdf68-fd5b-437b-81df-d5aa0bb1aa7e,a789808b-9d6e-4182-8b54-ba7064f7ac61,2026-01-09,day,8.0
2c3e2b8d-82cd-474d-89d0-d80b1f1aee12,a789808b-9d6e-4182-8b54-ba7064f7ac61,2026-01-10,day,8.5
d24386d1-10a5-4db1-ab34-74deef6c135b,a789808b-9d6e-4182-8b54-ba7064f7ac61,2026-01-12,day,8.0
fa74ce38-ba25-4740-89f0-dd0264f1d6e6,a789808b-9d6e-4182-8b54-ba7064f7ac61,2026-01-13,day,8.5
aa807244-9ea1-468a-ad02-808144890b88,a789808b-9d6e-4182-8b54-ba7064f7ac61,2026-01-14,day,8.0
66d21b07-7dce-4c72-a71e-3e9f385d1508,a789808b-9d6e-4182-8b54-ba7064f7ac61,2026-01-15,day,8.0
68375abe-d5e0-4d81-871e-204d62271aaa,a789808b-9d6e-4182-8b54-ba7064f7ac61,2026-01-16,day,8.0
8d81cc94-b6f7-4f50-834c-11f2189f962b,a789808b-9d6e-4182-8b54-ba7064f7ac61,2026-01-17,night,10.5
35822ed9-65d5-433c-8f4f-78a66c5a5d67,a789808b-9d6e-4182-8b54-ba7064f7ac61,2026-01-19,day,8.0
163d4452-6d82-4e88-9dad-c0e5cdaaa2bb,a789808b-9d6e-4182-8b54-ba7064f7ac61,2026-01-20,day,8.0
bbf15098-8ddd-4baf-952f-86c53922bcf0,a789808b-9d6e-4182-8b54-ba7064f7ac61,2026-01-21,day,8.0
c7fe547a-0ddb-4c84-979f-c87c6a1fb0da,a789808b-9d6e-4182-8b54-ba7064f7ac61,2026-01-22,day,8.0
f6ae5e5d-1c6b-41fb-9ed2-35110e1ad40e,a789808b-9d6e-4182-8b54-ba7064f7ac61,2026-01-23,extended,14.8
e2dfd050-18b1-4a50-8d33-7b4266e024aa,a789808b-9d6e-4182-8b54-ba7064f7ac61,2026-01-24,night,10.0
d5317ce0-60ba-4175-8fc1-43bad197940e,a789808b-9d6e-4182-8b54-ba7064f7ac61,2026-01-25,day,8.0
7ac1f5f1-cb9c-4e10-a0c9-a71c4e57564e,a789808b-9d6e-4182-8b54-ba7064f7ac61,2026-01-26,day,9.0
13037241-7d2d-4df3-b159-9c073348d449,a789808b-9d6e-4182-8b54-ba7064f7ac61,2026-01-27,day,8.5
9c959b39-0c8a-494b-a11b-64eccea8c996,a789808b-9d6e-4182-8b54-ba7064f7ac61,2026-01-28,day,8.0
b910a98f-7f3b-43a0-8776-b2c8238fd7b8,a789808b-9d6e-4182-8b54-ba7064f7ac61,2026-01-29,day,8.0
8a7a3cc5-c962-4c85-9629-b3ca44ae77e0,a789808b-9d6e-4182-8b54-ba7064f7ac61,2026-01-30,day,9.0
e05879d5-ccef-4ac8-bbb9-7b00dd9783ad,a789808b-9d6e-4182-8b54-ba7064f7ac61,2026-02-01,extended,14.3
bb78517b-ac9f-4de4-85da-a4166db92999,a789808b-9d6e-4182-8b54-ba7064f7ac61,2026-02-02,day,8.0
b41e3e64-7c39-4635-a37b-2c2b7599ea99,a789808b-9d6e-4182-8b54-ba7064f7ac61,2026-02-03,day,8.0
23d22e99-bf6d-46e3-bbac-92f1f4695dc3,a789808b-9d6e-4182-8b54-ba7064f7ac61,2026-02-04,day,8.0
cc077f9d-12c7-4fd0-8f17-e2617eb7b734,a789808b-9d6e-4182-8b54-ba7064f7ac61,2026-02-05,day,8.0
e8f7b238-9a56-4144-aedb-222ace963118,a789808b-9d6e-4182-8b54-ba7064f7ac61,2026-02-06,day,8.5
dcbe8c92-90c1-4bbb-b201-049a7b36eb42,a789808b-9d6e-4182-8b54-ba7064f7ac61,2026-02-09,day,8.0
f2743175-2ed0-4eec-b4f0-eb6017ad5d07,a789808b-9d6e-4182-8b54-ba7064f7ac61,2026-02-10,night,11.0
72582523-5ce9-453f-a88f-bf8a925c7e13,a789808b-9d6e-4182-8b54-ba7064f7ac61,2026-02-11,day,8.0
486d1d2d-0c39-4aa5-bd2f-0eafc9c344fa,a789808b-9d6e-4182-8b54-ba7064f7ac61,2026-02-12,day,8.0
c3aef008-f8f8-4426-9e37-3861217aa92d,a789808b-9d6e-4182-8b54-ba7064f7ac61,2026-02-13,night,10.5
992b7c4a-f18d-4e0f-ac67-715e908f8782,a789808b-9d6e-4182-8b54-ba7064f7ac61,2026-02-16,night,10.5
9196b605-b1dc-4236-8d3d-6de1b1e87eb2,a789808b-9d6e-4182-8b54-ba7064f7ac61,2026-02-17,night,10.0
e454ddfb-f4d4-4ff3-8fb7-cf8bd2a564b4,a789808b-9d6e-4182-8b54-ba7064f7ac61,2026-02-18,day,9.0
ee63b4ae-76ab-4667-adad-3d14af59622a,a789808b-9d6e-4182-8b54-ba7064f7ac61,2026-02-19,day,9.0
e4488674-5042-432e-9ac3-d1e369bf7c6b,a789808b-9d6e-4182-8b54-ba7064f7ac61,2026-02-20,night,12.0
73c6a4fb-c09a-4263-9b22-73446112ec32,a789808b-9d6e-4182-8b54-ba7064f7ac61,2026-02-22,day,8.5
29d4426d-5d2e-41b9-95d0-5e5617de8e3e,a789808b-9d6e-4182-8b54-ba7064f7ac61,2026-02-23,day,8.0
0550853a-d57f-4184-a47d-66465d19c0ac,a789808b-9d6e-4182-8b54-ba7064f7ac61,2026-02-24,night,10.5
d94f0366-d4b3-43af-aeb3-7d49dc403066,a789808b-9d6e-4182-8b54-ba7064f7ac61,2026-02-25,day,8.0
f01861de-7991-41fa-8c13-de8252781aea,a789808b-9d6e-4182-8b54-ba7064f7ac61,2026-02-26,day,9.0
5cc71eb5-b6b7-4032-9f98-93221a8ad968,a789808b-9d6e-4182-8b54-ba7064f7ac61,2026-02-27,day,8.0
8a741e29-1e8c-41a5-93e9-97bb97fe238e,a789808b-9d6e-4182-8b54-ba7064f7ac61,2026-02-28,day,9.0
93f0e7f3-9556-4c41-a898-13a6340b88bf,a789808b-9d6e-4182-8b54-ba7064f7ac61,2026-03-02,day,8.0
d481afa9-e495-4417-9a76-64e5313f68c8,a789808b-9d6e-4182-8b54-ba7064f7ac61,2026-03-03,day,8.0
856e16ed-f53e-494c-ba57-a6f64fe03060,a789808b-9d6e-4182-8b54-ba7064f7ac61,2026-03-04,day,8.0
94e842ae-51f4-4037-a0b8-dc19b486e0b9,a789808b-9d6e-4182-8b54-ba7064f7ac61,2026-03-05,day,8.0
95356334-91a3-48a3-aa02-c6c4ed7f08ae,a789808b-9d6e-4182-8b54-ba7064f7ac61,2026-03-06,night,10.0
54c9999d-1bcf-44b8-a627-da52104a0ea3,a789808b-9d6e-4182-8b54-ba7064f7ac61,2026-03-07,night,10.0
94b50d7b-3607-4708-b80e-ef2a8c2567f6,a789808b-9d6e-4182-8b54-ba7064f7ac61,2026-03-08,day,8.0
643f7008-0c1c-492a-adf1-6beece64b9cb,a789808b-9d6e-4182-8b54-ba7064f7ac61,2026-03-09,day,8.0
e75ed6d2-2ee4-40f1-88ab-1c0af70adac6,a789808b-9d6e-4182-8b54-ba7064f7ac61,2026-03-10,day,8.0
a33844a2-42b6-46e6-aa12-625cc261044c,a789808b-9d6e-4182-8b54-ba7064f7ac61,2026-03-11,night,11.0
921f6d2a-4022-4e59-bbb6-25de1d447845,a789808b-9d6e-4182-8b54-ba7064f7ac61,2026-03-12,day,8.0
495559cd-74d6-4714-b923-514b7d838490,a789808b-9d6e-4182-8b54-ba7064f7ac61,2026-03-13,day,8.0
6c29014a-20df-47c1-af6f-353ad5c675b5,a789808b-9d6e-4182-8b54-ba7064f7ac61,2026-03-14,extended,13.0
211e0d38-b387-4dd2-bd75-987cda687003,a789808b-9d6e-4182-8b54-ba7064f7ac61,2026-03-16,night,11.0
b5b3c3d7-2ecc-4ea2-a338-b000ebac538d,a789808b-9d6e-4182-8b54-ba7064f7ac61,2026-03-17,day,8.0
5ae07f42-5579-4651-a21a-a2100e32e8d6,a789808b-9d6e-4182-8b54-ba7064f7ac61,2026-03-18,day,8.0
c976c5b7-08ae-4ea1-b68a-82351b2bd27d,a789808b-9d6e-4182-8b54-ba7064f7ac61,2026-03-19,day,8.0
d0c5a618-930f-4deb-bae3-049ac6ec3a8a,a789808b-9d6e-4182-8b54-ba7064f7ac61,2026-03-20,day,8.0
c0e6f6b4-8331-4c16-a022-04d5d30b599b,a789808b-9d6e-4182-8b54-ba7064f7ac61,2026-03-21,day,9.0
a2e7b06f-4c78-4e85-99ae-e3274181e2a5,a789808b-9d6e-4182-8b54-ba7064f7ac61,2026-03-23,day,9.0
1f3384b1-6b83-412c-8397-ed8ab3a22f6d,a789808b-9d6e-4182-8b54-ba7064f7ac61,2026-03-24,day,8.5
81c19480-ecdf-474b-8d5a-70aea0309958,a789808b-9d6e-4182-8b54-ba7064f7ac61,2026-03-25,day,8.5
1e2c47d8-2bda-4d9b-b863-7d41cea38282,a789808b-9d6e-4182-8b54-ba7064f7ac61,2026-03-26,day,8.5
cb897c20-9794-415e-bc60-db16ce226767,a789808b-9d6e-4182-8b54-ba7064f7ac61,2026-03-27,day,9.5
e35ae407-4af6-411e-9b50-06c36eb4a31e,a789808b-9d6e-4182-8b54-ba7064f7ac61,2026-03-30,extended,13.2
35143a98-5994-456c-a641-8eedc13e11de,a789808b-9d6e-4182-8b54-ba7064f7ac61,2026-03-31,day,8.0
4bb966c2-3fec-4c2a-b734-f28157450327,a789808b-9d6e-4182-8b54-ba7064f7ac61,2026-04-01,day,8.0
0e618ed8-1664-47ad-ba82-8b935767b3bc,a789808b-9d6e-4182-8b54-ba7064f7ac61,2026-04-02,day,8.0
c81c673a-3533-4054-8cae-f5babe9cd084,a789808b-9d6e-4182-8b54-ba7064f7ac61,2026-04-03,day,8.0
be1f0198-a88d-4b12-8d16-f34d8ad1aaed,a789808b-9d6e-4182-8b54-ba7064f7ac61,2026-04-06,day,9.0
02e45756-7446-42d1-8894-70171fdff417,a789808b-9d6e-4182-8b54-ba7064f7ac61,2026-04-07,day,8.0
46501efa-9b27-4fa7-9f1a-8ff17a29e75c,a789808b-9d6e-4182-8b54-ba7064f7ac61,2026-04-08,extended,13.7
0fa571f0-e50a-4576-8379-2074579db5bd,a789808b-9d6e-4182-8b54-ba7064f7ac61,2026-04-09,day,9.0
5bd9e6f0-456a-4d67-8957-1ef99fe456a5,a789808b-9d6e-4182-8b54-ba7064f7ac61,2026-04-10,day,9.5
26e11352-66e4-4a64-8cc1-1df5be2675ed,a789808b-9d6e-4182-8b54-ba7064f7ac61,2026-04-13,day,8.0
ee0f830a-4e0b-4d06-a6eb-2d52287dfa89,a789808b-9d6e-4182-8b54-ba7064f7ac61,2026-04-14,day,8.0
a0246292-77f3-49d7-83d1-6ad843ff0daa,a789808b-9d6e-4182-8b54-ba7064f7ac61,2026-04-15,day,8.0
9b34267b-2355-4ad2-b587-270e72f783b3,a789808b-9d6e-4182-8b54-ba7064f7ac61,2026-04-16,night,10.0
b0b7b326-a9b8-408c-a7ad-4ff0693689f4,a789808b-9d6e-4182-8b54-ba7064f7ac61,2026-04-17,day,9.0
38256666-8778-4d4a-9a0f-86049ce9347c,a789808b-9d6e-4182-8b54-ba7064f7ac61,2026-04-18,night,10.0
632656e2-fe3a-484f-adf7-f703de0663fd,a789808b-9d6e-4182-8b54-ba7064f7ac61,2026-04-19,day,9.0
3e2d9001-a310-4f57-9732-dbadb232e477,a789808b-9d6e-4182-8b54-ba7064f7ac61,2026-04-20,day,8.0
fe64ef38-c7d0-47fd-b543-d256e08c5ed0,a789808b-9d6e-4182-8b54-ba7064f7ac61,2026-04-21,day,9.0
c626d396-57c3-4a74-a18f-86e2ec0be744,a789808b-9d6e-4182-8b54-ba7064f7ac61,2026-04-22,extended,14.8
5f4466c2-610a-4f04-94b8-7e20d825f2ef,a789808b-9d6e-4182-8b54-ba7064f7ac61,2026-04-23,day,8.0
a2698077-2eac-4b6f-9f3b-b2fa3773169c,a789808b-9d6e-4182-8b54-ba7064f7ac61,2026-04-24,night,10.0
afaf616d-2ba8-4197-9594-c518ead5746d,a789808b-9d6e-4182-8b54-ba7064f7ac61,2026-04-26,extended,14.5
3951faad-247a-4b89-8750-e8ea79f8fdd9,a789808b-9d6e-4182-8b54-ba7064f7ac61,2026-04-27,day,9.0
eaff2193-3376-4527-bb95-3c5bfe07cb12,a789808b-9d6e-4182-8b54-ba7064f7ac61,2026-04-28,day,8.0
4322cc64-8b08-4a8e-bbc2-459dc981aa2c,a789808b-9d6e-4182-8b54-ba7064f7ac61,2026-04-29,night,10.5
df205755-4229-4fb3-9b8d-f0a7db72ee25,a789808b-9d6e-4182-8b54-ba7064f7ac61,2026-04-30,extended,13.5
7728da50-7552-4d5a-980b-7f95f1cf2949,a789808b-9d6e-4182-8b54-ba7064f7ac61,2026-05-01,day,9.0
a81312d3-f52a-4de8-8d8c-8ee46275fcc4,a789808b-9d6e-4182-8b54-ba7064f7ac61,2026-05-02,day,8.0
b1b87abd-8518-4108-8bcf-a4e04c4c8c16,a789808b-9d6e-4182-8b54-ba7064f7ac61,2026-05-03,day,8.5
1ef5e8a6-1740-4127-bd69-e2d84f7bf18c,a789808b-9d6e-4182-8b54-ba7064f7ac61,2026-05-04,day,8.0
a0ce6c01-75f6-437f-948b-6f22cc4a72ca,a789808b-9d6e-4182-8b54-ba7064f7ac61,2026-05-05,day,8.0
9a84dcd9-d51f-4ad3-9c13-0f1b9722bead,a789808b-9d6e-4182-8b54-ba7064f7ac61,2026-05-06,day,8.0
9aff51df-8429-4891-8024-5fa9bf586992,a789808b-9d6e-4182-8b54-ba7064f7ac61,2026-05-07,day,8.0
8bcf23b3-6a5c-4ec9-9e92-e4e5e6bed535,a789808b-9d6e-4182-8b54-ba7064f7ac61,2026-05-08,day,8.5
56d07e84-89f2-4a45-ac66-8396dd94b780,a789808b-9d6e-4182-8b54-ba7064f7ac61,2026-05-11,extended,14.2
c0565473-faaf-4714-9753-f2d9b321d2f1,a789808b-9d6e-4182-8b54-ba7064f7ac61,2026-05-12,day,9.0
1fa0622d-efde-458c-94d0-08d24ad2dff8,a789808b-9d6e-4182-8b54-ba7064f7ac61,2026-05-13,day,8.0
730c424c-762a-49d4-8318-3407edc0c9a8,a789808b-9d6e-4182-8b54-ba7064f7ac61,2026-05-14,day,8.5
3a418343-36a1-4ad3-b406-c744c9b68af3,a789808b-9d6e-4182-8b54-ba7064f7ac61,2026-05-15,night,10.0
ab31eb5d-33ed-402d-b30a-b4f44447dd8f,a789808b-9d6e-4182-8b54-ba7064f7ac61,2026-05-16,day,9.5
d4a114ab-4b51-4d8f-9188-36b8f130ed54,a789808b-9d6e-4182-8b54-ba7064f7ac61,2026-05-18,day,8.5
3fc4664b-82cd-469a-a7c3-4d640571a3ed,a789808b-9d6e-4182-8b54-ba7064f7ac61,2026-05-19,day,8.0
93eec023-18a6-443a-808b-753faf682022,a789808b-9d6e-4182-8b54-ba7064f7ac61,2026-05-20,day,9.0
04528231-fe97-44e0-ad35-d05893650b9d,a789808b-9d6e-4182-8b54-ba7064f7ac61,2026-05-21,night,12.0
93859626-f45d-45ea-8fa0-f4116a4d27e4,a789808b-9d6e-4182-8b54-ba7064f7ac61,2026-05-22,day,8.0
bffb46c7-8bc7-49f0-94aa-6e09b3d2f125,a789808b-9d6e-4182-8b54-ba7064f7ac61,2026-05-25,day,9.0
139b5b94-04ac-49ba-913c-a07be2642070,a789808b-9d6e-4182-8b54-ba7064f7ac61,2026-05-26,day,8.0
c8ea8e4a-7ec3-449d-a394-67a110f654ea,a789808b-9d6e-4182-8b54-ba7064f7ac61,2026-05-27,day,8.0
ede061b3-f93a-42f4-ac4b-5ec0ba39046b,a789808b-9d6e-4182-8b54-ba7064f7ac61,2026-05-28,day,8.5
db3077ca-2c69-488c-ae66-54be56bb93d8,a789808b-9d6e-4182-8b54-ba7064f7ac61,2026-05-29,day,8.0
ea907644-576f-4e5a-abc4-8d3f22268584,a789808b-9d6e-4182-8b54-ba7064f7ac61,2026-05-30,night,11.0
904946a1-2287-4148-af2b-7f8e40ab5ff6,a789808b-9d6e-4182-8b54-ba7064f7ac61,2026-06-01,night,10.0
74c1cabf-a5b5-45f1-8df9-2f0a8aff039b,a789808b-9d6e-4182-8b54-ba7064f7ac61,2026-06-02,extended,14.5
3c7e92e6-fcb1-41d6-b093-812d12c3821d,a789808b-9d6e-4182-8b54-ba7064f7ac61,2026-06-03,day,8.0
1225f7be-4b96-40e1-b0a9-24e524745ff3,a789808b-9d6e-4182-8b54-ba7064f7ac61,2026-06-04,day,8.0
34cb3265-c321-4922-83e2-ddcd838cb5e0,a789808b-9d6e-4182-8b54-ba7064f7ac61,2026-06-05,night,10.5
eb1fa7aa-b102-4141-83c9-4453aaaefc15,a789808b-9d6e-4182-8b54-ba7064f7ac61,2026-06-08,extended,14.7
bc66d6c8-e218-456d-8c82-c7452b16d7c8,a789808b-9d6e-4182-8b54-ba7064f7ac61,2026-06-09,night,10.0
9ea5f99d-7586-4241-bfb0-4955cd9e030f,a789808b-9d6e-4182-8b54-ba7064f7ac61,2026-06-10,day,8.5
d4638dc2-77e8-4274-840a-3802580b8187,a789808b-9d6e-4182-8b54-ba7064f7ac61,2026-06-11,day,8.5
baeeefba-4e9c-4981-a91c-3f6d43a36dca,a789808b-9d6e-4182-8b54-ba7064f7ac61,2026-06-12,day,8.0
af0b2a67-f761-413d-973a-f7dd839980f3,a789808b-9d6e-4182-8b54-ba7064f7ac61,2026-06-15,night,10.0
55ea16cc-044c-4c25-a66b-eb8e2b3a997a,a789808b-9d6e-4182-8b54-ba7064f7ac61,2026-06-16,extended,14.9
6acc92c8-8dbb-4a42-9eac-91f9d2e50ca2,a789808b-9d6e-4182-8b54-ba7064f7ac61,2026-06-17,day,8.0
0d6c1c06-d2e4-448c-9df0-87ec71b0a3ab,a789808b-9d6e-4182-8b54-ba7064f7ac61,2026-06-18,night,11.0
a704b25d-044c-447e-9961-37071485746e,a789808b-9d6e-4182-8b54-ba7064f7ac61,2026-06-19,day,8.0
e3eb37cd-1c8f-48c7-9eb4-22cd9f97b44f,a789808b-9d6e-4182-8b54-ba7064f7ac61,2026-06-22,night,10.0
07041ae4-b63f-48be-87c1-6f0f1a7940cd,a789808b-9d6e-4182-8b54-ba7064f7ac61,2026-06-23,day,8.0
1fad94a8-57c6-46a8-8e84-4941fd54343a,a789808b-9d6e-4182-8b54-ba7064f7ac61,2026-06-24,night,10.0
98ae6f5c-0d1d-45d3-b944-fc1664b33ba8,a789808b-9d6e-4182-8b54-ba7064f7ac61,2026-06-25,day,9.0
34ec677a-88a0-4e9a-bf87-5084b0e8a694,a789808b-9d6e-4182-8b54-ba7064f7ac61,2026-06-26,day,8.5
65142930-db8d-4f27-be78-8fbde6bc1fc1,a789808b-9d6e-4182-8b54-ba7064f7ac61,2026-06-29,day,8.0
c13ae364-85d3-429c-bece-3baf3d8e452d,72e0f47d-0ed0-409a-9bbb-0564203ceda6,2026-01-01,night,10.0
973c6ae0-c5bf-4b77-944f-b288e98d2751,72e0f47d-0ed0-409a-9bbb-0564203ceda6,2026-01-02,day,8.0
7b73af50-f5d6-4e02-8f69-7e91f0d8f4aa,72e0f47d-0ed0-409a-9bbb-0564203ceda6,2026-01-03,day,8.0
022e498b-3b33-4d33-b11e-935d6d0e90e7,72e0f47d-0ed0-409a-9bbb-0564203ceda6,2026-01-05,day,9.0
0d55567a-400d-44b7-ab5e-69143da5753d,72e0f47d-0ed0-409a-9bbb-0564203ceda6,2026-01-06,night,10.5
5ef3c343-f4d8-44c0-8ada-e546b3ce8965,72e0f47d-0ed0-409a-9bbb-0564203ceda6,2026-01-07,day,8.0
cddd8a54-8bcc-4349-a5ae-3e91c4512789,72e0f47d-0ed0-409a-9bbb-0564203ceda6,2026-01-08,day,9.0
e5bb7fc3-a17a-40e0-9da2-ffb43b3ae77c,72e0f47d-0ed0-409a-9bbb-0564203ceda6,2026-01-09,night,11.0
5f4e40c4-58ef-4e57-a1ca-3210636c184d,72e0f47d-0ed0-409a-9bbb-0564203ceda6,2026-01-12,night,12.0
41db00a9-a3f8-48c6-ae1d-fd6a262819df,72e0f47d-0ed0-409a-9bbb-0564203ceda6,2026-01-13,day,8.0
dfe7113d-9264-44ad-a214-f1a4f8d98a94,72e0f47d-0ed0-409a-9bbb-0564203ceda6,2026-01-14,day,8.0
6da79c8b-3e31-42b3-b34f-655183eecacd,72e0f47d-0ed0-409a-9bbb-0564203ceda6,2026-01-15,day,8.0
d0438897-a02e-4118-8dce-0dbac4c9f305,72e0f47d-0ed0-409a-9bbb-0564203ceda6,2026-01-16,day,8.0
81db3866-bd8b-4cca-ba75-569e311929be,72e0f47d-0ed0-409a-9bbb-0564203ceda6,2026-01-17,day,8.0
438937a5-5b68-4b03-86f6-5bd7215b85c3,72e0f47d-0ed0-409a-9bbb-0564203ceda6,2026-01-19,day,8.0
f1618b8f-ba7d-481e-b72b-e5f5cf53d759,72e0f47d-0ed0-409a-9bbb-0564203ceda6,2026-01-20,night,10.0
9c8d448a-ccb2-4ac6-8847-3b9375cd6407,72e0f47d-0ed0-409a-9bbb-0564203ceda6,2026-01-21,day,8.0
fe91422f-e840-457d-940f-ed34565ee705,72e0f47d-0ed0-409a-9bbb-0564203ceda6,2026-01-22,day,8.0
0b3d3d89-d79d-408a-814f-5ccb20fc8796,72e0f47d-0ed0-409a-9bbb-0564203ceda6,2026-01-23,day,8.0
53391701-6568-4706-9179-f8574c07b891,72e0f47d-0ed0-409a-9bbb-0564203ceda6,2026-01-24,day,8.5
5699d3e0-9726-4588-aa87-fd9e36cf9483,72e0f47d-0ed0-409a-9bbb-0564203ceda6,2026-01-25,extended,13.0
92329ad0-1387-49e7-b704-b19bfe1abe2b,72e0f47d-0ed0-409a-9bbb-0564203ceda6,2026-01-26,day,8.5
857a1934-b0f0-455b-9075-2d5c08f47a81,72e0f47d-0ed0-409a-9bbb-0564203ceda6,2026-01-27,day,9.0
d72d649d-4d6f-48f8-8dbd-c4c7a17411ee,72e0f47d-0ed0-409a-9bbb-0564203ceda6,2026-01-28,day,8.0
006603fe-9969-4f84-be29-7e6d17f7bd8a,72e0f47d-0ed0-409a-9bbb-0564203ceda6,2026-01-29,day,9.0
8ba1e8b4-8001-4c1d-99ad-ceee332d3d1f,72e0f47d-0ed0-409a-9bbb-0564203ceda6,2026-01-30,extended,13.7
1d53617a-612a-47ce-b2fb-747359b0d931,72e0f47d-0ed0-409a-9bbb-0564203ceda6,2026-02-01,day,8.0
f9a41b21-7dec-44c1-b6ce-8d2794d9db69,72e0f47d-0ed0-409a-9bbb-0564203ceda6,2026-02-02,day,8.0
a2b51c68-90e2-4d51-a788-1d596a1a5573,72e0f47d-0ed0-409a-9bbb-0564203ceda6,2026-02-03,day,8.5
cfb46e1c-314b-4a56-a128-bf5b6f4a956b,72e0f47d-0ed0-409a-9bbb-0564203ceda6,2026-02-04,extended,14.1
14ca5a2a-9e00-4c0a-8bfb-a6799b4d1cf8,72e0f47d-0ed0-409a-9bbb-0564203ceda6,2026-02-05,day,8.0
e2628206-10ab-4440-a61d-df828437f1e7,72e0f47d-0ed0-409a-9bbb-0564203ceda6,2026-02-06,day,8.0
da96b967-cf89-4595-827e-fa8fe8021398,72e0f47d-0ed0-409a-9bbb-0564203ceda6,2026-02-09,night,10.5
b82f09fd-2db1-48cb-b5c2-33bb13a998a9,72e0f47d-0ed0-409a-9bbb-0564203ceda6,2026-02-10,day,8.0
aec298e6-47a5-4741-89e9-6ca54097b757,72e0f47d-0ed0-409a-9bbb-0564203ceda6,2026-02-11,night,10.0
52edc63e-3d47-4d14-ac29-47f9d9a77eb3,72e0f47d-0ed0-409a-9bbb-0564203ceda6,2026-02-12,night,10.0
688969e2-3254-4691-8df8-e2d1c1f6c2d0,72e0f47d-0ed0-409a-9bbb-0564203ceda6,2026-02-13,day,8.5
528bd986-c093-4733-b51f-8a343ea3827e,72e0f47d-0ed0-409a-9bbb-0564203ceda6,2026-02-14,night,12.0
bb9fbb23-e932-4b00-8da8-41c9cece850f,72e0f47d-0ed0-409a-9bbb-0564203ceda6,2026-02-15,day,8.5
74cf64b4-8a3e-460f-8cc2-cb0537e770b7,72e0f47d-0ed0-409a-9bbb-0564203ceda6,2026-02-16,day,9.0
dbc18e05-eec9-4cf8-a5b9-85f1acd65da7,72e0f47d-0ed0-409a-9bbb-0564203ceda6,2026-02-17,day,9.5
f46933d2-2fe8-4778-bb6a-49222291715e,72e0f47d-0ed0-409a-9bbb-0564203ceda6,2026-02-18,night,12.0
ddacf1f9-d001-4ca4-9a84-76ecdc842a64,72e0f47d-0ed0-409a-9bbb-0564203ceda6,2026-02-19,night,11.0
5ac24762-722f-416a-830b-e14d6868c2f5,72e0f47d-0ed0-409a-9bbb-0564203ceda6,2026-02-20,night,10.5
98e4a45d-d4c3-46dc-8c45-3af51a6178e3,72e0f47d-0ed0-409a-9bbb-0564203ceda6,2026-02-21,day,9.0
6446ff32-279f-4aee-99b5-6cbf304be567,72e0f47d-0ed0-409a-9bbb-0564203ceda6,2026-02-22,day,8.0
e98fc653-d516-430d-907c-752885ef5c69,72e0f47d-0ed0-409a-9bbb-0564203ceda6,2026-02-23,extended,14.0
cde2be3b-caaf-4509-b1f8-d868c4a1ae7c,72e0f47d-0ed0-409a-9bbb-0564203ceda6,2026-02-24,day,8.0
ca4f884b-7082-43db-80a3-ce0c0fb14e68,72e0f47d-0ed0-409a-9bbb-0564203ceda6,2026-02-25,day,8.5
10fd6ec3-3f4f-4e47-854d-62883d21a563,72e0f47d-0ed0-409a-9bbb-0564203ceda6,2026-02-26,day,8.0
7fd43aa9-c3b1-467c-b64c-23e056c59fd7,72e0f47d-0ed0-409a-9bbb-0564203ceda6,2026-02-27,day,8.5
bac62ba9-921e-4915-a442-56eb176786a7,72e0f47d-0ed0-409a-9bbb-0564203ceda6,2026-02-28,day,8.0
a909cbf1-1c11-43fd-95f6-533679aae4ea,72e0f47d-0ed0-409a-9bbb-0564203ceda6,2026-03-01,day,8.0
ae1b7d0a-b179-4963-abec-d60bcaae3ae0,72e0f47d-0ed0-409a-9bbb-0564203ceda6,2026-03-02,day,8.0
75e00d71-608f-40d9-8214-80b142b7de35,72e0f47d-0ed0-409a-9bbb-0564203ceda6,2026-03-03,extended,14.8
1d42e0c5-c162-4b08-a326-6850cd408132,72e0f47d-0ed0-409a-9bbb-0564203ceda6,2026-03-04,day,8.0
7a7194a0-5141-4ec7-9ea1-51008538720d,72e0f47d-0ed0-409a-9bbb-0564203ceda6,2026-03-05,extended,15.6
cb387805-026e-4e63-94a8-661d5cec1373,72e0f47d-0ed0-409a-9bbb-0564203ceda6,2026-03-06,day,8.0
98ef0805-e6a4-4867-9db4-60952d7443a3,72e0f47d-0ed0-409a-9bbb-0564203ceda6,2026-03-07,day,9.0
fb63c569-fa18-4dbc-b94f-cb7098c022f3,72e0f47d-0ed0-409a-9bbb-0564203ceda6,2026-03-08,day,8.0
6d02a0ab-f429-41ba-aeed-40753a3ba9c8,72e0f47d-0ed0-409a-9bbb-0564203ceda6,2026-03-09,day,8.5
8c4267f0-463e-4fc4-8241-b0b3e09b0c41,72e0f47d-0ed0-409a-9bbb-0564203ceda6,2026-03-10,day,8.5
157a28c6-991a-4850-be38-d6cc2d7d5be0,72e0f47d-0ed0-409a-9bbb-0564203ceda6,2026-03-11,extended,13.5
21966119-b5b6-4c71-9be3-b91d38c1cc4d,72e0f47d-0ed0-409a-9bbb-0564203ceda6,2026-03-12,day,9.0
caf1613b-5b28-4a55-b8fc-a07fea31ec83,72e0f47d-0ed0-409a-9bbb-0564203ceda6,2026-03-13,day,8.0
a893e8cd-e891-45cc-8e9f-153a083d033f,72e0f47d-0ed0-409a-9bbb-0564203ceda6,2026-03-14,extended,14.1
9a0c627c-b9fc-4e7c-a631-775c3ff52a9f,72e0f47d-0ed0-409a-9bbb-0564203ceda6,2026-03-15,day,8.0
59a62422-954f-415e-a5d6-d0ed679271e4,72e0f47d-0ed0-409a-9bbb-0564203ceda6,2026-03-16,night,10.5
ca83f210-02d0-4462-ba91-62e7b010ae35,72e0f47d-0ed0-409a-9bbb-0564203ceda6,2026-03-17,day,8.0
b8013579-601d-414e-9c37-429856abe506,72e0f47d-0ed0-409a-9bbb-0564203ceda6,2026-03-18,extended,14.3
0bfcf8ef-b198-470a-a2c1-5c5dec75ec38,72e0f47d-0ed0-409a-9bbb-0564203ceda6,2026-03-19,day,8.0
f64b25f3-4ea9-498a-832d-ca768ddd0ab5,72e0f47d-0ed0-409a-9bbb-0564203ceda6,2026-03-20,day,9.0
6883dc34-4a58-40bb-b689-d65b1079f6f1,72e0f47d-0ed0-409a-9bbb-0564203ceda6,2026-03-21,day,8.0
f6594e19-17f7-46bb-afb0-8bd3f65f87ac,72e0f47d-0ed0-409a-9bbb-0564203ceda6,2026-03-22,extended,15.1
7a81e1e6-df95-4865-b5df-a228b6d9489a,72e0f47d-0ed0-409a-9bbb-0564203ceda6,2026-03-23,day,9.0
201ee387-1c0e-4517-893c-621d771d7080,72e0f47d-0ed0-409a-9bbb-0564203ceda6,2026-03-24,day,8.5
bea1a83f-dd17-40b9-86fa-a2f8995c2e07,72e0f47d-0ed0-409a-9bbb-0564203ceda6,2026-03-25,night,10.0
b3174a97-4b21-4c6b-bfb7-56424067cde7,72e0f47d-0ed0-409a-9bbb-0564203ceda6,2026-03-26,day,8.0
11ed7da6-34e7-43ce-adda-1c6ddc2a7653,72e0f47d-0ed0-409a-9bbb-0564203ceda6,2026-03-27,day,8.0
0a1f8cb7-4f58-4f1d-9665-7e0501d06eed,72e0f47d-0ed0-409a-9bbb-0564203ceda6,2026-03-28,day,9.0
0efa02ce-68df-4c96-9b0b-6eb0235a2783,72e0f47d-0ed0-409a-9bbb-0564203ceda6,2026-03-29,day,8.0
fa0ad286-8729-4f1c-9cc9-4a428d98189d,72e0f47d-0ed0-409a-9bbb-0564203ceda6,2026-03-30,day,8.0
e1977c1e-a06c-4ceb-ad96-ddbdbc41f55a,72e0f47d-0ed0-409a-9bbb-0564203ceda6,2026-03-31,day,8.0
e88536c6-d070-4d60-8134-1c09bd5e6a68,72e0f47d-0ed0-409a-9bbb-0564203ceda6,2026-04-01,day,8.0
18d075dc-80c4-4e5b-b273-bd2cb78dd277,72e0f47d-0ed0-409a-9bbb-0564203ceda6,2026-04-02,night,10.0
92b23875-e1fb-4c3b-aa7c-98f11d1ca7f3,72e0f47d-0ed0-409a-9bbb-0564203ceda6,2026-04-03,day,9.0
d9e31a1b-a295-433d-8235-fe97dbee6f9c,72e0f47d-0ed0-409a-9bbb-0564203ceda6,2026-04-06,day,8.0
28ab250c-fd63-4e58-9547-857a8b5d1e9e,72e0f47d-0ed0-409a-9bbb-0564203ceda6,2026-04-07,day,8.5
3649b77d-9a6d-4049-8383-9e82caf50e3c,72e0f47d-0ed0-409a-9bbb-0564203ceda6,2026-04-08,day,8.5
0a5abc80-fae7-44b4-8a3f-29bdf86010f4,72e0f47d-0ed0-409a-9bbb-0564203ceda6,2026-04-09,day,8.0
b007d0c7-7dd3-4176-ac2e-91ade0acd2e3,72e0f47d-0ed0-409a-9bbb-0564203ceda6,2026-04-10,day,8.5
154f67f9-6262-4731-939c-8bd1ee454108,72e0f47d-0ed0-409a-9bbb-0564203ceda6,2026-04-12,extended,14.6
91c640f4-2b4f-4571-a8b5-636fa84ad8c0,72e0f47d-0ed0-409a-9bbb-0564203ceda6,2026-04-13,day,9.5
46e18282-7f41-444e-9d21-d9f40622414f,72e0f47d-0ed0-409a-9bbb-0564203ceda6,2026-04-14,day,8.0
7f080da1-be4b-4764-ad35-8511b29a0af7,72e0f47d-0ed0-409a-9bbb-0564203ceda6,2026-04-15,day,9.0
53ab59c9-b82a-4ce7-8fe4-2337cf3cdc83,72e0f47d-0ed0-409a-9bbb-0564203ceda6,2026-04-16,day,8.0
4788f440-022e-414c-a38e-8bb431627ee7,72e0f47d-0ed0-409a-9bbb-0564203ceda6,2026-04-17,day,9.0
366ceaaa-b4d0-4d02-8a94-81a4fb768245,72e0f47d-0ed0-409a-9bbb-0564203ceda6,2026-04-20,night,11.0
981b250e-0f77-4995-8b22-2abb627a413a,72e0f47d-0ed0-409a-9bbb-0564203ceda6,2026-04-21,day,8.5
524910cb-8ee3-4339-aacc-28255ef4bb5a,72e0f47d-0ed0-409a-9bbb-0564203ceda6,2026-04-22,day,8.0
da02be45-7949-46ff-9e88-9d56d3537571,72e0f47d-0ed0-409a-9bbb-0564203ceda6,2026-04-23,extended,13.5
1ce8261d-8a3a-4f85-8d20-d7ad3b984b0a,72e0f47d-0ed0-409a-9bbb-0564203ceda6,2026-04-24,night,11.0
07e8f101-1a93-4c05-a6e1-a45e880c70f7,72e0f47d-0ed0-409a-9bbb-0564203ceda6,2026-04-25,day,9.5
00f5a9c1-ddbf-41ff-8484-ea6040b25163,72e0f47d-0ed0-409a-9bbb-0564203ceda6,2026-04-26,day,9.0
a68c0ba0-45a3-496e-b114-7401b5660a15,72e0f47d-0ed0-409a-9bbb-0564203ceda6,2026-04-27,day,8.5
a6dbd064-77f7-40ab-83c8-423bc58065d4,72e0f47d-0ed0-409a-9bbb-0564203ceda6,2026-04-28,night,10.0
83dac401-8e00-4973-a3db-311fdebac6b7,72e0f47d-0ed0-409a-9bbb-0564203ceda6,2026-04-29,day,8.0
cb49718f-98f3-4d3f-b97c-de112a2a58c2,72e0f47d-0ed0-409a-9bbb-0564203ceda6,2026-04-30,night,12.0
56ec4c24-a7ba-49c6-a8ec-e576ed0a0502,72e0f47d-0ed0-409a-9bbb-0564203ceda6,2026-05-01,night,12.0
94d461ce-8501-4f01-848f-67d4fc83a478,72e0f47d-0ed0-409a-9bbb-0564203ceda6,2026-05-02,day,8.5
530bc432-86a4-4e1a-ad46-9edfc39f0113,72e0f47d-0ed0-409a-9bbb-0564203ceda6,2026-05-04,night,10.0
f77829e0-43d0-4f31-812d-94519b036f23,72e0f47d-0ed0-409a-9bbb-0564203ceda6,2026-05-05,night,10.0
a93b0372-85f5-425e-9341-d50d62011ec1,72e0f47d-0ed0-409a-9bbb-0564203ceda6,2026-05-06,extended,13.5
25a2c4ad-c2e8-44b1-85d1-47809e7e5900,72e0f47d-0ed0-409a-9bbb-0564203ceda6,2026-05-07,day,8.0
66f50acb-f85b-4151-b5b4-84e660d095c2,72e0f47d-0ed0-409a-9bbb-0564203ceda6,2026-05-08,night,10.0
028f1ca4-e70a-4be0-bef5-1ca1577c8d0f,72e0f47d-0ed0-409a-9bbb-0564203ceda6,2026-05-11,night,11.0
c68f4a98-ddf0-4acf-8678-3bfb4fb9f662,72e0f47d-0ed0-409a-9bbb-0564203ceda6,2026-05-12,day,8.0
91af6720-eb0f-4451-af5d-f2d36ef95c18,72e0f47d-0ed0-409a-9bbb-0564203ceda6,2026-05-13,night,10.5
3cf8a969-dd70-415d-ad24-be558ae07d57,72e0f47d-0ed0-409a-9bbb-0564203ceda6,2026-05-14,day,8.0
284d250b-cf58-4b72-ae0a-3d334a89a20f,72e0f47d-0ed0-409a-9bbb-0564203ceda6,2026-05-15,day,8.0
a866eb24-ec9e-4f5a-81b5-4a7216b60387,72e0f47d-0ed0-409a-9bbb-0564203ceda6,2026-05-16,day,9.5
1489c9b6-d158-4e7f-a9c8-de4ad391d6c7,72e0f47d-0ed0-409a-9bbb-0564203ceda6,2026-05-17,day,9.0
a699737f-f2ee-4dce-bce7-c16dd8d2a514,72e0f47d-0ed0-409a-9bbb-0564203ceda6,2026-05-18,day,8.0
8cad685f-6fe3-45c7-a33e-b3aee81ad51b,72e0f47d-0ed0-409a-9bbb-0564203ceda6,2026-05-19,night,10.5
e0b7c319-1f33-45de-90b8-99349981847b,72e0f47d-0ed0-409a-9bbb-0564203ceda6,2026-05-20,night,10.0
03f48cc1-6ee4-410d-bf1b-e97274927cb8,72e0f47d-0ed0-409a-9bbb-0564203ceda6,2026-05-21,day,8.0
07273917-5bf0-4e2b-bbcd-f5ea9fff27c1,72e0f47d-0ed0-409a-9bbb-0564203ceda6,2026-05-22,night,10.5
0de26abb-c3da-4266-82b4-0a8684c60067,72e0f47d-0ed0-409a-9bbb-0564203ceda6,2026-05-24,day,8.5
ab79452d-8ef0-4cf9-bd2a-f8d5fb87ad24,72e0f47d-0ed0-409a-9bbb-0564203ceda6,2026-05-25,day,9.0
b1cd4a80-e397-4ae8-8abc-fe39d6c59350,72e0f47d-0ed0-409a-9bbb-0564203ceda6,2026-05-26,extended,14.3
8d5e205e-a353-4802-a6fa-bd26d2c49579,72e0f47d-0ed0-409a-9bbb-0564203ceda6,2026-05-27,day,8.0
8476c01c-3384-4c6c-9529-41f903ac8d80,72e0f47d-0ed0-409a-9bbb-0564203ceda6,2026-05-28,night,10.0
e5461df8-e655-4c23-b993-d50d2f18b47c,72e0f47d-0ed0-409a-9bbb-0564203ceda6,2026-05-29,day,8.0
3e1bcc3f-319d-4a80-9a36-2c3ca2d08e4a,72e0f47d-0ed0-409a-9bbb-0564203ceda6,2026-05-30,day,8.0
d6405c02-58b8-41cb-b835-d041542cdc9d,72e0f47d-0ed0-409a-9bbb-0564203ceda6,2026-06-01,day,9.0
a0a8ad09-eb08-4c4c-b299-fe6656995098,72e0f47d-0ed0-409a-9bbb-0564203ceda6,2026-06-02,day,8.0
3c6da0d2-34e3-494b-8068-faff95f8c1c7,72e0f47d-0ed0-409a-9bbb-0564203ceda6,2026-06-03,night,11.0
3a37e8e9-a73a-40e4-a498-f29b4af86a9b,72e0f47d-0ed0-409a-9bbb-0564203ceda6,2026-06-04,extended,13.3
0d6f0e45-be2a-4b00-875a-06c8a9910a01,72e0f47d-0ed0-409a-9bbb-0564203ceda6,2026-06-05,extended,14.5
a301a3f6-6e0c-4a3b-b3a8-32d1527208cf,72e0f47d-0ed0-409a-9bbb-0564203ceda6,2026-06-07,day,9.5
8bf508ce-8f50-4b72-a0a0-c8594fedaa2a,72e0f47d-0ed0-409a-9bbb-0564203ceda6,2026-06-08,day,8.0
d0cf6ff0-5c12-46c4-b932-d16f5cce42d7,72e0f47d-0ed0-409a-9bbb-0564203ceda6,2026-06-09,day,9.0
edc0053e-8928-43fd-b157-f2bf3ae1ca46,72e0f47d-0ed0-409a-9bbb-0564203ceda6,2026-06-10,day,8.0
ebfc0d1c-3118-4670-bb15-3d2c2636a514,72e0f47d-0ed0-409a-9bbb-0564203ceda6,2026-06-11,extended,14.1
0079d418-33fb-4b1f-8a93-378a63d701bc,72e0f47d-0ed0-409a-9bbb-0564203ceda6,2026-06-12,day,8.0
841d3ab7-7e7d-47ec-969a-71271336997f,72e0f47d-0ed0-409a-9bbb-0564203ceda6,2026-06-15,day,8.0
fb2ea02e-3d76-4997-bc5d-db4875309381,72e0f47d-0ed0-409a-9bbb-0564203ceda6,2026-06-16,day,8.0
fa8cccd4-e667-4941-af96-cc1177ac109e,72e0f47d-0ed0-409a-9bbb-0564203ceda6,2026-06-17,day,9.0
4fd50be2-5e9e-4c94-a11e-736f0043267f,72e0f47d-0ed0-409a-9bbb-0564203ceda6,2026-06-18,night,10.0
d96e48b2-e84c-40c6-964d-1bc404a185a9,72e0f47d-0ed0-409a-9bbb-0564203ceda6,2026-06-19,extended,14.6
8105e8dd-33f3-4985-a780-a6a23429b3f2,72e0f47d-0ed0-409a-9bbb-0564203ceda6,2026-06-20,day,8.0
198b04ba-3ef1-4029-87a1-2230803adab8,72e0f47d-0ed0-409a-9bbb-0564203ceda6,2026-06-22,day,8.0
675411ca-e819-4aee-a83c-17b4e79d8aa9,72e0f47d-0ed0-409a-9bbb-0564203ceda6,2026-06-23,extended,14.2
97f3f249-26d0-44f2-aee2-bd0ea4a84c5d,72e0f47d-0ed0-409a-9bbb-0564203ceda6,2026-06-24,day,8.5
ab2dd75a-6435-484c-8c3c-eeec30b4f1ef,72e0f47d-0ed0-409a-9bbb-0564203ceda6,2026-06-25,extended,15.4
3c316682-b9b7-4778-b1e5-1dc56663b8c6,72e0f47d-0ed0-409a-9bbb-0564203ceda6,2026-06-26,day,9.0
ff8944de-5a70-4c07-8c19-5c95454da691,72e0f47d-0ed0-409a-9bbb-0564203ceda6,2026-06-28,day,9.5
d07f5ae5-2e23-4459-b691-284075d54cf6,72e0f47d-0ed0-409a-9bbb-0564203ceda6,2026-06-29,day,8.0
c3fd7baf-5a26-4079-a38e-2fa49096470b,45ad8569-ef44-4e61-939f-51d9e4a14686,2026-01-01,night,10.0
4e5ff0f0-fc07-48fb-a517-1df2fab9a432,45ad8569-ef44-4e61-939f-51d9e4a14686,2026-01-02,day,8.0
7f52ed0e-7e34-4e9d-8e29-9877186b7302,45ad8569-ef44-4e61-939f-51d9e4a14686,2026-01-05,day,8.5
49fa0312-8491-45d7-9de1-6b35789a1d61,45ad8569-ef44-4e61-939f-51d9e4a14686,2026-01-06,day,8.0
afe5e525-1e6d-46db-af28-cc69e262aec2,45ad8569-ef44-4e61-939f-51d9e4a14686,2026-01-07,day,8.0
140b7eda-931b-4a99-a4f5-924f365ebaa2,45ad8569-ef44-4e61-939f-51d9e4a14686,2026-01-08,night,12.0
ef5c125f-ac91-42f6-941a-726bd1617c54,45ad8569-ef44-4e61-939f-51d9e4a14686,2026-01-09,night,10.5
a0e40bb9-0e63-4be7-a0e5-16827d130c3b,45ad8569-ef44-4e61-939f-51d9e4a14686,2026-01-12,extended,15.1
6f42e4b2-f761-43fb-b4f1-f0a7af42af0a,45ad8569-ef44-4e61-939f-51d9e4a14686,2026-01-13,day,9.0
574530e5-63c5-463d-8a84-91aa7d58d660,45ad8569-ef44-4e61-939f-51d9e4a14686,2026-01-14,night,10.0
eb956581-6de3-4c80-b4f8-1fff65a4186a,45ad8569-ef44-4e61-939f-51d9e4a14686,2026-01-15,day,8.0
e440871d-c83c-4146-a690-5799b6315c7f,45ad8569-ef44-4e61-939f-51d9e4a14686,2026-01-16,day,8.0
4ba7d269-bc2c-4bb4-84fd-3330174530dc,45ad8569-ef44-4e61-939f-51d9e4a14686,2026-01-17,day,8.0
a1369d9b-109d-4de3-89a3-14a82a7b8ea6,45ad8569-ef44-4e61-939f-51d9e4a14686,2026-01-19,night,11.0
4145b694-a531-426c-bacf-c47aad53e56b,45ad8569-ef44-4e61-939f-51d9e4a14686,2026-01-20,extended,13.2
3f553099-ea53-47a6-ae6c-61e8aed600ce,45ad8569-ef44-4e61-939f-51d9e4a14686,2026-01-21,day,9.0
9b40c034-5393-413e-aa1f-7a8aad60023b,45ad8569-ef44-4e61-939f-51d9e4a14686,2026-01-22,day,8.0
7dac500d-b4d9-4667-bc36-613f0e45dd78,45ad8569-ef44-4e61-939f-51d9e4a14686,2026-01-23,day,8.0
c93c0bff-cd9e-49d7-b389-3898c08ab116,45ad8569-ef44-4e61-939f-51d9e4a14686,2026-01-24,day,9.0
e06f797e-045e-4e40-af0c-715871da804c,45ad8569-ef44-4e61-939f-51d9e4a14686,2026-01-25,day,8.0
0459ee49-0ffd-4eba-9b9b-bb3abaab326a,45ad8569-ef44-4e61-939f-51d9e4a14686,2026-01-26,day,9.0
c36fd601-15d1-4eba-94c1-b560e100dfe7,45ad8569-ef44-4e61-939f-51d9e4a14686,2026-01-27,day,8.0
25806536-a1fe-46d5-a28e-422e96042d64,45ad8569-ef44-4e61-939f-51d9e4a14686,2026-01-28,day,9.0
35aeb063-7ff4-4175-80b6-448742060285,45ad8569-ef44-4e61-939f-51d9e4a14686,2026-01-29,day,9.0
b2e2b15e-64a1-4480-85e5-f31bd3fffc62,45ad8569-ef44-4e61-939f-51d9e4a14686,2026-01-30,extended,13.9
73bfba8a-8d9e-41b7-a124-58b346314e26,45ad8569-ef44-4e61-939f-51d9e4a14686,2026-01-31,day,9.0
29ba445e-28ff-43d6-ac5d-9c0893b3eb13,45ad8569-ef44-4e61-939f-51d9e4a14686,2026-02-01,day,8.0
60bf9a69-02be-4834-83ee-5e7552bfde6b,45ad8569-ef44-4e61-939f-51d9e4a14686,2026-02-02,night,10.0
24772b86-0ee6-4254-8b32-1b83e95a64c3,45ad8569-ef44-4e61-939f-51d9e4a14686,2026-02-03,day,9.0
6905eafe-403b-4b44-8d3d-15dd1550e541,45ad8569-ef44-4e61-939f-51d9e4a14686,2026-02-04,day,8.0
b4d32594-ca19-4f3d-9e6f-cab9af799c3b,45ad8569-ef44-4e61-939f-51d9e4a14686,2026-02-05,extended,14.2
ace507c3-02fc-40e6-b7d4-20e74cc0e9d0,45ad8569-ef44-4e61-939f-51d9e4a14686,2026-02-06,day,8.0
7235fddd-f4b3-422d-b911-609c92f98817,45ad8569-ef44-4e61-939f-51d9e4a14686,2026-02-07,day,9.5
b103b7c7-0d25-40e0-9e90-e800cca73d90,45ad8569-ef44-4e61-939f-51d9e4a14686,2026-02-08,day,8.0
06152d02-465e-43fd-bb9c-b804b14d622b,45ad8569-ef44-4e61-939f-51d9e4a14686,2026-02-09,night,10.0
20ef2698-c940-4c00-9bb5-6427a0ac618f,45ad8569-ef44-4e61-939f-51d9e4a14686,2026-02-10,night,10.0
0a55d322-8781-4f14-bca3-0212664aad04,45ad8569-ef44-4e61-939f-51d9e4a14686,2026-02-11,extended,14.0
c4c7e9d4-713d-4b19-b15b-3bc90992e3c0,45ad8569-ef44-4e61-939f-51d9e4a14686,2026-02-12,day,8.5
e314ccd3-c668-47c9-804d-79d8c2322a7d,45ad8569-ef44-4e61-939f-51d9e4a14686,2026-02-13,night,10.0
d051730b-914c-4c32-86ab-5431748cb89e,45ad8569-ef44-4e61-939f-51d9e4a14686,2026-02-14,night,11.0
4f2ba36b-4cfd-439d-b334-2dad8cf8c4bf,45ad8569-ef44-4e61-939f-51d9e4a14686,2026-02-15,extended,13.6
1a8b9d06-e48a-4bcf-867e-4910eeb23df3,45ad8569-ef44-4e61-939f-51d9e4a14686,2026-02-16,day,9.0
c8b0dee0-b226-414f-8e4e-05e82c34458d,45ad8569-ef44-4e61-939f-51d9e4a14686,2026-02-17,day,8.0
ec5de41c-be78-459e-8b45-da60b55c1550,45ad8569-ef44-4e61-939f-51d9e4a14686,2026-02-18,day,8.0
9423f105-7ff0-4486-ac26-f4905c21ecdd,45ad8569-ef44-4e61-939f-51d9e4a14686,2026-02-19,night,10.0
e7ba0aae-bc74-45e7-87e6-ce1f8a222951,45ad8569-ef44-4e61-939f-51d9e4a14686,2026-02-20,night,11.0
2b6810af-5c98-4a98-a5e6-b78b0b6dd8bf,45ad8569-ef44-4e61-939f-51d9e4a14686,2026-02-21,day,8.0
6da850b1-c78d-4e41-8bea-6383719902db,45ad8569-ef44-4e61-939f-51d9e4a14686,2026-02-22,day,8.0
921773b9-339d-4392-bcfc-e1ff9af72237,45ad8569-ef44-4e61-939f-51d9e4a14686,2026-02-23,day,8.0
8d170ef0-21ec-4651-8509-fd915e651f31,45ad8569-ef44-4e61-939f-51d9e4a14686,2026-02-24,day,8.0
cd67f339-c94c-4cc0-98f5-bb941a4ed157,45ad8569-ef44-4e61-939f-51d9e4a14686,2026-02-25,day,8.5
c816abb4-0cef-441f-a280-2995d66f3f32,45ad8569-ef44-4e61-939f-51d9e4a14686,2026-02-26,day,9.0
94e6b920-0175-4400-ada4-165e5e963329,45ad8569-ef44-4e61-939f-51d9e4a14686,2026-02-27,day,8.0
77fc6313-c0e3-4d72-aa54-384d7ac9bb08,45ad8569-ef44-4e61-939f-51d9e4a14686,2026-02-28,day,8.0
b1066b87-3db2-4f53-ba8e-8ec9a5fa97b1,45ad8569-ef44-4e61-939f-51d9e4a14686,2026-03-01,night,10.0
b343c307-0a6c-448b-9def-8aee775b0ca0,45ad8569-ef44-4e61-939f-51d9e4a14686,2026-03-02,night,12.0
bdae9423-2bb7-43f4-9018-70f540e75c95,45ad8569-ef44-4e61-939f-51d9e4a14686,2026-03-03,day,8.0
24cc02e2-e156-4d6c-a511-1c91b89a2c8e,45ad8569-ef44-4e61-939f-51d9e4a14686,2026-03-04,extended,13.7
6faf8953-958f-4700-95f4-0a575b793a85,45ad8569-ef44-4e61-939f-51d9e4a14686,2026-03-05,day,8.0
a21b467f-d7c0-4be9-a1ef-c7601d155de5,45ad8569-ef44-4e61-939f-51d9e4a14686,2026-03-06,day,9.0
23b7514c-5493-4a4f-aa09-9f93b72b8c1c,45ad8569-ef44-4e61-939f-51d9e4a14686,2026-03-07,day,9.0
adf2a0bc-db1a-4efa-91b9-6501df396505,45ad8569-ef44-4e61-939f-51d9e4a14686,2026-03-08,day,8.5
5bacb241-8ace-4cef-8ba9-b985ddda943f,45ad8569-ef44-4e61-939f-51d9e4a14686,2026-03-09,day,9.5
2b5bba4a-28e1-4216-990f-7e8a53904c1f,45ad8569-ef44-4e61-939f-51d9e4a14686,2026-03-10,day,8.0
03d1aa16-5dc4-4f99-b378-ad0537f71b94,45ad8569-ef44-4e61-939f-51d9e4a14686,2026-03-11,day,9.0
c84672ab-6ed1-4ac9-addb-60df13398136,45ad8569-ef44-4e61-939f-51d9e4a14686,2026-03-12,day,9.5
bcbed351-0fdb-4c59-930e-2240278bd575,45ad8569-ef44-4e61-939f-51d9e4a14686,2026-03-13,day,9.0
623a3d39-dbf7-4405-8d76-d2e7862a9c91,45ad8569-ef44-4e61-939f-51d9e4a14686,2026-03-14,night,10.0
6dc9a5a6-ab16-413e-ba9a-1635f350f7b4,45ad8569-ef44-4e61-939f-51d9e4a14686,2026-03-15,day,8.0
14d0a2ab-fcbc-4ef0-9d9d-39290d864527,45ad8569-ef44-4e61-939f-51d9e4a14686,2026-03-16,day,9.5
b92e827d-6d9b-46b3-a738-8a39de7d772e,45ad8569-ef44-4e61-939f-51d9e4a14686,2026-03-17,extended,13.8
ec060798-97fe-4131-95d0-67d31e0eb726,45ad8569-ef44-4e61-939f-51d9e4a14686,2026-03-18,day,8.0
a0d1e81f-40b9-4195-8043-1de1410a5ba8,45ad8569-ef44-4e61-939f-51d9e4a14686,2026-03-19,day,8.0
db002cec-c14a-4fa9-a717-b034deb3262f,45ad8569-ef44-4e61-939f-51d9e4a14686,2026-03-20,night,10.0
e18e8483-f5e2-4237-95cf-26922d9f354a,45ad8569-ef44-4e61-939f-51d9e4a14686,2026-03-21,extended,14.3
0fb15984-b812-4f1e-9671-caad3ea0ab2f,45ad8569-ef44-4e61-939f-51d9e4a14686,2026-03-22,day,8.0
374afec2-5b0c-4a73-8cc4-f0faa9a0f322,45ad8569-ef44-4e61-939f-51d9e4a14686,2026-03-23,day,9.0
f29d5d22-5607-4ed4-9114-e3417020888f,45ad8569-ef44-4e61-939f-51d9e4a14686,2026-03-24,day,8.0
47910fb9-5b43-433b-bc3b-6cf7e64fcf0c,45ad8569-ef44-4e61-939f-51d9e4a14686,2026-03-25,day,8.5
4a17c5c1-cca4-46f6-97c2-536b629bf07e,45ad8569-ef44-4e61-939f-51d9e4a14686,2026-03-26,extended,14.9
c978682a-f6c6-47fa-98eb-269ef3b4b16d,45ad8569-ef44-4e61-939f-51d9e4a14686,2026-03-27,day,8.5
265387db-a941-4faa-8bbd-9118fffd81e8,45ad8569-ef44-4e61-939f-51d9e4a14686,2026-03-30,day,8.0
fe59b7fc-2061-4d62-97b8-8ff29e3c8084,45ad8569-ef44-4e61-939f-51d9e4a14686,2026-03-31,day,8.5
26000d11-1306-4751-81fa-b8535473e2f3,45ad8569-ef44-4e61-939f-51d9e4a14686,2026-04-01,night,10.5
c227527e-6cd2-4236-8696-aa20b8143460,45ad8569-ef44-4e61-939f-51d9e4a14686,2026-04-02,night,12.0
158c4400-7404-43c2-986f-239bffb9fcd7,45ad8569-ef44-4e61-939f-51d9e4a14686,2026-04-03,extended,13.9
cbd62e0b-806e-403c-84eb-29d8ac997c5d,45ad8569-ef44-4e61-939f-51d9e4a14686,2026-04-06,day,9.0
6712a8d5-5de7-4880-99d8-252467eeb5f1,45ad8569-ef44-4e61-939f-51d9e4a14686,2026-04-07,day,9.5
2a2ab947-36d9-40b1-a7d5-1e777d72fb08,45ad8569-ef44-4e61-939f-51d9e4a14686,2026-04-08,night,10.0
69a974c1-d203-4d91-aec3-b0e81e259c5c,45ad8569-ef44-4e61-939f-51d9e4a14686,2026-04-09,night,10.0
762b65cd-7d99-4325-8561-dbf18aef5027,45ad8569-ef44-4e61-939f-51d9e4a14686,2026-04-10,day,8.0
f62bf2da-bd42-49bb-95c5-88c7e0dd4dc6,45ad8569-ef44-4e61-939f-51d9e4a14686,2026-04-11,day,8.0
7f866d0b-c6ff-4196-a2b7-eb49b7e327f7,45ad8569-ef44-4e61-939f-51d9e4a14686,2026-04-13,night,10.5
af111a3f-b076-45e1-88b3-3d73b27a0965,45ad8569-ef44-4e61-939f-51d9e4a14686,2026-04-14,day,8.5
d079db53-46da-462c-ba6c-c1dc49c002e0,45ad8569-ef44-4e61-939f-51d9e4a14686,2026-04-15,day,9.5
a34109c1-7c70-4c3b-9ffc-afe14c951436,45ad8569-ef44-4e61-939f-51d9e4a14686,2026-04-16,night,10.5
58b7db13-dedc-4b6b-824f-389f30caff25,45ad8569-ef44-4e61-939f-51d9e4a14686,2026-04-17,day,8.0
dd22f802-ce52-40e1-a8f1-91518e22537b,45ad8569-ef44-4e61-939f-51d9e4a14686,2026-04-20,day,9.5
e29c77c3-d4ec-4314-a3c3-7363318f2a16,45ad8569-ef44-4e61-939f-51d9e4a14686,2026-04-21,day,8.0
98f246e2-db9b-4687-a3ba-2966d6f9348a,45ad8569-ef44-4e61-939f-51d9e4a14686,2026-04-22,day,8.0
bc717733-883e-4355-a9d1-e61374814462,45ad8569-ef44-4e61-939f-51d9e4a14686,2026-04-23,day,9.0
b5f2e9e3-715b-400c-bc19-833f59ae6bd0,45ad8569-ef44-4e61-939f-51d9e4a14686,2026-04-24,day,9.0
2853dee7-a56f-4129-b2e0-a76b34844556,45ad8569-ef44-4e61-939f-51d9e4a14686,2026-04-27,day,8.0
85cd919f-6f7e-4c39-9d1c-defec2bac3d3,45ad8569-ef44-4e61-939f-51d9e4a14686,2026-04-28,day,8.0
33fa118d-b05c-46fe-87bc-24452e82f9c7,45ad8569-ef44-4e61-939f-51d9e4a14686,2026-04-29,day,8.5
cdb46c16-d268-45a5-b4ef-e59254c77483,45ad8569-ef44-4e61-939f-51d9e4a14686,2026-04-30,night,10.0
2b5f7163-4518-4311-9a8e-8acadf84f286,45ad8569-ef44-4e61-939f-51d9e4a14686,2026-05-01,extended,13.9
c418547e-e43b-4102-851d-a3c69cabe47a,45ad8569-ef44-4e61-939f-51d9e4a14686,2026-05-03,day,8.5
9c36f969-63e1-4334-b12c-34cc3550e49b,45ad8569-ef44-4e61-939f-51d9e4a14686,2026-05-04,day,8.5
63573947-c4e0-4512-96f6-a514ae0f0173,45ad8569-ef44-4e61-939f-51d9e4a14686,2026-05-05,day,8.0
9d54a08a-a7a4-4507-ba2c-d93c59456619,45ad8569-ef44-4e61-939f-51d9e4a14686,2026-05-06,night,10.0
d63c8b43-e09c-47e3-bf09-f5f9ff40f904,45ad8569-ef44-4e61-939f-51d9e4a14686,2026-05-07,night,10.0
2fb84abb-38fa-4f87-bd51-b8640e621779,45ad8569-ef44-4e61-939f-51d9e4a14686,2026-05-08,extended,14.3
780105fc-8b40-4c2f-8d63-332b7d59655a,45ad8569-ef44-4e61-939f-51d9e4a14686,2026-05-11,day,8.0
89aba1ec-171d-40fe-93fe-0cd989014e7c,45ad8569-ef44-4e61-939f-51d9e4a14686,2026-05-12,day,9.5
1e8ed031-c999-4f18-947f-da9ed37257bc,45ad8569-ef44-4e61-939f-51d9e4a14686,2026-05-13,day,8.0
84222165-c061-4d9d-b5e9-9d6a36e343b8,45ad8569-ef44-4e61-939f-51d9e4a14686,2026-05-14,night,10.5
7c9455ea-9a70-441f-9690-90c46c6a54fc,45ad8569-ef44-4e61-939f-51d9e4a14686,2026-05-15,day,9.0
fd81cbad-74d4-4ca4-bf84-bb1ca028ed1a,45ad8569-ef44-4e61-939f-51d9e4a14686,2026-05-16,day,8.0
587942d3-e691-4c4e-a807-20f74c6b7418,45ad8569-ef44-4e61-939f-51d9e4a14686,2026-05-18,day,8.5
4e809afb-4a25-41f3-b845-1d53dcf459b3,45ad8569-ef44-4e61-939f-51d9e4a14686,2026-05-19,day,8.0
030cdc7d-2174-4df0-aee7-8f8081f1a18f,45ad8569-ef44-4e61-939f-51d9e4a14686,2026-05-20,day,9.5
5782543f-050a-44cf-90b8-32c380c9a435,45ad8569-ef44-4e61-939f-51d9e4a14686,2026-05-21,day,9.0
29b0bd21-b1db-48f4-9a99-6fbf18961c72,45ad8569-ef44-4e61-939f-51d9e4a14686,2026-05-22,day,9.0
1c9ab31a-23c5-4a69-b683-c8ca28030587,45ad8569-ef44-4e61-939f-51d9e4a14686,2026-05-23,extended,15.1
66e6cdf1-f43e-4856-ba44-e18e38b6e736,45ad8569-ef44-4e61-939f-51d9e4a14686,2026-05-25,day,8.0
f109b97c-22ad-461b-9490-94e3072be5e6,45ad8569-ef44-4e61-939f-51d9e4a14686,2026-05-26,day,8.5
97f90284-b057-41f9-b4e1-96186b1d08b6,45ad8569-ef44-4e61-939f-51d9e4a14686,2026-05-27,day,8.0
35218dbf-bd99-404b-b515-03ef61213d3e,45ad8569-ef44-4e61-939f-51d9e4a14686,2026-05-28,day,8.5
696a1d6d-157f-4686-bd93-520c33123a6f,45ad8569-ef44-4e61-939f-51d9e4a14686,2026-05-29,day,8.0
a1f465c5-5937-4106-98e7-62ad9ede4c35,45ad8569-ef44-4e61-939f-51d9e4a14686,2026-05-31,day,8.0
1e5cb39e-8088-4fe4-9f8e-ededca59e1a8,45ad8569-ef44-4e61-939f-51d9e4a14686,2026-06-01,day,8.0
36474061-1bdd-4160-85ea-8bfdf7205b4b,45ad8569-ef44-4e61-939f-51d9e4a14686,2026-06-02,night,11.0
54cafde3-1f90-4cfe-9f1c-c511fdbecacd,45ad8569-ef44-4e61-939f-51d9e4a14686,2026-06-03,extended,14.3
9652b9da-5ca9-4bce-a684-4602c332de6e,45ad8569-ef44-4e61-939f-51d9e4a14686,2026-06-04,day,8.5
f3ca989e-d6f4-4add-9f95-36a01ecb71e6,45ad8569-ef44-4e61-939f-51d9e4a14686,2026-06-05,day,8.0
588d3119-7eff-447e-8449-2728c5224049,45ad8569-ef44-4e61-939f-51d9e4a14686,2026-06-08,day,8.5
93a483c1-5e91-41de-bb18-ed93070b5d3a,45ad8569-ef44-4e61-939f-51d9e4a14686,2026-06-09,day,8.5
c4e39d09-a78e-42dd-a610-6fbe5d9d1cea,45ad8569-ef44-4e61-939f-51d9e4a14686,2026-06-10,day,8.0
11fe2495-ef5c-4dac-9980-5cd92d5d288d,45ad8569-ef44-4e61-939f-51d9e4a14686,2026-06-11,day,8.0
157d32ca-27cc-4a32-9040-f7b9ac746f80,45ad8569-ef44-4e61-939f-51d9e4a14686,2026-06-12,day,8.0
6b9ee1cb-d03b-44bf-9e87-559b7c7d35a9,45ad8569-ef44-4e61-939f-51d9e4a14686,2026-06-15,day,9.0
65d36317-2ae5-45ad-a383-bdd1323ebfc0,45ad8569-ef44-4e61-939f-51d9e4a14686,2026-06-16,night,12.0
afbd61df-94d3-444a-8de1-8bee900f3fd3,45ad8569-ef44-4e61-939f-51d9e4a14686,2026-06-17,day,8.0
f0f2ba3f-4311-4252-8d95-b2a7b6b9f133,45ad8569-ef44-4e61-939f-51d9e4a14686,2026-06-18,day,8.0
d45818ee-64a7-46ce-83e6-0117f5cc69d9,45ad8569-ef44-4e61-939f-51d9e4a14686,2026-06-19,night,10.0
4aa537ca-49fc-44fd-824a-138e90eef051,45ad8569-ef44-4e61-939f-51d9e4a14686,2026-06-22,day,9.5
7cce4f10-acac-4ff2-80b0-ae9e965fc3d8,45ad8569-ef44-4e61-939f-51d9e4a14686,2026-06-23,day,8.0
088dc383-ce57-46d3-becd-8ea69310573d,45ad8569-ef44-4e61-939f-51d9e4a14686,2026-06-24,night,10.0
2fd10261-ca12-407b-888d-e4371706e1a1,45ad8569-ef44-4e61-939f-51d9e4a14686,2026-06-25,night,10.0
383842b8-494e-45ec-8d69-13b55b53b8f2,45ad8569-ef44-4e61-939f-51d9e4a14686,2026-06-26,day,8.5
8da89451-1cd1-4391-8baf-563f04750e64,45ad8569-ef44-4e61-939f-51d9e4a14686,2026-06-28,day,8.0
4e4094d8-98ee-4024-a2bd-136fa4cb472f,45ad8569-ef44-4e61-939f-51d9e4a14686,2026-06-29,day,8.0
25d6150c-821a-4938-a723-28048445f436,999d258f-dc9e-4e2e-be14-d6d118a5404d,2026-01-01,night,10.0
8a7fd12c-379a-43aa-9229-3bf589da9b2b,999d258f-dc9e-4e2e-be14-d6d118a5404d,2026-01-02,day,9.0
3bae7f35-0d04-4b97-ae08-c4ae9ba17354,999d258f-dc9e-4e2e-be14-d6d118a5404d,2026-01-04,day,8.0
f767d01a-6979-4a95-b2c8-136dd16c9f4d,999d258f-dc9e-4e2e-be14-d6d118a5404d,2026-01-05,day,8.0
df4fe319-018d-43e4-9ff6-545eda5236b7,999d258f-dc9e-4e2e-be14-d6d118a5404d,2026-01-06,day,8.0
e3c6245f-1d8e-43f3-8d1f-e69e132a0a20,999d258f-dc9e-4e2e-be14-d6d118a5404d,2026-01-07,day,8.0
61d6d4a1-9f54-4cfd-9739-425086e0640c,999d258f-dc9e-4e2e-be14-d6d118a5404d,2026-01-08,night,10.0
7cd49eaf-73f0-4531-a747-b4d21d15f9d2,999d258f-dc9e-4e2e-be14-d6d118a5404d,2026-01-09,day,8.0
16694e44-65ca-4a68-a6d3-f5353ec0d69f,999d258f-dc9e-4e2e-be14-d6d118a5404d,2026-01-10,night,12.0
3c5c08ae-3503-4201-ac3e-679ceb9df7d2,999d258f-dc9e-4e2e-be14-d6d118a5404d,2026-01-11,day,8.5
45884df2-98aa-487a-ba5f-902317bb36e2,999d258f-dc9e-4e2e-be14-d6d118a5404d,2026-01-12,extended,12.9
30228e04-9055-4ead-a1b4-c3a9de135d33,999d258f-dc9e-4e2e-be14-d6d118a5404d,2026-01-13,day,8.0
6f777e37-a202-424b-94f1-f9ef928d050d,999d258f-dc9e-4e2e-be14-d6d118a5404d,2026-01-14,day,9.0
95c2809e-408c-4f19-82c6-a4d3801ef97d,999d258f-dc9e-4e2e-be14-d6d118a5404d,2026-01-15,extended,14.0
8b8c94e2-c7ab-4507-b267-5023ef3ecaae,999d258f-dc9e-4e2e-be14-d6d118a5404d,2026-01-16,day,8.0
780eb39f-c0e8-43f0-b73c-4fc35eee78f4,999d258f-dc9e-4e2e-be14-d6d118a5404d,2026-01-17,day,9.5
49993567-482e-43b1-89b3-8c9278705ce9,999d258f-dc9e-4e2e-be14-d6d118a5404d,2026-01-18,day,8.0
20da0ac6-3c47-4b39-8fbe-56acc4cd2962,999d258f-dc9e-4e2e-be14-d6d118a5404d,2026-01-19,day,9.5
f3c4d633-28b8-49fd-8a63-791ff2609188,999d258f-dc9e-4e2e-be14-d6d118a5404d,2026-01-20,day,8.0
5a897dcb-d524-40da-b3db-81f61895a195,999d258f-dc9e-4e2e-be14-d6d118a5404d,2026-01-21,day,8.5
4692d432-8b1c-470c-a564-01b547a1c0bb,999d258f-dc9e-4e2e-be14-d6d118a5404d,2026-01-22,day,8.5
74cbf5a5-f7ee-41aa-9685-1125978af44d,999d258f-dc9e-4e2e-be14-d6d118a5404d,2026-01-23,night,10.5
94a2e1f8-547c-40cb-a523-8c220c9eb8ac,999d258f-dc9e-4e2e-be14-d6d118a5404d,2026-01-24,day,8.0
45cafddc-5930-48bd-aef7-b79bc579aca7,999d258f-dc9e-4e2e-be14-d6d118a5404d,2026-01-25,night,12.0
90e9d5a8-46c4-4f34-866f-9c23860c964d,999d258f-dc9e-4e2e-be14-d6d118a5404d,2026-01-26,day,9.5
13df1ac8-986e-4521-bef9-4463df6dcfe8,999d258f-dc9e-4e2e-be14-d6d118a5404d,2026-01-27,day,8.0
78dffbfa-3a97-4948-81c8-8bc915a2475f,999d258f-dc9e-4e2e-be14-d6d118a5404d,2026-01-28,day,9.0
003d7750-a7db-4751-a4dd-cc1241a2c66a,999d258f-dc9e-4e2e-be14-d6d118a5404d,2026-01-29,day,8.0
1ac8df8a-93f1-482b-9da4-5e25a4b9ae4e,999d258f-dc9e-4e2e-be14-d6d118a5404d,2026-01-30,day,8.0
fcc0bb4b-9893-4b75-ab57-4172e9e412d0,999d258f-dc9e-4e2e-be14-d6d118a5404d,2026-02-01,day,8.0
ade2484b-e774-4f16-ba33-a804349ecb37,999d258f-dc9e-4e2e-be14-d6d118a5404d,2026-02-02,extended,14.1
ff0b0621-1489-45a0-8902-60927ab2bc2d,999d258f-dc9e-4e2e-be14-d6d118a5404d,2026-02-03,night,11.0
5eadc10d-5c55-4688-a629-77770bda8b01,999d258f-dc9e-4e2e-be14-d6d118a5404d,2026-02-04,day,8.5
7eddb4a0-cc90-4e74-8cfe-4b1836d966d4,999d258f-dc9e-4e2e-be14-d6d118a5404d,2026-02-05,extended,13.0
8f08d566-9a9c-4a9a-93b9-f5dee5a070d3,999d258f-dc9e-4e2e-be14-d6d118a5404d,2026-02-06,day,8.5
ad051678-afd1-42e2-a7e0-074851b98b05,999d258f-dc9e-4e2e-be14-d6d118a5404d,2026-02-07,day,9.0
1e00009f-c9b1-4012-9a1a-45be5567fddd,999d258f-dc9e-4e2e-be14-d6d118a5404d,2026-02-08,day,8.0
d2310713-a51c-424e-999d-989a5fc2bd6e,999d258f-dc9e-4e2e-be14-d6d118a5404d,2026-02-09,day,9.0
270f09e6-8c4a-4cc0-a88c-96f0cda198cc,999d258f-dc9e-4e2e-be14-d6d118a5404d,2026-02-10,day,8.0
83543b98-538f-4c13-97af-4fd122c88868,999d258f-dc9e-4e2e-be14-d6d118a5404d,2026-02-11,day,8.0
cfc80fe4-8b7c-4f1d-a68c-c06abe511422,999d258f-dc9e-4e2e-be14-d6d118a5404d,2026-02-12,day,8.0
cc1ff8cc-8378-4ee6-842c-0edc78b975d5,999d258f-dc9e-4e2e-be14-d6d118a5404d,2026-02-13,extended,14.7
83fb0af4-f42c-418f-a587-6193abb77901,999d258f-dc9e-4e2e-be14-d6d118a5404d,2026-02-16,day,9.0
b4559b8d-d428-48a1-b880-f39722391de1,999d258f-dc9e-4e2e-be14-d6d118a5404d,2026-02-17,extended,13.1
4d44d3d7-06ac-44a1-8d47-0619c7ea5d76,999d258f-dc9e-4e2e-be14-d6d118a5404d,2026-02-18,day,8.0
b1f2ca82-68fa-4613-90a2-a66bdf076878,999d258f-dc9e-4e2e-be14-d6d118a5404d,2026-02-19,day,8.0
c7e26324-d050-4325-bc85-a82102bc0b3a,999d258f-dc9e-4e2e-be14-d6d118a5404d,2026-02-20,extended,15.0
05bbf5ce-be37-46fc-9621-e2bb2d0a6e38,999d258f-dc9e-4e2e-be14-d6d118a5404d,2026-02-21,day,8.0
5aef4ec3-5111-49bc-903f-a942cf532cfc,999d258f-dc9e-4e2e-be14-d6d118a5404d,2026-02-22,day,9.0
4b90dea6-3fb2-49a8-8dfa-0ef2ff181a15,999d258f-dc9e-4e2e-be14-d6d118a5404d,2026-02-23,extended,15.1
68ff5b2b-1bce-498b-abc3-71f063129709,999d258f-dc9e-4e2e-be14-d6d118a5404d,2026-02-24,day,8.0
b92b92e0-8c15-410b-b051-d402324a8e9e,999d258f-dc9e-4e2e-be14-d6d118a5404d,2026-02-25,day,8.5
0110c318-98d4-4527-ae8e-94f18ff4d72b,999d258f-dc9e-4e2e-be14-d6d118a5404d,2026-02-26,day,8.0
af436423-2a19-482c-8269-c9bc91834b67,999d258f-dc9e-4e2e-be14-d6d118a5404d,2026-02-27,extended,14.8
88a42958-db32-4bd5-8b15-e6aca2baf9b1,999d258f-dc9e-4e2e-be14-d6d118a5404d,2026-03-01,day,8.0
e21b6050-9b6c-4305-866c-3219a9386003,999d258f-dc9e-4e2e-be14-d6d118a5404d,2026-03-02,day,8.0
cbff5524-a844-4ff4-b617-34e196ffacf9,999d258f-dc9e-4e2e-be14-d6d118a5404d,2026-03-03,day,8.0
e589924c-ef1b-4d7d-92f9-b2819081c6ac,999d258f-dc9e-4e2e-be14-d6d118a5404d,2026-03-04,night,10.0
c9446cf8-5e46-430c-8124-6167683cf176,999d258f-dc9e-4e2e-be14-d6d118a5404d,2026-03-05,day,9.0
d0f55ea2-4c99-4eae-90af-1aa900a9140c,999d258f-dc9e-4e2e-be14-d6d118a5404d,2026-03-06,day,8.5
6f9ffd50-84e0-4f7e-8b16-986f78efc503,999d258f-dc9e-4e2e-be14-d6d118a5404d,2026-03-09,day,8.5
283ec031-a44f-49ef-b757-f04ffd2bbe4b,999d258f-dc9e-4e2e-be14-d6d118a5404d,2026-03-10,night,10.5
76a90d95-81ea-42b1-bff7-2c6eb748d522,999d258f-dc9e-4e2e-be14-d6d118a5404d,2026-03-11,night,11.0
4d6c083d-894f-4588-bb3e-64b1e9c42412,999d258f-dc9e-4e2e-be14-d6d118a5404d,2026-03-12,day,9.0
d641901c-e123-48c5-8948-1cabf5c5861e,999d258f-dc9e-4e2e-be14-d6d118a5404d,2026-03-13,day,8.0
dfb67db7-3d17-456c-a53d-eae6d860b8d2,999d258f-dc9e-4e2e-be14-d6d118a5404d,2026-03-15,night,10.0
1c951bc3-f1ec-4a74-beb9-e4b91809cb15,999d258f-dc9e-4e2e-be14-d6d118a5404d,2026-03-16,day,8.5
6b0f60ce-a58e-4121-9fb5-345c57d6fb6c,999d258f-dc9e-4e2e-be14-d6d118a5404d,2026-03-17,day,8.5
d2b5c695-3de1-4a0f-a5b1-e071b1acd3db,999d258f-dc9e-4e2e-be14-d6d118a5404d,2026-03-18,day,9.0
49a33915-f99f-45dd-9cf3-22df4d7b3048,999d258f-dc9e-4e2e-be14-d6d118a5404d,2026-03-19,day,8.0
a7a4ff34-9935-445f-83e4-1895a83c4502,999d258f-dc9e-4e2e-be14-d6d118a5404d,2026-03-20,day,8.0
56cb8e5c-1084-4a8b-8a1a-25b909431429,999d258f-dc9e-4e2e-be14-d6d118a5404d,2026-03-23,day,8.0
f82ec440-1f13-45d9-a88d-fea18ed64947,999d258f-dc9e-4e2e-be14-d6d118a5404d,2026-03-24,night,10.0
e507b4a9-9f25-4aa3-9d14-2b1e5d7c1318,999d258f-dc9e-4e2e-be14-d6d118a5404d,2026-03-25,day,8.0
fb9a6363-4f35-41e4-abcf-9e2b10b51f1a,999d258f-dc9e-4e2e-be14-d6d118a5404d,2026-03-26,extended,13.3
e54256dd-7b95-40bc-b3e6-9b7b7fcbc422,999d258f-dc9e-4e2e-be14-d6d118a5404d,2026-03-27,day,8.0
fa1a50a9-7938-4fb2-9dfd-ca48f2625318,999d258f-dc9e-4e2e-be14-d6d118a5404d,2026-03-30,night,11.0
0b4c9a92-a42a-4fdc-847f-53b8a9d4e6cb,999d258f-dc9e-4e2e-be14-d6d118a5404d,2026-03-31,day,8.0
2766e48b-c440-4448-8a7e-885afc942a8f,999d258f-dc9e-4e2e-be14-d6d118a5404d,2026-04-01,day,8.5
f1c432e0-addd-4e6a-bfa2-197d05b59541,999d258f-dc9e-4e2e-be14-d6d118a5404d,2026-04-02,night,10.0
4bfca855-0de7-432e-8127-2f18cc063e7b,999d258f-dc9e-4e2e-be14-d6d118a5404d,2026-04-03,night,10.0
2d5bacad-eae4-45d6-b0c5-8d4971785ce7,999d258f-dc9e-4e2e-be14-d6d118a5404d,2026-04-06,day,9.5
cfe7b70e-cb98-4755-8eaa-7f29c0ea9409,999d258f-dc9e-4e2e-be14-d6d118a5404d,2026-04-07,day,8.0
ac9966c3-b32b-4661-9d58-59bc6474b878,999d258f-dc9e-4e2e-be14-d6d118a5404d,2026-04-08,day,8.0
5538be6d-a41c-455f-8a4e-72628e12597a,999d258f-dc9e-4e2e-be14-d6d118a5404d,2026-04-09,day,8.0
fd313fe6-98d7-40f1-9515-36d3f8131cfc,999d258f-dc9e-4e2e-be14-d6d118a5404d,2026-04-10,day,8.0
d5c7a76d-0bfb-421c-ac09-ae77432f7d8f,999d258f-dc9e-4e2e-be14-d6d118a5404d,2026-04-11,day,8.5
ed21b84b-42cc-4b02-ba73-ce7129cc5084,999d258f-dc9e-4e2e-be14-d6d118a5404d,2026-04-13,day,8.0
781c7ab9-7ee4-4736-b8ec-3880ec400601,999d258f-dc9e-4e2e-be14-d6d118a5404d,2026-04-14,day,8.5
28158819-5d47-4380-936a-22061eccd5bb,999d258f-dc9e-4e2e-be14-d6d118a5404d,2026-04-15,night,10.0
fd53a3d9-afb1-47ec-a9bc-02183b8750c0,999d258f-dc9e-4e2e-be14-d6d118a5404d,2026-04-16,extended,13.3
f48b3479-786d-4ad0-84a1-1f0990c0b6bf,999d258f-dc9e-4e2e-be14-d6d118a5404d,2026-04-17,day,8.0
315bcdda-afd3-4e13-8506-3b83f044f988,999d258f-dc9e-4e2e-be14-d6d118a5404d,2026-04-20,day,8.0
a04aee57-e393-4547-8b06-50071b68051f,999d258f-dc9e-4e2e-be14-d6d118a5404d,2026-04-21,extended,14.4
d72cd1c4-bb4a-4b09-986d-dac215f44a29,999d258f-dc9e-4e2e-be14-d6d118a5404d,2026-04-22,day,8.0
cc23c60e-efa2-454d-bd45-9c6e6dc4504e,999d258f-dc9e-4e2e-be14-d6d118a5404d,2026-04-23,day,8.0
405c43db-31ea-458c-a8c8-5fde6d3e3a2a,999d258f-dc9e-4e2e-be14-d6d118a5404d,2026-04-24,day,8.5
98d4c1d5-0246-45ad-809d-b6f9534ef3fa,999d258f-dc9e-4e2e-be14-d6d118a5404d,2026-04-25,day,8.5
dbea41d2-fa2c-48b7-ac1a-2d83d2f63e07,999d258f-dc9e-4e2e-be14-d6d118a5404d,2026-04-27,day,8.0
2a8cc4b7-e251-4217-ae67-13cd0bbed75f,999d258f-dc9e-4e2e-be14-d6d118a5404d,2026-04-28,extended,14.2
2501bfe9-ace1-43f7-a779-38741f7c1146,999d258f-dc9e-4e2e-be14-d6d118a5404d,2026-04-29,night,12.0
be9c6f2a-6855-4c11-b2af-e0e86ab883fe,999d258f-dc9e-4e2e-be14-d6d118a5404d,2026-04-30,day,8.0
576ab10c-c5d6-4195-8b52-4fcfb64f9691,999d258f-dc9e-4e2e-be14-d6d118a5404d,2026-05-01,day,8.0
9db4cfb7-445a-4973-9939-ed108806fbd3,999d258f-dc9e-4e2e-be14-d6d118a5404d,2026-05-04,night,10.5
aaadf557-3ba3-4c55-be54-9e2ec31a191d,999d258f-dc9e-4e2e-be14-d6d118a5404d,2026-05-15,day,8.0
49251cc1-6eb0-445d-b27d-50d329aaeebd,999d258f-dc9e-4e2e-be14-d6d118a5404d,2026-05-18,day,8.0
c8b32bff-96c3-4348-81e7-e376184e0467,999d258f-dc9e-4e2e-be14-d6d118a5404d,2026-05-19,day,8.0
a4ba10e0-4ff3-4fe5-9a71-f116af966d45,999d258f-dc9e-4e2e-be14-d6d118a5404d,2026-05-20,night,10.5
39090777-39e8-431c-a1bc-fd42e0630688,999d258f-dc9e-4e2e-be14-d6d118a5404d,2026-05-21,day,8.0
467252fa-6636-4118-a09a-d0cf3d765fc0,999d258f-dc9e-4e2e-be14-d6d118a5404d,2026-05-22,extended,13.9
d5b15d87-4280-426e-b11f-2d5538b1c63c,999d258f-dc9e-4e2e-be14-d6d118a5404d,2026-05-23,night,10.0
929b720d-fbf1-45b6-9382-846deb0db5fd,999d258f-dc9e-4e2e-be14-d6d118a5404d,2026-05-25,day,8.0
aa2c197f-8188-4c15-a7fb-45f1c90b1877,999d258f-dc9e-4e2e-be14-d6d118a5404d,2026-05-26,day,8.0
7020da39-9a4d-441c-a0a3-4740fd5ca99f,999d258f-dc9e-4e2e-be14-d6d118a5404d,2026-05-27,day,8.0
a3b98465-d2c0-439a-a0e2-908f643c774d,999d258f-dc9e-4e2e-be14-d6d118a5404d,2026-05-28,night,10.0
b8adf9e8-1afa-4297-8ff8-1a541a09f617,999d258f-dc9e-4e2e-be14-d6d118a5404d,2026-05-29,extended,13.9
14bf4f6b-7b71-4b96-95ef-fa1c79aa7670,999d258f-dc9e-4e2e-be14-d6d118a5404d,2026-06-01,day,8.0
379116b6-a80a-4a8d-bacf-08315418c0bd,999d258f-dc9e-4e2e-be14-d6d118a5404d,2026-06-02,day,8.0
6bfdbf79-0282-4ed9-b1bc-a95b4e35248b,999d258f-dc9e-4e2e-be14-d6d118a5404d,2026-06-03,day,8.0
a9898922-c23a-4fd6-9a7d-8aaccbf24be9,999d258f-dc9e-4e2e-be14-d6d118a5404d,2026-06-04,day,9.0
ce7779ee-67b9-464c-aad8-32cdc89863df,999d258f-dc9e-4e2e-be14-d6d118a5404d,2026-06-05,day,8.5
782fe4c1-8205-4ea3-8a77-71e9815ea43d,999d258f-dc9e-4e2e-be14-d6d118a5404d,2026-06-08,day,8.5
5d42e2f3-36a9-4f21-a300-fd8dbdb63d10,999d258f-dc9e-4e2e-be14-d6d118a5404d,2026-06-09,day,8.0
5027b3d6-ba67-49c6-9028-99a2e0800be4,999d258f-dc9e-4e2e-be14-d6d118a5404d,2026-06-10,day,8.0
79aa9121-f8b8-487f-9ba7-14c66f3f86c4,999d258f-dc9e-4e2e-be14-d6d118a5404d,2026-06-11,day,8.0
61e42e1b-2935-4eeb-9db2-158074e3fc94,999d258f-dc9e-4e2e-be14-d6d118a5404d,2026-06-12,day,8.5
51cbc05e-ccf8-4fab-b994-3b3613a1fc87,999d258f-dc9e-4e2e-be14-d6d118a5404d,2026-06-14,day,8.0
fe5cf167-f1b1-4da2-b760-1b56efd6af5c,999d258f-dc9e-4e2e-be14-d6d118a5404d,2026-06-15,night,10.5
70d7c6ea-66e1-437a-a6d0-8193ad14f2eb,999d258f-dc9e-4e2e-be14-d6d118a5404d,2026-06-16,day,8.0
a02c1de8-3d30-4ce4-9df3-9a3a9fa161b7,999d258f-dc9e-4e2e-be14-d6d118a5404d,2026-06-17,extended,13.0
f9fd09a4-0527-4b5b-b004-85643f81577e,999d258f-dc9e-4e2e-be14-d6d118a5404d,2026-06-18,night,10.5
4ddf07d6-92c1-493c-8c48-264e2aba572f,999d258f-dc9e-4e2e-be14-d6d118a5404d,2026-06-19,night,10.0
e500a448-06cb-483e-adf9-382b3fa5325c,999d258f-dc9e-4e2e-be14-d6d118a5404d,2026-06-21,day,8.0
ca0c2f9f-27d8-4e65-83f1-2cca92220590,999d258f-dc9e-4e2e-be14-d6d118a5404d,2026-06-22,day,8.0
f874627f-ee24-4e29-9e9c-eae9f1451bb9,999d258f-dc9e-4e2e-be14-d6d118a5404d,2026-06-23,night,10.5
36668e15-8fe7-4d59-8c78-226ae46efce0,999d258f-dc9e-4e2e-be14-d6d118a5404d,2026-06-24,day,8.0
93f36a52-f3df-4e78-ad78-4d1d171b9ff3,999d258f-dc9e-4e2e-be14-d6d118a5404d,2026-06-25,day,8.5
bc257fff-da63-474a-84f1-3ee2a91a29f7,999d258f-dc9e-4e2e-be14-d6d118a5404d,2026-06-26,day,8.0
8ce52e51-15b4-4424-94bc-1dce8326b558,999d258f-dc9e-4e2e-be14-d6d118a5404d,2026-06-28,extended,15.0
33260b81-d4a3-4341-a80e-f5f0d7a25c93,999d258f-dc9e-4e2e-be14-d6d118a5404d,2026-06-29,day,8.0
768b5056-ac7a-4672-90c8-0c13174145ac,4494bc6e-3d0d-425e-8d18-b856f5e83356,2026-01-01,night,12.0
41e4e9a2-a009-4146-8c3d-34e9e187f3d1,4494bc6e-3d0d-425e-8d18-b856f5e83356,2026-01-02,day,9.0
5c7ecc28-3690-4d14-b858-2253ae3f47a2,4494bc6e-3d0d-425e-8d18-b856f5e83356,2026-01-05,day,8.0
0e0a52b2-e85d-4a6d-acdd-5c511a684ca1,4494bc6e-3d0d-425e-8d18-b856f5e83356,2026-01-06,extended,14.4
9b8be407-03b8-4b4f-91ad-165028a78498,4494bc6e-3d0d-425e-8d18-b856f5e83356,2026-01-07,day,8.0
a3fe1eae-dac3-44ee-9f20-d3a1ee0ce630,4494bc6e-3d0d-425e-8d18-b856f5e83356,2026-01-08,night,11.0
9a8a8b65-193e-4d1c-b97b-84a142c21024,4494bc6e-3d0d-425e-8d18-b856f5e83356,2026-01-09,day,9.0
fe6b936b-bef1-4334-ac29-cef75fbeb418,4494bc6e-3d0d-425e-8d18-b856f5e83356,2026-01-12,extended,14.0
87fae0de-aca3-43af-9e79-90b9244a6a9b,4494bc6e-3d0d-425e-8d18-b856f5e83356,2026-01-13,day,9.0
dca2d78f-5975-4de6-a936-a3456eb30d8e,4494bc6e-3d0d-425e-8d18-b856f5e83356,2026-01-14,day,8.0
22eaa5b6-a1fc-41cc-ac47-289ab9b01f07,4494bc6e-3d0d-425e-8d18-b856f5e83356,2026-01-15,day,8.0
00bceae5-9cb3-4e04-a126-f549d5c94fa6,4494bc6e-3d0d-425e-8d18-b856f5e83356,2026-01-16,night,10.0
109a9e4d-1028-4b83-982f-aecc536cd41b,4494bc6e-3d0d-425e-8d18-b856f5e83356,2026-01-19,day,8.0
8a163731-cf25-446f-9203-3fdb61231d06,4494bc6e-3d0d-425e-8d18-b856f5e83356,2026-01-20,day,9.0
2d6c04df-7401-444b-919f-97d98437fd2a,4494bc6e-3d0d-425e-8d18-b856f5e83356,2026-01-21,night,11.0
8a731cb9-4bcb-43b0-9836-d6ab4656d02d,4494bc6e-3d0d-425e-8d18-b856f5e83356,2026-01-22,day,8.5
15937d8b-9acf-400e-8bb0-a58b197d704d,4494bc6e-3d0d-425e-8d18-b856f5e83356,2026-01-23,day,8.0
9417ccac-0f00-4fdc-800b-ecc3daf1f498,4494bc6e-3d0d-425e-8d18-b856f5e83356,2026-01-26,night,10.0
8d055da7-36ef-4fb4-9328-353586958b28,4494bc6e-3d0d-425e-8d18-b856f5e83356,2026-01-27,day,9.0
38b6dbbc-7a9a-4c26-b480-7df4f91a99eb,4494bc6e-3d0d-425e-8d18-b856f5e83356,2026-01-28,day,9.0
de61bf4d-f92d-4653-ae0a-0d6e811f766a,4494bc6e-3d0d-425e-8d18-b856f5e83356,2026-01-29,night,10.0
e7b29b66-071b-448f-939c-405420a67e6d,4494bc6e-3d0d-425e-8d18-b856f5e83356,2026-01-30,extended,13.5
36062060-72aa-41bd-87b6-de1106d267d5,4494bc6e-3d0d-425e-8d18-b856f5e83356,2026-01-31,day,8.0
1b49642f-c5b1-499e-89d4-d0340f098c20,4494bc6e-3d0d-425e-8d18-b856f5e83356,2026-02-02,day,9.0
627edfd9-ab1d-4615-b93a-857b08873a37,4494bc6e-3d0d-425e-8d18-b856f5e83356,2026-02-03,day,8.5
f997d69b-af76-47bb-bb8e-d05d2be1ff20,4494bc6e-3d0d-425e-8d18-b856f5e83356,2026-02-04,day,9.0
a742133b-4728-468d-be05-1e38034ba26c,4494bc6e-3d0d-425e-8d18-b856f5e83356,2026-02-05,day,8.0
eea59b14-2634-4572-8c0a-994f59a3d540,4494bc6e-3d0d-425e-8d18-b856f5e83356,2026-02-06,day,8.0
0f00965d-24d3-4410-bf5f-1a4d8278b0c9,4494bc6e-3d0d-425e-8d18-b856f5e83356,2026-02-09,day,8.5
7a78510f-9915-423c-ba3a-997449a0ef11,4494bc6e-3d0d-425e-8d18-b856f5e83356,2026-02-10,day,8.0
f283fff2-e209-4038-aa2c-e779ebc9884d,4494bc6e-3d0d-425e-8d18-b856f5e83356,2026-02-11,day,8.5
f955f124-1e10-489f-9ea6-edf33c73c1b2,4494bc6e-3d0d-425e-8d18-b856f5e83356,2026-02-12,night,11.0
e57d5da1-5a84-4e85-a5de-071a65214f46,4494bc6e-3d0d-425e-8d18-b856f5e83356,2026-02-13,night,10.5
3806641a-898b-45ea-9ab9-16604dc3d908,4494bc6e-3d0d-425e-8d18-b856f5e83356,2026-02-16,day,9.0
e584f853-8bcd-4f98-90f2-0ce7e4a01f7c,4494bc6e-3d0d-425e-8d18-b856f5e83356,2026-02-17,night,12.0
3feff1a0-e40f-4087-9096-ef7843eb3e6d,4494bc6e-3d0d-425e-8d18-b856f5e83356,2026-02-18,night,10.0
9211b757-a371-48f0-9775-59d2d4086d28,4494bc6e-3d0d-425e-8d18-b856f5e83356,2026-02-19,day,8.0
ee3dd546-ecd3-44df-b7b6-277839244b55,4494bc6e-3d0d-425e-8d18-b856f5e83356,2026-02-20,day,8.0
dff68a56-949f-4eac-9865-053aacfe8a0b,4494bc6e-3d0d-425e-8d18-b856f5e83356,2026-02-23,day,8.0
692a2176-2894-4b12-a660-d17b0609fbe4,4494bc6e-3d0d-425e-8d18-b856f5e83356,2026-02-24,night,10.0
dfc5d724-7543-46f1-afec-1e7135c934a0,4494bc6e-3d0d-425e-8d18-b856f5e83356,2026-02-25,night,10.5
5bb2a9f6-6645-45fc-8f24-50f3f4c16531,4494bc6e-3d0d-425e-8d18-b856f5e83356,2026-02-26,night,11.0
ac05334f-28c4-4e5d-ad04-6be3e30cd8ae,4494bc6e-3d0d-425e-8d18-b856f5e83356,2026-02-27,day,8.0
78138bae-07f8-4a5f-ab83-44aaffb49a4c,4494bc6e-3d0d-425e-8d18-b856f5e83356,2026-02-28,night,10.0
42ef75cb-be96-4f8b-9105-51cdd13f4406,4494bc6e-3d0d-425e-8d18-b856f5e83356,2026-03-01,day,8.0
c58107d9-f91f-4228-8d3f-0b5cde2deb01,4494bc6e-3d0d-425e-8d18-b856f5e83356,2026-03-02,day,8.0
9845c300-905f-41c1-a431-dc26ed9eee9c,4494bc6e-3d0d-425e-8d18-b856f5e83356,2026-03-03,night,10.0
e978879e-7ca8-421d-9ab4-7cb3f79dbd8f,4494bc6e-3d0d-425e-8d18-b856f5e83356,2026-03-04,night,10.0
8829d79f-4328-4af9-9d01-b9ec57aa46bb,4494bc6e-3d0d-425e-8d18-b856f5e83356,2026-03-05,night,10.0
2b9b02ca-7d1f-4c7e-b172-f0d6d08141f4,4494bc6e-3d0d-425e-8d18-b856f5e83356,2026-03-06,night,10.5
146c3239-c07f-43e6-82e6-ca90f332bb07,4494bc6e-3d0d-425e-8d18-b856f5e83356,2026-03-09,day,8.5
f88ab3e0-634b-4d8e-abfb-99a82461b102,4494bc6e-3d0d-425e-8d18-b856f5e83356,2026-03-10,day,8.0
f89e55a8-a784-40f2-a01c-42566b04f91b,4494bc6e-3d0d-425e-8d18-b856f5e83356,2026-03-11,day,8.5
54cd16c1-7d2f-4dcf-a467-8681f9594c6c,4494bc6e-3d0d-425e-8d18-b856f5e83356,2026-03-12,day,9.0
d8be58bb-0cbc-423c-9a81-fa79f5f74683,4494bc6e-3d0d-425e-8d18-b856f5e83356,2026-03-13,extended,14.7
963e367a-0066-43e1-9975-7c65511f7683,4494bc6e-3d0d-425e-8d18-b856f5e83356,2026-03-16,day,8.0
2d66497d-3057-458c-b3aa-c1dc26b8a127,4494bc6e-3d0d-425e-8d18-b856f5e83356,2026-03-17,day,8.0
9fca8674-b95b-4d55-a1a4-12936430f0a3,4494bc6e-3d0d-425e-8d18-b856f5e83356,2026-03-18,day,8.5
416fd628-4cf6-4213-8125-b78c336bd765,4494bc6e-3d0d-425e-8d18-b856f5e83356,2026-03-19,day,8.0
df5b7fdf-3a38-4f55-a6ce-6a3a609d8959,4494bc6e-3d0d-425e-8d18-b856f5e83356,2026-03-20,day,8.0
f6b3a804-b187-4e5c-a50c-13ef10f6b815,4494bc6e-3d0d-425e-8d18-b856f5e83356,2026-03-21,day,8.0
3c9b63a9-33d1-4ab3-b030-209338748143,4494bc6e-3d0d-425e-8d18-b856f5e83356,2026-03-22,day,8.0
1e1fc6e6-b5ba-4d19-b549-a55422671c8d,4494bc6e-3d0d-425e-8d18-b856f5e83356,2026-03-23,day,8.0
3f5bdab2-b044-4388-945d-d9fb0494d75b,4494bc6e-3d0d-425e-8d18-b856f5e83356,2026-03-24,night,12.0
a20dcf2f-9c31-402c-b0bd-7f2006ef06de,4494bc6e-3d0d-425e-8d18-b856f5e83356,2026-03-25,day,8.5
513207f5-2e3c-4b55-a6f9-80346b6dce31,4494bc6e-3d0d-425e-8d18-b856f5e83356,2026-03-26,extended,13.9
755f61ba-d87d-4411-9507-6f5146887afb,4494bc6e-3d0d-425e-8d18-b856f5e83356,2026-03-27,night,12.0
ad837123-7791-497b-9c74-f3b9b24bdc9d,4494bc6e-3d0d-425e-8d18-b856f5e83356,2026-03-28,day,8.5
a5c7dd98-b11f-48a5-978e-fc10aa8c71cf,4494bc6e-3d0d-425e-8d18-b856f5e83356,2026-03-29,night,10.0
5ba070d1-2a5e-4b76-ac39-5a70dba8cb5d,4494bc6e-3d0d-425e-8d18-b856f5e83356,2026-03-30,night,10.0
8cecab58-02ae-46ac-a6b2-52a39f294afa,4494bc6e-3d0d-425e-8d18-b856f5e83356,2026-03-31,day,8.0
e1eddbd8-45c2-4f85-839a-dd0fc52e0eda,4494bc6e-3d0d-425e-8d18-b856f5e83356,2026-04-01,day,8.5
49e527e5-c68a-4ee4-adfa-625e8188a630,4494bc6e-3d0d-425e-8d18-b856f5e83356,2026-04-02,night,10.5
6cea1402-c282-4b8e-a62c-f357f5b36ce7,4494bc6e-3d0d-425e-8d18-b856f5e83356,2026-04-03,extended,15.1
2b388f6f-b996-4a6f-bcfc-cc87d7445dfd,4494bc6e-3d0d-425e-8d18-b856f5e83356,2026-04-04,day,8.0
9762543c-f57b-4ce6-89d1-088402493145,4494bc6e-3d0d-425e-8d18-b856f5e83356,2026-04-05,day,9.0
26979184-8392-447e-b109-8f9ac5b9265d,4494bc6e-3d0d-425e-8d18-b856f5e83356,2026-04-06,day,8.0
368507af-cf73-4334-af45-3f22d342992e,4494bc6e-3d0d-425e-8d18-b856f5e83356,2026-04-07,extended,13.7
bee34c98-7d91-414e-9d98-9a27366175f7,4494bc6e-3d0d-425e-8d18-b856f5e83356,2026-04-08,extended,14.7
721b6a7d-a392-4010-afca-005e8482258b,4494bc6e-3d0d-425e-8d18-b856f5e83356,2026-04-09,day,8.0
3de9b427-6fc3-4ebd-9b14-b76af299b8b3,4494bc6e-3d0d-425e-8d18-b856f5e83356,2026-04-10,extended,13.7
4d978d4d-0374-495c-898d-ec624beeddb4,4494bc6e-3d0d-425e-8d18-b856f5e83356,2026-04-11,day,8.0
d7115553-e9ad-4a09-be97-444652e21a57,4494bc6e-3d0d-425e-8d18-b856f5e83356,2026-04-12,day,8.0
28fb5cfd-ab90-4948-bd3f-3f5cabc18576,4494bc6e-3d0d-425e-8d18-b856f5e83356,2026-04-13,extended,14.4
a9c1c825-89a0-40bb-9fba-9244c8d2a669,4494bc6e-3d0d-425e-8d18-b856f5e83356,2026-04-14,night,10.5
9cf17ca4-31b4-42e3-9e11-dbe95a4ade03,4494bc6e-3d0d-425e-8d18-b856f5e83356,2026-04-15,day,8.0
dda2f340-9b08-41fc-a883-768f8b58b117,4494bc6e-3d0d-425e-8d18-b856f5e83356,2026-04-16,day,8.0
dba6e903-9a83-4f9e-a01e-f7f85a411323,4494bc6e-3d0d-425e-8d18-b856f5e83356,2026-04-17,day,8.5
2c44a547-06a2-4c90-9b15-7d387c5b2495,4494bc6e-3d0d-425e-8d18-b856f5e83356,2026-04-18,day,8.0
e38143ad-1c17-46d3-9cfd-d05898cd256c,4494bc6e-3d0d-425e-8d18-b856f5e83356,2026-04-19,day,9.5
d2e84092-6827-42c1-ab38-c941c0c0e2f7,4494bc6e-3d0d-425e-8d18-b856f5e83356,2026-04-20,day,8.0
96531d43-045e-4dd3-a6e0-97feb02e26e3,4494bc6e-3d0d-425e-8d18-b856f5e83356,2026-04-21,night,10.5
6eb90cd4-b51b-4770-b759-3b404f9e7563,4494bc6e-3d0d-425e-8d18-b856f5e83356,2026-04-22,night,10.0
a30410f3-9662-4e9f-8d7c-9e53261cc8c7,4494bc6e-3d0d-425e-8d18-b856f5e83356,2026-04-23,night,10.0
d4ccd484-2255-4ced-91cf-94395aa4bd5c,4494bc6e-3d0d-425e-8d18-b856f5e83356,2026-04-24,day,8.0
882d3504-e0e6-4d17-9fc1-35c4ff540b15,4494bc6e-3d0d-425e-8d18-b856f5e83356,2026-04-25,day,8.0
2bb3c269-639a-4455-95c9-0b0dee0051bd,4494bc6e-3d0d-425e-8d18-b856f5e83356,2026-04-26,day,9.0
153284d9-dc85-45e6-b7ff-6cb36d7db9ec,4494bc6e-3d0d-425e-8d18-b856f5e83356,2026-04-27,night,10.0
6c2679f2-cdd8-4b37-9fba-372543e91a4d,4494bc6e-3d0d-425e-8d18-b856f5e83356,2026-04-28,extended,15.2
6a2fd4e0-1943-4064-a54d-3ace034587fe,4494bc6e-3d0d-425e-8d18-b856f5e83356,2026-04-29,day,8.5
c792d6bb-3729-4a3b-8528-5366b523fca4,4494bc6e-3d0d-425e-8d18-b856f5e83356,2026-04-30,night,10.0
db2aac96-4d92-42e8-bc6c-70934bc719e8,4494bc6e-3d0d-425e-8d18-b856f5e83356,2026-05-01,extended,14.0
7b938ddf-689f-4719-95bf-640b7504cb9b,4494bc6e-3d0d-425e-8d18-b856f5e83356,2026-05-02,night,11.0
34d3f003-2c65-4b40-847e-a4eac20ae864,4494bc6e-3d0d-425e-8d18-b856f5e83356,2026-05-03,day,8.0
1dbd351f-4243-40ca-885c-8902d1e294d6,4494bc6e-3d0d-425e-8d18-b856f5e83356,2026-05-04,day,8.0
4bd59570-8518-4d09-a88b-a2c45ec9848e,4494bc6e-3d0d-425e-8d18-b856f5e83356,2026-05-05,day,8.0
0192b9fb-0be8-4087-89ea-81ce9f34e493,4494bc6e-3d0d-425e-8d18-b856f5e83356,2026-05-06,day,8.0
0379dc8f-2b77-456b-91d8-fdb7e44518d6,4494bc6e-3d0d-425e-8d18-b856f5e83356,2026-05-07,night,11.0
acfd2c18-3ce9-4424-b0d0-e7b727e259d2,4494bc6e-3d0d-425e-8d18-b856f5e83356,2026-05-08,day,8.5
00e46971-3fd0-4361-b335-4eb1362819da,4494bc6e-3d0d-425e-8d18-b856f5e83356,2026-05-09,day,8.5
d49f8d09-7f3b-4d4b-a26a-4119bf1887e1,4494bc6e-3d0d-425e-8d18-b856f5e83356,2026-05-10,day,8.0
33065240-8c9a-429f-b3c6-1280244d0a75,4494bc6e-3d0d-425e-8d18-b856f5e83356,2026-05-11,extended,15.8
f39c18af-6d3c-48da-952b-3de8351e76e3,4494bc6e-3d0d-425e-8d18-b856f5e83356,2026-05-12,extended,14.6
553bad5f-96e1-44fa-b389-d4be485dafba,4494bc6e-3d0d-425e-8d18-b856f5e83356,2026-05-13,day,8.0
2fcd8189-2c51-4d5d-a13c-6e9863d2f74a,4494bc6e-3d0d-425e-8d18-b856f5e83356,2026-05-14,day,9.5
27f21ab5-f6ea-470c-ab98-ed0590e2a1cf,4494bc6e-3d0d-425e-8d18-b856f5e83356,2026-05-15,night,10.0
dd15592b-9b94-46c0-8cab-96aa3fb7d190,4494bc6e-3d0d-425e-8d18-b856f5e83356,2026-05-16,extended,14.1
d5d89dbb-0861-42f2-9a75-7a814f57fcb6,4494bc6e-3d0d-425e-8d18-b856f5e83356,2026-05-17,day,8.0
1fc1d07b-18c2-4ad4-b8b0-ec03a2305093,4494bc6e-3d0d-425e-8d18-b856f5e83356,2026-05-18,night,10.0
c12a1b01-b082-4e39-a129-2621dbe0b136,4494bc6e-3d0d-425e-8d18-b856f5e83356,2026-05-19,day,8.0
c3254dd6-f3d4-42a7-bd39-94541e243527,4494bc6e-3d0d-425e-8d18-b856f5e83356,2026-05-20,day,8.0
8dac410b-1d20-4d3a-a9aa-8d59c7573f1d,4494bc6e-3d0d-425e-8d18-b856f5e83356,2026-05-21,extended,14.5
82d9a018-4a72-403b-ad86-672fec03153b,4494bc6e-3d0d-425e-8d18-b856f5e83356,2026-05-22,day,8.5
bd018677-8c71-4029-af70-6f142646ce4e,4494bc6e-3d0d-425e-8d18-b856f5e83356,2026-05-25,day,8.0
77d915e1-8fe5-4532-aba7-f64545cfb953,4494bc6e-3d0d-425e-8d18-b856f5e83356,2026-05-26,day,9.0
b9b12452-3cef-46ec-bf0a-bc2b0bc933c2,4494bc6e-3d0d-425e-8d18-b856f5e83356,2026-05-27,night,11.0
3c77c136-d6db-4b43-8663-82708333c2e5,4494bc6e-3d0d-425e-8d18-b856f5e83356,2026-05-28,day,8.0
93cd9b3e-2f70-4dbd-b558-f4a4b20a7fb2,4494bc6e-3d0d-425e-8d18-b856f5e83356,2026-05-29,day,8.0
1b79425a-3e6b-4a4c-a1cd-14cfdd59dcdd,4494bc6e-3d0d-425e-8d18-b856f5e83356,2026-05-30,extended,15.7
a43613a5-b68b-4516-9178-07d13c087ea3,4494bc6e-3d0d-425e-8d18-b856f5e83356,2026-05-31,night,10.0
59d74a96-cc06-4922-a1db-b2bb2653ea87,4494bc6e-3d0d-425e-8d18-b856f5e83356,2026-06-01,day,9.5
11565a93-2b98-4385-bce3-67f6ff3a48c2,4494bc6e-3d0d-425e-8d18-b856f5e83356,2026-06-02,extended,15.0
38f8b053-cc59-4491-876e-c7f1ace77dac,4494bc6e-3d0d-425e-8d18-b856f5e83356,2026-06-03,day,8.0
a3a8aad0-59e3-4ad9-9b1e-0e61bb1f02aa,4494bc6e-3d0d-425e-8d18-b856f5e83356,2026-06-04,day,8.0
80b470d8-c37b-4be5-8016-cf92380be4ca,4494bc6e-3d0d-425e-8d18-b856f5e83356,2026-06-05,day,8.5
78c19809-20b3-46f3-baad-79242d2913bc,4494bc6e-3d0d-425e-8d18-b856f5e83356,2026-06-07,day,8.0
fc33e06b-a2ce-4138-b58c-47b1b263cb64,4494bc6e-3d0d-425e-8d18-b856f5e83356,2026-06-08,day,8.0
1565ff68-aa06-4138-9917-194cdc5ecab3,4494bc6e-3d0d-425e-8d18-b856f5e83356,2026-06-09,extended,15.0
6d19b032-9d1b-4763-beb4-5bd0a3d74846,4494bc6e-3d0d-425e-8d18-b856f5e83356,2026-06-10,day,9.0
1cca2c89-a54a-4eb2-b959-1d0c3c3a1276,4494bc6e-3d0d-425e-8d18-b856f5e83356,2026-06-11,day,8.0
178471be-619b-4576-b58b-929700513b14,4494bc6e-3d0d-425e-8d18-b856f5e83356,2026-06-12,day,8.5
1f7f2a3b-ba71-44e0-a8ec-7a9609be84b1,4494bc6e-3d0d-425e-8d18-b856f5e83356,2026-06-14,day,8.0
745fa4f9-4247-402a-8140-e2d62bfe1628,4494bc6e-3d0d-425e-8d18-b856f5e83356,2026-06-15,night,10.5
6cceba6f-a2e8-41cb-b00f-977f6bcdaa30,4494bc6e-3d0d-425e-8d18-b856f5e83356,2026-06-16,day,8.0
8f859a8a-a51b-47f6-b280-8a5d92b76e23,4494bc6e-3d0d-425e-8d18-b856f5e83356,2026-06-17,day,8.0
f92b3a03-3b94-4f3a-b7b4-40ab34c44113,4494bc6e-3d0d-425e-8d18-b856f5e83356,2026-06-18,day,8.0
8c505b37-c165-48d4-988a-833e9a840d11,4494bc6e-3d0d-425e-8d18-b856f5e83356,2026-06-19,day,8.0
8e07936a-8cef-4dda-8b7e-55370647d62e,4494bc6e-3d0d-425e-8d18-b856f5e83356,2026-06-22,day,8.0
597c57dc-935a-4219-8c4a-2aec9c87c0e7,4494bc6e-3d0d-425e-8d18-b856f5e83356,2026-06-23,extended,14.3
b5744cf6-fb05-43e4-9b1c-6b778b71da4f,4494bc6e-3d0d-425e-8d18-b856f5e83356,2026-06-24,day,8.0
34499355-9251-4543-b64b-98c380a34aed,4494bc6e-3d0d-425e-8d18-b856f5e83356,2026-06-25,day,8.0
ff9c7290-afda-452b-ba0c-104d6742f692,4494bc6e-3d0d-425e-8d18-b856f5e83356,2026-06-26,day,8.5
dcf41055-694d-47d7-b1eb-b50fd30e8e51,4494bc6e-3d0d-425e-8d18-b856f5e83356,2026-06-27,day,8.0
007bf3a4-ac29-4d6b-837b-c1acd1e52367,4494bc6e-3d0d-425e-8d18-b856f5e83356,2026-06-29,extended,14.3
dedd7d2e-ec28-47e6-99b9-e3e20b6d3b61,496c28eb-4211-4e2e-81d0-a22d9bc59ef8,2026-01-01,night,11.0
f07b1e7f-192e-4f67-bdd8-a9e6bfcc0a8b,496c28eb-4211-4e2e-81d0-a22d9bc59ef8,2026-01-02,day,8.0
24d4bc31-3fe1-43d7-9d9f-e52aabc852e3,496c28eb-4211-4e2e-81d0-a22d9bc59ef8,2026-01-04,day,8.5
db776889-b4ce-43b7-8a88-86d496008582,496c28eb-4211-4e2e-81d0-a22d9bc59ef8,2026-01-05,day,8.0
fd243fdd-1b85-4261-a9bc-729108e504f0,496c28eb-4211-4e2e-81d0-a22d9bc59ef8,2026-01-06,day,8.0
d7c07c1e-40e6-4465-b1e4-28a82bcea1fd,496c28eb-4211-4e2e-81d0-a22d9bc59ef8,2026-01-07,night,10.0
b37129fa-f71d-487f-8007-c548282a5ed5,496c28eb-4211-4e2e-81d0-a22d9bc59ef8,2026-01-08,extended,13.6
bdf2bd9d-a827-4723-851d-ca353d3f95d2,496c28eb-4211-4e2e-81d0-a22d9bc59ef8,2026-01-09,day,8.0
19d5abd7-faae-4db1-b750-b6be60d1b1f8,496c28eb-4211-4e2e-81d0-a22d9bc59ef8,2026-01-11,day,8.5
049dafa0-5c97-40cf-a5cb-66c17dbe1187,496c28eb-4211-4e2e-81d0-a22d9bc59ef8,2026-01-12,night,10.0
2d264326-3b8d-4f35-949d-04b6e5d4e69e,496c28eb-4211-4e2e-81d0-a22d9bc59ef8,2026-01-13,day,8.0
cf7b63e7-b77c-43ab-aa32-c35b8c951365,496c28eb-4211-4e2e-81d0-a22d9bc59ef8,2026-01-14,day,9.0
cde81182-b019-40eb-83d4-f721ec9e8310,496c28eb-4211-4e2e-81d0-a22d9bc59ef8,2026-01-15,day,8.0
967958cd-6d01-4061-9c14-5ddb3bb4a616,496c28eb-4211-4e2e-81d0-a22d9bc59ef8,2026-01-16,day,8.0
92e9fee1-61bd-4f7b-bb4e-04e94b1ad0fe,496c28eb-4211-4e2e-81d0-a22d9bc59ef8,2026-01-19,day,8.0
1980fd0d-6dca-4b22-ae53-7886a3fc57f0,496c28eb-4211-4e2e-81d0-a22d9bc59ef8,2026-01-20,day,8.0
08d7cdaf-1e64-45f6-9414-122e34906d9d,496c28eb-4211-4e2e-81d0-a22d9bc59ef8,2026-01-21,night,10.5
5419fbed-8031-4e5f-9446-defb0b52a37d,496c28eb-4211-4e2e-81d0-a22d9bc59ef8,2026-01-22,day,8.0
982f9f10-86b2-478d-981a-eb02187096c4,496c28eb-4211-4e2e-81d0-a22d9bc59ef8,2026-01-23,day,8.0
2f6bc0ad-b8ec-41f1-8449-9f106bf57226,496c28eb-4211-4e2e-81d0-a22d9bc59ef8,2026-01-26,day,8.0
b08711b8-bf77-4ad3-a588-e429c1e0f8de,496c28eb-4211-4e2e-81d0-a22d9bc59ef8,2026-01-27,day,8.0
26fcd24b-eee7-4194-892d-ea974fe5445c,496c28eb-4211-4e2e-81d0-a22d9bc59ef8,2026-01-28,day,8.0
30c0dc75-52df-41bf-bcb4-edd4452b1077,496c28eb-4211-4e2e-81d0-a22d9bc59ef8,2026-01-29,night,10.0
05f2b1cf-f56b-4cff-b002-af8392def599,496c28eb-4211-4e2e-81d0-a22d9bc59ef8,2026-01-30,day,9.0
dc8ce8be-6805-4e4f-bf8d-eeacb0f3493d,496c28eb-4211-4e2e-81d0-a22d9bc59ef8,2026-02-02,extended,14.3
be1ea058-895b-40cb-89cf-cd5b086a0427,496c28eb-4211-4e2e-81d0-a22d9bc59ef8,2026-02-03,day,9.0
65831d0e-22f0-47ce-b6c7-2806262e26ee,496c28eb-4211-4e2e-81d0-a22d9bc59ef8,2026-02-04,day,8.5
7d2513d0-085a-464f-bf18-a395009ae379,496c28eb-4211-4e2e-81d0-a22d9bc59ef8,2026-02-05,night,12.0
1d7bd84b-d41f-458e-add1-ed76c1a486ad,496c28eb-4211-4e2e-81d0-a22d9bc59ef8,2026-02-06,day,8.5
92729643-0cd0-482f-b521-d1089091769e,496c28eb-4211-4e2e-81d0-a22d9bc59ef8,2026-02-07,extended,15.0
58981fa4-d6f8-4963-a93c-5046332ad7bd,496c28eb-4211-4e2e-81d0-a22d9bc59ef8,2026-02-09,day,8.0
d68ac762-de17-4071-97db-942cf2c0200d,496c28eb-4211-4e2e-81d0-a22d9bc59ef8,2026-02-10,day,8.0
3971a056-f863-4da3-981e-dab971e614f8,496c28eb-4211-4e2e-81d0-a22d9bc59ef8,2026-02-11,day,8.5
4d94807b-60e7-44d5-a38c-5eb29af69624,496c28eb-4211-4e2e-81d0-a22d9bc59ef8,2026-02-12,night,10.0
fddccf03-74b5-43b4-9c4a-2da1619f2a3f,496c28eb-4211-4e2e-81d0-a22d9bc59ef8,2026-02-13,day,8.0
e7a22619-2a01-4bf3-8288-3014f8556b59,496c28eb-4211-4e2e-81d0-a22d9bc59ef8,2026-02-14,night,10.5
7e7555bb-83f9-428e-8a23-0a28463d842e,496c28eb-4211-4e2e-81d0-a22d9bc59ef8,2026-02-16,day,8.0
3619fcd1-a584-4ae6-aa10-bc99465a92b9,496c28eb-4211-4e2e-81d0-a22d9bc59ef8,2026-02-17,day,8.0
5495d990-8ba0-4028-9959-0a8e8564097f,496c28eb-4211-4e2e-81d0-a22d9bc59ef8,2026-02-18,day,9.0
a2abf611-2b7e-483b-b42e-d56dc6cb5d9b,496c28eb-4211-4e2e-81d0-a22d9bc59ef8,2026-02-19,night,10.0
3e8cff5c-6792-458d-a6ac-b0002e5ab616,496c28eb-4211-4e2e-81d0-a22d9bc59ef8,2026-02-20,day,8.0
f3cab024-cc2f-48f2-8132-c1fb8f6eacc0,496c28eb-4211-4e2e-81d0-a22d9bc59ef8,2026-02-21,extended,15.1
64af0b52-3e57-4d85-8120-309e1056d121,496c28eb-4211-4e2e-81d0-a22d9bc59ef8,2026-02-22,night,10.0
872f709b-cd08-43f3-805c-582c1b869d45,496c28eb-4211-4e2e-81d0-a22d9bc59ef8,2026-02-23,night,10.5
add53a3a-799d-4a87-90fc-0478758370ab,496c28eb-4211-4e2e-81d0-a22d9bc59ef8,2026-02-24,extended,14.0
b61e89f1-b564-4e34-b1a7-e96be2f3132c,496c28eb-4211-4e2e-81d0-a22d9bc59ef8,2026-02-25,day,8.0
b87374c5-8e3f-4376-b648-e29024311b30,496c28eb-4211-4e2e-81d0-a22d9bc59ef8,2026-02-26,extended,15.2
f346a8c5-299f-42ad-9548-81954af9ba53,496c28eb-4211-4e2e-81d0-a22d9bc59ef8,2026-02-27,night,11.0
d86e8846-1a2e-4669-94cf-0831d4b0e1d4,496c28eb-4211-4e2e-81d0-a22d9bc59ef8,2026-03-02,day,8.0
54c5be5f-a826-40c1-8f8d-a594bf5d37aa,496c28eb-4211-4e2e-81d0-a22d9bc59ef8,2026-03-03,day,8.0
a8cd8ccd-b7e5-44ca-99e4-217d0a84df5d,496c28eb-4211-4e2e-81d0-a22d9bc59ef8,2026-03-04,night,10.0
e1a4192e-a8fb-43b9-9c7c-0b7ab58e57b1,496c28eb-4211-4e2e-81d0-a22d9bc59ef8,2026-03-05,day,8.0
201ba498-85ba-4741-bd38-3dc6d02348d9,496c28eb-4211-4e2e-81d0-a22d9bc59ef8,2026-03-06,day,8.0
c476df29-7576-42cd-a3ac-1afba0bda784,496c28eb-4211-4e2e-81d0-a22d9bc59ef8,2026-03-09,night,12.0
d8537ca6-c297-4662-bfaf-6c22bf83e259,496c28eb-4211-4e2e-81d0-a22d9bc59ef8,2026-03-10,night,10.5
4093f609-2d55-4d03-baad-15a21d15626b,496c28eb-4211-4e2e-81d0-a22d9bc59ef8,2026-03-11,night,10.5
2a7e585c-3584-4cd4-86b5-8d8647be6171,496c28eb-4211-4e2e-81d0-a22d9bc59ef8,2026-03-12,day,8.0
1316e56e-b175-4529-a974-8d588403b340,496c28eb-4211-4e2e-81d0-a22d9bc59ef8,2026-03-13,day,9.0
c14da645-df3f-45d2-bc13-fe80c900f4d3,496c28eb-4211-4e2e-81d0-a22d9bc59ef8,2026-03-15,day,8.5
d51466aa-1948-4b4e-bf76-c73225ba9f43,496c28eb-4211-4e2e-81d0-a22d9bc59ef8,2026-03-16,day,8.0
e3194dbe-56f6-4929-94be-0b7b5e1d9d6f,496c28eb-4211-4e2e-81d0-a22d9bc59ef8,2026-03-17,day,9.0
ab069146-136a-4e3e-9aa7-5d3e084af423,496c28eb-4211-4e2e-81d0-a22d9bc59ef8,2026-03-18,day,8.0
66a1f206-55b8-406b-9636-2e1a30ab1a1d,496c28eb-4211-4e2e-81d0-a22d9bc59ef8,2026-03-19,extended,15.1
1e0fcb18-389f-4879-b661-48d1af8e959a,496c28eb-4211-4e2e-81d0-a22d9bc59ef8,2026-03-20,day,8.0
7d45ab09-7187-405e-99b7-e18eef117a0f,496c28eb-4211-4e2e-81d0-a22d9bc59ef8,2026-03-23,day,8.5
a1b25524-805d-48cd-ac38-c34fb113fa40,496c28eb-4211-4e2e-81d0-a22d9bc59ef8,2026-03-24,day,9.5
1afec90d-6c3a-4a3a-8ec3-eed886f29af5,496c28eb-4211-4e2e-81d0-a22d9bc59ef8,2026-03-25,day,9.0
e618107d-1c27-406f-8b5e-5a672e8f81a8,496c28eb-4211-4e2e-81d0-a22d9bc59ef8,2026-03-26,day,8.0
10095f45-766b-4cf8-a329-928408df0185,496c28eb-4211-4e2e-81d0-a22d9bc59ef8,2026-03-27,day,9.0
d0cb1d27-1359-409e-9d00-df69deaeee87,496c28eb-4211-4e2e-81d0-a22d9bc59ef8,2026-03-28,night,11.0
3d46c021-2b4e-4261-b624-4254ab6e3ad0,496c28eb-4211-4e2e-81d0-a22d9bc59ef8,2026-03-30,night,10.0
98846393-1fbc-45c1-af97-c35d842106fe,496c28eb-4211-4e2e-81d0-a22d9bc59ef8,2026-03-31,day,9.0
1f6506c5-a245-4668-87c6-7f06546d52f8,496c28eb-4211-4e2e-81d0-a22d9bc59ef8,2026-04-01,day,8.0
8a07aee9-962e-4141-95cd-ef2a901b03bd,496c28eb-4211-4e2e-81d0-a22d9bc59ef8,2026-04-02,day,8.0
8e50d96d-39b3-4da3-ac4b-f566d8631fc6,496c28eb-4211-4e2e-81d0-a22d9bc59ef8,2026-04-03,day,9.0
12d3a23d-2048-4d84-bade-267db3db4fa0,496c28eb-4211-4e2e-81d0-a22d9bc59ef8,2026-04-04,day,8.0
c4e19aac-7dbb-4ac5-b6e0-5d56316e4830,496c28eb-4211-4e2e-81d0-a22d9bc59ef8,2026-04-06,night,10.5
6aa81bc8-1660-4d12-a5ea-5a46f45e5c5b,496c28eb-4211-4e2e-81d0-a22d9bc59ef8,2026-04-07,day,8.0
051e82dd-86ef-4a30-b2d1-a5f7d4493a04,496c28eb-4211-4e2e-81d0-a22d9bc59ef8,2026-04-08,day,8.0
d36c253e-bd75-478b-8511-51ff284210f0,496c28eb-4211-4e2e-81d0-a22d9bc59ef8,2026-04-09,day,9.0
a0926d51-c88c-4b99-979b-43d68a4b8511,496c28eb-4211-4e2e-81d0-a22d9bc59ef8,2026-04-10,day,8.0
cb0fe9fe-8986-4fa4-996e-740498ff78f4,496c28eb-4211-4e2e-81d0-a22d9bc59ef8,2026-04-13,day,9.0
52cf1749-5c2a-4cf4-93a3-2c45794ba406,496c28eb-4211-4e2e-81d0-a22d9bc59ef8,2026-04-14,day,8.0
7f644203-a651-4158-a952-c4bcc04db82a,496c28eb-4211-4e2e-81d0-a22d9bc59ef8,2026-04-15,day,8.0
0b3ad5de-f3ca-4e34-b4cb-a09d7d3253bf,496c28eb-4211-4e2e-81d0-a22d9bc59ef8,2026-04-16,day,8.0
e4468053-7736-4699-bf64-32cb7cbda4ee,496c28eb-4211-4e2e-81d0-a22d9bc59ef8,2026-04-17,day,8.0
604dd199-ff62-41ec-94df-c6cef999f09c,496c28eb-4211-4e2e-81d0-a22d9bc59ef8,2026-05-03,day,8.0
6e593489-2b68-4bac-a46a-eb3bcf8b4460,496c28eb-4211-4e2e-81d0-a22d9bc59ef8,2026-05-04,day,9.0
4f6970fa-b3ba-4981-87df-787fd30e7bf1,496c28eb-4211-4e2e-81d0-a22d9bc59ef8,2026-05-05,day,8.0
22413ef7-d93e-4442-aba9-2447ac9b9303,496c28eb-4211-4e2e-81d0-a22d9bc59ef8,2026-05-06,day,8.0
fd3e5aa4-d30b-4c73-9d5a-01b06b41e1ed,496c28eb-4211-4e2e-81d0-a22d9bc59ef8,2026-05-07,day,8.0
db4efa55-4ffd-4919-a974-f31b1a374516,496c28eb-4211-4e2e-81d0-a22d9bc59ef8,2026-05-08,day,8.0
84abdf07-3709-4cf5-a266-df5f3214066d,496c28eb-4211-4e2e-81d0-a22d9bc59ef8,2026-05-09,day,8.0
81401bed-4da3-4862-baec-071861f39fc2,496c28eb-4211-4e2e-81d0-a22d9bc59ef8,2026-05-11,day,9.5
294da29f-f98d-4dad-a38e-d29f784c21fc,496c28eb-4211-4e2e-81d0-a22d9bc59ef8,2026-05-12,day,8.5
6077ca36-ec0c-4c57-98c0-f4167d2deb8b,496c28eb-4211-4e2e-81d0-a22d9bc59ef8,2026-05-13,night,10.0
84533fbc-f929-409f-9508-0cf23166b357,496c28eb-4211-4e2e-81d0-a22d9bc59ef8,2026-05-14,day,8.0
7eaa83b9-0a33-4f62-bfdd-fe6142709250,496c28eb-4211-4e2e-81d0-a22d9bc59ef8,2026-05-15,day,8.5
03ee5874-5e53-4f19-9632-bd2b3cce0090,496c28eb-4211-4e2e-81d0-a22d9bc59ef8,2026-05-16,day,8.0
285863b2-8f89-4594-9e58-687ed91ca243,496c28eb-4211-4e2e-81d0-a22d9bc59ef8,2026-05-18,extended,14.8
1485b506-e752-4e4f-84be-ebbd066f71b3,496c28eb-4211-4e2e-81d0-a22d9bc59ef8,2026-05-19,night,11.0
70d23516-5b49-4d53-a419-83a9c8f5f61f,496c28eb-4211-4e2e-81d0-a22d9bc59ef8,2026-05-20,day,8.0
14bc427a-b1a5-4877-bc7c-15c57f6ee6ed,496c28eb-4211-4e2e-81d0-a22d9bc59ef8,2026-05-21,night,11.0
76ca3123-203a-4a03-a394-48f607d15dfc,496c28eb-4211-4e2e-81d0-a22d9bc59ef8,2026-05-22,day,8.5
9f8b0665-28fc-4466-bade-ef00865c1b0c,496c28eb-4211-4e2e-81d0-a22d9bc59ef8,2026-05-25,day,9.5
33551228-ae7d-489a-ab5c-d38f98bcf808,496c28eb-4211-4e2e-81d0-a22d9bc59ef8,2026-05-26,night,10.0
5ee0f90a-4647-40a5-b358-da763c79aca8,496c28eb-4211-4e2e-81d0-a22d9bc59ef8,2026-05-27,night,10.5
33c41b4d-da07-4285-9aa3-b8538001113b,496c28eb-4211-4e2e-81d0-a22d9bc59ef8,2026-05-28,day,9.0
093fb923-1e2a-49f8-87ae-b96db5444c37,496c28eb-4211-4e2e-81d0-a22d9bc59ef8,2026-05-29,day,8.0
e78b5d85-da11-4e99-8c6f-f620513bd25a,496c28eb-4211-4e2e-81d0-a22d9bc59ef8,2026-06-01,day,8.0
5f3169ea-0dd4-4c4d-b13c-938d6b5673d0,496c28eb-4211-4e2e-81d0-a22d9bc59ef8,2026-06-02,extended,13.6
a96c2097-4522-4517-928b-6eb8f4cf3948,496c28eb-4211-4e2e-81d0-a22d9bc59ef8,2026-06-03,day,8.5
0775e0de-5559-4805-866b-a04150a6e226,496c28eb-4211-4e2e-81d0-a22d9bc59ef8,2026-06-04,day,8.5
d3afabe6-9554-4531-b520-e935d4db9793,496c28eb-4211-4e2e-81d0-a22d9bc59ef8,2026-06-05,day,9.0
f02def01-930d-4a13-b23b-d594ab099203,496c28eb-4211-4e2e-81d0-a22d9bc59ef8,2026-06-08,night,12.0
5c7dd309-f240-4b53-8698-e9d0344113cd,496c28eb-4211-4e2e-81d0-a22d9bc59ef8,2026-06-09,extended,13.5
80d2ac08-da00-42c5-b8a1-bd76afd4c514,496c28eb-4211-4e2e-81d0-a22d9bc59ef8,2026-06-10,extended,13.2
89f54a16-170c-417b-956a-efa02d810ce4,496c28eb-4211-4e2e-81d0-a22d9bc59ef8,2026-06-11,day,8.0
e26e6f1b-0616-4f45-85a6-d70741ae0028,496c28eb-4211-4e2e-81d0-a22d9bc59ef8,2026-06-12,day,8.5
0652bdae-63e9-43f1-bc63-d936d1926fe4,496c28eb-4211-4e2e-81d0-a22d9bc59ef8,2026-06-15,day,8.0
80662ff8-f13d-404c-9708-a795cb1cb895,496c28eb-4211-4e2e-81d0-a22d9bc59ef8,2026-06-16,day,8.0
a6495ec3-6ff6-452f-b2dc-61a2adba7d7f,496c28eb-4211-4e2e-81d0-a22d9bc59ef8,2026-06-17,extended,14.9
8835d704-43bd-4a7e-bce6-15b50656bfc9,496c28eb-4211-4e2e-81d0-a22d9bc59ef8,2026-06-18,day,8.0
8762a094-ff28-4069-9201-83d4a3cc94f8,496c28eb-4211-4e2e-81d0-a22d9bc59ef8,2026-06-19,day,8.0
b46760a9-f745-4970-a9f9-46b82767271e,496c28eb-4211-4e2e-81d0-a22d9bc59ef8,2026-06-22,day,8.0
7cbf9d44-1d5b-4a77-80ea-9502e4152ee5,496c28eb-4211-4e2e-81d0-a22d9bc59ef8,2026-06-23,day,8.0
630525ef-1648-4fa0-b1d3-c3086f2b3f05,496c28eb-4211-4e2e-81d0-a22d9bc59ef8,2026-06-24,day,8.5
68222ca1-b95f-4a14-9846-aa3c09e5da4a,496c28eb-4211-4e2e-81d0-a22d9bc59ef8,2026-06-25,day,8.0
caaf5fe0-d2a1-4c4d-8336-9aa97a5e07ed,496c28eb-4211-4e2e-81d0-a22d9bc59ef8,2026-06-26,night,10.0
a8cdc3ce-a185-4700-9a08-2e59cbfd978c,496c28eb-4211-4e2e-81d0-a22d9bc59ef8,2026-06-29,day,8.5
4f9ab0f3-2276-4729-a95d-0c803e94c92c,86578f0d-5375-4a2a-b754-ef3fee5da4df,2026-01-01,day,8.0
2d003a87-8450-4389-a3f5-9296bd29dd4f,86578f0d-5375-4a2a-b754-ef3fee5da4df,2026-01-02,day,8.0
10d30074-756f-4d34-a291-d56b9f85f66f,86578f0d-5375-4a2a-b754-ef3fee5da4df,2026-01-05,day,8.0
d90a7ec8-52cc-4dc1-af9f-1ce91ef70aff,86578f0d-5375-4a2a-b754-ef3fee5da4df,2026-01-06,extended,13.5
70e946e9-3b7b-4e89-a542-db651398106a,86578f0d-5375-4a2a-b754-ef3fee5da4df,2026-01-07,day,8.0
ff889eec-3f0c-4282-902d-ec9ca739de45,86578f0d-5375-4a2a-b754-ef3fee5da4df,2026-01-08,day,8.0
5fbedcc3-e59b-423a-bace-d60921b2faaf,86578f0d-5375-4a2a-b754-ef3fee5da4df,2026-01-09,day,9.5
7e048c37-ab44-414a-b8f7-5f1bbfb65009,86578f0d-5375-4a2a-b754-ef3fee5da4df,2026-01-10,night,10.5
723da259-02e6-4ebb-9d75-d64a6a3a75f9,86578f0d-5375-4a2a-b754-ef3fee5da4df,2026-01-12,night,12.0
f73ffe4e-2256-4082-acf4-9f182a471bc8,86578f0d-5375-4a2a-b754-ef3fee5da4df,2026-01-13,day,8.0
9eb35f18-5945-47c7-ad21-e56945c1bfc2,86578f0d-5375-4a2a-b754-ef3fee5da4df,2026-01-14,day,8.0
2cc37c46-f245-4a89-901c-701e6be9eb49,86578f0d-5375-4a2a-b754-ef3fee5da4df,2026-01-15,day,8.0
771b4b14-15dd-4961-930d-5e5314aac88f,86578f0d-5375-4a2a-b754-ef3fee5da4df,2026-01-16,day,8.0
f2eeacce-04f1-42b2-9a1d-6cae7ea12763,86578f0d-5375-4a2a-b754-ef3fee5da4df,2026-01-19,night,10.5
a949076a-13fa-4f28-8883-f46854901e63,86578f0d-5375-4a2a-b754-ef3fee5da4df,2026-01-20,day,8.0
c0e1b230-85d7-43ec-bd15-50348fae51e8,86578f0d-5375-4a2a-b754-ef3fee5da4df,2026-01-21,day,8.5
abe85f88-758b-49d9-9514-4db34d22499d,86578f0d-5375-4a2a-b754-ef3fee5da4df,2026-01-22,night,10.0
3f92c25e-4f00-4279-b788-6c9e3697b7b2,86578f0d-5375-4a2a-b754-ef3fee5da4df,2026-01-23,day,8.0
b00a350d-7995-4783-bb41-706e861e8d79,86578f0d-5375-4a2a-b754-ef3fee5da4df,2026-01-25,day,8.0
48fcc928-1f51-46e1-af16-562b9ab912c2,86578f0d-5375-4a2a-b754-ef3fee5da4df,2026-01-26,day,8.0
aa0078d1-46df-45d9-9c36-8a05a979601a,86578f0d-5375-4a2a-b754-ef3fee5da4df,2026-01-27,day,8.0
5c320a69-d5f1-42ea-ba7a-280fb203683d,86578f0d-5375-4a2a-b754-ef3fee5da4df,2026-01-28,day,8.0
788655bb-bab5-4d28-8f20-46c96d0bf879,86578f0d-5375-4a2a-b754-ef3fee5da4df,2026-01-29,day,9.0
d54de310-aa7a-4fba-999b-24256975d8ff,86578f0d-5375-4a2a-b754-ef3fee5da4df,2026-01-30,extended,15.1
e0c86bf9-7824-4a11-ae26-59561f69b838,86578f0d-5375-4a2a-b754-ef3fee5da4df,2026-02-01,night,10.0
342fce43-31ef-441b-ac2a-c7126bf566d2,86578f0d-5375-4a2a-b754-ef3fee5da4df,2026-02-02,day,8.5
1d02e6b7-5717-4d02-afe1-86a4599a4c52,86578f0d-5375-4a2a-b754-ef3fee5da4df,2026-02-03,day,8.0
a71f6139-71e0-4a0c-95e8-3506834e42b1,86578f0d-5375-4a2a-b754-ef3fee5da4df,2026-02-04,day,9.5
3c8c2508-640e-4982-91d1-6a1606fa64f1,86578f0d-5375-4a2a-b754-ef3fee5da4df,2026-02-05,day,8.0
1ebef7cf-ee40-4f58-9a85-63f0f364edb6,86578f0d-5375-4a2a-b754-ef3fee5da4df,2026-02-06,day,8.0
bf060429-b73e-4b5d-81d6-a8a127a8fbdc,86578f0d-5375-4a2a-b754-ef3fee5da4df,2026-02-08,day,8.0
b967e39e-f306-4f1c-8da2-1b843eb02eb7,86578f0d-5375-4a2a-b754-ef3fee5da4df,2026-02-09,day,9.5
cd64bc18-6ce4-4cf6-85e6-c10a31dc96d9,86578f0d-5375-4a2a-b754-ef3fee5da4df,2026-02-10,day,8.0
7999a638-1495-4741-9772-d8e3035d3c85,86578f0d-5375-4a2a-b754-ef3fee5da4df,2026-02-11,day,8.0
cbfc74a4-af44-47aa-af7c-3f076a88aa14,86578f0d-5375-4a2a-b754-ef3fee5da4df,2026-02-12,day,8.5
526161a2-8bd1-418f-aa40-fd8818f96a17,86578f0d-5375-4a2a-b754-ef3fee5da4df,2026-02-13,day,8.0
c48acdef-be13-4b5a-9e2b-dee2af25854d,86578f0d-5375-4a2a-b754-ef3fee5da4df,2026-02-14,day,8.5
2bd14209-674c-4ae8-bd04-d1abd578f214,86578f0d-5375-4a2a-b754-ef3fee5da4df,2026-02-15,day,8.0
da9f80b7-1ba3-4df5-bff6-6c26777c061e,86578f0d-5375-4a2a-b754-ef3fee5da4df,2026-02-16,day,8.0
e39f90de-880f-43fe-9417-c01576a8ba09,86578f0d-5375-4a2a-b754-ef3fee5da4df,2026-02-17,day,8.0
5c4b004c-36ab-435a-90d9-527d76cc5e8a,86578f0d-5375-4a2a-b754-ef3fee5da4df,2026-02-18,extended,14.3
a554f70a-6b8c-4b96-85db-2ef12f1ff48e,86578f0d-5375-4a2a-b754-ef3fee5da4df,2026-02-19,night,10.5
c00c526f-7ba0-43be-a5d5-f055d7ee630c,86578f0d-5375-4a2a-b754-ef3fee5da4df,2026-02-20,day,8.0
3306f75a-6630-4dd3-ab09-06f5664c93fe,86578f0d-5375-4a2a-b754-ef3fee5da4df,2026-02-22,night,10.0
e84d6a41-513f-4b1c-b3b2-02f390c8bc1b,86578f0d-5375-4a2a-b754-ef3fee5da4df,2026-02-23,extended,13.9
2f315daf-5c41-41b4-9d67-cda19a361664,86578f0d-5375-4a2a-b754-ef3fee5da4df,2026-02-24,day,8.0
68d6fade-7de1-49d0-b246-72e936c7e0e3,86578f0d-5375-4a2a-b754-ef3fee5da4df,2026-02-25,day,8.0
2a7f1e81-210b-4f7b-af07-6d70dd80f1b3,86578f0d-5375-4a2a-b754-ef3fee5da4df,2026-02-26,night,10.0
8d516735-a015-4cf0-aaf2-27c019a29370,86578f0d-5375-4a2a-b754-ef3fee5da4df,2026-02-27,night,12.0
5b1d96eb-f7a3-473d-ba12-d98a07069a01,86578f0d-5375-4a2a-b754-ef3fee5da4df,2026-03-01,night,10.0
83b269c2-1137-41d5-871c-d80935e8eb8a,86578f0d-5375-4a2a-b754-ef3fee5da4df,2026-03-02,day,8.0
832a3896-4575-4e2b-b4cc-0676b1234f90,86578f0d-5375-4a2a-b754-ef3fee5da4df,2026-03-03,day,8.0
34fa3930-20e3-48fb-86f0-de032ab5d74e,86578f0d-5375-4a2a-b754-ef3fee5da4df,2026-03-04,day,8.0
7b7b2946-8007-4eaf-854e-74a4477e63d6,86578f0d-5375-4a2a-b754-ef3fee5da4df,2026-03-16,day,8.5
0e7337f0-7f1f-4441-8474-b1a09a8a3dd4,86578f0d-5375-4a2a-b754-ef3fee5da4df,2026-03-17,night,10.5
da13fb44-edba-4be2-9958-cd849641d602,86578f0d-5375-4a2a-b754-ef3fee5da4df,2026-03-18,day,8.0
914ae872-7210-4d71-9e97-59707f3e1ff1,86578f0d-5375-4a2a-b754-ef3fee5da4df,2026-03-19,day,8.0
6f8da39d-e88b-44f7-8cf4-1bf60be25637,86578f0d-5375-4a2a-b754-ef3fee5da4df,2026-03-20,day,8.5
c11c0ee4-ba72-439c-a112-70b108fb8b57,86578f0d-5375-4a2a-b754-ef3fee5da4df,2026-03-22,day,9.0
e4f7ea42-8b03-4a83-87d9-b54ef51cadd8,86578f0d-5375-4a2a-b754-ef3fee5da4df,2026-03-23,day,9.0
c92e6158-fbe5-4b92-bf3e-55282b15c0c7,86578f0d-5375-4a2a-b754-ef3fee5da4df,2026-03-24,night,11.0
190ee0b4-373a-480d-989f-fcf39f495391,86578f0d-5375-4a2a-b754-ef3fee5da4df,2026-03-25,day,8.0
a72518de-df95-4e74-8c3f-72f9386f7e97,86578f0d-5375-4a2a-b754-ef3fee5da4df,2026-03-26,day,9.5
6af1753c-5a71-4a15-bf5b-d4e3b1f71bbf,86578f0d-5375-4a2a-b754-ef3fee5da4df,2026-03-27,day,9.5
eb303535-c81b-48cd-b868-9397e7402161,86578f0d-5375-4a2a-b754-ef3fee5da4df,2026-03-28,night,12.0
556e09ba-513f-4989-b591-c21e11eda6ea,86578f0d-5375-4a2a-b754-ef3fee5da4df,2026-03-30,day,8.0
ba11ec4d-5e37-41d0-816c-7b1c6f19ef0d,86578f0d-5375-4a2a-b754-ef3fee5da4df,2026-03-31,night,10.5
f4fb0be7-b67b-48bf-8124-d2d09aa314aa,86578f0d-5375-4a2a-b754-ef3fee5da4df,2026-04-01,day,8.0
fd2188c6-2ff8-4b39-8a7b-60491f21a0e9,86578f0d-5375-4a2a-b754-ef3fee5da4df,2026-04-02,day,8.0
1fefbfd5-d9ad-4038-8f95-f0d66993925c,86578f0d-5375-4a2a-b754-ef3fee5da4df,2026-04-03,day,8.0
a515b9c3-fbe6-4498-b3d3-bc9604bfa3c2,86578f0d-5375-4a2a-b754-ef3fee5da4df,2026-04-06,day,9.0
c6ab7c67-0f61-4420-80e8-d3346ed889ed,86578f0d-5375-4a2a-b754-ef3fee5da4df,2026-04-07,day,8.0
7353afa9-a5b2-40b3-8ed1-344be1662916,86578f0d-5375-4a2a-b754-ef3fee5da4df,2026-04-08,day,8.5
ea122c2f-c210-4f40-ba39-1a5f3df915a2,86578f0d-5375-4a2a-b754-ef3fee5da4df,2026-04-09,day,8.0
304146af-c558-4fbf-b96a-e0e51325dd83,86578f0d-5375-4a2a-b754-ef3fee5da4df,2026-04-10,night,12.0
888309f4-0bf5-46f1-8e8b-23af2d56251e,86578f0d-5375-4a2a-b754-ef3fee5da4df,2026-04-11,day,9.5
4006ccca-f2b7-4d5e-ba44-36bec8d6a485,86578f0d-5375-4a2a-b754-ef3fee5da4df,2026-04-13,day,8.5
8fc2d8fd-6773-4b93-a336-b4bf7226d90b,86578f0d-5375-4a2a-b754-ef3fee5da4df,2026-04-14,night,10.0
b4eb70fc-aac0-4d5c-9591-d0e435f73dcd,86578f0d-5375-4a2a-b754-ef3fee5da4df,2026-04-15,day,8.0
d756566e-7692-4d56-a833-7215cf08d77e,86578f0d-5375-4a2a-b754-ef3fee5da4df,2026-04-16,night,10.0
1580821b-8632-42fa-8c02-d2f636ef7b19,86578f0d-5375-4a2a-b754-ef3fee5da4df,2026-04-17,night,10.0
f3dd869d-ca19-47a1-b4a6-60a125859320,86578f0d-5375-4a2a-b754-ef3fee5da4df,2026-04-18,day,8.5
50bcafb3-0cf3-4844-8b92-ec000b88b3f5,86578f0d-5375-4a2a-b754-ef3fee5da4df,2026-04-20,day,8.0
ea68180f-1f19-48ec-8c0d-dd594d0dca59,86578f0d-5375-4a2a-b754-ef3fee5da4df,2026-04-21,day,8.0
72e2d093-37ec-45b2-be2f-64fddbcbe72c,86578f0d-5375-4a2a-b754-ef3fee5da4df,2026-04-22,day,8.5
cf9b61f1-d7d6-4fa7-8863-9e23d3cea530,86578f0d-5375-4a2a-b754-ef3fee5da4df,2026-04-23,day,8.0
4e3f363b-663e-4c96-8382-732800f8de53,86578f0d-5375-4a2a-b754-ef3fee5da4df,2026-04-24,day,8.0
b700f5d0-55bb-437a-9e98-bfe145d38d9d,86578f0d-5375-4a2a-b754-ef3fee5da4df,2026-04-27,day,9.5
226701c4-b2ed-4f35-9c59-1d143e931bd5,86578f0d-5375-4a2a-b754-ef3fee5da4df,2026-04-28,night,10.0
1913a73d-eaa1-4233-8dc3-3e6d760904dc,86578f0d-5375-4a2a-b754-ef3fee5da4df,2026-04-29,night,10.5
4fcf4d62-6cf5-4c63-a499-27f2bde47e28,86578f0d-5375-4a2a-b754-ef3fee5da4df,2026-04-30,night,10.0
18fa66ea-1d3e-4399-bec5-6590f56c0fd3,86578f0d-5375-4a2a-b754-ef3fee5da4df,2026-05-01,day,9.0
c46248f6-ca30-4179-bdac-81213e1396d7,86578f0d-5375-4a2a-b754-ef3fee5da4df,2026-05-02,day,8.0
4365ef92-1ba4-4ed9-b93c-8699c509869a,86578f0d-5375-4a2a-b754-ef3fee5da4df,2026-05-03,day,8.0
a3a1f1d2-651e-41d1-a304-e263ac14f56b,86578f0d-5375-4a2a-b754-ef3fee5da4df,2026-05-04,day,9.5
9debbf3a-117f-4ba3-b576-22860710af33,86578f0d-5375-4a2a-b754-ef3fee5da4df,2026-05-05,night,10.5
a902c88a-7489-48fa-8942-3558f1f87901,86578f0d-5375-4a2a-b754-ef3fee5da4df,2026-05-06,night,11.0
cf86ab33-2bfe-4754-86e6-1025ed327f44,86578f0d-5375-4a2a-b754-ef3fee5da4df,2026-05-07,night,10.0
dcf4bc61-8a54-448b-b935-228876fc9ac7,86578f0d-5375-4a2a-b754-ef3fee5da4df,2026-05-08,night,10.0
c09abb97-6fc9-48be-8b43-a03397ceafbc,86578f0d-5375-4a2a-b754-ef3fee5da4df,2026-05-10,day,9.0
4d8e9b44-f7ca-4dfe-a03c-85190437ab60,86578f0d-5375-4a2a-b754-ef3fee5da4df,2026-05-11,day,9.5
42449a77-f2b1-48d8-9de8-cf21e51bf272,86578f0d-5375-4a2a-b754-ef3fee5da4df,2026-05-12,day,8.0
13fb6ef9-c1f6-40fc-af1b-af2981e3bb12,86578f0d-5375-4a2a-b754-ef3fee5da4df,2026-05-13,day,8.0
c35518d4-2f87-4f56-ab82-63c556773e8e,86578f0d-5375-4a2a-b754-ef3fee5da4df,2026-05-14,day,8.0
a9be244d-9e68-46d1-bcc6-655f357d7888,86578f0d-5375-4a2a-b754-ef3fee5da4df,2026-05-15,day,8.0
6056382a-0475-4ebd-95cc-785216eb42b5,86578f0d-5375-4a2a-b754-ef3fee5da4df,2026-05-16,extended,14.0
e55f5b4b-8142-46d1-a07a-334ec812ea7d,86578f0d-5375-4a2a-b754-ef3fee5da4df,2026-05-18,night,10.0
8f5151ac-7e40-41e6-a2b1-214402c346a6,86578f0d-5375-4a2a-b754-ef3fee5da4df,2026-05-19,night,11.0
6a6b7c7a-f490-4d09-b900-bc1b7c7720ad,86578f0d-5375-4a2a-b754-ef3fee5da4df,2026-05-20,day,8.5
2e2fc352-e9d0-459a-9159-9d1067bbc7f2,86578f0d-5375-4a2a-b754-ef3fee5da4df,2026-05-21,day,8.0
ff27be6a-c933-4684-bbcb-9545f6129e30,86578f0d-5375-4a2a-b754-ef3fee5da4df,2026-05-22,extended,13.0
6c797fe7-8a66-4f71-8da0-23ed2c9fb830,86578f0d-5375-4a2a-b754-ef3fee5da4df,2026-05-24,day,8.0
414934eb-1508-4e5a-bd52-435830084070,86578f0d-5375-4a2a-b754-ef3fee5da4df,2026-05-25,night,10.0
fe570b15-f91b-4b22-87ca-d2a966423e32,86578f0d-5375-4a2a-b754-ef3fee5da4df,2026-05-26,extended,14.7
def28765-302a-445c-b8b5-2d5827112dab,86578f0d-5375-4a2a-b754-ef3fee5da4df,2026-05-27,night,10.0
ad9a5259-17ad-4264-b5a2-15ea2d6a909b,86578f0d-5375-4a2a-b754-ef3fee5da4df,2026-05-28,day,9.0
9f91453c-1a4c-4c3e-8ed5-e6220f21e949,86578f0d-5375-4a2a-b754-ef3fee5da4df,2026-05-29,day,8.0
a986f962-a8b3-42f1-ab78-e6479d95a2d6,86578f0d-5375-4a2a-b754-ef3fee5da4df,2026-05-31,extended,14.5
1457a5d7-f745-4d0b-8bcc-a3afd4ffa65b,86578f0d-5375-4a2a-b754-ef3fee5da4df,2026-06-01,day,8.0
baee7fdd-b757-4017-aee2-fa50f817144f,86578f0d-5375-4a2a-b754-ef3fee5da4df,2026-06-02,day,8.0
920b384d-1e37-4291-8e74-656c254cf7d5,86578f0d-5375-4a2a-b754-ef3fee5da4df,2026-06-03,day,8.5
c14160ea-43b7-46d8-ab8a-3285f46acbaa,86578f0d-5375-4a2a-b754-ef3fee5da4df,2026-06-04,day,8.0
20b0d3de-bea1-4c06-b7fe-8ab0b8f66a5e,86578f0d-5375-4a2a-b754-ef3fee5da4df,2026-06-05,day,9.0
92fced5f-45e6-4fff-a792-3dfaf43355fc,86578f0d-5375-4a2a-b754-ef3fee5da4df,2026-06-07,day,8.0
a944a2cc-7222-40b1-9a6c-43085343592b,86578f0d-5375-4a2a-b754-ef3fee5da4df,2026-06-08,day,8.0
429fbe11-81f8-4e70-8dd7-48f5bf15adae,86578f0d-5375-4a2a-b754-ef3fee5da4df,2026-06-09,night,10.0
31378bdc-f764-44a8-8eb9-7d1ae673ca69,86578f0d-5375-4a2a-b754-ef3fee5da4df,2026-06-10,night,10.0
f94063f8-2201-4a16-ab32-0dbe0f66dfb5,86578f0d-5375-4a2a-b754-ef3fee5da4df,2026-06-11,day,9.0
03a64350-1906-456c-86c4-4d7c84165c40,86578f0d-5375-4a2a-b754-ef3fee5da4df,2026-06-12,day,8.0
88310892-a814-4f9f-b719-ceb50d5951ae,86578f0d-5375-4a2a-b754-ef3fee5da4df,2026-06-13,day,8.5
fbbc8e89-ff36-4ac9-9e0b-0490eea7894e,86578f0d-5375-4a2a-b754-ef3fee5da4df,2026-06-15,day,8.0
aacaea1d-8c55-4d0d-9c08-c6a19735443c,86578f0d-5375-4a2a-b754-ef3fee5da4df,2026-06-16,day,8.0
8ff38aaa-37c6-4ad1-a2ed-059a3f12309c,86578f0d-5375-4a2a-b754-ef3fee5da4df,2026-06-17,day,8.0
23920be4-526c-4215-9f96-85f254fd0ebb,86578f0d-5375-4a2a-b754-ef3fee5da4df,2026-06-18,extended,15.0
7bb7e816-f4e4-40a8-b80a-25cbbaf925e6,86578f0d-5375-4a2a-b754-ef3fee5da4df,2026-06-19,day,9.0
bbfa209d-af04-402d-93a9-f25e1470233d,86578f0d-5375-4a2a-b754-ef3fee5da4df,2026-06-20,day,8.0
8dc6d1d6-12ea-4ef0-84aa-4270c550788f,86578f0d-5375-4a2a-b754-ef3fee5da4df,2026-06-22,day,8.0
39c04734-c5e6-479d-adb4-641a8ee7a8ca,86578f0d-5375-4a2a-b754-ef3fee5da4df,2026-06-23,day,9.0
ad1b5d1b-8664-4c46-8a73-7bcc7536f639,86578f0d-5375-4a2a-b754-ef3fee5da4df,2026-06-24,day,8.0
55122577-e95b-4701-9f70-3f9ea17df7b1,86578f0d-5375-4a2a-b754-ef3fee5da4df,2026-06-25,day,8.0
cfb0acd2-d9ba-4528-b577-d918588aa9dc,86578f0d-5375-4a2a-b754-ef3fee5da4df,2026-06-26,day,8.0
252937b2-bd41-42c4-9630-761376998d53,86578f0d-5375-4a2a-b754-ef3fee5da4df,2026-06-28,day,9.5
616d19e3-cb67-4581-b9d1-be5905e32f13,86578f0d-5375-4a2a-b754-ef3fee5da4df,2026-06-29,day,8.5
656e999a-1b89-4ec0-bf29-a2337376233f,5afd666b-497f-46ed-b98f-7d4ca698ae5e,2026-01-01,day,8.0
ae0386d0-0317-4828-ba87-a543f749a888,5afd666b-497f-46ed-b98f-7d4ca698ae5e,2026-01-02,extended,13.8
964b00f7-5da5-4183-9ee5-7acb3bba0e3f,5afd666b-497f-46ed-b98f-7d4ca698ae5e,2026-01-05,day,8.5
bce1e31a-68b3-46b5-bcc0-5ebe95911328,5afd666b-497f-46ed-b98f-7d4ca698ae5e,2026-01-06,day,8.0
fa20f108-5249-478c-9b15-dda56affe79c,5afd666b-497f-46ed-b98f-7d4ca698ae5e,2026-01-07,day,8.0
1ce8ed70-f407-49e7-b5fc-401f848741f7,5afd666b-497f-46ed-b98f-7d4ca698ae5e,2026-01-08,day,9.0
321087f3-b838-41b0-be99-cffb5c47431a,5afd666b-497f-46ed-b98f-7d4ca698ae5e,2026-01-09,day,8.5
f5c37480-61fa-4cb5-a774-5622e6045892,5afd666b-497f-46ed-b98f-7d4ca698ae5e,2026-01-11,day,8.5
495440be-ecb0-4f89-9669-950b733b01a1,5afd666b-497f-46ed-b98f-7d4ca698ae5e,2026-01-12,day,9.0
6ad6a062-ec14-4b86-911b-7ee792ff6831,5afd666b-497f-46ed-b98f-7d4ca698ae5e,2026-01-13,day,8.0
c509f8e2-8916-4d52-916f-9e41e40043cf,5afd666b-497f-46ed-b98f-7d4ca698ae5e,2026-01-14,day,8.0
377ca9ea-3487-40ef-8b76-4e14107910be,5afd666b-497f-46ed-b98f-7d4ca698ae5e,2026-01-15,night,10.5
9dca7b26-927e-48ad-92dc-57014774a827,5afd666b-497f-46ed-b98f-7d4ca698ae5e,2026-01-16,day,8.0
83fbf411-058b-4f84-97c2-c65e82c36919,5afd666b-497f-46ed-b98f-7d4ca698ae5e,2026-01-19,day,8.0
7d17d9e4-2223-40df-a5f0-e4287245df54,5afd666b-497f-46ed-b98f-7d4ca698ae5e,2026-01-20,night,10.0
3df0de6f-ff0a-4e4d-a0c2-06f91aad3a11,5afd666b-497f-46ed-b98f-7d4ca698ae5e,2026-01-21,day,9.5
7bf80f9e-43c9-4412-9655-a85213a76f99,5afd666b-497f-46ed-b98f-7d4ca698ae5e,2026-01-22,day,9.5
8fea1254-2104-4c47-ad6d-f73db9a67b93,5afd666b-497f-46ed-b98f-7d4ca698ae5e,2026-01-23,day,8.0
1c2fb643-a911-45dc-b824-710433109fee,5afd666b-497f-46ed-b98f-7d4ca698ae5e,2026-01-25,night,11.0
d153421a-f613-4ff4-b7fa-c6fa91472e50,5afd666b-497f-46ed-b98f-7d4ca698ae5e,2026-01-26,day,9.5
7cfaf343-274e-448d-8c5a-8c266a9e1fe3,5afd666b-497f-46ed-b98f-7d4ca698ae5e,2026-01-27,night,10.0
4b423bf7-7f46-4008-bdd4-7fceecabca7f,5afd666b-497f-46ed-b98f-7d4ca698ae5e,2026-01-28,day,8.0
db6b89bb-8255-4e0e-9918-e413cf82f9b3,5afd666b-497f-46ed-b98f-7d4ca698ae5e,2026-01-29,night,10.0
62b8db79-7fe2-45a0-8925-d656aba84ec4,5afd666b-497f-46ed-b98f-7d4ca698ae5e,2026-01-30,day,9.0
f444229f-ed67-4a2d-aad4-be0d9be493d3,5afd666b-497f-46ed-b98f-7d4ca698ae5e,2026-01-31,day,8.5
bb6aaba4-d71e-4df2-a99b-2b51454d4137,5afd666b-497f-46ed-b98f-7d4ca698ae5e,2026-02-02,night,10.5
c4d17a00-9c45-4154-ada0-8ed76656abf6,5afd666b-497f-46ed-b98f-7d4ca698ae5e,2026-02-03,night,10.0
b50d1f80-96b7-4169-b56b-7e7684042a74,5afd666b-497f-46ed-b98f-7d4ca698ae5e,2026-02-04,day,8.0
a0daf001-4a20-45f3-9abc-a897fa136fca,5afd666b-497f-46ed-b98f-7d4ca698ae5e,2026-02-05,day,8.0
51908fb2-5fcd-4619-808d-927638937f34,5afd666b-497f-46ed-b98f-7d4ca698ae5e,2026-02-06,extended,15.2
96a865ee-2cb7-496a-9ea7-c62a194bed16,5afd666b-497f-46ed-b98f-7d4ca698ae5e,2026-02-09,day,8.0
9c32d078-bc97-4651-b118-bd96121471fa,5afd666b-497f-46ed-b98f-7d4ca698ae5e,2026-02-10,day,8.5
cb0aa42b-c0a7-4193-b29a-d398c85a5977,5afd666b-497f-46ed-b98f-7d4ca698ae5e,2026-02-11,day,8.0
aa6f6308-0129-4b01-9663-33ca90f27a87,5afd666b-497f-46ed-b98f-7d4ca698ae5e,2026-02-12,day,8.0
e12524b4-051d-41d2-8180-ee0f14fe5918,5afd666b-497f-46ed-b98f-7d4ca698ae5e,2026-02-13,extended,13.1
84ec2700-7916-465d-8d7b-d717285909f6,5afd666b-497f-46ed-b98f-7d4ca698ae5e,2026-02-16,day,8.0
bc817852-8803-45e4-98f4-8cefa2947b72,5afd666b-497f-46ed-b98f-7d4ca698ae5e,2026-02-17,day,8.5
8d321e2c-2580-4728-a305-924a1f74a49a,5afd666b-497f-46ed-b98f-7d4ca698ae5e,2026-02-18,night,10.0
db1fa48c-a84b-4941-abbc-87744aade8c1,5afd666b-497f-46ed-b98f-7d4ca698ae5e,2026-02-19,day,8.0
656eac6a-23f2-41d4-b22c-3c7ac9a28ca1,5afd666b-497f-46ed-b98f-7d4ca698ae5e,2026-02-20,extended,15.3
5e76a9b3-4b61-452d-a5db-b25db8443db5,5afd666b-497f-46ed-b98f-7d4ca698ae5e,2026-02-21,night,11.0
ec84f80a-16f2-4aed-86b1-614bb4e7fdb6,5afd666b-497f-46ed-b98f-7d4ca698ae5e,2026-02-22,night,10.0
206ced72-05f5-46bd-a1f2-1a741e996c3a,5afd666b-497f-46ed-b98f-7d4ca698ae5e,2026-02-23,day,9.0
355c0d68-0fff-4c93-a821-d9bd4ec14258,5afd666b-497f-46ed-b98f-7d4ca698ae5e,2026-02-24,day,8.0
829d1414-3046-44db-a672-d5aefb5f9f31,5afd666b-497f-46ed-b98f-7d4ca698ae5e,2026-02-25,night,10.0
759b6a98-47ea-4b55-bc9a-e8a59a8ed742,5afd666b-497f-46ed-b98f-7d4ca698ae5e,2026-02-26,day,8.0
69d249e9-0f25-496a-a790-c0d21489b8d5,5afd666b-497f-46ed-b98f-7d4ca698ae5e,2026-02-27,day,8.0
f5c32374-51aa-43d8-b4cf-0f285bbf787f,5afd666b-497f-46ed-b98f-7d4ca698ae5e,2026-02-28,night,12.0
19c483f5-ebc5-40f3-b5c5-99d7789bcf5c,5afd666b-497f-46ed-b98f-7d4ca698ae5e,2026-03-01,night,10.5
71b67dee-1d27-4a72-a996-ac59647435d7,5afd666b-497f-46ed-b98f-7d4ca698ae5e,2026-03-02,day,9.0
02ae1294-86e9-4d51-8238-c9259e53830c,5afd666b-497f-46ed-b98f-7d4ca698ae5e,2026-03-03,day,8.0
2538f4b2-12f4-4cef-9408-535d75eb87ee,5afd666b-497f-46ed-b98f-7d4ca698ae5e,2026-03-04,extended,14.0
d9c1e80f-bacc-47cf-be12-d6aa40546a5c,5afd666b-497f-46ed-b98f-7d4ca698ae5e,2026-03-18,day,8.0
46355080-cfdc-4cc2-adb0-7d95644c2061,5afd666b-497f-46ed-b98f-7d4ca698ae5e,2026-03-19,day,8.5
3c15bf4c-fa5b-4b47-abed-5ce14d40e950,5afd666b-497f-46ed-b98f-7d4ca698ae5e,2026-03-20,night,10.5
ce1728ef-7b13-4a9e-8530-d9e103ca1e55,5afd666b-497f-46ed-b98f-7d4ca698ae5e,2026-03-21,day,8.0
1cd8f81a-abb2-4a08-af9c-e97956c59dfb,5afd666b-497f-46ed-b98f-7d4ca698ae5e,2026-03-23,day,8.0
4d89f4ee-58fb-49b5-909c-dd9ceb860ead,5afd666b-497f-46ed-b98f-7d4ca698ae5e,2026-03-24,day,8.5
dc6ae622-4cfd-4275-a4ec-40f4cdb90881,5afd666b-497f-46ed-b98f-7d4ca698ae5e,2026-03-25,night,10.0
a223570f-e48f-47de-8928-1ebd4781a129,5afd666b-497f-46ed-b98f-7d4ca698ae5e,2026-03-26,day,8.5
d0592a43-5de8-4a94-a15b-6d667e6a8912,5afd666b-497f-46ed-b98f-7d4ca698ae5e,2026-03-27,day,8.0
17c0fdee-29d3-4d1e-9254-0d5f5279e464,5afd666b-497f-46ed-b98f-7d4ca698ae5e,2026-03-28,day,8.0
4337074c-710b-4df2-9bf9-8d48c875f27a,5afd666b-497f-46ed-b98f-7d4ca698ae5e,2026-03-30,day,8.0
b52477fb-12f7-4a43-b641-ba34ebdd4b18,5afd666b-497f-46ed-b98f-7d4ca698ae5e,2026-03-31,day,9.0
6793d0bc-6625-4cfe-a6ad-a68990c1ed6f,5afd666b-497f-46ed-b98f-7d4ca698ae5e,2026-04-01,extended,13.1
be0d4b7b-c7fb-410b-b070-6b17d51563ad,5afd666b-497f-46ed-b98f-7d4ca698ae5e,2026-04-02,day,9.0
2a9155c3-f97e-4de3-acc8-47734d660c65,5afd666b-497f-46ed-b98f-7d4ca698ae5e,2026-04-03,day,8.5
2912bc66-ddc5-4b57-b544-15d96fe8aab9,5afd666b-497f-46ed-b98f-7d4ca698ae5e,2026-04-05,day,8.0
af5943f2-0d24-4358-bf74-95f1746c8be4,5afd666b-497f-46ed-b98f-7d4ca698ae5e,2026-04-06,day,8.0
99c153e2-e926-4925-9a0a-b065d46dc0fa,5afd666b-497f-46ed-b98f-7d4ca698ae5e,2026-04-07,day,8.0
014c85e3-5843-41e0-b2fe-b3964ba02cca,5afd666b-497f-46ed-b98f-7d4ca698ae5e,2026-04-08,day,9.5
e9107550-3b55-4bc0-86d3-60491707e7c7,5afd666b-497f-46ed-b98f-7d4ca698ae5e,2026-04-09,night,10.0
15f1e61b-3ee9-4301-8b04-b3970fd0a7d9,5afd666b-497f-46ed-b98f-7d4ca698ae5e,2026-04-10,day,8.0
220fabf2-f04a-4619-b186-dd9e760b9353,5afd666b-497f-46ed-b98f-7d4ca698ae5e,2026-04-11,day,8.0
b63ceecf-c318-448e-b8d7-264497692c6e,5afd666b-497f-46ed-b98f-7d4ca698ae5e,2026-04-12,night,10.0
f0dadfc5-06b5-47bf-93c7-f0ba6577f9fe,5afd666b-497f-46ed-b98f-7d4ca698ae5e,2026-04-13,day,9.0
f577c178-0ca6-40c5-8359-f18058165437,5afd666b-497f-46ed-b98f-7d4ca698ae5e,2026-04-14,day,8.0
b51096b6-d857-4193-a0de-766902d6c007,5afd666b-497f-46ed-b98f-7d4ca698ae5e,2026-04-15,day,8.0
b6fac7b6-cfe6-4956-ae89-6f7ace065e72,5afd666b-497f-46ed-b98f-7d4ca698ae5e,2026-04-16,day,8.0
089afa21-c7f3-4c0e-bc2b-7ba49dc2ca5c,5afd666b-497f-46ed-b98f-7d4ca698ae5e,2026-04-17,day,8.5
56e5e136-c9e9-4876-a1a2-ec6473527c48,5afd666b-497f-46ed-b98f-7d4ca698ae5e,2026-04-18,night,10.0
2cbae6f9-9799-4302-9d2a-8fef8f5ac561,5afd666b-497f-46ed-b98f-7d4ca698ae5e,2026-04-19,day,8.5
1b7bdef3-25d2-45f7-92cf-b3cf7f46133a,5afd666b-497f-46ed-b98f-7d4ca698ae5e,2026-04-20,day,8.5
ea554aed-e673-4cc8-a0fa-8d50268f8498,5afd666b-497f-46ed-b98f-7d4ca698ae5e,2026-04-21,night,10.0
d134c0f4-a872-4a9f-a3ff-0fa23b9ebe34,5afd666b-497f-46ed-b98f-7d4ca698ae5e,2026-04-22,day,9.0
fffc9171-95ba-4438-b1a5-481f2b71dc18,5afd666b-497f-46ed-b98f-7d4ca698ae5e,2026-04-23,day,8.0
eeb94105-1d8b-4693-a148-854d7186ad72,5afd666b-497f-46ed-b98f-7d4ca698ae5e,2026-04-24,day,8.0
2b22e85b-0c30-4acf-a7be-b36002210a04,5afd666b-497f-46ed-b98f-7d4ca698ae5e,2026-04-25,night,11.0
cc0f6f70-02d3-428b-9bc2-ea0351956ed1,5afd666b-497f-46ed-b98f-7d4ca698ae5e,2026-04-26,extended,14.3
c685ef7f-2841-4c8e-9b79-81a436e53079,5afd666b-497f-46ed-b98f-7d4ca698ae5e,2026-04-27,day,8.0
1120567d-53f2-48f7-8059-9f5a99608e17,5afd666b-497f-46ed-b98f-7d4ca698ae5e,2026-04-28,night,10.5
9550a961-5cb2-4d07-8af2-408fd5a5c947,5afd666b-497f-46ed-b98f-7d4ca698ae5e,2026-04-29,day,8.0
3b1e62df-5572-47a8-a121-55affe76825e,5afd666b-497f-46ed-b98f-7d4ca698ae5e,2026-04-30,day,8.5
63346d55-eddc-4240-846a-eb0a59952550,5afd666b-497f-46ed-b98f-7d4ca698ae5e,2026-05-01,day,8.0
d4eb983c-6d44-4cb2-a66e-74f0e3102c22,5afd666b-497f-46ed-b98f-7d4ca698ae5e,2026-05-02,day,8.0
284c7feb-6bdb-482c-b2aa-c9f6f7fdb190,5afd666b-497f-46ed-b98f-7d4ca698ae5e,2026-05-03,day,9.0
e7054e8b-a73c-4c41-925d-bfe408184750,5afd666b-497f-46ed-b98f-7d4ca698ae5e,2026-05-04,day,8.0
0d7b7d12-5d9d-4f43-8422-110ad03d0957,5afd666b-497f-46ed-b98f-7d4ca698ae5e,2026-05-05,day,8.0
1558a727-9544-4152-9081-f00f26e8630d,5afd666b-497f-46ed-b98f-7d4ca698ae5e,2026-05-06,day,8.0
427d99ef-9f71-4ed6-aaa4-ebbc0a2c21c4,5afd666b-497f-46ed-b98f-7d4ca698ae5e,2026-05-07,day,8.0
7c014031-f056-4f48-a7e8-dcb3fbd7b976,5afd666b-497f-46ed-b98f-7d4ca698ae5e,2026-05-08,night,10.5
6c03095a-dc7c-42e0-a6f7-221241ff76ee,5afd666b-497f-46ed-b98f-7d4ca698ae5e,2026-05-09,night,10.0
efc19da4-087b-46b0-bc28-937df51ea002,5afd666b-497f-46ed-b98f-7d4ca698ae5e,2026-05-10,day,9.0
f5e2ec3f-a29e-43bb-a7d5-cc276a553348,5afd666b-497f-46ed-b98f-7d4ca698ae5e,2026-05-11,night,10.5
1424c0d7-43da-41e8-8628-26aa03fb0486,5afd666b-497f-46ed-b98f-7d4ca698ae5e,2026-05-12,day,8.0
199b154e-85e0-4602-b9a1-1c19eee980cd,5afd666b-497f-46ed-b98f-7d4ca698ae5e,2026-05-13,day,8.0
4613018f-f04c-43a1-9d69-10939d0b0155,5afd666b-497f-46ed-b98f-7d4ca698ae5e,2026-05-14,night,10.0
bbbb5aa3-2d04-4fe9-b86d-a1527dedae20,5afd666b-497f-46ed-b98f-7d4ca698ae5e,2026-05-15,night,10.0
e022aa72-9948-4b34-b000-ad8bcccc9285,5afd666b-497f-46ed-b98f-7d4ca698ae5e,2026-05-16,day,8.5
504cfbe1-5a4e-4c06-bc82-cb3d469b77e2,5afd666b-497f-46ed-b98f-7d4ca698ae5e,2026-05-17,night,10.0
d97dbf59-72a3-49ea-8c88-74cb91bf38c2,5afd666b-497f-46ed-b98f-7d4ca698ae5e,2026-05-18,day,9.0
87495a7c-b6f0-4607-a424-2f78d50687d5,5afd666b-497f-46ed-b98f-7d4ca698ae5e,2026-05-19,day,8.5
ca22622a-9fbc-4547-b03f-6246553a5ebc,5afd666b-497f-46ed-b98f-7d4ca698ae5e,2026-05-20,day,9.5
ad7ba6c5-03fd-4c0e-95db-d051cb714608,5afd666b-497f-46ed-b98f-7d4ca698ae5e,2026-05-21,night,10.0
0f752ed5-46d5-49c2-977b-49343b65c481,5afd666b-497f-46ed-b98f-7d4ca698ae5e,2026-05-22,day,8.0
cde47243-8370-4f91-8348-75895adc5352,5afd666b-497f-46ed-b98f-7d4ca698ae5e,2026-05-24,day,8.0
1abe417d-98b9-49a7-a888-e8e526bb3c03,5afd666b-497f-46ed-b98f-7d4ca698ae5e,2026-05-25,day,8.0
e947b739-5f26-42aa-9eca-252c23078097,5afd666b-497f-46ed-b98f-7d4ca698ae5e,2026-05-26,day,8.0
6f207b5a-2141-4b5d-982c-fe79cc02e929,5afd666b-497f-46ed-b98f-7d4ca698ae5e,2026-05-27,night,12.0
3f97cb74-ecb2-4c77-ab46-38b01ba0af52,5afd666b-497f-46ed-b98f-7d4ca698ae5e,2026-05-28,day,8.0
4d191efe-8087-4ce6-89cc-564f8c30da58,5afd666b-497f-46ed-b98f-7d4ca698ae5e,2026-05-29,day,8.0
89bc45e5-7633-4842-b1ad-6f81bc233f94,5afd666b-497f-46ed-b98f-7d4ca698ae5e,2026-05-31,day,8.0
376cd532-6df0-4d35-96ef-380c224cba7d,5afd666b-497f-46ed-b98f-7d4ca698ae5e,2026-06-01,day,8.0
1861a765-b955-4a1e-9ed3-11d6791c288c,5afd666b-497f-46ed-b98f-7d4ca698ae5e,2026-06-02,day,8.5
e2532d01-6a73-40e3-8775-ad193d038efd,5afd666b-497f-46ed-b98f-7d4ca698ae5e,2026-06-03,day,8.0
daa29dab-d4e9-4267-99d5-3005ba2220c0,5afd666b-497f-46ed-b98f-7d4ca698ae5e,2026-06-04,day,8.0
e52683a4-6767-44fd-a929-74c07720b39c,5afd666b-497f-46ed-b98f-7d4ca698ae5e,2026-06-05,day,8.5
9dccb324-6e71-4180-81b5-c501ddc883cb,5afd666b-497f-46ed-b98f-7d4ca698ae5e,2026-06-06,day,8.5
41e7b49a-03a9-49ac-b678-9fe3820424ef,5afd666b-497f-46ed-b98f-7d4ca698ae5e,2026-06-08,night,10.5
ba36711a-2058-4b20-9c22-863f5fb33879,5afd666b-497f-46ed-b98f-7d4ca698ae5e,2026-06-09,day,8.0
f6995839-37e8-48ca-922f-afdaead6c74b,5afd666b-497f-46ed-b98f-7d4ca698ae5e,2026-06-10,day,9.0
dab73840-7b03-485c-b8af-c7fe0892ad18,5afd666b-497f-46ed-b98f-7d4ca698ae5e,2026-06-11,day,8.0
264a0bee-c761-465a-b1e6-0ad48f5aee24,5afd666b-497f-46ed-b98f-7d4ca698ae5e,2026-06-12,night,11.0
e6479f7f-c7d0-4f11-8b1a-e9f2aeb860ce,5afd666b-497f-46ed-b98f-7d4ca698ae5e,2026-06-13,day,8.0
a900cca3-dc40-4188-9e12-061cefaf1974,5afd666b-497f-46ed-b98f-7d4ca698ae5e,2026-06-15,day,9.5
704d691f-d93d-4c1f-bb57-99f5cef93079,5afd666b-497f-46ed-b98f-7d4ca698ae5e,2026-06-16,day,8.0
e4c3933c-3bf8-44a4-be5d-f9543a1557c5,5afd666b-497f-46ed-b98f-7d4ca698ae5e,2026-06-17,day,8.0
a01af3b8-9859-4344-aba3-888ca82d2065,5afd666b-497f-46ed-b98f-7d4ca698ae5e,2026-06-18,day,8.0
fa4e747c-e5db-420d-8560-8b746479aa01,5afd666b-497f-46ed-b98f-7d4ca698ae5e,2026-06-19,night,10.5
2018181f-d1c8-4a8f-8f06-c45c4ffca37f,5afd666b-497f-46ed-b98f-7d4ca698ae5e,2026-06-22,day,8.0
4335d9a3-6009-4d52-926b-1377b2b54a75,5afd666b-497f-46ed-b98f-7d4ca698ae5e,2026-06-23,extended,13.3
f0ff134d-3de2-4860-824a-89e4749d1093,5afd666b-497f-46ed-b98f-7d4ca698ae5e,2026-06-24,day,8.5
93e26d84-1e8c-43a2-a394-6ea41a5acd16,5afd666b-497f-46ed-b98f-7d4ca698ae5e,2026-06-25,day,8.0
1630df30-cfe8-43f2-84d1-e73a1984bf70,5afd666b-497f-46ed-b98f-7d4ca698ae5e,2026-06-26,night,10.0
414e45c7-9a26-4062-85d4-7a09661bfd7c,5afd666b-497f-46ed-b98f-7d4ca698ae5e,2026-06-28,day,8.0
b536d453-0fec-47ac-be14-49ec6c61505d,5afd666b-497f-46ed-b98f-7d4ca698ae5e,2026-06-29,day,8.5
b35abcf5-0fce-454b-a116-b02daf12fb6e,b3c25dee-163d-4b92-b954-bfbe12e5e16f,2026-01-01,day,8.0
767a50a1-c983-4a46-8fb7-68c224568e82,b3c25dee-163d-4b92-b954-bfbe12e5e16f,2026-01-02,night,10.0
c97418dd-473a-417f-b1a0-5d2a7b3f22e8,b3c25dee-163d-4b92-b954-bfbe12e5e16f,2026-01-03,night,10.0
5631e364-615f-4691-ac7c-2940cb785247,b3c25dee-163d-4b92-b954-bfbe12e5e16f,2026-01-05,day,9.0
edb57372-5649-4d17-b4c2-c94960befef8,b3c25dee-163d-4b92-b954-bfbe12e5e16f,2026-01-06,day,8.0
6a97e99f-b1bb-4724-a8a0-fbe77338c623,b3c25dee-163d-4b92-b954-bfbe12e5e16f,2026-01-07,day,8.0
9d2b4837-7e39-4f3d-8be0-5637cb1d3a7e,b3c25dee-163d-4b92-b954-bfbe12e5e16f,2026-01-08,day,8.0
5077d44e-ce4d-453b-a2a0-3e6d182f047c,b3c25dee-163d-4b92-b954-bfbe12e5e16f,2026-01-09,day,8.0
067e983f-ae79-4c79-b021-1191be80b4a4,b3c25dee-163d-4b92-b954-bfbe12e5e16f,2026-01-10,day,8.0
5c0993d7-75ee-408d-af73-5fa3d1ae1044,b3c25dee-163d-4b92-b954-bfbe12e5e16f,2026-01-11,day,8.0
a1416fee-7f70-4ca5-8f07-b87c9f405f3a,b3c25dee-163d-4b92-b954-bfbe12e5e16f,2026-01-12,night,11.0
c334f2a0-640c-4d8f-ace7-fc89699e8569,b3c25dee-163d-4b92-b954-bfbe12e5e16f,2026-01-13,day,8.5
53b3c3e7-c4b5-4fcc-bf66-797a80d39036,b3c25dee-163d-4b92-b954-bfbe12e5e16f,2026-01-14,day,8.0
ea52582d-088c-4d6c-bf1f-c03c897932f4,b3c25dee-163d-4b92-b954-bfbe12e5e16f,2026-01-15,day,8.0
001587b3-ce20-4211-b2ab-f03840467687,b3c25dee-163d-4b92-b954-bfbe12e5e16f,2026-01-16,extended,12.9
cf1b5f3f-116e-4348-b258-ca8784395d48,b3c25dee-163d-4b92-b954-bfbe12e5e16f,2026-01-19,day,8.0
a7d5591c-6c37-408c-9e36-e0ea98bbfa55,b3c25dee-163d-4b92-b954-bfbe12e5e16f,2026-01-20,day,9.0
9cb447de-6050-40bb-a9ef-844da9eff3c6,b3c25dee-163d-4b92-b954-bfbe12e5e16f,2026-01-21,day,8.0
864bf188-f457-446b-bbcd-922e17694ae0,b3c25dee-163d-4b92-b954-bfbe12e5e16f,2026-01-22,day,8.5
c8ce4b31-cf5f-4d64-be0c-b6256c62cb8d,b3c25dee-163d-4b92-b954-bfbe12e5e16f,2026-01-23,day,8.0
5a2acc48-0547-4b6e-945b-c3c9d836a03a,b3c25dee-163d-4b92-b954-bfbe12e5e16f,2026-01-25,day,8.5
6370c827-c6a8-4322-b8bc-de6c12ef1ab0,b3c25dee-163d-4b92-b954-bfbe12e5e16f,2026-01-26,day,9.0
5485e37f-4273-43ae-a66e-1deef236b7a0,b3c25dee-163d-4b92-b954-bfbe12e5e16f,2026-01-27,day,8.5
dc794ab5-1a07-485f-b37c-8f6035effcc0,b3c25dee-163d-4b92-b954-bfbe12e5e16f,2026-01-28,day,8.0
c50d32c7-35bf-46cb-81ef-abf55a7a964e,b3c25dee-163d-4b92-b954-bfbe12e5e16f,2026-01-29,day,8.0
a997cdb1-90f2-4e36-a435-290330127df9,b3c25dee-163d-4b92-b954-bfbe12e5e16f,2026-01-30,day,8.0
dd5a6466-992d-4815-88ba-c912b1a2623e,b3c25dee-163d-4b92-b954-bfbe12e5e16f,2026-01-31,day,8.0
3f0b2aa4-3a8a-498c-bb96-aed329d82b25,b3c25dee-163d-4b92-b954-bfbe12e5e16f,2026-02-02,day,8.0
8c8f8cc3-3a33-4f20-9059-053b3a592ba4,b3c25dee-163d-4b92-b954-bfbe12e5e16f,2026-02-03,day,8.0
99616790-b792-4f84-b385-3c12c4c4b51a,b3c25dee-163d-4b92-b954-bfbe12e5e16f,2026-02-04,day,8.0
ea469e2d-bf6a-47e5-852e-7cc0ecd3f9b5,b3c25dee-163d-4b92-b954-bfbe12e5e16f,2026-02-05,extended,13.6
d1f74366-8f1d-40d3-801d-9afa7445d5e8,b3c25dee-163d-4b92-b954-bfbe12e5e16f,2026-02-06,day,8.0
65e703a9-7438-43cc-9465-42cea6816906,b3c25dee-163d-4b92-b954-bfbe12e5e16f,2026-02-07,day,8.0
03252bba-536b-4cd3-aff4-447f21a4e0dd,b3c25dee-163d-4b92-b954-bfbe12e5e16f,2026-02-08,day,8.0
3bb01324-6759-4c3c-9c37-4130daea4e5f,b3c25dee-163d-4b92-b954-bfbe12e5e16f,2026-02-09,night,10.0
4139b94c-3ed2-44b7-8929-3f943bce9d34,b3c25dee-163d-4b92-b954-bfbe12e5e16f,2026-02-10,night,11.0
21a843ca-3cee-49b9-aea2-b84c9ce6be63,b3c25dee-163d-4b92-b954-bfbe12e5e16f,2026-02-11,day,8.0
6ce167c4-f5c2-45f6-ada4-f87febc95cce,b3c25dee-163d-4b92-b954-bfbe12e5e16f,2026-02-12,day,8.0
51834d68-29ab-47e8-9cc3-2883e8a606aa,b3c25dee-163d-4b92-b954-bfbe12e5e16f,2026-02-13,day,8.0
6f7c2213-aef0-4f20-b9df-4a710333d6d5,b3c25dee-163d-4b92-b954-bfbe12e5e16f,2026-02-16,extended,15.0
3a284688-6322-49f5-aaf5-f0dcfb7cc76b,b3c25dee-163d-4b92-b954-bfbe12e5e16f,2026-02-17,night,10.5
3eb5af18-f5d6-4241-9253-867c7d03569a,b3c25dee-163d-4b92-b954-bfbe12e5e16f,2026-02-18,night,12.0
6ab816dd-c918-4074-a7d1-129767e7d355,b3c25dee-163d-4b92-b954-bfbe12e5e16f,2026-02-19,day,8.0
c308c025-09de-43c5-9414-ccd6ceb9db46,b3c25dee-163d-4b92-b954-bfbe12e5e16f,2026-02-20,day,8.0
e6b5a78e-ce4a-487d-ab64-50e2dc9197b9,b3c25dee-163d-4b92-b954-bfbe12e5e16f,2026-02-22,night,11.0
1f8ec16c-efca-4ecc-930e-4539f5885897,b3c25dee-163d-4b92-b954-bfbe12e5e16f,2026-02-23,day,8.0
c861cb8b-3533-4127-9628-efcb21a1a1ca,b3c25dee-163d-4b92-b954-bfbe12e5e16f,2026-02-24,day,8.5
b81da366-1a85-4658-878b-c395eba09bfb,b3c25dee-163d-4b92-b954-bfbe12e5e16f,2026-02-25,day,9.5
f0fce956-b222-4205-a95d-ef370ee28984,b3c25dee-163d-4b92-b954-bfbe12e5e16f,2026-02-26,day,8.0
2330942f-78de-4b08-89c8-7d57af85b3dc,b3c25dee-163d-4b92-b954-bfbe12e5e16f,2026-02-27,day,8.0
b550a7e8-99b0-49b1-bc1f-97acb9f82196,b3c25dee-163d-4b92-b954-bfbe12e5e16f,2026-02-28,day,8.0
dcd09b8a-1eeb-4a7a-947e-1eedc3e2c9c4,b3c25dee-163d-4b92-b954-bfbe12e5e16f,2026-03-02,day,8.0
febbbe29-a349-49d8-bcac-310568b26751,b3c25dee-163d-4b92-b954-bfbe12e5e16f,2026-03-03,day,8.0
8b1b56ac-8b55-43b9-b0db-16278c9583f0,b3c25dee-163d-4b92-b954-bfbe12e5e16f,2026-03-04,day,8.0
20349822-a902-4da3-bf76-cc44c89800de,b3c25dee-163d-4b92-b954-bfbe12e5e16f,2026-03-05,day,8.5
fb69ae0b-9638-4e32-8870-5e32ea130cf6,b3c25dee-163d-4b92-b954-bfbe12e5e16f,2026-03-06,day,8.0
eb283794-3463-43bd-8673-3dc5c8545d38,b3c25dee-163d-4b92-b954-bfbe12e5e16f,2026-03-09,night,10.5
cb22b203-80c6-436f-b17e-96671cb44f42,b3c25dee-163d-4b92-b954-bfbe12e5e16f,2026-03-10,extended,14.9
d70c17ac-f554-43fd-98e2-03b3661e9327,b3c25dee-163d-4b92-b954-bfbe12e5e16f,2026-03-11,extended,15.3
1caee546-fc3e-49aa-b69b-0840b6a2959f,b3c25dee-163d-4b92-b954-bfbe12e5e16f,2026-03-12,day,9.0
8f05c9d2-f6fb-4ed5-b271-a673291e4b1d,b3c25dee-163d-4b92-b954-bfbe12e5e16f,2026-03-13,day,9.0
5f227df4-aaa8-4d3a-b290-a27584f1a2fa,b3c25dee-163d-4b92-b954-bfbe12e5e16f,2026-03-16,night,10.0
7932254f-381d-4c8f-aa96-aa6676d29b46,b3c25dee-163d-4b92-b954-bfbe12e5e16f,2026-03-17,day,8.5
4dccd468-3a9f-4b93-8310-b3a6a3c08175,b3c25dee-163d-4b92-b954-bfbe12e5e16f,2026-03-18,night,10.0
0145d6e5-db7d-4f0b-afd1-4b06e5aabcdc,b3c25dee-163d-4b92-b954-bfbe12e5e16f,2026-03-19,night,11.0
a10cc9f3-608f-43a6-a8d5-9783318e572c,b3c25dee-163d-4b92-b954-bfbe12e5e16f,2026-03-20,night,10.0
9633bc1a-9c9b-4a12-adb5-cdceab10f1d4,b3c25dee-163d-4b92-b954-bfbe12e5e16f,2026-03-21,day,8.0
abb1aadd-62a4-49dd-8b5e-aa49c20ff340,b3c25dee-163d-4b92-b954-bfbe12e5e16f,2026-03-23,day,8.0
bfb8e005-0290-4074-bec2-e182adb3825f,b3c25dee-163d-4b92-b954-bfbe12e5e16f,2026-03-24,day,8.5
3629a453-8175-4a12-a245-3f653e7ec8eb,b3c25dee-163d-4b92-b954-bfbe12e5e16f,2026-03-25,day,8.0
b69a7539-637a-4da8-8c88-7bb55de8f156,b3c25dee-163d-4b92-b954-bfbe12e5e16f,2026-03-26,day,8.0
249b60ae-325e-498f-bca8-af8c901be6da,b3c25dee-163d-4b92-b954-bfbe12e5e16f,2026-03-27,night,10.0
199f5cd1-c533-4c65-9a29-a4bbcab39dd0,b3c25dee-163d-4b92-b954-bfbe12e5e16f,2026-03-28,day,9.5
7f57c60e-2151-45d6-ad70-d7a427120ed3,b3c25dee-163d-4b92-b954-bfbe12e5e16f,2026-03-29,day,8.5
06094c9b-fc0b-4fe2-9ce2-454671343d01,b3c25dee-163d-4b92-b954-bfbe12e5e16f,2026-03-30,day,9.5
1fd823d3-a37a-4eca-a1f7-167cc678fd38,b3c25dee-163d-4b92-b954-bfbe12e5e16f,2026-03-31,day,8.0
b7d75576-b603-4172-965d-2e7667986325,b3c25dee-163d-4b92-b954-bfbe12e5e16f,2026-04-01,day,8.5
190592d7-9c05-41ed-9e53-dcc1eaf1cea7,b3c25dee-163d-4b92-b954-bfbe12e5e16f,2026-04-02,day,9.0
f0a8f1f3-fa3e-472b-aa2b-49dc127f0658,b3c25dee-163d-4b92-b954-bfbe12e5e16f,2026-04-03,night,11.0
3ed3a19b-d5a6-42d0-adbb-2ef5413ac93b,b3c25dee-163d-4b92-b954-bfbe12e5e16f,2026-04-06,day,8.0
e5a4216f-3b62-4351-967b-293c8c13e58a,b3c25dee-163d-4b92-b954-bfbe12e5e16f,2026-04-07,day,8.5
fa767cb8-ea29-4857-9eae-362bb7fd7010,b3c25dee-163d-4b92-b954-bfbe12e5e16f,2026-04-08,day,8.0
a17b7575-d2bd-4f44-ae43-22b5fa02eec9,b3c25dee-163d-4b92-b954-bfbe12e5e16f,2026-04-09,day,8.5
a2b60c12-7747-4579-a8bf-218e4fa2df64,b3c25dee-163d-4b92-b954-bfbe12e5e16f,2026-04-10,night,10.0
821b78e4-e4c7-48ae-945d-4b981710d143,b3c25dee-163d-4b92-b954-bfbe12e5e16f,2026-04-13,day,8.5
015cba1c-1ee7-4f7a-b3eb-f8b4933e1fd2,b3c25dee-163d-4b92-b954-bfbe12e5e16f,2026-04-14,day,8.5
56b43396-6c0c-4bf6-aeaa-0a1bd1a9972a,b3c25dee-163d-4b92-b954-bfbe12e5e16f,2026-04-15,day,8.0
c429f24c-7bff-4138-ae36-d61105a9b887,b3c25dee-163d-4b92-b954-bfbe12e5e16f,2026-04-16,day,8.0
37537f12-bda2-447c-a169-eb62b75447c1,b3c25dee-163d-4b92-b954-bfbe12e5e16f,2026-04-17,night,10.0
938897fa-4d2f-4c09-a512-b825e39ce1be,b3c25dee-163d-4b92-b954-bfbe12e5e16f,2026-04-20,day,8.0
abd21c97-150e-400f-9f8b-e0011b9a0349,b3c25dee-163d-4b92-b954-bfbe12e5e16f,2026-04-21,extended,13.5
ccad01d8-877d-4a1e-ac0f-717dcc44a3d7,b3c25dee-163d-4b92-b954-bfbe12e5e16f,2026-04-22,day,8.0
4c6de7cc-eb31-4e57-a78e-713ab126fee9,b3c25dee-163d-4b92-b954-bfbe12e5e16f,2026-04-23,night,10.0
57b08912-7dec-48ec-9886-0a0d16921bdc,b3c25dee-163d-4b92-b954-bfbe12e5e16f,2026-04-24,night,10.5
13b03866-eec9-4aa3-a569-2a6507bc2902,b3c25dee-163d-4b92-b954-bfbe12e5e16f,2026-04-25,day,8.0
f547770c-9a8c-4a15-ba49-eda943866cd8,b3c25dee-163d-4b92-b954-bfbe12e5e16f,2026-04-27,day,8.0
a6640dcc-a2bd-432d-b4c1-75a1866046f6,b3c25dee-163d-4b92-b954-bfbe12e5e16f,2026-04-28,day,8.0
d2afcacd-6583-47e4-8a95-0735c64c4bd6,b3c25dee-163d-4b92-b954-bfbe12e5e16f,2026-04-29,day,9.5
ab93bae6-cd46-497f-a529-866556e25822,b3c25dee-163d-4b92-b954-bfbe12e5e16f,2026-04-30,night,10.5
54050977-dc01-4c22-a267-1510f924f8e2,b3c25dee-163d-4b92-b954-bfbe12e5e16f,2026-05-01,night,10.0
5dba8b44-c058-4c7a-b689-b7c521cccf41,b3c25dee-163d-4b92-b954-bfbe12e5e16f,2026-05-04,day,8.0
fb5fe0e7-0aca-4f86-aabe-1d655d4e4380,b3c25dee-163d-4b92-b954-bfbe12e5e16f,2026-05-05,day,9.5
67198d93-b786-4cbc-809b-afd3687ab49e,b3c25dee-163d-4b92-b954-bfbe12e5e16f,2026-05-06,day,8.0
1f8d76a7-d282-4ea4-a516-595e69525a32,b3c25dee-163d-4b92-b954-bfbe12e5e16f,2026-05-07,day,8.5
aba626d6-470f-4593-a95e-2c339ac1e865,b3c25dee-163d-4b92-b954-bfbe12e5e16f,2026-05-08,day,8.5
3b20454f-c0bb-4ec1-a9e7-39d3543c33bd,b3c25dee-163d-4b92-b954-bfbe12e5e16f,2026-05-09,day,8.0
22efb90e-b167-4643-9539-00b04c6e28b8,b3c25dee-163d-4b92-b954-bfbe12e5e16f,2026-05-11,day,8.0
e812096b-9c67-4748-bc7d-f9ee9e14fb71,b3c25dee-163d-4b92-b954-bfbe12e5e16f,2026-05-12,day,8.0
fb2a93a0-09a8-4175-9be9-742d529f21b5,b3c25dee-163d-4b92-b954-bfbe12e5e16f,2026-05-13,day,9.5
da4f8466-84d6-4fdb-9ac2-d9a122e2378a,b3c25dee-163d-4b92-b954-bfbe12e5e16f,2026-05-14,day,8.5
02821fcf-035f-4eb6-a52f-9153245778fa,b3c25dee-163d-4b92-b954-bfbe12e5e16f,2026-05-15,day,8.5
d0d45032-4b0e-4df1-b2d6-d5e1db9d9e88,b3c25dee-163d-4b92-b954-bfbe12e5e16f,2026-05-18,day,8.0
efbf24f2-c4ef-4db3-93af-a2c5e3ddccb5,b3c25dee-163d-4b92-b954-bfbe12e5e16f,2026-05-19,day,8.0
32590555-f979-49f6-a3d1-4b05ed36d5a6,b3c25dee-163d-4b92-b954-bfbe12e5e16f,2026-05-20,day,8.0
c1fce23b-d380-4bd2-8b08-ed39e0d2445d,b3c25dee-163d-4b92-b954-bfbe12e5e16f,2026-05-21,day,9.0
f252921a-20d3-433c-97e9-95156788aa16,b3c25dee-163d-4b92-b954-bfbe12e5e16f,2026-05-22,day,8.0
b800c9bf-9c35-40a3-8c83-40f03ad479a2,b3c25dee-163d-4b92-b954-bfbe12e5e16f,2026-05-25,night,10.0
6994debb-d754-4156-b723-38f69aeeaba5,b3c25dee-163d-4b92-b954-bfbe12e5e16f,2026-05-26,day,8.0
8a0d7f49-3c6f-4497-b19a-89e1e02fce67,b3c25dee-163d-4b92-b954-bfbe12e5e16f,2026-05-27,day,8.0
efb28790-48bf-4fc8-9937-19588d18813f,b3c25dee-163d-4b92-b954-bfbe12e5e16f,2026-05-28,day,8.0
46df743a-94df-4dc9-a998-0547bdda3d7b,b3c25dee-163d-4b92-b954-bfbe12e5e16f,2026-05-29,night,10.0
e3ae5cd0-0c1e-4ffa-a30c-9d19e2d84370,b3c25dee-163d-4b92-b954-bfbe12e5e16f,2026-05-30,day,8.0
d9e381f7-2c37-419f-a6a5-5d9dc2184532,b3c25dee-163d-4b92-b954-bfbe12e5e16f,2026-05-31,day,8.0
8f0e7788-8cec-48d6-b7a2-75d56b9f4854,b3c25dee-163d-4b92-b954-bfbe12e5e16f,2026-06-01,night,11.0
5fc2d972-cb10-4807-b199-44e556b020db,b3c25dee-163d-4b92-b954-bfbe12e5e16f,2026-06-02,day,8.0
ba0b77ff-5539-45df-a42f-d34af88f5940,b3c25dee-163d-4b92-b954-bfbe12e5e16f,2026-06-03,day,8.0
fb05baaa-c664-4d7d-9bb2-342ee937a8da,b3c25dee-163d-4b92-b954-bfbe12e5e16f,2026-06-04,day,9.0
814b3e0d-baed-46d6-b5eb-d028733e8bef,b3c25dee-163d-4b92-b954-bfbe12e5e16f,2026-06-05,night,10.0
9c033f6c-d8e0-4704-9450-29fe70c9b864,b3c25dee-163d-4b92-b954-bfbe12e5e16f,2026-06-06,day,8.5
a720079a-b588-4c33-b565-fcd9e894e3dc,b3c25dee-163d-4b92-b954-bfbe12e5e16f,2026-06-07,night,10.5
46248db4-9e80-4aa9-add7-42f3ba9ae015,b3c25dee-163d-4b92-b954-bfbe12e5e16f,2026-06-08,day,8.0
d0348751-a6be-4437-b7c6-e439429062cf,b3c25dee-163d-4b92-b954-bfbe12e5e16f,2026-06-09,day,8.5
2e996430-29ac-4443-8112-1ddf0797f796,b3c25dee-163d-4b92-b954-bfbe12e5e16f,2026-06-10,day,8.0
1f3a4fda-7675-4e94-988d-2521c110f28b,b3c25dee-163d-4b92-b954-bfbe12e5e16f,2026-06-11,day,8.0
5a59eef9-f52e-4bae-bbe0-4e97ef128002,b3c25dee-163d-4b92-b954-bfbe12e5e16f,2026-06-12,night,10.5
389cfde5-1567-482d-b609-8fff57ec7e9e,b3c25dee-163d-4b92-b954-bfbe12e5e16f,2026-06-13,night,10.0
349b1c3e-6fb6-4fc4-9bdb-3487dfc40501,b3c25dee-163d-4b92-b954-bfbe12e5e16f,2026-06-14,day,9.0
18040c5a-6ebc-46c8-8611-c8dd484f158f,b3c25dee-163d-4b92-b954-bfbe12e5e16f,2026-06-15,night,10.5
9d6214f7-3639-4fba-b131-3680d72d8aca,b3c25dee-163d-4b92-b954-bfbe12e5e16f,2026-06-16,night,10.0
22010992-eb9a-4ca8-8700-b0afd67a3673,b3c25dee-163d-4b92-b954-bfbe12e5e16f,2026-06-17,day,9.5
41af5941-f644-4bd9-923a-3fc9f5b6b981,b3c25dee-163d-4b92-b954-bfbe12e5e16f,2026-06-18,day,9.0
174df87d-9bf4-45a6-ae20-beed31cad81d,b3c25dee-163d-4b92-b954-bfbe12e5e16f,2026-06-19,day,8.5
2de1f5b8-6aa8-41ec-ac3b-0facac119e80,b3c25dee-163d-4b92-b954-bfbe12e5e16f,2026-06-20,night,11.0
866091fc-9c42-4ea9-9f73-a78281e6ba66,b3c25dee-163d-4b92-b954-bfbe12e5e16f,2026-06-22,day,8.0
09bc5fed-46c6-4abb-9be8-1255e75e8621,b3c25dee-163d-4b92-b954-bfbe12e5e16f,2026-06-23,night,10.0
1172add2-a44d-4734-a5d0-d4b195dd492d,b3c25dee-163d-4b92-b954-bfbe12e5e16f,2026-06-24,night,12.0
56a12c22-934f-4bd0-aa21-881efa63e086,b3c25dee-163d-4b92-b954-bfbe12e5e16f,2026-06-25,day,8.5
ecf002de-18c1-464d-ba94-4257fe678176,b3c25dee-163d-4b92-b954-bfbe12e5e16f,2026-06-26,day,8.0
ce86568a-e82d-469d-98bb-484969476617,b3c25dee-163d-4b92-b954-bfbe12e5e16f,2026-06-29,day,8.5
f26ecb2a-2fca-43bd-9519-5935d9eebb3f,e3781c20-9024-4d35-93d0-ea9a3e3ea717,2026-01-01,day,8.0
7c2f4386-a261-420a-843e-9c097a4275b9,e3781c20-9024-4d35-93d0-ea9a3e3ea717,2026-01-02,day,8.0
3413a8a8-c91a-48a3-b774-49d18b483869,e3781c20-9024-4d35-93d0-ea9a3e3ea717,2026-01-05,day,8.0
60a3c7f8-cc69-4b62-af90-3b19daccc38d,e3781c20-9024-4d35-93d0-ea9a3e3ea717,2026-01-06,night,11.0
be97e76e-5f15-47c2-af6f-301232c94f98,e3781c20-9024-4d35-93d0-ea9a3e3ea717,2026-01-07,day,8.0
00303651-3c33-4ae6-ba7d-801269672312,e3781c20-9024-4d35-93d0-ea9a3e3ea717,2026-01-08,day,8.5
aa71a78e-d5a3-45a6-9ee9-007c5e67eac1,e3781c20-9024-4d35-93d0-ea9a3e3ea717,2026-01-09,extended,13.8
bd225e3e-d7fe-4540-8973-70a78485e58b,e3781c20-9024-4d35-93d0-ea9a3e3ea717,2026-01-11,night,11.0
3ff8139b-abb9-46cf-a7ad-6d7c579c876b,e3781c20-9024-4d35-93d0-ea9a3e3ea717,2026-01-12,day,8.0
4bcbf927-dd09-403c-b18d-b7f6e09f77eb,e3781c20-9024-4d35-93d0-ea9a3e3ea717,2026-01-13,day,8.0
7c3a1d23-7dd8-4ebc-8f04-64e18bde79dc,e3781c20-9024-4d35-93d0-ea9a3e3ea717,2026-01-14,day,8.0
bb3b244d-157f-4f51-8a3d-5c71927c1753,e3781c20-9024-4d35-93d0-ea9a3e3ea717,2026-01-15,day,8.0
35596471-e7a4-43c6-a5cf-23ec23a6f79b,e3781c20-9024-4d35-93d0-ea9a3e3ea717,2026-01-16,night,10.0
90f93190-abf6-4ef4-b906-2fc820cfd9b2,e3781c20-9024-4d35-93d0-ea9a3e3ea717,2026-01-19,day,8.0
00a7910e-9288-43b4-a503-5d4d111fbe17,e3781c20-9024-4d35-93d0-ea9a3e3ea717,2026-01-20,day,8.0
fcafa276-ccef-49f7-82f0-5350d1017160,e3781c20-9024-4d35-93d0-ea9a3e3ea717,2026-01-21,night,10.5
11a31469-6ad5-4f4f-96f7-d335ffbbee4d,e3781c20-9024-4d35-93d0-ea9a3e3ea717,2026-01-22,day,8.5
286efa80-3945-4299-81ed-3a6c451ec689,e3781c20-9024-4d35-93d0-ea9a3e3ea717,2026-01-23,night,10.5
55caa813-5e9f-493b-8e4a-472981d2c028,e3781c20-9024-4d35-93d0-ea9a3e3ea717,2026-01-24,day,8.0
09510ccf-80c0-489a-97ab-e8fd43ea8830,e3781c20-9024-4d35-93d0-ea9a3e3ea717,2026-01-26,day,8.0
fcb9f2ff-d52a-49d7-92c2-69ad8d4615ea,e3781c20-9024-4d35-93d0-ea9a3e3ea717,2026-01-27,day,8.0
6c4e938f-5838-44a1-ae54-dd4f1978e6ce,e3781c20-9024-4d35-93d0-ea9a3e3ea717,2026-01-28,day,8.0
34e798cd-c309-41a6-bbe6-a9fe69ed8c11,e3781c20-9024-4d35-93d0-ea9a3e3ea717,2026-01-29,night,10.0
b8e3227c-b776-4ac7-9d4b-e4991c126230,e3781c20-9024-4d35-93d0-ea9a3e3ea717,2026-01-30,night,10.5
cfcff635-e1bd-4933-97a4-27883bac582a,e3781c20-9024-4d35-93d0-ea9a3e3ea717,2026-02-02,day,8.5
72681dc7-fb6d-4fd3-a581-9a53c8ce230b,e3781c20-9024-4d35-93d0-ea9a3e3ea717,2026-02-03,day,9.0
6ac4e37d-3014-48b3-864b-39a38bc251b6,e3781c20-9024-4d35-93d0-ea9a3e3ea717,2026-02-04,day,8.5
19793965-4c6b-4865-93aa-1fc8106d098b,e3781c20-9024-4d35-93d0-ea9a3e3ea717,2026-02-05,day,8.0
acee80d5-7e9e-415f-8da3-2e513e498293,e3781c20-9024-4d35-93d0-ea9a3e3ea717,2026-02-06,day,8.5
13a75d22-35e4-4a17-a79a-4bba22579b5c,e3781c20-9024-4d35-93d0-ea9a3e3ea717,2026-02-07,night,12.0
71250e35-6371-4f0b-98c2-034847c559b7,e3781c20-9024-4d35-93d0-ea9a3e3ea717,2026-02-09,day,9.0
74fe0656-5fc6-4bea-aeb1-a15bef097565,e3781c20-9024-4d35-93d0-ea9a3e3ea717,2026-02-10,day,8.0
c6309cfc-43eb-4d31-93b9-0e29398638a7,e3781c20-9024-4d35-93d0-ea9a3e3ea717,2026-02-11,night,10.0
0cc6b663-4838-4ada-81fc-800c3d368fac,e3781c20-9024-4d35-93d0-ea9a3e3ea717,2026-02-12,day,9.0
04216a4f-77c7-49f3-8196-947dda725980,e3781c20-9024-4d35-93d0-ea9a3e3ea717,2026-02-13,night,10.0
238afd20-fd9f-47df-8730-2e66b2dc9dbe,e3781c20-9024-4d35-93d0-ea9a3e3ea717,2026-02-16,day,9.5
ae9904e7-b106-4782-86b2-de1a51ce943f,e3781c20-9024-4d35-93d0-ea9a3e3ea717,2026-02-17,day,8.0
4adf99b3-9be9-4f7f-b0b3-08b92a420ac8,e3781c20-9024-4d35-93d0-ea9a3e3ea717,2026-02-18,night,11.0
5e6b2a5f-89d6-48df-93a2-b5b353193f4f,e3781c20-9024-4d35-93d0-ea9a3e3ea717,2026-02-19,day,8.5
ab2cfa02-cc62-43eb-b792-90d28b5a4ab1,e3781c20-9024-4d35-93d0-ea9a3e3ea717,2026-02-20,day,9.0
7385d8e7-31fa-47e6-be2a-2aaac83ddbc7,e3781c20-9024-4d35-93d0-ea9a3e3ea717,2026-02-23,day,8.0
7c8dce5c-ec29-43c9-aa1e-8862f265f5bb,e3781c20-9024-4d35-93d0-ea9a3e3ea717,2026-03-11,day,8.0
cb27b692-16f1-4808-a032-4cb779265beb,e3781c20-9024-4d35-93d0-ea9a3e3ea717,2026-03-12,day,8.0
8d10e3ea-1267-4ad8-805c-ba2d218da014,e3781c20-9024-4d35-93d0-ea9a3e3ea717,2026-03-13,day,8.0
f492234a-01e9-4bc7-9140-2005a0528b9f,e3781c20-9024-4d35-93d0-ea9a3e3ea717,2026-03-14,day,8.0
f5ed2fea-907f-4a3c-b59e-4daf5b4b3bf4,e3781c20-9024-4d35-93d0-ea9a3e3ea717,2026-03-16,day,8.5
3ddda4c1-439d-4b67-ab6a-cb5b230fe228,e3781c20-9024-4d35-93d0-ea9a3e3ea717,2026-03-17,day,8.0
343bd1bc-d4ef-435d-8be0-320390ef4068,e3781c20-9024-4d35-93d0-ea9a3e3ea717,2026-03-18,day,8.0
a52337bb-2d5e-42bf-8889-4d7a8c172ede,e3781c20-9024-4d35-93d0-ea9a3e3ea717,2026-03-19,night,10.0
f8098b34-8693-4228-85fe-289af452880d,e3781c20-9024-4d35-93d0-ea9a3e3ea717,2026-03-20,day,8.0
08fa49d5-cc13-4aac-9102-feb352ec658e,e3781c20-9024-4d35-93d0-ea9a3e3ea717,2026-03-23,night,10.0
cf2ced08-58ae-46b8-a5c2-1d1d1dde66bb,e3781c20-9024-4d35-93d0-ea9a3e3ea717,2026-03-24,day,8.0
7bceb857-9861-41c9-b8bc-c35e927c94c1,e3781c20-9024-4d35-93d0-ea9a3e3ea717,2026-03-25,day,8.0
62a4308f-de14-484e-971d-3b865bbc5a3f,e3781c20-9024-4d35-93d0-ea9a3e3ea717,2026-03-26,extended,13.9
74e073d7-f5a9-4d93-a934-448fa765b7cb,e3781c20-9024-4d35-93d0-ea9a3e3ea717,2026-03-27,extended,14.9
4612a3e0-9027-4116-97b6-4622cb438e0b,e3781c20-9024-4d35-93d0-ea9a3e3ea717,2026-03-30,night,11.0
3597764e-095c-4867-a370-caf3cdc13249,e3781c20-9024-4d35-93d0-ea9a3e3ea717,2026-03-31,day,8.0
b537579a-1c8e-43f5-b601-e776123e4db7,e3781c20-9024-4d35-93d0-ea9a3e3ea717,2026-04-01,night,11.0
7e380213-6f49-4cb4-9a0e-a00aa92bc43b,e3781c20-9024-4d35-93d0-ea9a3e3ea717,2026-04-02,day,8.5
9ccc82f5-760b-4246-890c-e43858d67b77,e3781c20-9024-4d35-93d0-ea9a3e3ea717,2026-04-03,day,9.0
579c8756-07a4-401f-9bb0-ee38510550d9,e3781c20-9024-4d35-93d0-ea9a3e3ea717,2026-04-06,day,9.0
0cd06f87-0a6a-4558-850c-b329252fea09,e3781c20-9024-4d35-93d0-ea9a3e3ea717,2026-04-07,day,8.0
004cdc1d-aa9e-4740-994d-9af51db58f74,e3781c20-9024-4d35-93d0-ea9a3e3ea717,2026-04-08,day,8.0
9b0a3b14-4fd6-4031-8726-efb0dcb8da68,e3781c20-9024-4d35-93d0-ea9a3e3ea717,2026-04-09,night,12.0
16225eae-3f6c-48a3-8613-0564d4e23e89,e3781c20-9024-4d35-93d0-ea9a3e3ea717,2026-04-10,day,8.0
4cd07de1-f366-4d4e-bc16-75c6e0606061,e3781c20-9024-4d35-93d0-ea9a3e3ea717,2026-04-11,day,8.0
acd7b5a3-0224-4958-a838-63faf34153ff,e3781c20-9024-4d35-93d0-ea9a3e3ea717,2026-04-12,day,9.0
2da369b7-8d0b-4c08-92f2-a49135ccba2b,e3781c20-9024-4d35-93d0-ea9a3e3ea717,2026-04-13,day,8.0
7d1a1ded-203d-42ce-b803-cb39cb48230e,e3781c20-9024-4d35-93d0-ea9a3e3ea717,2026-04-14,night,10.5
aaeeaacc-c4bc-4662-b487-6c7c90c9c360,e3781c20-9024-4d35-93d0-ea9a3e3ea717,2026-04-15,day,8.0
6cb5ab14-bf57-43e3-ad47-80ebde9d7d5b,e3781c20-9024-4d35-93d0-ea9a3e3ea717,2026-04-16,day,8.0
f0e2dbe3-7773-4870-980b-5e39fd81c69d,e3781c20-9024-4d35-93d0-ea9a3e3ea717,2026-04-17,day,8.0
6362e81f-0533-4336-8a18-dd8d040c7ef5,e3781c20-9024-4d35-93d0-ea9a3e3ea717,2026-04-18,day,8.0
2da8df98-fa79-4ba4-b5f1-402b821bd5cb,e3781c20-9024-4d35-93d0-ea9a3e3ea717,2026-04-19,day,8.0
fe9581ec-8f0f-4a3e-b2f9-489a77016d25,e3781c20-9024-4d35-93d0-ea9a3e3ea717,2026-04-20,night,10.0
e7367651-2762-4089-9f84-ca24a6bf2651,e3781c20-9024-4d35-93d0-ea9a3e3ea717,2026-04-21,day,8.0
bb76dc91-0ea7-48af-a911-6c89d5d9a820,e3781c20-9024-4d35-93d0-ea9a3e3ea717,2026-04-22,day,9.5
f9f22d83-3f10-4ce2-a11c-d7eaff6ba695,e3781c20-9024-4d35-93d0-ea9a3e3ea717,2026-04-23,day,8.0
dd6c28de-308b-4db3-aafd-0b95ef7c60a3,e3781c20-9024-4d35-93d0-ea9a3e3ea717,2026-04-24,night,11.0
5a90af90-6eec-4d46-9772-c97c3e09af93,e3781c20-9024-4d35-93d0-ea9a3e3ea717,2026-04-27,day,8.5
abbd34b0-3c90-4140-9eb6-04373ebb9749,e3781c20-9024-4d35-93d0-ea9a3e3ea717,2026-04-28,day,9.5
36ebff89-db6d-4c76-9e7a-c942d37e82ec,e3781c20-9024-4d35-93d0-ea9a3e3ea717,2026-04-29,day,8.0
158a647f-7cc5-4cd5-920e-cb27890979e7,e3781c20-9024-4d35-93d0-ea9a3e3ea717,2026-04-30,day,8.0
6ac2647c-0155-49dc-bc72-97ad5a681463,e3781c20-9024-4d35-93d0-ea9a3e3ea717,2026-05-01,day,8.0
245f717d-28fc-4163-b3e5-99932767b27c,e3781c20-9024-4d35-93d0-ea9a3e3ea717,2026-05-02,day,8.0
8a443190-6099-48ce-b97f-b6d4bee3647d,e3781c20-9024-4d35-93d0-ea9a3e3ea717,2026-05-04,day,8.0
6358b565-8efe-43f8-958d-b926e26df72d,e3781c20-9024-4d35-93d0-ea9a3e3ea717,2026-05-05,day,8.0
7bd40c56-36fa-4390-b043-d6236aa80d48,e3781c20-9024-4d35-93d0-ea9a3e3ea717,2026-05-06,day,8.5
a356a871-252a-4fcd-a8ec-67de4b0b98a8,e3781c20-9024-4d35-93d0-ea9a3e3ea717,2026-05-07,night,10.0
280073d6-1906-469d-8f66-1a59674aed6b,e3781c20-9024-4d35-93d0-ea9a3e3ea717,2026-05-08,night,10.5
5c6804a7-11f4-40c7-9980-e6c50975f759,e3781c20-9024-4d35-93d0-ea9a3e3ea717,2026-05-10,day,8.0
a5d2b924-853b-4020-9fa5-efed9b840223,e3781c20-9024-4d35-93d0-ea9a3e3ea717,2026-05-11,day,8.0
3aa9425e-cd52-47d7-bb76-7a13ae434d01,e3781c20-9024-4d35-93d0-ea9a3e3ea717,2026-05-12,night,10.5
80fcf087-4b9b-4d2b-9ea5-858fdec2d76b,e3781c20-9024-4d35-93d0-ea9a3e3ea717,2026-05-13,day,9.5
8f43aea0-08af-4df5-8009-0e199bc565f5,e3781c20-9024-4d35-93d0-ea9a3e3ea717,2026-05-14,day,8.0
3b52e499-f6fc-4304-8af3-854880165ad0,e3781c20-9024-4d35-93d0-ea9a3e3ea717,2026-05-15,day,8.0
352f3b96-3ba9-4fe8-a3f5-4f6704601154,e3781c20-9024-4d35-93d0-ea9a3e3ea717,2026-05-17,day,8.0
d0b43391-c1f7-4f06-9110-3f1f03250fac,e3781c20-9024-4d35-93d0-ea9a3e3ea717,2026-05-18,day,8.5
fd58bb47-f665-4a09-a13e-f46a9a51c353,e3781c20-9024-4d35-93d0-ea9a3e3ea717,2026-05-19,day,8.0
17929233-0903-44e3-9b20-14edfa154272,e3781c20-9024-4d35-93d0-ea9a3e3ea717,2026-05-20,day,8.5
1df3ec8e-9527-4dbc-8ab1-a71f9698410d,e3781c20-9024-4d35-93d0-ea9a3e3ea717,2026-05-21,extended,13.7
ee4fd85b-dda8-49eb-94f1-b0e6d38dd4f0,e3781c20-9024-4d35-93d0-ea9a3e3ea717,2026-05-22,day,8.0
cb30a73e-51ce-433b-9229-4c1d728987a2,e3781c20-9024-4d35-93d0-ea9a3e3ea717,2026-05-23,day,8.5
59c84e38-fb87-4c17-996e-97f1eebdc15d,e3781c20-9024-4d35-93d0-ea9a3e3ea717,2026-05-25,day,8.0
df09fce2-310c-4165-9165-7c4ec9f00bbe,e3781c20-9024-4d35-93d0-ea9a3e3ea717,2026-05-26,day,8.0
17d7c1e8-2a7d-49b1-88be-d5d83e0b08c0,e3781c20-9024-4d35-93d0-ea9a3e3ea717,2026-05-27,day,8.0
d34f8bef-91dc-4065-81a4-094abadc84a5,e3781c20-9024-4d35-93d0-ea9a3e3ea717,2026-05-28,day,8.0
dd2380fa-0282-4e81-9bf1-b0cc3f19cce3,e3781c20-9024-4d35-93d0-ea9a3e3ea717,2026-05-29,day,9.0
406a85dc-1bda-4bfa-856c-914e18e5a6e7,e3781c20-9024-4d35-93d0-ea9a3e3ea717,2026-05-30,day,8.5
90c79562-863a-4e2e-a147-0c310ed501c1,e3781c20-9024-4d35-93d0-ea9a3e3ea717,2026-06-01,day,8.0
01f9a049-c8f0-494b-b7b2-812abbb60853,e3781c20-9024-4d35-93d0-ea9a3e3ea717,2026-06-02,day,9.0
16841551-480d-40bd-b1f4-b90393ba3255,e3781c20-9024-4d35-93d0-ea9a3e3ea717,2026-06-03,day,9.0
e20780e2-997e-4589-903d-1d55c4d9c5e2,e3781c20-9024-4d35-93d0-ea9a3e3ea717,2026-06-04,day,9.0
19a4dec0-50b3-4fd4-94e4-c967fa47a7ac,e3781c20-9024-4d35-93d0-ea9a3e3ea717,2026-06-05,day,8.0
4b3381c1-9a24-4359-9706-96cf0d7307ea,e3781c20-9024-4d35-93d0-ea9a3e3ea717,2026-06-06,day,8.5
6307a1ca-040c-4db7-aede-5409930be5ac,e3781c20-9024-4d35-93d0-ea9a3e3ea717,2026-06-08,night,10.0
c7b93a86-a69e-417d-a5dc-3077c22f456a,e3781c20-9024-4d35-93d0-ea9a3e3ea717,2026-06-09,day,8.0
45b953ac-deee-4361-9a5b-2b05aede4364,e3781c20-9024-4d35-93d0-ea9a3e3ea717,2026-06-10,day,8.0
b8bc6243-dbff-44a8-be7a-aeb7c2c39ba3,e3781c20-9024-4d35-93d0-ea9a3e3ea717,2026-06-11,night,10.0
2d0785b3-c73e-4a30-ac9b-9389f178d131,e3781c20-9024-4d35-93d0-ea9a3e3ea717,2026-06-12,night,10.5
8f4f94cc-575d-486a-8232-43f4f9d3f93b,e3781c20-9024-4d35-93d0-ea9a3e3ea717,2026-06-15,day,9.0
14316600-cc37-4fa7-8b6e-380c1147c9ca,e3781c20-9024-4d35-93d0-ea9a3e3ea717,2026-06-16,day,8.5
b8d3b8b0-035a-4fce-9cd9-58f0057d995c,e3781c20-9024-4d35-93d0-ea9a3e3ea717,2026-06-17,day,9.5
f2fbce1e-bb54-425c-943b-0c0ab9b6e846,e3781c20-9024-4d35-93d0-ea9a3e3ea717,2026-06-18,day,8.0
480f9611-ec1c-49de-8471-b864829a57a7,e3781c20-9024-4d35-93d0-ea9a3e3ea717,2026-06-19,day,8.5
96875de4-6ffa-4c29-b7ce-ad33a97278fd,e3781c20-9024-4d35-93d0-ea9a3e3ea717,2026-06-20,day,8.5
f6165c4b-19ed-46be-81b5-d5460f8339c3,e3781c20-9024-4d35-93d0-ea9a3e3ea717,2026-06-22,day,8.5
8e3e315b-1068-4c69-a4cb-b935bcb10ca8,e3781c20-9024-4d35-93d0-ea9a3e3ea717,2026-06-23,night,10.0
573e5b8e-7ed5-4c37-b9e7-a28ab9483791,e3781c20-9024-4d35-93d0-ea9a3e3ea717,2026-06-24,night,10.5
229465f4-371e-4dfa-be0d-43e5a475b957,e3781c20-9024-4d35-93d0-ea9a3e3ea717,2026-06-25,day,8.0
ce382159-d896-4137-b5b6-3fff8c063ae4,e3781c20-9024-4d35-93d0-ea9a3e3ea717,2026-06-26,day,8.0
ab0f589f-e35a-47bb-9c0b-d26c0cfef46d,e3781c20-9024-4d35-93d0-ea9a3e3ea717,2026-06-27,night,11.0
d0e8604c-a76a-47be-aeee-69a77f28a484,e3781c20-9024-4d35-93d0-ea9a3e3ea717,2026-06-29,extended,14.3
45c9461f-a59a-4787-8569-c89746340b31,a2a12189-ff88-4e74-b0fa-debe93d6b1be,2026-01-01,night,10.0
f0dda4e7-9b30-4c27-a969-caa057206549,a2a12189-ff88-4e74-b0fa-debe93d6b1be,2026-01-02,day,8.0
41b183d1-ff18-4f6b-b308-0f2752767f22,a2a12189-ff88-4e74-b0fa-debe93d6b1be,2026-01-03,day,9.0
b7d9f6bd-3f55-48ea-b54c-053c1f485848,a2a12189-ff88-4e74-b0fa-debe93d6b1be,2026-01-05,day,8.5
7c653e80-4b24-437c-879d-5d8a9a51a7f7,a2a12189-ff88-4e74-b0fa-debe93d6b1be,2026-01-06,extended,14.9
1a03a0dc-e02a-4469-94d1-249e29466769,a2a12189-ff88-4e74-b0fa-debe93d6b1be,2026-01-07,day,9.0
449bd008-3f2b-4440-a2c6-03084b950621,a2a12189-ff88-4e74-b0fa-debe93d6b1be,2026-01-08,night,11.0
c46d3648-ed1f-4073-a079-ab389fd69927,a2a12189-ff88-4e74-b0fa-debe93d6b1be,2026-01-09,day,9.0
a1d1465d-b8cf-4090-826c-1efe3043bdd1,a2a12189-ff88-4e74-b0fa-debe93d6b1be,2026-01-10,day,8.0
ced232b0-6ff1-4965-bd71-595bbbf781e0,a2a12189-ff88-4e74-b0fa-debe93d6b1be,2026-01-12,day,8.5
14f601e3-8cc3-4d7c-bedc-6841776c5d39,a2a12189-ff88-4e74-b0fa-debe93d6b1be,2026-01-13,day,9.0
778888e7-981f-4c11-89d0-fde1a4267c4e,a2a12189-ff88-4e74-b0fa-debe93d6b1be,2026-01-14,day,8.0
d9a3d63a-ed1f-4e32-a821-999519b3c9b5,a2a12189-ff88-4e74-b0fa-debe93d6b1be,2026-01-15,extended,13.5
125131f4-c3c7-4203-a616-3759e82a3736,a2a12189-ff88-4e74-b0fa-debe93d6b1be,2026-01-16,day,8.5
9dba140a-474d-46c8-b605-d1094e299deb,a2a12189-ff88-4e74-b0fa-debe93d6b1be,2026-01-19,day,8.0
14ec1a69-fd1e-4ef4-96d8-48d6e0b388ff,a2a12189-ff88-4e74-b0fa-debe93d6b1be,2026-01-20,day,8.0
8b7d946e-a038-40cd-874d-659992ab54d5,a2a12189-ff88-4e74-b0fa-debe93d6b1be,2026-01-21,day,8.0
63b391d5-6f5e-43a1-a860-9ce851900807,a2a12189-ff88-4e74-b0fa-debe93d6b1be,2026-01-22,day,8.0
99687f31-cec9-43ad-bbb9-b9be65c87624,a2a12189-ff88-4e74-b0fa-debe93d6b1be,2026-01-23,day,9.0
f25d74ec-4fcf-46ed-908f-693d161fe785,a2a12189-ff88-4e74-b0fa-debe93d6b1be,2026-01-26,night,10.5
d9d907e8-833b-4725-9675-f391e83d45f8,a2a12189-ff88-4e74-b0fa-debe93d6b1be,2026-01-27,night,11.0
e2e33c19-fdc4-4b13-b0dc-04fcddbcbc1d,a2a12189-ff88-4e74-b0fa-debe93d6b1be,2026-01-28,day,8.0
127ce736-0afb-4f46-b35e-786ccd07b362,a2a12189-ff88-4e74-b0fa-debe93d6b1be,2026-01-29,day,8.0
dbe39f34-d38e-4f57-a8b7-9e129aa91a40,a2a12189-ff88-4e74-b0fa-debe93d6b1be,2026-01-30,night,10.5
e039f7c2-fddf-4408-9d50-db30adca7a7e,a2a12189-ff88-4e74-b0fa-debe93d6b1be,2026-02-02,day,8.5
2482050d-2567-4121-ab7a-ea97ec5967c0,a2a12189-ff88-4e74-b0fa-debe93d6b1be,2026-02-03,day,9.0
0f6d1d63-ba79-4383-a33d-be10000d025c,a2a12189-ff88-4e74-b0fa-debe93d6b1be,2026-02-04,day,8.5
8fff749d-78b7-4589-ba04-6094434c81aa,a2a12189-ff88-4e74-b0fa-debe93d6b1be,2026-02-05,day,8.0
4dbb3b64-5d2e-4206-9b39-803fd9a799bf,a2a12189-ff88-4e74-b0fa-debe93d6b1be,2026-02-06,day,8.0
c584cbc3-9f18-4b81-93aa-9a028b8cc5b7,a2a12189-ff88-4e74-b0fa-debe93d6b1be,2026-02-09,extended,15.2
bfa213da-e975-4afe-893c-4b7d22a8e808,a2a12189-ff88-4e74-b0fa-debe93d6b1be,2026-02-10,day,9.5
d58708ea-07ea-47f6-93ed-b92dd050c8fd,a2a12189-ff88-4e74-b0fa-debe93d6b1be,2026-02-11,night,10.0
a16d5599-1a3e-45b2-afa1-dbe3e9a6267e,a2a12189-ff88-4e74-b0fa-debe93d6b1be,2026-02-12,day,8.0
e5ee9290-40e5-452d-98b4-8495c91008ee,a2a12189-ff88-4e74-b0fa-debe93d6b1be,2026-02-13,extended,13.9
8d7fd46f-7958-484b-a959-57b0766617e2,a2a12189-ff88-4e74-b0fa-debe93d6b1be,2026-02-16,extended,13.3
b5f66449-0b52-4145-ab5e-f2e6d1110307,a2a12189-ff88-4e74-b0fa-debe93d6b1be,2026-02-17,night,10.0
c232f080-7139-436a-8af0-302e50540d13,a2a12189-ff88-4e74-b0fa-debe93d6b1be,2026-02-18,day,8.0
08c0c928-7993-495b-9749-102c5b6c5d08,a2a12189-ff88-4e74-b0fa-debe93d6b1be,2026-02-19,day,8.0
2b5b4b4a-a185-4a67-9867-11ed389775da,a2a12189-ff88-4e74-b0fa-debe93d6b1be,2026-02-20,day,8.0
f4e3d3b7-18a5-4a26-a6f2-5211abd8b1b0,a2a12189-ff88-4e74-b0fa-debe93d6b1be,2026-02-21,day,8.0
eb74e66d-d9b0-44dc-a844-183e2a3808db,a2a12189-ff88-4e74-b0fa-debe93d6b1be,2026-02-22,day,8.0
dde8b430-2f72-4a03-866b-0a0c37f50ab5,a2a12189-ff88-4e74-b0fa-debe93d6b1be,2026-02-23,day,8.0
02ed8a29-b103-4947-b180-0ef002a349cf,a2a12189-ff88-4e74-b0fa-debe93d6b1be,2026-02-24,day,9.0
0855511f-526a-40f6-854f-ed878d4e9782,a2a12189-ff88-4e74-b0fa-debe93d6b1be,2026-02-25,night,10.0
95d55c0a-c595-4430-98f3-913e0db999ba,a2a12189-ff88-4e74-b0fa-debe93d6b1be,2026-02-26,day,9.0
4c37d0dd-9004-4272-93d1-0c5ae014b90d,a2a12189-ff88-4e74-b0fa-debe93d6b1be,2026-02-27,day,8.0
7348c7bf-6bca-4fd8-993a-58b418baa89b,a2a12189-ff88-4e74-b0fa-debe93d6b1be,2026-03-02,day,8.0
c6eb7475-1384-463c-84b1-db2ec98a536b,a2a12189-ff88-4e74-b0fa-debe93d6b1be,2026-03-03,extended,14.3
3e96bf07-d8b5-48ea-871b-f6b87374ff1d,a2a12189-ff88-4e74-b0fa-debe93d6b1be,2026-03-04,day,8.5
c8448e3c-7191-4e74-b526-6074ad0a64aa,a2a12189-ff88-4e74-b0fa-debe93d6b1be,2026-03-05,day,8.5
c08cd5c6-5daa-4ed5-88e1-408a32759ee4,a2a12189-ff88-4e74-b0fa-debe93d6b1be,2026-03-06,day,8.0
252b9ef7-6362-4b78-b5c3-6bcea4bda223,a2a12189-ff88-4e74-b0fa-debe93d6b1be,2026-03-09,day,8.5
87cc5735-d13b-40c7-ba7e-2863a16d4861,a2a12189-ff88-4e74-b0fa-debe93d6b1be,2026-03-10,day,8.0
42aed078-f8e0-42f1-bf37-e1937414d824,a2a12189-ff88-4e74-b0fa-debe93d6b1be,2026-03-11,day,8.0
f7d1bbf6-7563-4075-adef-f10d7ed869d6,a2a12189-ff88-4e74-b0fa-debe93d6b1be,2026-03-12,night,12.0
bbb05b79-4ca5-4538-b8ef-e2dde0c23b2e,a2a12189-ff88-4e74-b0fa-debe93d6b1be,2026-03-13,day,8.0
de44a428-ecbb-4321-b01f-8d8f42844a7a,a2a12189-ff88-4e74-b0fa-debe93d6b1be,2026-03-15,day,8.5
1244697e-637e-43a4-98ec-f578a9d27a76,a2a12189-ff88-4e74-b0fa-debe93d6b1be,2026-03-16,day,8.0
4883e3ea-e57b-4be5-9f0c-4ae52df5c6f4,a2a12189-ff88-4e74-b0fa-debe93d6b1be,2026-03-17,day,8.0
7465b9da-d8cb-405a-8b35-c59a6110ba00,a2a12189-ff88-4e74-b0fa-debe93d6b1be,2026-03-18,day,8.0
d099cc67-9419-4f37-9c08-96189740020e,a2a12189-ff88-4e74-b0fa-debe93d6b1be,2026-03-19,day,9.0
dcb32cd1-10b0-4bd0-b8d2-ccb215168fd7,a2a12189-ff88-4e74-b0fa-debe93d6b1be,2026-03-20,day,8.0
6dc4cfe1-e779-4089-8ae8-de873464459b,a2a12189-ff88-4e74-b0fa-debe93d6b1be,2026-03-23,night,10.5
d5fe9a42-2c35-4e81-a514-f1e259709605,a2a12189-ff88-4e74-b0fa-debe93d6b1be,2026-03-24,day,8.5
d9d38949-dfe6-42a8-a625-3e20df436cd3,a2a12189-ff88-4e74-b0fa-debe93d6b1be,2026-03-25,night,11.0
9e57bafe-2002-41a4-aac1-e706dd62ebf0,a2a12189-ff88-4e74-b0fa-debe93d6b1be,2026-03-26,night,10.0
dcc1e598-7bd8-44f3-8e6e-aa83d274ff32,a2a12189-ff88-4e74-b0fa-debe93d6b1be,2026-03-27,day,8.0
b6494cf5-20ee-4612-9f10-e94f8ccc637b,a2a12189-ff88-4e74-b0fa-debe93d6b1be,2026-03-28,day,9.5
e7bd8f75-a4a5-4cd4-8c3c-35497d35d42e,a2a12189-ff88-4e74-b0fa-debe93d6b1be,2026-03-30,day,8.0
519ed9b1-10ed-43c6-87ab-2cfba9fe8a9b,a2a12189-ff88-4e74-b0fa-debe93d6b1be,2026-03-31,day,8.0
33051751-c811-41ba-93d0-01f9b0bf9328,a2a12189-ff88-4e74-b0fa-debe93d6b1be,2026-04-01,night,10.0
f656a1a6-319e-4532-9bea-99523b1920c4,a2a12189-ff88-4e74-b0fa-debe93d6b1be,2026-04-02,day,8.0
ae1f60c1-0623-4409-a05e-d9923660c6e1,a2a12189-ff88-4e74-b0fa-debe93d6b1be,2026-04-03,day,8.0
4a8afe7f-a015-452a-a007-488120facd91,a2a12189-ff88-4e74-b0fa-debe93d6b1be,2026-04-06,extended,13.3
fa992c4b-d819-449c-b221-63e6a7f59bb3,a2a12189-ff88-4e74-b0fa-debe93d6b1be,2026-04-07,night,10.5
a7f7d8d0-cae1-4246-81c4-b3b4dd7d3a41,a2a12189-ff88-4e74-b0fa-debe93d6b1be,2026-04-08,day,9.0
a7ea537e-10d5-4900-bc40-a207a199139e,a2a12189-ff88-4e74-b0fa-debe93d6b1be,2026-04-09,day,8.0
a54042c8-4760-4ff5-bc38-050b0fc790ac,a2a12189-ff88-4e74-b0fa-debe93d6b1be,2026-04-10,night,10.0
9c1d5d93-eed3-4abf-a259-4389ade4b031,a2a12189-ff88-4e74-b0fa-debe93d6b1be,2026-04-11,night,10.5
3f9ca465-3eef-4f95-9f48-9e5fbe2ff1b2,a2a12189-ff88-4e74-b0fa-debe93d6b1be,2026-04-12,day,8.0
dc6173ed-7d97-4e22-84fb-1c486f9716a0,a2a12189-ff88-4e74-b0fa-debe93d6b1be,2026-04-13,day,8.5
30cfd94b-190a-4242-b84c-917f02be8668,a2a12189-ff88-4e74-b0fa-debe93d6b1be,2026-04-14,night,10.0
9a1b7806-b0ae-407b-a20b-faee9cd74f55,a2a12189-ff88-4e74-b0fa-debe93d6b1be,2026-04-15,night,10.5
0a25ff64-c722-4150-b377-89c29231eb6c,a2a12189-ff88-4e74-b0fa-debe93d6b1be,2026-04-16,day,8.0
07e2834d-d3b1-4db4-a93e-17abe47106a3,a2a12189-ff88-4e74-b0fa-debe93d6b1be,2026-04-17,day,8.0
b4d27b84-0642-48d8-bd28-214aefafc620,a2a12189-ff88-4e74-b0fa-debe93d6b1be,2026-04-19,day,9.0
f6265650-e71b-43f0-9db8-619d7b6cbc88,a2a12189-ff88-4e74-b0fa-debe93d6b1be,2026-04-20,night,10.0
f20c6e38-c9b2-4e55-ab49-202f942bde34,a2a12189-ff88-4e74-b0fa-debe93d6b1be,2026-04-21,day,8.5
1a506eba-0bcb-42f2-9b03-70747cd98849,a2a12189-ff88-4e74-b0fa-debe93d6b1be,2026-04-22,day,8.0
32389e18-6a8a-4a5f-85e1-b9005190da4d,a2a12189-ff88-4e74-b0fa-debe93d6b1be,2026-04-23,day,8.5
495c2341-2fa6-460b-b9ea-fcadf6d2f3bf,a2a12189-ff88-4e74-b0fa-debe93d6b1be,2026-04-24,day,8.0
9fb8635c-3e78-48da-b1ae-1f0ef07919fc,a2a12189-ff88-4e74-b0fa-debe93d6b1be,2026-04-25,day,8.0
55d9309d-71d5-4627-8251-8140889d2ca1,a2a12189-ff88-4e74-b0fa-debe93d6b1be,2026-05-07,day,8.0
84658f84-ec93-4837-87f4-174ffe7f5a5e,a2a12189-ff88-4e74-b0fa-debe93d6b1be,2026-05-08,night,10.0
8cd436a9-be1c-4471-88f7-24dc5002630d,a2a12189-ff88-4e74-b0fa-debe93d6b1be,2026-05-11,day,8.0
4a25f2e2-e9da-4bd8-a169-e3284d5d514b,a2a12189-ff88-4e74-b0fa-debe93d6b1be,2026-05-12,extended,14.3
9dbf556a-9ed0-4809-a220-ff1c7e44f908,a2a12189-ff88-4e74-b0fa-debe93d6b1be,2026-05-13,day,8.0
7d0c0040-2ddd-4692-b4f2-632be73db864,a2a12189-ff88-4e74-b0fa-debe93d6b1be,2026-05-14,day,8.5
9f13deb5-a7e1-42ae-b8b7-dba80c6e895d,a2a12189-ff88-4e74-b0fa-debe93d6b1be,2026-05-15,day,8.0
fe649e7c-6ac5-4221-88a8-0701792c87bc,a2a12189-ff88-4e74-b0fa-debe93d6b1be,2026-05-18,night,10.5
58fbcfff-2f28-468d-9aba-bcb1f0bc5373,a2a12189-ff88-4e74-b0fa-debe93d6b1be,2026-05-19,night,10.0
c2932646-e853-4ee3-a622-727ac35e1b3f,a2a12189-ff88-4e74-b0fa-debe93d6b1be,2026-05-20,day,8.5
5fe72237-8f9b-4d77-88a0-bbaff6ef90b7,a2a12189-ff88-4e74-b0fa-debe93d6b1be,2026-05-21,night,11.0
27e2bce9-20f0-441f-91ce-b664f54062bd,a2a12189-ff88-4e74-b0fa-debe93d6b1be,2026-05-22,day,8.5
86db2e48-42c0-43bc-8343-39c45a3a5a1c,a2a12189-ff88-4e74-b0fa-debe93d6b1be,2026-05-23,day,8.0
e9cee41b-ad45-463d-8287-d783a12ee96d,a2a12189-ff88-4e74-b0fa-debe93d6b1be,2026-05-24,day,9.5
a97b82d5-9db1-42f9-a3c1-0b2a218fed0b,a2a12189-ff88-4e74-b0fa-debe93d6b1be,2026-05-25,day,8.0
b74f35be-547e-4eb8-b56f-31eca3eac115,a2a12189-ff88-4e74-b0fa-debe93d6b1be,2026-05-26,day,9.0
40441118-f6b7-4e20-a681-a5865de66982,a2a12189-ff88-4e74-b0fa-debe93d6b1be,2026-05-27,day,8.5
b0543c86-52ba-4962-837a-3b9fe889789c,a2a12189-ff88-4e74-b0fa-debe93d6b1be,2026-05-28,day,8.0
b0ff52a4-c95f-4a18-913f-cb6a754f35e2,a2a12189-ff88-4e74-b0fa-debe93d6b1be,2026-05-29,extended,15.6
d0561f43-9354-47b1-958a-bc55afcc4b37,a2a12189-ff88-4e74-b0fa-debe93d6b1be,2026-06-01,day,8.0
ede3e797-a575-43e5-a5af-596425558724,a2a12189-ff88-4e74-b0fa-debe93d6b1be,2026-06-02,day,9.5
98012e1b-c1c4-43aa-9b78-e96f1b35baf5,a2a12189-ff88-4e74-b0fa-debe93d6b1be,2026-06-03,night,10.0
9712775f-9ae1-4e12-b882-4d20192ce42a,a2a12189-ff88-4e74-b0fa-debe93d6b1be,2026-06-04,day,8.0
951e9e8d-cf82-467e-b833-69ca86225056,a2a12189-ff88-4e74-b0fa-debe93d6b1be,2026-06-05,day,9.0
0724fe44-2aa9-4351-b51a-06206a4158b6,a2a12189-ff88-4e74-b0fa-debe93d6b1be,2026-06-06,day,8.0
6b5f9cef-8ee0-40df-86cc-b322ec0f2823,a2a12189-ff88-4e74-b0fa-debe93d6b1be,2026-06-07,night,10.5
2322e995-7e5a-40e7-81cc-9179c6baf276,a2a12189-ff88-4e74-b0fa-debe93d6b1be,2026-06-08,day,8.0
32c4b462-af31-405b-b287-33547f3f3ed1,a2a12189-ff88-4e74-b0fa-debe93d6b1be,2026-06-09,day,8.0
cdf966da-798f-41fd-acc9-d9c93eed4329,a2a12189-ff88-4e74-b0fa-debe93d6b1be,2026-06-10,day,9.0
e4b5ee2e-6a2e-4eb2-8a98-0f925d26a6b6,a2a12189-ff88-4e74-b0fa-debe93d6b1be,2026-06-11,day,8.0
e839c9fc-b37b-477c-be23-4903289d2bf9,a2a12189-ff88-4e74-b0fa-debe93d6b1be,2026-06-12,day,8.0
c5b02296-0f3f-4e60-b60d-0b977e2369c7,a2a12189-ff88-4e74-b0fa-debe93d6b1be,2026-06-13,day,9.0
42f9d6e0-f4d1-4592-a637-2dd023203782,a2a12189-ff88-4e74-b0fa-debe93d6b1be,2026-06-14,day,8.0
82e0117b-e363-42cb-b550-3281c6064594,a2a12189-ff88-4e74-b0fa-debe93d6b1be,2026-06-15,day,9.0
b28593fc-03b2-4cd9-9f87-cb05c406c1ca,a2a12189-ff88-4e74-b0fa-debe93d6b1be,2026-06-16,extended,14.3
3e3917a3-3f9c-4758-b526-e6628799885b,a2a12189-ff88-4e74-b0fa-debe93d6b1be,2026-06-17,night,10.5
c7a0a906-4087-413b-96be-c22fa27bb2c6,a2a12189-ff88-4e74-b0fa-debe93d6b1be,2026-06-18,day,8.0
5db74f31-6357-4a1d-830c-8cef4b7eb8ee,a2a12189-ff88-4e74-b0fa-debe93d6b1be,2026-06-19,day,8.0
bae9e366-4af7-4de7-9196-b614d98d1b83,a2a12189-ff88-4e74-b0fa-debe93d6b1be,2026-06-20,extended,14.2
0286f6f2-f584-4f7c-929f-83fe28165710,a2a12189-ff88-4e74-b0fa-debe93d6b1be,2026-06-22,night,10.5
617bd0ef-8459-4543-94aa-8141fe748b09,a2a12189-ff88-4e74-b0fa-debe93d6b1be,2026-06-23,extended,14.7
2327a018-87a6-454b-ab43-6312ff0a622d,a2a12189-ff88-4e74-b0fa-debe93d6b1be,2026-06-24,night,10.0
631bbdd4-d59b-46ec-b9a3-99cec185039b,a2a12189-ff88-4e74-b0fa-debe93d6b1be,2026-06-25,day,8.5
052da6c0-b3fb-498c-8b89-30174909a933,a2a12189-ff88-4e74-b0fa-debe93d6b1be,2026-06-26,night,11.0
c9813f9b-a3e5-45dc-9c23-1ba4b91ae9f4,a2a12189-ff88-4e74-b0fa-debe93d6b1be,2026-06-29,night,10.0
2ffb7a02-2601-4c04-b668-2abcf30f4631,738d5915-4233-4d01-a945-cbeabf75cd21,2026-01-01,day,9.0
a746ea5a-e88f-4dfd-8544-d87887e13916,738d5915-4233-4d01-a945-cbeabf75cd21,2026-01-02,day,8.0
ea21322f-6873-4462-b3c7-d7fe762d7e5d,738d5915-4233-4d01-a945-cbeabf75cd21,2026-01-03,day,8.0
e8d6aa83-e389-4c2c-a739-6f1f22ac35c6,738d5915-4233-4d01-a945-cbeabf75cd21,2026-01-05,extended,14.6
39c3a753-59e9-44b4-a1b8-1f2277012da7,738d5915-4233-4d01-a945-cbeabf75cd21,2026-01-06,day,8.5
4a54f974-f9b1-4c9a-b9a0-420830a0b0df,738d5915-4233-4d01-a945-cbeabf75cd21,2026-01-07,extended,13.9
2519aff9-8a0e-40e1-8378-a215a44c9ed3,738d5915-4233-4d01-a945-cbeabf75cd21,2026-01-08,day,8.0
33e3824a-8265-4b9b-b459-18b7fb0b0841,738d5915-4233-4d01-a945-cbeabf75cd21,2026-01-09,day,8.0
93809f24-b272-454c-baf2-e2c79a12b5f2,738d5915-4233-4d01-a945-cbeabf75cd21,2026-01-10,night,11.0
b0798a1e-9247-42a9-9952-3f4cc11a2d25,738d5915-4233-4d01-a945-cbeabf75cd21,2026-01-12,night,10.5
c72d8e67-bde8-4dcb-b6ae-0a2d0416545b,738d5915-4233-4d01-a945-cbeabf75cd21,2026-01-13,day,9.0
c3e45952-3a71-44e8-b5f5-04e7db256df1,738d5915-4233-4d01-a945-cbeabf75cd21,2026-01-14,day,8.0
36bd6300-526b-4b8d-aaeb-51153b54794e,738d5915-4233-4d01-a945-cbeabf75cd21,2026-01-15,extended,13.2
c351facc-7aeb-441f-8957-93349e1d0bae,738d5915-4233-4d01-a945-cbeabf75cd21,2026-01-16,extended,14.1
20c53e05-6cf7-4a7b-8fc0-79ab481f3d6f,738d5915-4233-4d01-a945-cbeabf75cd21,2026-01-17,extended,15.7
7b104fa9-8c9d-4350-8527-8b9b979279d9,738d5915-4233-4d01-a945-cbeabf75cd21,2026-01-18,day,8.5
69faa56e-8c41-4d8c-a713-c2305bcd979d,738d5915-4233-4d01-a945-cbeabf75cd21,2026-01-19,day,8.0
744893c0-f445-4e89-bb6c-2f901e38ac02,738d5915-4233-4d01-a945-cbeabf75cd21,2026-01-20,night,10.0
e163c8d0-6e3d-41d8-928e-a7a92315b090,738d5915-4233-4d01-a945-cbeabf75cd21,2026-01-21,extended,14.8
364f2c9c-8218-4f4a-9ce8-6ab3f7cbc44a,738d5915-4233-4d01-a945-cbeabf75cd21,2026-01-22,extended,15.6
ed935ab6-cc84-433d-9d5a-0d322d58cbd4,738d5915-4233-4d01-a945-cbeabf75cd21,2026-01-23,day,8.0
349c5c27-8c3a-4d4f-a897-02498e39cad0,738d5915-4233-4d01-a945-cbeabf75cd21,2026-01-25,day,8.0
87875f8a-27f8-43f8-a3f3-2854947cb8f0,738d5915-4233-4d01-a945-cbeabf75cd21,2026-01-26,day,8.0
8fcc8697-668a-4048-9662-c9aa66c1de8a,738d5915-4233-4d01-a945-cbeabf75cd21,2026-01-27,day,8.0
ab750a81-5961-44d2-8550-5b999474e065,738d5915-4233-4d01-a945-cbeabf75cd21,2026-01-28,night,12.0
af63be68-6fb0-41fe-bb7e-21fccd2440b5,738d5915-4233-4d01-a945-cbeabf75cd21,2026-01-29,day,8.0
139579f1-aeeb-4c9f-8d55-39d9f28e286d,738d5915-4233-4d01-a945-cbeabf75cd21,2026-01-30,day,8.0
b9612a6d-b823-4699-b54e-0e6b051ee598,738d5915-4233-4d01-a945-cbeabf75cd21,2026-02-01,night,11.0
2b34e46d-53e8-4386-871f-fbff5a9e6fc1,738d5915-4233-4d01-a945-cbeabf75cd21,2026-02-02,night,10.5
848eea32-4cba-467e-9358-314738140b4a,738d5915-4233-4d01-a945-cbeabf75cd21,2026-02-03,day,8.0
c014646b-084f-4858-b2e3-b5ba11661581,738d5915-4233-4d01-a945-cbeabf75cd21,2026-02-04,night,10.5
4d23b2c1-d7d4-41cd-959c-e017df175d64,738d5915-4233-4d01-a945-cbeabf75cd21,2026-02-05,day,8.0
b36d5c55-c312-4d69-a289-8f1d5e08950c,738d5915-4233-4d01-a945-cbeabf75cd21,2026-02-06,day,8.0
7b9fded9-7b59-4f67-ab7b-2a6280b8942a,738d5915-4233-4d01-a945-cbeabf75cd21,2026-02-07,day,8.0
786e23da-3915-4582-a5d8-090e58c12994,738d5915-4233-4d01-a945-cbeabf75cd21,2026-02-08,day,8.5
0820dc99-d138-4eeb-b633-33deebdf53d8,738d5915-4233-4d01-a945-cbeabf75cd21,2026-02-09,extended,14.3
de0e92bd-9cc5-46e6-ae17-5eb1b9671390,738d5915-4233-4d01-a945-cbeabf75cd21,2026-02-10,day,8.0
036d1e6f-aba7-4236-b657-3bcb1543b0b3,738d5915-4233-4d01-a945-cbeabf75cd21,2026-02-11,night,10.0
e59d9e9b-113d-4222-98bf-8b792d65a30b,738d5915-4233-4d01-a945-cbeabf75cd21,2026-02-12,day,9.0
e7e56014-2a76-48a5-a4c2-26c543d26757,738d5915-4233-4d01-a945-cbeabf75cd21,2026-02-13,night,10.0
88814642-e0c3-42df-8f41-8cbfe44fd00e,738d5915-4233-4d01-a945-cbeabf75cd21,2026-02-15,day,8.5
e1061f3f-db59-4190-aceb-a45799d4a401,738d5915-4233-4d01-a945-cbeabf75cd21,2026-02-16,night,11.0
307a6700-38fd-4908-b6ad-c64646f847a2,738d5915-4233-4d01-a945-cbeabf75cd21,2026-02-26,night,10.0
81fa0624-a45f-4198-8b80-8048fe58a9c5,738d5915-4233-4d01-a945-cbeabf75cd21,2026-02-27,day,8.0
3353f2d9-bc8e-494e-8874-7fded937ab09,738d5915-4233-4d01-a945-cbeabf75cd21,2026-03-02,night,11.0
2aea11e9-8dc3-4081-aa05-4a512311886f,738d5915-4233-4d01-a945-cbeabf75cd21,2026-03-03,day,8.0
e43f69c0-1f69-40d7-9052-90598de6e9ca,738d5915-4233-4d01-a945-cbeabf75cd21,2026-03-04,night,12.0
84627472-e5b3-4aec-80a1-e9c0bf369dc4,738d5915-4233-4d01-a945-cbeabf75cd21,2026-03-05,day,8.0
1bdcf7a6-261d-463a-8f54-d425293dc2b6,738d5915-4233-4d01-a945-cbeabf75cd21,2026-03-06,day,8.5
656b5f7a-5eb3-44fd-baec-3b228a7efa39,738d5915-4233-4d01-a945-cbeabf75cd21,2026-03-09,extended,15.3
a1d1f20d-a5a2-43dc-b7ce-dec5fd2559e2,738d5915-4233-4d01-a945-cbeabf75cd21,2026-03-10,day,8.5
16cf95ab-f531-490c-b6b4-de4eff0ed669,738d5915-4233-4d01-a945-cbeabf75cd21,2026-03-11,day,8.0
4fa2a3c8-7993-475e-ad61-9e3f415fdb50,738d5915-4233-4d01-a945-cbeabf75cd21,2026-03-12,day,8.0
3420f508-bc74-4aaa-9f31-259b09071888,738d5915-4233-4d01-a945-cbeabf75cd21,2026-03-13,day,8.5
2ff2d10c-5be6-44d6-8eaf-9de55110cc39,738d5915-4233-4d01-a945-cbeabf75cd21,2026-03-15,night,10.0
3fce81f3-d2e2-43cc-a40d-6dfe76399bc7,738d5915-4233-4d01-a945-cbeabf75cd21,2026-03-16,extended,14.8
d1a4075f-1f0a-4b37-bbe1-894164ccc6f7,738d5915-4233-4d01-a945-cbeabf75cd21,2026-03-17,day,8.0
845b4dc2-1485-4e50-9fc9-4180b00937ee,738d5915-4233-4d01-a945-cbeabf75cd21,2026-03-18,night,10.5
9b3dffdf-a141-4a64-8bec-9dc79536a968,738d5915-4233-4d01-a945-cbeabf75cd21,2026-03-19,day,8.5
f8bfbdc3-954e-46ed-a7a6-268b73ccf6ba,738d5915-4233-4d01-a945-cbeabf75cd21,2026-03-20,day,8.0
f9a1adc4-aad7-41aa-a29b-ba3f4344310f,738d5915-4233-4d01-a945-cbeabf75cd21,2026-03-21,day,8.0
5fcbed46-9f8e-43c4-bbe2-72a62ecbc9ab,738d5915-4233-4d01-a945-cbeabf75cd21,2026-03-22,extended,13.8
a1c9f453-4ff1-45f2-a095-69b3d9b2d35c,738d5915-4233-4d01-a945-cbeabf75cd21,2026-03-23,day,8.5
293934e6-69fa-445f-b631-fc05d51176ed,738d5915-4233-4d01-a945-cbeabf75cd21,2026-03-24,day,8.0
8caf33c1-a6e2-4c1b-bdd1-e8de4bd555c6,738d5915-4233-4d01-a945-cbeabf75cd21,2026-03-25,day,8.5
5cef2460-2975-4ba0-8eee-80d63af4779e,738d5915-4233-4d01-a945-cbeabf75cd21,2026-03-26,extended,15.2
14fdaebc-3ab0-48a1-a317-bb63a126e8fd,738d5915-4233-4d01-a945-cbeabf75cd21,2026-03-27,day,8.0
40acd21a-7e6d-4819-882e-ff7e3417aa30,738d5915-4233-4d01-a945-cbeabf75cd21,2026-03-30,day,8.0
c292ced9-db45-4663-8e50-d39d4e27d0a8,738d5915-4233-4d01-a945-cbeabf75cd21,2026-03-31,day,9.0
ca8cb9d2-8085-4e1b-9967-ffbe873ead4b,738d5915-4233-4d01-a945-cbeabf75cd21,2026-04-01,day,8.0
81159707-3ee8-4ce3-a2e2-d6b24e3bcac6,738d5915-4233-4d01-a945-cbeabf75cd21,2026-04-02,day,9.0
36390c57-99a5-4f50-8384-aa866d19888f,738d5915-4233-4d01-a945-cbeabf75cd21,2026-04-03,extended,13.2
c9efaace-ba9b-422f-b9d2-ef4368a0dcc2,738d5915-4233-4d01-a945-cbeabf75cd21,2026-04-04,day,8.5
8eeb80dd-207c-46e0-b097-0a8b5c90879b,738d5915-4233-4d01-a945-cbeabf75cd21,2026-04-06,day,8.0
60adc14b-6791-4884-85c0-a49f822136b0,738d5915-4233-4d01-a945-cbeabf75cd21,2026-04-07,extended,15.0
2adba632-c8a7-4c95-8dad-0376bc50dccd,738d5915-4233-4d01-a945-cbeabf75cd21,2026-04-08,day,8.0
2623861f-2ad8-4519-877a-f01a545002d3,738d5915-4233-4d01-a945-cbeabf75cd21,2026-04-09,day,8.5
8ac1ca51-a75d-4beb-a6c7-dd2ada6de990,738d5915-4233-4d01-a945-cbeabf75cd21,2026-04-10,day,9.0
7671e3bb-c3dc-4050-8d73-0a1f0cf0cfdc,738d5915-4233-4d01-a945-cbeabf75cd21,2026-04-13,day,8.0
f79c8efa-0ccf-4b15-95c6-b44ef51d35ab,738d5915-4233-4d01-a945-cbeabf75cd21,2026-04-14,night,10.0
5fb3c702-8bae-4042-8bac-73010254738c,738d5915-4233-4d01-a945-cbeabf75cd21,2026-04-15,day,8.0
9b84426c-c401-4648-900c-8a04e60d0f20,738d5915-4233-4d01-a945-cbeabf75cd21,2026-04-16,day,9.0
5fc89af0-dfd3-4925-a9aa-1d7990b8d03e,738d5915-4233-4d01-a945-cbeabf75cd21,2026-04-17,day,8.0
3ee23d76-3d9a-4aa9-b0e5-bc91ba0accc6,738d5915-4233-4d01-a945-cbeabf75cd21,2026-04-18,night,10.0
bfedd6c4-466f-497f-9d84-abb8e22a1820,738d5915-4233-4d01-a945-cbeabf75cd21,2026-04-20,day,8.0
cb853e9f-d76a-4763-91bf-90acef412d70,738d5915-4233-4d01-a945-cbeabf75cd21,2026-04-21,night,10.0
ee91a4ce-181f-479c-9681-1569e97a6109,738d5915-4233-4d01-a945-cbeabf75cd21,2026-04-22,day,8.0
98e99083-2e96-4127-9d4a-497cdc8d53eb,738d5915-4233-4d01-a945-cbeabf75cd21,2026-04-23,day,9.0
e78089e3-6e46-4a17-8557-d42b54879cf6,738d5915-4233-4d01-a945-cbeabf75cd21,2026-04-24,day,8.0
4e0a62d8-006a-4139-88a7-0e399f334091,738d5915-4233-4d01-a945-cbeabf75cd21,2026-04-26,day,9.5
c14e77d2-2604-4ed1-95e5-2a896313de18,738d5915-4233-4d01-a945-cbeabf75cd21,2026-04-27,day,8.5
27444600-0cbd-4d5b-be35-a6f222d478af,738d5915-4233-4d01-a945-cbeabf75cd21,2026-04-28,day,8.0
cb5c85d7-640b-4ae1-8193-c7a45ea52a5d,738d5915-4233-4d01-a945-cbeabf75cd21,2026-04-29,night,10.0
fb153c97-30c4-47c2-b4e3-b79b2aabc4e0,738d5915-4233-4d01-a945-cbeabf75cd21,2026-04-30,night,12.0
43181bb2-af07-4ea5-ab2b-e6589192c47d,738d5915-4233-4d01-a945-cbeabf75cd21,2026-05-01,night,10.5
4e5de614-53d2-4aaa-a63e-fac7699d360f,738d5915-4233-4d01-a945-cbeabf75cd21,2026-05-04,extended,14.1
28d69f4c-e3f9-4a7c-b932-3c7b4d6e4c7b,738d5915-4233-4d01-a945-cbeabf75cd21,2026-05-05,day,9.0
b70c83a3-e379-4263-85d2-488979660a87,738d5915-4233-4d01-a945-cbeabf75cd21,2026-05-06,night,10.5
eb8b08f9-4d7e-45e5-83ee-c38e8d48bf30,738d5915-4233-4d01-a945-cbeabf75cd21,2026-05-07,day,8.0
f549cad1-f1e4-4b86-8212-82afa1150cbb,738d5915-4233-4d01-a945-cbeabf75cd21,2026-05-08,night,11.0
95b687e5-5fce-4f5b-8c7e-525991c0494e,738d5915-4233-4d01-a945-cbeabf75cd21,2026-05-11,day,8.0
95bef888-0e74-4e81-accf-fe80cc3f4bf4,738d5915-4233-4d01-a945-cbeabf75cd21,2026-05-12,day,9.5
da791286-90da-4294-9ba6-fc1371da594c,738d5915-4233-4d01-a945-cbeabf75cd21,2026-05-13,day,8.5
2a252787-0785-4dc8-ab23-3b938ba80d3a,738d5915-4233-4d01-a945-cbeabf75cd21,2026-05-14,day,8.5
f5efd2da-6fb6-435f-8368-71e17407edef,738d5915-4233-4d01-a945-cbeabf75cd21,2026-05-15,night,10.0
2d65a924-9ec5-47d2-a931-b0f14780de0a,738d5915-4233-4d01-a945-cbeabf75cd21,2026-05-16,day,8.0
db68fec7-3f2f-430c-8d72-b0e089d35064,738d5915-4233-4d01-a945-cbeabf75cd21,2026-05-18,day,8.0
20bba4d0-6d61-40d9-9f9b-762c89f6944c,738d5915-4233-4d01-a945-cbeabf75cd21,2026-05-19,day,8.5
fb3ef2b1-d4ff-4147-b012-fc8101c65f7d,738d5915-4233-4d01-a945-cbeabf75cd21,2026-05-20,day,8.0
d8a219b6-8ee9-4338-a894-3f2dd7e0b170,738d5915-4233-4d01-a945-cbeabf75cd21,2026-05-21,extended,15.3
fdca7448-db4f-4e19-8d19-0249ac1ff6a4,738d5915-4233-4d01-a945-cbeabf75cd21,2026-05-22,day,8.0
79f03660-84e6-44a1-8a7d-84323c7f0dbb,738d5915-4233-4d01-a945-cbeabf75cd21,2026-05-25,day,8.0
46a17568-99d1-4b72-8b72-68fb2f6fa2b7,738d5915-4233-4d01-a945-cbeabf75cd21,2026-05-26,day,8.5
c554263a-d549-4920-84b1-e806029515e7,738d5915-4233-4d01-a945-cbeabf75cd21,2026-05-27,night,10.0
e2c5b676-fabe-48bf-ac88-20eab9424497,738d5915-4233-4d01-a945-cbeabf75cd21,2026-05-28,extended,15.7
2d3b3b1b-dd24-4ff0-8aa1-5f26d69f29de,738d5915-4233-4d01-a945-cbeabf75cd21,2026-05-29,day,8.5
e8bffed6-41cf-47f1-8064-546fa0b0ce39,738d5915-4233-4d01-a945-cbeabf75cd21,2026-05-31,day,8.0
aefbe75b-e500-4957-b7b4-910320e315e8,738d5915-4233-4d01-a945-cbeabf75cd21,2026-06-01,day,8.0
4903749e-313c-4b98-a4df-c97aa9ae09f4,738d5915-4233-4d01-a945-cbeabf75cd21,2026-06-02,extended,14.9
5b617d64-77dd-4faa-a8f8-b5c9ab2778e5,738d5915-4233-4d01-a945-cbeabf75cd21,2026-06-03,night,10.0
d92f3076-d049-44c2-ae69-a5c6bc1bed65,738d5915-4233-4d01-a945-cbeabf75cd21,2026-06-04,day,9.0
c2b2c4e9-b77d-40c6-b09b-7980e0c2e01e,738d5915-4233-4d01-a945-cbeabf75cd21,2026-06-05,night,10.0
cd51f2d4-25d6-49db-a257-6560237f5396,738d5915-4233-4d01-a945-cbeabf75cd21,2026-06-08,night,10.0
0ce00d4c-eb38-4152-8944-ac5d735db137,738d5915-4233-4d01-a945-cbeabf75cd21,2026-06-09,night,12.0
555fa447-ac2c-4049-9dca-52ef52287d8d,738d5915-4233-4d01-a945-cbeabf75cd21,2026-06-10,day,8.5
a10c9ade-e68d-4602-92d4-a7bd9a8c5915,738d5915-4233-4d01-a945-cbeabf75cd21,2026-06-11,night,10.5
8e11244c-33d8-44af-92ed-629bc1035fe1,738d5915-4233-4d01-a945-cbeabf75cd21,2026-06-12,night,10.0
b283741a-1952-4326-8132-c60bdc2de9dc,738d5915-4233-4d01-a945-cbeabf75cd21,2026-06-13,day,8.0
32c97794-b3a1-47cc-b0b5-07c33ff11849,738d5915-4233-4d01-a945-cbeabf75cd21,2026-06-14,night,10.0
c1ff9f37-3580-405f-b20d-88ceb6be8ffe,738d5915-4233-4d01-a945-cbeabf75cd21,2026-06-15,day,8.0
22a20d90-8cbf-4538-b1b9-55b31f0fa5bb,738d5915-4233-4d01-a945-cbeabf75cd21,2026-06-16,extended,14.6
2c6d968b-3a99-4454-99bd-66f24585c32f,738d5915-4233-4d01-a945-cbeabf75cd21,2026-06-17,day,9.0
ec13a52c-f8f0-4ef8-b6fe-7e8df6b1cfaf,738d5915-4233-4d01-a945-cbeabf75cd21,2026-06-18,extended,14.8
76b57cc9-ade5-4086-87ec-37d6f7d73628,738d5915-4233-4d01-a945-cbeabf75cd21,2026-06-19,day,8.0
c28f46a2-4d3c-4008-99af-44fa71c7eb6f,738d5915-4233-4d01-a945-cbeabf75cd21,2026-06-20,day,8.0
1f4a6da8-4bee-4470-85e7-98dba5944cd1,738d5915-4233-4d01-a945-cbeabf75cd21,2026-06-22,day,9.0
c9d5d366-6898-4809-b5f4-b399971fa20e,738d5915-4233-4d01-a945-cbeabf75cd21,2026-06-23,day,8.0
9c98fc50-2886-4aa6-8dab-aef2dc714e49,738d5915-4233-4d01-a945-cbeabf75cd21,2026-06-24,extended,13.5
2db81548-fe69-445f-9338-7a428ad95f97,738d5915-4233-4d01-a945-cbeabf75cd21,2026-06-25,extended,15.1
565d60cd-ab39-473a-ae46-6806a58fca26,738d5915-4233-4d01-a945-cbeabf75cd21,2026-06-26,day,8.0
6fe73aac-bf1a-4e04-be7e-6dcf4e09b42b,738d5915-4233-4d01-a945-cbeabf75cd21,2026-06-29,day,8.0
383954e9-435c-4180-8698-f726bf402942,776de020-0fd7-491a-8f35-c0dc5f24cc27,2026-01-01,night,10.5
f4f5b0b5-cef0-464a-b7a5-679d974a6267,776de020-0fd7-491a-8f35-c0dc5f24cc27,2026-01-02,extended,14.1
73b3ed23-23fe-47bb-9f99-06125d2d5eef,776de020-0fd7-491a-8f35-c0dc5f24cc27,2026-01-05,night,10.5
35f92233-5f54-4ad3-be1d-02591c902eb8,776de020-0fd7-491a-8f35-c0dc5f24cc27,2026-01-06,day,8.0
4becd4ce-f6ac-49d5-9f7d-72c3b95581ea,776de020-0fd7-491a-8f35-c0dc5f24cc27,2026-01-07,extended,13.7
87d2f61e-b139-479b-bf59-5812f0190de3,776de020-0fd7-491a-8f35-c0dc5f24cc27,2026-01-08,extended,14.4
bcbe09f9-b80e-4b00-86ef-777d8e9fee98,776de020-0fd7-491a-8f35-c0dc5f24cc27,2026-01-09,night,11.0
a5826e7b-e954-40bb-b7bd-ead34ee07304,776de020-0fd7-491a-8f35-c0dc5f24cc27,2026-01-12,night,10.0
7cf43e65-7e76-42d2-a3ae-5c9de55d2f46,776de020-0fd7-491a-8f35-c0dc5f24cc27,2026-01-13,night,10.0
bd4c27d3-06d6-4a23-9a0f-7a06ed6cf837,776de020-0fd7-491a-8f35-c0dc5f24cc27,2026-01-14,day,8.0
930c5e83-994c-4d4c-8af9-62c91cf887bf,776de020-0fd7-491a-8f35-c0dc5f24cc27,2026-01-15,extended,12.7
15e08ef3-051b-41ad-a69f-c1833b719d47,776de020-0fd7-491a-8f35-c0dc5f24cc27,2026-01-16,day,9.0
b4d50d45-f99e-4197-90c2-a8d51af8ae68,776de020-0fd7-491a-8f35-c0dc5f24cc27,2026-01-18,extended,13.9
aa286afb-74d5-4ab2-a683-bb809fa857c9,776de020-0fd7-491a-8f35-c0dc5f24cc27,2026-01-19,night,10.0
91c21259-1782-4a13-812d-93f1f570283b,776de020-0fd7-491a-8f35-c0dc5f24cc27,2026-01-20,day,8.0
1aebf749-eb70-4e73-83da-4f96d323be22,776de020-0fd7-491a-8f35-c0dc5f24cc27,2026-01-21,day,9.0
c2328908-265c-4df9-b5a3-fb90f15073d5,776de020-0fd7-491a-8f35-c0dc5f24cc27,2026-01-22,day,8.0
6840e35b-902a-4107-9002-85f37a05737c,776de020-0fd7-491a-8f35-c0dc5f24cc27,2026-01-23,night,10.0
d48670f0-6bcf-430c-bc2a-4da11e6e31e0,776de020-0fd7-491a-8f35-c0dc5f24cc27,2026-01-26,extended,12.9
2fd2cb4d-91bd-48a7-8e1c-a56aa1ad302a,776de020-0fd7-491a-8f35-c0dc5f24cc27,2026-01-27,day,8.5
3439170c-fdb2-42c9-911c-fe3fdda17773,776de020-0fd7-491a-8f35-c0dc5f24cc27,2026-01-28,day,9.0
5b294e10-d57f-405c-a90a-a612ffd62061,776de020-0fd7-491a-8f35-c0dc5f24cc27,2026-01-29,day,8.0
32abdb72-0637-41aa-b87c-ec3c659f3a8a,776de020-0fd7-491a-8f35-c0dc5f24cc27,2026-01-30,extended,15.2
0a4c9fd8-4378-408a-80f1-4aabb1f92043,776de020-0fd7-491a-8f35-c0dc5f24cc27,2026-02-02,night,10.0
58162e1f-ebe1-41a8-a1b4-a7f310e651f5,776de020-0fd7-491a-8f35-c0dc5f24cc27,2026-02-03,day,8.0
ebc733ea-1dc3-487c-a182-28588e9b8a10,776de020-0fd7-491a-8f35-c0dc5f24cc27,2026-02-04,day,8.0
c28da773-3de6-45d9-ae6b-445982fc56c5,776de020-0fd7-491a-8f35-c0dc5f24cc27,2026-02-05,night,10.0
31f1a34d-deea-4c55-9797-a0f1e92e27e0,776de020-0fd7-491a-8f35-c0dc5f24cc27,2026-02-06,day,8.0
40a223e5-f51a-454e-bac9-8c87c979c05e,776de020-0fd7-491a-8f35-c0dc5f24cc27,2026-02-09,day,8.0
abce33bb-2fdc-447d-961d-3755d919f598,776de020-0fd7-491a-8f35-c0dc5f24cc27,2026-02-10,night,10.0
1e797336-2594-4dcc-a902-4adcc814edb7,776de020-0fd7-491a-8f35-c0dc5f24cc27,2026-02-11,day,8.0
f4c7172a-3af2-451f-92fc-95df713b4e23,776de020-0fd7-491a-8f35-c0dc5f24cc27,2026-02-12,day,8.0
b4d6695b-f3fa-4b86-af02-aac18bc02510,776de020-0fd7-491a-8f35-c0dc5f24cc27,2026-02-13,day,9.0
61267e38-967b-4c28-a57b-73c5c1d8fa75,776de020-0fd7-491a-8f35-c0dc5f24cc27,2026-02-15,day,8.5
2c17e2a3-69d6-4a01-a5ef-c99039780807,776de020-0fd7-491a-8f35-c0dc5f24cc27,2026-02-16,day,9.0
833ddc99-6cf7-44fa-b844-5ee461a5c1b4,776de020-0fd7-491a-8f35-c0dc5f24cc27,2026-02-17,day,8.0
d3d9f19a-6d9a-463b-9ee2-1c70561e4536,776de020-0fd7-491a-8f35-c0dc5f24cc27,2026-02-18,day,9.0
7bd436c9-175b-4af4-99af-c59d9d178ab5,776de020-0fd7-491a-8f35-c0dc5f24cc27,2026-02-19,day,8.0
ed9dec08-e821-4f7e-af27-a84c407dba3b,776de020-0fd7-491a-8f35-c0dc5f24cc27,2026-02-20,night,11.0
5d3029a4-f906-44be-a001-e50b6df4440d,776de020-0fd7-491a-8f35-c0dc5f24cc27,2026-02-21,day,9.0
aeddc3dc-ab84-4184-a752-d9cf099f08d9,776de020-0fd7-491a-8f35-c0dc5f24cc27,2026-02-22,day,8.0
22692c1b-36d1-4337-b9e9-07b7c074387d,776de020-0fd7-491a-8f35-c0dc5f24cc27,2026-02-23,day,8.5
2cd81b4e-947a-45be-9070-7f549c77ee1a,776de020-0fd7-491a-8f35-c0dc5f24cc27,2026-02-24,day,9.5
a7347dc4-a395-438f-8909-683e7915d1e1,776de020-0fd7-491a-8f35-c0dc5f24cc27,2026-02-25,day,8.0
8865f4e1-34fd-4196-9132-6b1722722e32,776de020-0fd7-491a-8f35-c0dc5f24cc27,2026-02-26,day,8.0
2f8d4df8-6cf3-44f5-9a99-8f3cd201d377,776de020-0fd7-491a-8f35-c0dc5f24cc27,2026-02-27,day,8.5
71f63657-919e-4316-b63a-14954dfb3639,776de020-0fd7-491a-8f35-c0dc5f24cc27,2026-02-28,day,9.5
5fa0c2c8-8590-4fde-9af1-7afcb9559ee7,776de020-0fd7-491a-8f35-c0dc5f24cc27,2026-03-02,day,8.5
d01cea2d-23a9-4ebd-a67b-b90f5ffb13d8,776de020-0fd7-491a-8f35-c0dc5f24cc27,2026-03-03,day,8.5
3064e6cc-9b5b-4564-995a-70ce561bbc8c,776de020-0fd7-491a-8f35-c0dc5f24cc27,2026-03-04,night,10.0
0276df81-1feb-4d6e-968c-8f005db6f5a3,776de020-0fd7-491a-8f35-c0dc5f24cc27,2026-03-05,night,10.0
a51add4c-055e-4171-8c7f-c213244fcd5c,776de020-0fd7-491a-8f35-c0dc5f24cc27,2026-03-06,day,8.5
466970ba-e2c1-4a3c-bb21-370e2839010e,776de020-0fd7-491a-8f35-c0dc5f24cc27,2026-03-07,day,8.0
85184fc3-53dc-4dde-b69e-4f9badc5c338,776de020-0fd7-491a-8f35-c0dc5f24cc27,2026-03-09,day,8.0
8760e913-bfca-4f54-a9b6-af8bb8804f03,776de020-0fd7-491a-8f35-c0dc5f24cc27,2026-03-10,day,8.5
75cd8caf-eee5-4833-b17d-946d5140e048,776de020-0fd7-491a-8f35-c0dc5f24cc27,2026-03-11,day,9.5
43cd6437-18f9-4932-8a74-966ec08d6d9c,776de020-0fd7-491a-8f35-c0dc5f24cc27,2026-03-12,day,9.0
6d453f6a-3995-4843-bd81-d46871255355,776de020-0fd7-491a-8f35-c0dc5f24cc27,2026-03-13,day,8.0
fa5b497f-e5d1-4a5a-a67e-c3b8ec85da94,776de020-0fd7-491a-8f35-c0dc5f24cc27,2026-03-16,day,8.5
189134b2-2abe-4e0f-b162-dae0392d7cd8,776de020-0fd7-491a-8f35-c0dc5f24cc27,2026-03-17,day,8.0
7a339c29-86bc-45a4-9c8a-42652ab578c4,776de020-0fd7-491a-8f35-c0dc5f24cc27,2026-03-18,day,8.0
76ca2140-7154-48c3-a067-5522fb6855ea,776de020-0fd7-491a-8f35-c0dc5f24cc27,2026-03-19,day,8.0
94ada88a-849f-4324-bb99-a8b0269a0504,776de020-0fd7-491a-8f35-c0dc5f24cc27,2026-03-20,day,8.0
4ff3f2cc-baaa-4b28-b8c5-8c07ee28f38f,776de020-0fd7-491a-8f35-c0dc5f24cc27,2026-03-22,night,10.5
65fc5d47-8da6-49d6-b8fe-805e65ee0b8e,776de020-0fd7-491a-8f35-c0dc5f24cc27,2026-03-23,day,8.5
c41cf48e-4149-4413-a16d-1137130fa551,776de020-0fd7-491a-8f35-c0dc5f24cc27,2026-03-24,day,8.0
2983ef33-1f46-4cf6-8f1e-3fb1a6a253eb,776de020-0fd7-491a-8f35-c0dc5f24cc27,2026-03-25,day,8.0
431427c9-bde7-4ea3-8821-ff38f5e0f161,776de020-0fd7-491a-8f35-c0dc5f24cc27,2026-03-26,day,8.5
b88a0611-69a6-4a42-99d3-c1b9a812c504,776de020-0fd7-491a-8f35-c0dc5f24cc27,2026-03-27,extended,13.1
a5194f1d-14e2-446c-9894-8e45ef8ab4e8,776de020-0fd7-491a-8f35-c0dc5f24cc27,2026-03-28,day,8.0
bde8a340-8e0e-4c5d-96cf-08a96966a3a3,776de020-0fd7-491a-8f35-c0dc5f24cc27,2026-03-29,day,8.0
edb10989-97fb-40ee-9f6f-09107c18550f,776de020-0fd7-491a-8f35-c0dc5f24cc27,2026-03-30,day,8.0
a833c099-ad37-4c9c-8e7a-61ad9ca30f1a,776de020-0fd7-491a-8f35-c0dc5f24cc27,2026-03-31,day,9.5
6457dabc-ae1e-4f5f-9e58-700ae34c47e5,776de020-0fd7-491a-8f35-c0dc5f24cc27,2026-04-01,day,9.0
c49da342-46ba-4470-8b4b-73c5bbf4c7df,776de020-0fd7-491a-8f35-c0dc5f24cc27,2026-04-02,day,8.5
9c5245e5-4c41-4fce-a736-d2478f93ba0a,776de020-0fd7-491a-8f35-c0dc5f24cc27,2026-04-03,day,9.5
75ef2002-bb58-4c39-8c68-37bb090c5b3b,776de020-0fd7-491a-8f35-c0dc5f24cc27,2026-04-04,night,12.0
f3da34d4-006c-4b57-90ac-28bb793f7127,776de020-0fd7-491a-8f35-c0dc5f24cc27,2026-04-06,day,8.5
91f229be-56fc-4d24-af34-33881a7f0bac,776de020-0fd7-491a-8f35-c0dc5f24cc27,2026-04-07,day,9.0
f7d0c561-9231-46fb-98e7-f7eb5831fa4b,776de020-0fd7-491a-8f35-c0dc5f24cc27,2026-04-08,day,8.0
2821ca7e-f775-41c2-952c-205c16620992,776de020-0fd7-491a-8f35-c0dc5f24cc27,2026-04-09,day,8.0
c0d1d29d-b481-4cef-8abc-2f8ee9315a1f,776de020-0fd7-491a-8f35-c0dc5f24cc27,2026-04-10,day,8.0
eafda9ee-b6c5-4eda-b58f-34eed5465593,776de020-0fd7-491a-8f35-c0dc5f24cc27,2026-04-11,day,8.0
5188813f-82e8-408c-ab1c-7cda51b6f45b,776de020-0fd7-491a-8f35-c0dc5f24cc27,2026-04-13,day,9.0
afdc646c-c72d-4a09-a4b5-e4f7f69816ac,776de020-0fd7-491a-8f35-c0dc5f24cc27,2026-04-14,night,10.5
38578270-51eb-4edd-b9e9-f55eb1b91664,776de020-0fd7-491a-8f35-c0dc5f24cc27,2026-04-15,day,9.0
1c596f45-d532-4c1f-9b63-812312f3179c,776de020-0fd7-491a-8f35-c0dc5f24cc27,2026-04-16,day,8.0
13143548-1a96-489a-9331-04d824aec1d8,776de020-0fd7-491a-8f35-c0dc5f24cc27,2026-04-17,day,8.5
b3d80e1e-3276-4c50-bb70-3378f1c675ef,776de020-0fd7-491a-8f35-c0dc5f24cc27,2026-04-18,night,10.5
d1095de8-cd24-4e2b-8015-e35c7ff12731,776de020-0fd7-491a-8f35-c0dc5f24cc27,2026-04-19,day,8.5
332e7421-f189-467d-ab1d-9bc939201848,776de020-0fd7-491a-8f35-c0dc5f24cc27,2026-04-20,day,8.5
c5f38d0e-d68c-462f-90b6-7b4501b7180f,776de020-0fd7-491a-8f35-c0dc5f24cc27,2026-04-21,extended,15.0
26044f80-1590-4b16-a8ab-4856d8abbc6b,776de020-0fd7-491a-8f35-c0dc5f24cc27,2026-04-22,night,12.0
f76d3522-fd05-478b-bd38-d8c8a2d25da9,776de020-0fd7-491a-8f35-c0dc5f24cc27,2026-04-23,day,9.0
2a8db321-df1f-4fb2-9c24-9ad137b3c94d,776de020-0fd7-491a-8f35-c0dc5f24cc27,2026-04-24,night,10.5
86f12c59-2307-4726-86a2-75ad66d01992,776de020-0fd7-491a-8f35-c0dc5f24cc27,2026-04-25,night,10.0
5cce10f7-4e83-414b-99cd-86080f8b3cb8,776de020-0fd7-491a-8f35-c0dc5f24cc27,2026-04-26,day,8.0
df876b6a-f280-47ac-aa40-b281ef1d096b,776de020-0fd7-491a-8f35-c0dc5f24cc27,2026-04-27,night,10.0
b2cb3c54-579f-4257-b566-b04a610a030f,776de020-0fd7-491a-8f35-c0dc5f24cc27,2026-04-28,day,8.0
1443d390-2c48-4e27-80cf-4a241fd92400,776de020-0fd7-491a-8f35-c0dc5f24cc27,2026-04-29,day,9.5
47e62790-69b3-434e-a692-b5c018df40bd,776de020-0fd7-491a-8f35-c0dc5f24cc27,2026-04-30,day,8.0
4566b291-0a96-4b36-ad2f-fe2867bc6e4e,776de020-0fd7-491a-8f35-c0dc5f24cc27,2026-05-01,day,8.0
7590915e-77dc-4303-b874-b47defd61e7d,776de020-0fd7-491a-8f35-c0dc5f24cc27,2026-05-02,day,9.0
a8b7aa8d-3452-49cb-89b7-e2a3655837db,776de020-0fd7-491a-8f35-c0dc5f24cc27,2026-05-03,day,8.0
da73e746-b38e-42ba-9279-c9b0a88236ba,776de020-0fd7-491a-8f35-c0dc5f24cc27,2026-05-04,day,8.0
a57411d9-56c1-48b7-a222-d1190e1c564e,776de020-0fd7-491a-8f35-c0dc5f24cc27,2026-05-05,day,8.0
cb64324a-74e1-40ec-b5d5-8d82bb727dfd,776de020-0fd7-491a-8f35-c0dc5f24cc27,2026-05-06,day,8.0
9fd3fcbb-2775-4742-a67a-e00d6de96b56,776de020-0fd7-491a-8f35-c0dc5f24cc27,2026-05-07,day,9.0
63f858ed-1866-428c-9e50-2b1695e59e2c,776de020-0fd7-491a-8f35-c0dc5f24cc27,2026-05-08,day,8.5
14b77b81-0de6-4329-a791-957265864fee,776de020-0fd7-491a-8f35-c0dc5f24cc27,2026-05-09,day,8.0
99e67481-70ce-44e4-88de-fb66965c902d,776de020-0fd7-491a-8f35-c0dc5f24cc27,2026-05-10,day,9.0
54887675-ed2e-4e90-ad32-4725a9e36a5f,776de020-0fd7-491a-8f35-c0dc5f24cc27,2026-05-11,day,8.5
8f9e2499-6b48-4071-98f3-9d13bfd05bd4,776de020-0fd7-491a-8f35-c0dc5f24cc27,2026-05-12,day,8.0
1ba28343-8523-45ea-a7f0-2d18b3abe920,776de020-0fd7-491a-8f35-c0dc5f24cc27,2026-05-13,day,8.0
c4f3fcef-67dd-413c-ab83-d9ec45d10d3a,776de020-0fd7-491a-8f35-c0dc5f24cc27,2026-05-14,extended,13.5
7b830259-ce07-4fe8-82fb-abbb6dc688d3,776de020-0fd7-491a-8f35-c0dc5f24cc27,2026-05-15,day,9.5
88bc5e95-13d2-4df8-9e75-28bb9c068745,776de020-0fd7-491a-8f35-c0dc5f24cc27,2026-05-16,day,9.5
e53c1243-ec6b-49a6-a08d-182729ae6974,776de020-0fd7-491a-8f35-c0dc5f24cc27,2026-05-17,day,8.0
c76c6642-f8b4-483d-bb66-a0a7a75f03b9,776de020-0fd7-491a-8f35-c0dc5f24cc27,2026-05-18,night,12.0
ef27a33a-8af0-495f-b587-b4c83cbce5a9,776de020-0fd7-491a-8f35-c0dc5f24cc27,2026-05-19,day,8.0
61a5e439-75b4-4646-be75-287936d6a31a,776de020-0fd7-491a-8f35-c0dc5f24cc27,2026-05-20,extended,12.5
c142599a-853e-49e6-95d3-1e2cc5784a6c,776de020-0fd7-491a-8f35-c0dc5f24cc27,2026-05-21,day,8.0
03231927-5fe9-40b7-864a-9601d6a12762,776de020-0fd7-491a-8f35-c0dc5f24cc27,2026-05-22,day,8.5
4957cc62-6a2c-4a9c-8ed8-9f3103e8d1dd,776de020-0fd7-491a-8f35-c0dc5f24cc27,2026-05-23,day,8.0
d901f513-30ff-40f8-a123-e0e99b4ec59b,776de020-0fd7-491a-8f35-c0dc5f24cc27,2026-05-24,day,8.0
e5b6a3b3-60de-4df9-9a9a-a7a8df8e6d2f,776de020-0fd7-491a-8f35-c0dc5f24cc27,2026-05-25,day,8.0
ead9c5f4-e344-4dab-a36f-6444910120ee,776de020-0fd7-491a-8f35-c0dc5f24cc27,2026-05-26,day,8.0
d2f970ab-d5e1-4a09-8a9d-0424e1413c54,776de020-0fd7-491a-8f35-c0dc5f24cc27,2026-05-27,day,8.5
6f9c23c9-a21a-40ac-86eb-ec28430e2d23,776de020-0fd7-491a-8f35-c0dc5f24cc27,2026-05-28,day,8.0
aa3e32ba-f720-4fed-a9bd-f723b86e85f3,776de020-0fd7-491a-8f35-c0dc5f24cc27,2026-05-29,day,8.5
8f92e888-e570-4a67-bc94-0ef31e59ee46,776de020-0fd7-491a-8f35-c0dc5f24cc27,2026-05-30,night,10.0
10ff3b99-524b-4db7-88ae-8a0944b752d9,776de020-0fd7-491a-8f35-c0dc5f24cc27,2026-05-31,day,8.5
dcb174bf-390c-423d-a47c-bcb743b5e064,776de020-0fd7-491a-8f35-c0dc5f24cc27,2026-06-01,day,8.0
fc42dce3-a243-47d3-a7fc-98ad2bffa1eb,776de020-0fd7-491a-8f35-c0dc5f24cc27,2026-06-02,day,8.0
c814f716-9c23-4e2b-9922-34b8d630c474,776de020-0fd7-491a-8f35-c0dc5f24cc27,2026-06-03,day,8.0
327aecdf-e63d-430e-b0df-0bddb0057a47,776de020-0fd7-491a-8f35-c0dc5f24cc27,2026-06-04,night,10.5
38b8249e-ce2a-4e64-95a7-7b2d42f0973e,776de020-0fd7-491a-8f35-c0dc5f24cc27,2026-06-05,day,8.0
f7d3602f-bc68-451f-92fb-556633f4269c,776de020-0fd7-491a-8f35-c0dc5f24cc27,2026-06-06,day,8.0
aed2020a-1739-41b1-a1ce-652e257727e6,776de020-0fd7-491a-8f35-c0dc5f24cc27,2026-06-08,extended,13.2
53313846-7df8-46a0-8642-7c6373a2e60c,776de020-0fd7-491a-8f35-c0dc5f24cc27,2026-06-09,day,8.0
7565ec5b-4a32-485f-9827-ef944918580b,776de020-0fd7-491a-8f35-c0dc5f24cc27,2026-06-10,night,10.5
5f97587f-51f0-4855-a28e-0f2a3d28351d,776de020-0fd7-491a-8f35-c0dc5f24cc27,2026-06-11,day,8.0
18b0709e-1e5b-49fa-81aa-9e2173b80b79,776de020-0fd7-491a-8f35-c0dc5f24cc27,2026-06-12,day,8.0
d0333c27-0e5a-4553-8e7d-3be071b9dcc0,776de020-0fd7-491a-8f35-c0dc5f24cc27,2026-06-15,night,10.5
1bca82b1-4d4e-4a9c-b982-9d50817f0a13,776de020-0fd7-491a-8f35-c0dc5f24cc27,2026-06-16,extended,14.8
dd2bcf79-3acb-440e-b498-5fceddbef01b,776de020-0fd7-491a-8f35-c0dc5f24cc27,2026-06-17,day,8.0
8a91ae67-ee5d-4dc5-858e-a2b73b806709,776de020-0fd7-491a-8f35-c0dc5f24cc27,2026-06-18,day,8.0
5462d0b8-61e9-4771-9d41-30dd6ee5623f,776de020-0fd7-491a-8f35-c0dc5f24cc27,2026-06-19,day,8.0
2252cf0c-4a80-45dd-a914-58d473342de3,776de020-0fd7-491a-8f35-c0dc5f24cc27,2026-06-22,day,8.5
a3883165-991d-4f70-9bd3-0daf8a6193e3,776de020-0fd7-491a-8f35-c0dc5f24cc27,2026-06-23,night,10.5
f188077b-1d67-48b3-a76a-c7126c934664,776de020-0fd7-491a-8f35-c0dc5f24cc27,2026-06-24,day,8.5
514b79fd-cca2-42a8-a5b1-d60bacf1e8b8,776de020-0fd7-491a-8f35-c0dc5f24cc27,2026-06-25,day,8.0
9048159a-bcb3-43dc-b80a-5e4e3758ff39,776de020-0fd7-491a-8f35-c0dc5f24cc27,2026-06-26,extended,14.3
fa8d78d5-75ef-4e09-9c3f-c5ec43e2478d,776de020-0fd7-491a-8f35-c0dc5f24cc27,2026-06-27,day,9.0
40ebb7b5-805d-43de-80d2-f33596c2f3f0,776de020-0fd7-491a-8f35-c0dc5f24cc27,2026-06-28,day,8.0
58c1cea8-0817-48c5-b680-d0c53ee937fb,776de020-0fd7-491a-8f35-c0dc5f24cc27,2026-06-29,extended,13.5
0522e5be-f91a-4abd-a093-a2bdaab79fa5,70951eb3-027c-4216-abb2-4e4b5e030d7c,2026-01-01,day,8.0
8229ce2b-5ea1-43e2-b2c8-dd6697a7e164,70951eb3-027c-4216-abb2-4e4b5e030d7c,2026-01-02,day,8.0
f4f7c115-aea4-4873-a4b5-16958f4e6050,70951eb3-027c-4216-abb2-4e4b5e030d7c,2026-01-05,night,10.0
bc38281a-1cf1-4039-95bd-16e2dbd3c778,70951eb3-027c-4216-abb2-4e4b5e030d7c,2026-01-06,day,8.0
f38b345c-e342-4d57-b2d6-aade47190573,70951eb3-027c-4216-abb2-4e4b5e030d7c,2026-01-07,day,9.5
50f607da-1059-4f8f-8d35-b7893d493733,70951eb3-027c-4216-abb2-4e4b5e030d7c,2026-01-08,night,10.0
8b752dee-e173-4b4a-b813-8813bf928fc0,70951eb3-027c-4216-abb2-4e4b5e030d7c,2026-01-09,extended,14.6
039d8fa0-e367-4d05-ae75-2401450c733b,70951eb3-027c-4216-abb2-4e4b5e030d7c,2026-01-10,night,12.0
9ecd88d0-5e6e-456a-9c61-ea4b56dac7c4,70951eb3-027c-4216-abb2-4e4b5e030d7c,2026-01-11,day,8.0
f9765329-2641-4a20-8e62-3be4966d5c72,70951eb3-027c-4216-abb2-4e4b5e030d7c,2026-01-12,day,9.0
a8e0240a-b3a2-43ee-8d25-bfecf20ba35f,70951eb3-027c-4216-abb2-4e4b5e030d7c,2026-01-13,day,8.0
a9ee50a3-d19d-44a9-b3db-ee9e67a6f9f2,70951eb3-027c-4216-abb2-4e4b5e030d7c,2026-01-14,day,8.0
94a472bc-61c0-43b9-888d-a6101d31c10b,70951eb3-027c-4216-abb2-4e4b5e030d7c,2026-01-15,night,10.0
780ef6b0-715c-463f-a3fd-06f5e1ea2ba7,70951eb3-027c-4216-abb2-4e4b5e030d7c,2026-01-16,night,10.0
89379f2d-2c18-4265-9e14-8a3b1d0856b4,70951eb3-027c-4216-abb2-4e4b5e030d7c,2026-01-19,night,10.0
018d83ac-8745-4d34-99aa-7d61fbe0ccaf,70951eb3-027c-4216-abb2-4e4b5e030d7c,2026-01-20,day,8.0
f5442b75-d9df-4b67-9305-5706165aaa50,70951eb3-027c-4216-abb2-4e4b5e030d7c,2026-01-21,day,8.0
76242888-66ad-4a47-b7e8-f8a9cceffa52,70951eb3-027c-4216-abb2-4e4b5e030d7c,2026-01-22,day,9.0
81830729-e00c-426f-9a66-5c6362f6d7c0,70951eb3-027c-4216-abb2-4e4b5e030d7c,2026-01-23,day,8.0
d7b8f466-f4a1-44a1-9bce-5138cf3c9697,70951eb3-027c-4216-abb2-4e4b5e030d7c,2026-01-26,day,8.0
5e78f3b7-a8e3-41da-a221-7f91c0c77f0f,70951eb3-027c-4216-abb2-4e4b5e030d7c,2026-01-27,night,10.0
dc678926-ec2e-4293-a81e-8a59cf19dd1e,70951eb3-027c-4216-abb2-4e4b5e030d7c,2026-01-28,day,8.0
7938b154-9cdf-4fce-ae97-14a16f9911d1,70951eb3-027c-4216-abb2-4e4b5e030d7c,2026-01-29,night,10.5
21935f64-e6d8-4fe9-b9f1-b38d9045b751,70951eb3-027c-4216-abb2-4e4b5e030d7c,2026-01-30,day,8.0
0420f258-2a8a-42f5-9595-96ae889c054d,70951eb3-027c-4216-abb2-4e4b5e030d7c,2026-02-02,day,8.5
4856f45f-504b-4ff1-ac43-ac0f67fa41f8,70951eb3-027c-4216-abb2-4e4b5e030d7c,2026-02-03,night,10.0
c2625fd1-c9fd-44ab-8eed-89f45bc7a606,70951eb3-027c-4216-abb2-4e4b5e030d7c,2026-02-04,day,8.0
98d1f270-2159-416f-ba60-b5e0d74da2ad,70951eb3-027c-4216-abb2-4e4b5e030d7c,2026-02-05,day,8.5
3741e986-2d7f-4b2e-af5d-124200b46e27,70951eb3-027c-4216-abb2-4e4b5e030d7c,2026-02-06,day,8.0
82fa1776-4a45-4bc9-836b-516e1da3fec4,70951eb3-027c-4216-abb2-4e4b5e030d7c,2026-02-07,day,8.5
8aeca28f-79d5-45a3-819a-84b62e82a5f2,70951eb3-027c-4216-abb2-4e4b5e030d7c,2026-02-09,day,8.0
b7cbcb90-ba31-404f-bca0-ac611c47a433,70951eb3-027c-4216-abb2-4e4b5e030d7c,2026-02-10,day,8.0
19ab3641-600d-42e9-b56a-00b854be1b1b,70951eb3-027c-4216-abb2-4e4b5e030d7c,2026-02-11,day,8.0
b3354a58-a4dc-4cbb-af0b-1093f8f96dac,70951eb3-027c-4216-abb2-4e4b5e030d7c,2026-02-12,day,8.5
66d33b5a-bc9a-4553-a2f0-ed1f25050629,70951eb3-027c-4216-abb2-4e4b5e030d7c,2026-02-13,day,8.5
80285537-94a2-492d-b69d-f96be098b952,70951eb3-027c-4216-abb2-4e4b5e030d7c,2026-02-16,day,9.0
e1e827b1-8960-4452-a0f4-2ed5e9234abf,70951eb3-027c-4216-abb2-4e4b5e030d7c,2026-02-17,day,8.5
6dee4fd9-3e73-4843-9829-70fcecddbb24,70951eb3-027c-4216-abb2-4e4b5e030d7c,2026-02-18,day,8.0
a8009ae5-5444-45a8-a990-e01c49490ec4,70951eb3-027c-4216-abb2-4e4b5e030d7c,2026-02-19,day,9.0
f5f43571-aedf-41e1-b146-6124cc3e14f0,70951eb3-027c-4216-abb2-4e4b5e030d7c,2026-02-20,day,8.0
c67bd046-ca62-4c97-ab0d-61cf44d7aced,70951eb3-027c-4216-abb2-4e4b5e030d7c,2026-02-21,extended,13.7
6390af33-5760-494e-9fac-ebf8bb38d3b3,70951eb3-027c-4216-abb2-4e4b5e030d7c,2026-02-23,extended,14.4
270a1a1e-1f6e-4fdc-89c3-fa2650ee01f6,70951eb3-027c-4216-abb2-4e4b5e030d7c,2026-02-24,night,10.5
278c6632-258c-467d-b414-429b0fe1e389,70951eb3-027c-4216-abb2-4e4b5e030d7c,2026-02-25,day,8.5
90a1b754-f204-460b-a872-95132c2def2e,70951eb3-027c-4216-abb2-4e4b5e030d7c,2026-02-26,night,10.0
6ffc60ac-d8de-4190-b63f-ccf3b2cdda42,70951eb3-027c-4216-abb2-4e4b5e030d7c,2026-02-27,night,10.0
d589b3c7-b688-4eb8-8ab5-e5025e139dba,70951eb3-027c-4216-abb2-4e4b5e030d7c,2026-03-02,day,9.5
f383b0b7-8499-4564-9240-e2a0f8c3ea82,70951eb3-027c-4216-abb2-4e4b5e030d7c,2026-03-03,extended,15.1
08f5e793-0ad7-4494-8284-314b86e370f4,70951eb3-027c-4216-abb2-4e4b5e030d7c,2026-03-04,extended,14.5
edacb710-86b6-4813-9b38-d57d9020799c,70951eb3-027c-4216-abb2-4e4b5e030d7c,2026-03-05,day,8.0
76d3d743-782b-4e73-9854-f67827e01e82,70951eb3-027c-4216-abb2-4e4b5e030d7c,2026-03-06,day,8.0
7979a745-7cfe-4d35-97d0-01abaf11d341,70951eb3-027c-4216-abb2-4e4b5e030d7c,2026-03-09,day,8.0
564fb644-eea2-43f1-98b7-b733ba766ceb,70951eb3-027c-4216-abb2-4e4b5e030d7c,2026-03-10,day,9.0
14011a41-2ccf-44c0-969c-68a9b9d931a2,70951eb3-027c-4216-abb2-4e4b5e030d7c,2026-03-11,night,10.5
269fc62f-91b7-40ab-a918-88df901c0619,70951eb3-027c-4216-abb2-4e4b5e030d7c,2026-03-12,extended,13.2
b0d62c34-668f-4ae9-bb2f-51d669eb8b96,70951eb3-027c-4216-abb2-4e4b5e030d7c,2026-03-13,day,9.0
8d21991a-0c35-4a89-b2fb-56fbf0dac972,70951eb3-027c-4216-abb2-4e4b5e030d7c,2026-03-16,day,9.0
f7b4e3f2-e534-477d-adc7-b5a3603c252f,70951eb3-027c-4216-abb2-4e4b5e030d7c,2026-03-17,day,8.5
c89c8fd0-4313-4852-b353-a70ce88f4c69,70951eb3-027c-4216-abb2-4e4b5e030d7c,2026-03-18,night,10.0
f300f09b-92a9-49e4-90ab-e3e99c73ca61,70951eb3-027c-4216-abb2-4e4b5e030d7c,2026-03-19,extended,15.1
2044fbf2-1e6d-4f55-98bf-9e9f4171ab8a,70951eb3-027c-4216-abb2-4e4b5e030d7c,2026-03-20,day,9.5
77e0e272-8534-4b0a-9016-39c333963b21,70951eb3-027c-4216-abb2-4e4b5e030d7c,2026-03-21,extended,13.6
311435a3-5a4c-4f82-9207-e7837c1040d1,70951eb3-027c-4216-abb2-4e4b5e030d7c,2026-03-22,day,8.0
a46a23b1-968f-467f-a9f5-dc98448bf32f,70951eb3-027c-4216-abb2-4e4b5e030d7c,2026-03-23,day,9.0
a7a6fe92-874e-49bd-8dce-179cfcc39bd5,70951eb3-027c-4216-abb2-4e4b5e030d7c,2026-03-24,night,10.0
a3e33452-0ba3-4bb0-a953-9d0fe358d624,70951eb3-027c-4216-abb2-4e4b5e030d7c,2026-03-25,day,9.0
16e6432b-a0df-468d-aade-958cfdfbec61,70951eb3-027c-4216-abb2-4e4b5e030d7c,2026-03-26,day,9.0
6bf16d9a-8112-4158-bbfa-56c789fb8c5f,70951eb3-027c-4216-abb2-4e4b5e030d7c,2026-03-27,day,8.0
6cdb4db3-94e7-42a4-9462-eb872dec51b3,70951eb3-027c-4216-abb2-4e4b5e030d7c,2026-03-28,day,8.0
1016e7f2-388b-4931-9a7c-621fb31a8767,70951eb3-027c-4216-abb2-4e4b5e030d7c,2026-03-29,night,10.5
dbf54336-2b67-43f4-aa77-67482544c86f,70951eb3-027c-4216-abb2-4e4b5e030d7c,2026-03-30,night,10.5
2d1d2b05-cff9-43ca-8129-2bf5324d4349,70951eb3-027c-4216-abb2-4e4b5e030d7c,2026-03-31,night,10.5
2e2a8299-dc5d-462a-99f8-9c94cbc04971,70951eb3-027c-4216-abb2-4e4b5e030d7c,2026-04-01,day,9.0
a2988f32-98d5-45bf-ac76-4c5cf5465130,70951eb3-027c-4216-abb2-4e4b5e030d7c,2026-04-02,day,9.0
a4f090d0-4f5a-464b-b540-ca3afc006eac,70951eb3-027c-4216-abb2-4e4b5e030d7c,2026-04-03,night,10.5
29216034-c477-48b9-a6f9-01a1c7290ed3,70951eb3-027c-4216-abb2-4e4b5e030d7c,2026-04-04,day,9.5
4231158f-5915-489b-b0a2-8652845da2e6,70951eb3-027c-4216-abb2-4e4b5e030d7c,2026-04-05,day,8.5
d6fa0108-6b95-4ac5-834b-fd05e671b73e,70951eb3-027c-4216-abb2-4e4b5e030d7c,2026-04-06,day,8.0
e4d3fdda-933c-4e4a-80fc-039302d9a745,70951eb3-027c-4216-abb2-4e4b5e030d7c,2026-04-07,day,8.0
5f7878f5-bc5b-4df0-92be-adb833799df1,70951eb3-027c-4216-abb2-4e4b5e030d7c,2026-04-08,night,10.5
202806d5-c23c-4a6e-bf36-bbbf5cfe45b8,70951eb3-027c-4216-abb2-4e4b5e030d7c,2026-04-09,day,8.0
1ecbd8bd-f66d-46c0-a974-a1f1cad6cdeb,70951eb3-027c-4216-abb2-4e4b5e030d7c,2026-04-10,day,8.0
95ccb264-cf53-41a9-913f-9ade36c1f731,70951eb3-027c-4216-abb2-4e4b5e030d7c,2026-04-11,day,8.0
4bc7e00d-5eb9-4029-a6de-e5486b33998a,70951eb3-027c-4216-abb2-4e4b5e030d7c,2026-04-12,day,8.0
9ec14ea6-2b44-4a84-a059-44dd6b0864ff,70951eb3-027c-4216-abb2-4e4b5e030d7c,2026-04-13,day,8.5
03a1dec3-1708-4247-a593-3407e8e5fbbe,70951eb3-027c-4216-abb2-4e4b5e030d7c,2026-04-14,day,8.5
12e718ea-b71e-44d8-870d-610e028e14d7,70951eb3-027c-4216-abb2-4e4b5e030d7c,2026-04-15,day,8.5
c2ba2f4b-ddeb-41fd-be2b-75245d723531,70951eb3-027c-4216-abb2-4e4b5e030d7c,2026-04-16,day,8.5
fd006e2b-d0cc-4d0d-a932-40f45e00791b,70951eb3-027c-4216-abb2-4e4b5e030d7c,2026-04-17,day,9.0
903e1ebc-7823-40b1-8238-30c4498438a0,70951eb3-027c-4216-abb2-4e4b5e030d7c,2026-04-18,day,8.0
5259c8c3-20d4-4705-a90e-de4429c788d5,70951eb3-027c-4216-abb2-4e4b5e030d7c,2026-04-19,day,8.0
d51b53ad-2572-4a51-9531-3bb9f4599df8,70951eb3-027c-4216-abb2-4e4b5e030d7c,2026-04-20,day,8.0
fee7788c-a297-47d7-b146-8db456b5a95d,70951eb3-027c-4216-abb2-4e4b5e030d7c,2026-04-21,day,8.0
7403ffc9-2789-4c9c-b2f2-8385dbe22604,70951eb3-027c-4216-abb2-4e4b5e030d7c,2026-04-22,night,10.0
b577751b-e6f0-45aa-b6cc-148f0d0edc4f,70951eb3-027c-4216-abb2-4e4b5e030d7c,2026-04-23,day,9.0
cd67677b-2f3d-4749-be12-3a22aa4f1a45,70951eb3-027c-4216-abb2-4e4b5e030d7c,2026-04-24,day,8.0
815d1ea8-71ea-4e2d-9e27-45743bb639c7,70951eb3-027c-4216-abb2-4e4b5e030d7c,2026-04-25,day,8.0
80d122f3-9077-45e5-aa7b-928ac961b37f,70951eb3-027c-4216-abb2-4e4b5e030d7c,2026-04-26,extended,15.5
4cacb985-711f-457b-91c6-92651d50b7e8,70951eb3-027c-4216-abb2-4e4b5e030d7c,2026-04-27,day,8.5
0a0f6950-f4be-46e1-b882-3c05eee51f10,70951eb3-027c-4216-abb2-4e4b5e030d7c,2026-04-28,day,8.0
4358a89c-10a0-4580-af6f-3ed6a1a4afed,70951eb3-027c-4216-abb2-4e4b5e030d7c,2026-04-29,day,8.5
bc0f0b34-c760-49ca-9806-252085375bc7,70951eb3-027c-4216-abb2-4e4b5e030d7c,2026-04-30,night,10.5
d31942eb-27cb-4b0d-881d-449bc9eb1a01,70951eb3-027c-4216-abb2-4e4b5e030d7c,2026-05-01,night,11.0
0af8139f-225b-4795-8d8f-1f515ba2a292,70951eb3-027c-4216-abb2-4e4b5e030d7c,2026-05-02,night,10.0
4c6c068d-5c4a-4076-bbd1-5950f509e891,70951eb3-027c-4216-abb2-4e4b5e030d7c,2026-05-03,day,8.0
106d155a-f488-4461-8655-47d5d3422a6c,70951eb3-027c-4216-abb2-4e4b5e030d7c,2026-05-04,night,10.0
abaaf4eb-2da3-46c5-8abc-05d64a5bc38a,70951eb3-027c-4216-abb2-4e4b5e030d7c,2026-05-05,day,8.0
1247b681-d105-44ff-998d-3b5c00aae7bd,70951eb3-027c-4216-abb2-4e4b5e030d7c,2026-05-06,day,8.0
6c132f7d-fa3c-40e7-858b-b756f4b6870e,70951eb3-027c-4216-abb2-4e4b5e030d7c,2026-05-07,day,8.0
6a727203-6ad5-49a4-90f8-10dd72ef754c,70951eb3-027c-4216-abb2-4e4b5e030d7c,2026-05-08,day,8.0
6ece2667-57d7-4884-aff5-ad75f50e9c75,70951eb3-027c-4216-abb2-4e4b5e030d7c,2026-05-09,day,8.0
f866869f-2788-4104-93dc-8513d902eefb,70951eb3-027c-4216-abb2-4e4b5e030d7c,2026-05-10,day,8.0
aa815cf4-94aa-4332-82fd-49ae6b6c1921,70951eb3-027c-4216-abb2-4e4b5e030d7c,2026-05-11,night,11.0
69ad255c-e88b-4e30-aaa8-41a4bcf252ee,70951eb3-027c-4216-abb2-4e4b5e030d7c,2026-05-12,extended,13.8
8ba0dc17-71f6-49f8-9990-01bc62cb27fd,70951eb3-027c-4216-abb2-4e4b5e030d7c,2026-05-13,day,8.0
7c227787-1484-4ba2-a782-77526eaca1f8,70951eb3-027c-4216-abb2-4e4b5e030d7c,2026-05-14,night,10.0
a0b38fbb-9f56-4c9f-8098-884d2fd44d63,70951eb3-027c-4216-abb2-4e4b5e030d7c,2026-05-15,night,10.5
aae33e59-33c6-4ebf-b4a4-0680daafdb5c,70951eb3-027c-4216-abb2-4e4b5e030d7c,2026-05-16,day,8.5
fa362ed7-ca1a-4ef9-9ee7-d97f5db06992,70951eb3-027c-4216-abb2-4e4b5e030d7c,2026-05-18,night,11.0
e6d01553-f03a-4bad-ab8c-9984aa4b0dbe,70951eb3-027c-4216-abb2-4e4b5e030d7c,2026-05-19,day,8.5
e0f22bf5-cf65-4027-b27a-710bd83e8d58,70951eb3-027c-4216-abb2-4e4b5e030d7c,2026-05-20,day,8.0
0ba4d533-c50d-4be5-9117-ef74ce181db4,70951eb3-027c-4216-abb2-4e4b5e030d7c,2026-05-21,day,8.0
fb9646ed-3031-483f-8ea4-863d5dd39da3,70951eb3-027c-4216-abb2-4e4b5e030d7c,2026-05-22,day,8.0
43bf3609-a60b-46ef-a1d7-1b581d4dac30,70951eb3-027c-4216-abb2-4e4b5e030d7c,2026-05-25,day,8.0
973cc569-41ef-4c70-9c56-acdaf76a155b,70951eb3-027c-4216-abb2-4e4b5e030d7c,2026-05-26,night,10.5
f95b6cbc-fa87-4505-a4c7-ac66d3e41e78,70951eb3-027c-4216-abb2-4e4b5e030d7c,2026-05-27,night,11.0
b5e84b79-0d05-464c-9b62-54d5351b2002,70951eb3-027c-4216-abb2-4e4b5e030d7c,2026-05-28,day,9.5
c2ba24ba-4be9-4cdf-9710-6ea11ee0f818,70951eb3-027c-4216-abb2-4e4b5e030d7c,2026-05-29,day,8.5
ca1be07c-3f58-4a05-a53b-d8fae8bdd36d,70951eb3-027c-4216-abb2-4e4b5e030d7c,2026-05-31,night,10.0
2f657e49-af6b-4f4a-9c20-5aa2ed85f145,70951eb3-027c-4216-abb2-4e4b5e030d7c,2026-06-01,day,8.0
c27754aa-051a-4944-81ec-0b2c2d615df9,70951eb3-027c-4216-abb2-4e4b5e030d7c,2026-06-02,day,8.0
5ee02da8-0f59-48d3-8412-3efbe047157d,70951eb3-027c-4216-abb2-4e4b5e030d7c,2026-06-03,day,8.5
12b80623-7dca-41bd-aa85-3985ed886687,70951eb3-027c-4216-abb2-4e4b5e030d7c,2026-06-04,night,12.0
828a98a2-d26d-446f-9aff-aba15e27dbc5,70951eb3-027c-4216-abb2-4e4b5e030d7c,2026-06-05,extended,14.3
6aca0ac8-5c9f-4b62-982a-5c394299cfca,70951eb3-027c-4216-abb2-4e4b5e030d7c,2026-06-08,night,11.0
346df211-abd1-4a39-8d7d-c81a2a64de04,70951eb3-027c-4216-abb2-4e4b5e030d7c,2026-06-09,day,8.5
40f0418b-6240-43d7-8245-06a137a0df25,70951eb3-027c-4216-abb2-4e4b5e030d7c,2026-06-10,night,10.5
2a4bc68a-45cc-4f64-85ef-bcbcc985b799,70951eb3-027c-4216-abb2-4e4b5e030d7c,2026-06-11,extended,12.9
145722d1-83c6-4c0e-929c-365b92f791a7,70951eb3-027c-4216-abb2-4e4b5e030d7c,2026-06-12,day,8.0
1899f6f6-888a-4880-ac35-3049733453ba,70951eb3-027c-4216-abb2-4e4b5e030d7c,2026-06-13,day,8.5
f40cbd31-3709-40b3-bcb2-20cfc99a0c37,70951eb3-027c-4216-abb2-4e4b5e030d7c,2026-06-14,day,8.5
5d751b8a-ed10-440a-b72e-fc739d22185b,70951eb3-027c-4216-abb2-4e4b5e030d7c,2026-06-15,day,8.5
32dfd406-edfc-4e71-90b5-16efcd2000da,70951eb3-027c-4216-abb2-4e4b5e030d7c,2026-06-16,day,8.0
d1776f97-9e05-4e2f-b40e-a10c752b2cb7,70951eb3-027c-4216-abb2-4e4b5e030d7c,2026-06-17,day,9.0
127d04dc-c711-4b3d-b9cf-0b48af58b98c,70951eb3-027c-4216-abb2-4e4b5e030d7c,2026-06-18,day,8.0
b6cc86db-5399-4143-a19c-4923981a8b6a,70951eb3-027c-4216-abb2-4e4b5e030d7c,2026-06-19,day,8.0
ecf4cd3f-8686-4198-8469-e4c585ea6389,70951eb3-027c-4216-abb2-4e4b5e030d7c,2026-06-21,day,8.0
6035e0c8-1074-4730-9f4c-eae5d2bd5634,70951eb3-027c-4216-abb2-4e4b5e030d7c,2026-06-22,day,8.0
0900ef07-8176-4cf8-877a-b8f469f849b8,70951eb3-027c-4216-abb2-4e4b5e030d7c,2026-06-23,day,8.0
7b7f75bb-30c9-45d4-a996-1cb910414b31,70951eb3-027c-4216-abb2-4e4b5e030d7c,2026-06-24,day,8.0
a01929e7-9750-4824-b049-7411ce326b61,70951eb3-027c-4216-abb2-4e4b5e030d7c,2026-06-25,day,8.5
e2195903-5368-43a9-aa4a-3a0f26135887,70951eb3-027c-4216-abb2-4e4b5e030d7c,2026-06-26,night,11.0
d0350d8a-2b87-47c7-ad87-0e2681aa9e8c,70951eb3-027c-4216-abb2-4e4b5e030d7c,2026-06-27,day,8.0
b29584d4-3eba-4cc3-beaa-db4837a01174,70951eb3-027c-4216-abb2-4e4b5e030d7c,2026-06-28,night,11.0
2ad8daf4-5bd8-422f-9d1f-359efefb1fd4,70951eb3-027c-4216-abb2-4e4b5e030d7c,2026-06-29,day,8.0
be1faf91-593a-4140-b5a7-91af3c9c68cf,1fcad298-5dca-4a2a-844e-5ef6a36cd8eb,2026-01-01,day,8.0
8eab5054-8688-4a3b-a8ba-bcfb19d05d0c,1fcad298-5dca-4a2a-844e-5ef6a36cd8eb,2026-01-02,day,8.0
805629c2-a02c-47bc-bae3-19972447bfbd,1fcad298-5dca-4a2a-844e-5ef6a36cd8eb,2026-01-03,extended,15.2
a3b9f5df-74f3-458e-aa0a-f0b6ec7b0780,1fcad298-5dca-4a2a-844e-5ef6a36cd8eb,2026-01-05,day,8.0
113186ce-b49a-4f75-bfa6-00933dcf7e0b,1fcad298-5dca-4a2a-844e-5ef6a36cd8eb,2026-01-06,extended,14.0
48ac5065-8a9f-4cab-ab67-6470b78576fe,1fcad298-5dca-4a2a-844e-5ef6a36cd8eb,2026-01-07,day,8.0
70fce496-e1e4-42ad-b3df-81eadb9ebafa,1fcad298-5dca-4a2a-844e-5ef6a36cd8eb,2026-01-08,extended,13.7
3a98ad5e-5e1f-4555-9cc0-033c576c269f,1fcad298-5dca-4a2a-844e-5ef6a36cd8eb,2026-01-09,extended,13.5
ab1c3e94-13b8-4a09-8747-c521f7c8c12a,1fcad298-5dca-4a2a-844e-5ef6a36cd8eb,2026-01-10,night,10.5
7d3c41d2-e8a8-41a9-b5f3-6cec55d7dee2,1fcad298-5dca-4a2a-844e-5ef6a36cd8eb,2026-01-11,day,8.0
1444b50f-e323-4901-81c0-0ea072314d3c,1fcad298-5dca-4a2a-844e-5ef6a36cd8eb,2026-01-12,extended,14.3
5dd43d5c-6178-4901-a69a-41bd85581137,1fcad298-5dca-4a2a-844e-5ef6a36cd8eb,2026-01-13,day,8.0
d4bfd161-96f0-42f4-9b5e-95444f16ecf7,1fcad298-5dca-4a2a-844e-5ef6a36cd8eb,2026-01-14,day,8.5
41914a3d-b80d-41df-85f5-91fedc5cdb80,1fcad298-5dca-4a2a-844e-5ef6a36cd8eb,2026-01-15,day,8.0
46efdd61-3593-4cd1-8cf2-2f3e05039794,1fcad298-5dca-4a2a-844e-5ef6a36cd8eb,2026-01-16,day,9.0
fce4a3fa-43b7-488c-97fa-4fcb53404c9e,1fcad298-5dca-4a2a-844e-5ef6a36cd8eb,2026-01-19,day,8.0
b39dc8d4-6269-4df4-aa53-f354b0195266,1fcad298-5dca-4a2a-844e-5ef6a36cd8eb,2026-01-20,day,8.0
c8414580-32d4-47a7-a7d1-37ffe21105f6,1fcad298-5dca-4a2a-844e-5ef6a36cd8eb,2026-01-21,night,10.5
b6b9c160-0dc7-46e2-948a-95bd01d5aaa0,1fcad298-5dca-4a2a-844e-5ef6a36cd8eb,2026-01-22,extended,13.4
195a7141-91d4-4184-99b7-27da1f831ec7,1fcad298-5dca-4a2a-844e-5ef6a36cd8eb,2026-01-23,day,8.0
e870fbf4-d4f9-44d7-bda2-82664b1e822c,1fcad298-5dca-4a2a-844e-5ef6a36cd8eb,2026-01-26,day,9.5
dee4df20-5921-46bb-b1ee-efab29d3148e,1fcad298-5dca-4a2a-844e-5ef6a36cd8eb,2026-01-27,day,8.0
5828b453-a4bc-42fd-b794-7689da5deef4,1fcad298-5dca-4a2a-844e-5ef6a36cd8eb,2026-01-28,night,10.0
0080d102-1a6a-48ce-a637-02e2d3cf4275,1fcad298-5dca-4a2a-844e-5ef6a36cd8eb,2026-01-29,day,8.0
d0f0d935-d4a6-43a6-a8de-3c9e7c785790,1fcad298-5dca-4a2a-844e-5ef6a36cd8eb,2026-01-30,day,9.5
8a4694df-70be-43fc-8d27-88bf7df2db07,1fcad298-5dca-4a2a-844e-5ef6a36cd8eb,2026-02-02,night,10.0
098191f1-da7c-4303-b83d-cc7184d87abc,1fcad298-5dca-4a2a-844e-5ef6a36cd8eb,2026-02-03,day,8.5
537ed7a6-ab77-4ddb-8545-01a98f003213,1fcad298-5dca-4a2a-844e-5ef6a36cd8eb,2026-02-04,night,10.0
78d4d492-8a49-42a0-b60f-c69388df9d12,1fcad298-5dca-4a2a-844e-5ef6a36cd8eb,2026-02-05,extended,14.2
6c19f7c6-2234-4a3d-a6e1-d47d21f42a13,1fcad298-5dca-4a2a-844e-5ef6a36cd8eb,2026-02-06,day,9.0
231df4ea-7fd8-4324-bd0f-6765047dc6fb,1fcad298-5dca-4a2a-844e-5ef6a36cd8eb,2026-02-09,day,8.0
0ec28211-29e1-4e35-ac3b-8d2b188d038b,1fcad298-5dca-4a2a-844e-5ef6a36cd8eb,2026-02-10,day,8.0
1523cfc3-4652-4db7-800b-518cb575797f,1fcad298-5dca-4a2a-844e-5ef6a36cd8eb,2026-02-11,day,8.0
8dbefa9c-569f-4746-a991-785aba661d48,1fcad298-5dca-4a2a-844e-5ef6a36cd8eb,2026-02-12,night,11.0
499df048-bbe4-4f3a-ae90-e8817c2fcdf0,1fcad298-5dca-4a2a-844e-5ef6a36cd8eb,2026-02-13,extended,13.4
e5a0d23a-2a3a-4dae-ae6b-b093a0f339ef,1fcad298-5dca-4a2a-844e-5ef6a36cd8eb,2026-02-16,night,10.0
1199d9cc-ec4a-421d-a34f-66c4daa9db84,1fcad298-5dca-4a2a-844e-5ef6a36cd8eb,2026-02-17,day,8.5
779f6c4e-7adc-4d28-a5a4-f31e918f386e,1fcad298-5dca-4a2a-844e-5ef6a36cd8eb,2026-02-18,day,8.5
63040185-de32-44b4-9df9-58e6a1eb9d78,1fcad298-5dca-4a2a-844e-5ef6a36cd8eb,2026-02-19,day,9.0
db33f786-1d5b-4d24-8f60-65eb6c96c581,1fcad298-5dca-4a2a-844e-5ef6a36cd8eb,2026-02-20,day,8.0
029e5794-acc0-4815-8fb3-08928892465c,1fcad298-5dca-4a2a-844e-5ef6a36cd8eb,2026-02-21,day,8.0
2b3cab9b-6e72-4151-a676-0a904aaca02c,1fcad298-5dca-4a2a-844e-5ef6a36cd8eb,2026-02-22,night,10.5
ee6e1f73-14ba-4782-81db-52fd70719a4f,1fcad298-5dca-4a2a-844e-5ef6a36cd8eb,2026-02-23,day,8.0
50e13ac7-2d8a-405f-a326-f48e08075999,1fcad298-5dca-4a2a-844e-5ef6a36cd8eb,2026-02-24,night,10.0
60186f76-ac1f-4a4b-83d0-c5aaecff28f3,1fcad298-5dca-4a2a-844e-5ef6a36cd8eb,2026-02-25,extended,14.6
de209cd1-0d42-45b0-b004-c4de78526b78,1fcad298-5dca-4a2a-844e-5ef6a36cd8eb,2026-02-26,night,10.5
97a23321-a7b2-4545-9853-7278c288a0ed,1fcad298-5dca-4a2a-844e-5ef6a36cd8eb,2026-02-27,day,9.0
3ec52e06-e3a6-47a0-91ba-0a75d4ea1c19,1fcad298-5dca-4a2a-844e-5ef6a36cd8eb,2026-02-28,day,8.0
8c78e2fc-60e5-4f2d-b113-c7efb78b9637,1fcad298-5dca-4a2a-844e-5ef6a36cd8eb,2026-03-01,extended,14.4
13bee59c-d4d3-4971-940f-d96939a1488a,1fcad298-5dca-4a2a-844e-5ef6a36cd8eb,2026-03-02,extended,15.6
51e596b9-90a3-46a8-a946-d81603ff0c2a,1fcad298-5dca-4a2a-844e-5ef6a36cd8eb,2026-03-03,day,9.0
9dcfc6d6-a83b-4565-9a95-5b6423c0e1b8,1fcad298-5dca-4a2a-844e-5ef6a36cd8eb,2026-03-04,night,10.0
60681a4c-6d40-4a23-83b0-4ff2b5eaaa88,1fcad298-5dca-4a2a-844e-5ef6a36cd8eb,2026-03-05,night,10.0
f0443954-c70c-44d8-9dfa-5aabc14d9fa7,1fcad298-5dca-4a2a-844e-5ef6a36cd8eb,2026-03-06,night,10.0
9df8b302-c2bd-4aad-8ccf-654a964223d3,1fcad298-5dca-4a2a-844e-5ef6a36cd8eb,2026-03-07,day,8.0
8cad3b83-f00c-4483-aca9-982994d2aace,1fcad298-5dca-4a2a-844e-5ef6a36cd8eb,2026-03-08,night,10.0
b0a8feec-a3ac-4797-bdd0-cb55e9db7908,1fcad298-5dca-4a2a-844e-5ef6a36cd8eb,2026-03-09,day,8.0
94d1f42f-c842-4542-86dd-5fedee3019de,1fcad298-5dca-4a2a-844e-5ef6a36cd8eb,2026-03-10,day,8.0
b5ab80fc-e106-4f94-9cf8-16c14b9d37c1,1fcad298-5dca-4a2a-844e-5ef6a36cd8eb,2026-03-11,extended,15.2
cb3738ef-011c-413b-9052-ba78390ab546,1fcad298-5dca-4a2a-844e-5ef6a36cd8eb,2026-03-12,day,8.0
f9b7c017-4eb5-4840-aa21-c57ffcf2b6ee,1fcad298-5dca-4a2a-844e-5ef6a36cd8eb,2026-03-13,night,10.0
bdd40b6d-ab73-4a93-a84c-f3b7c2ad628f,1fcad298-5dca-4a2a-844e-5ef6a36cd8eb,2026-03-14,day,8.0
9fb9a84d-7485-4c0c-b49e-21b1c2f6fd9e,1fcad298-5dca-4a2a-844e-5ef6a36cd8eb,2026-03-15,night,10.0
b74638ec-71ce-4620-a06f-2a6359e106ef,1fcad298-5dca-4a2a-844e-5ef6a36cd8eb,2026-03-16,extended,15.1
f5bce7e9-74a4-4972-9de7-245bf978f58e,1fcad298-5dca-4a2a-844e-5ef6a36cd8eb,2026-03-17,day,8.0
89a6ef45-a7b3-44b7-8bbb-9b6c6badf572,1fcad298-5dca-4a2a-844e-5ef6a36cd8eb,2026-03-18,extended,15.9
6a1f71e2-9148-47c3-9d7b-45d2d6463b7b,1fcad298-5dca-4a2a-844e-5ef6a36cd8eb,2026-03-19,day,8.5
29dd8187-6282-41cc-a257-e290a6af9f3b,1fcad298-5dca-4a2a-844e-5ef6a36cd8eb,2026-03-20,day,8.0
31c8e9c6-faa8-436f-9f2d-0b9d8efe9648,1fcad298-5dca-4a2a-844e-5ef6a36cd8eb,2026-03-21,day,8.0
bc0fac8e-0fd7-4f5b-aff1-f1d1550dc550,1fcad298-5dca-4a2a-844e-5ef6a36cd8eb,2026-03-22,day,8.0
5798a437-f970-4fc3-b9c6-678683965239,1fcad298-5dca-4a2a-844e-5ef6a36cd8eb,2026-03-23,day,8.0
f7272d6b-bdc2-4f78-b1b8-692311b90756,1fcad298-5dca-4a2a-844e-5ef6a36cd8eb,2026-03-24,day,8.0
029aaf07-140b-4b55-b01a-44b30ac1bcc3,1fcad298-5dca-4a2a-844e-5ef6a36cd8eb,2026-03-25,day,8.0
ef13605e-e699-4e1b-913f-bd8fe17cfe5a,1fcad298-5dca-4a2a-844e-5ef6a36cd8eb,2026-03-26,night,12.0
a29ef065-fc54-4bb7-ae67-894b2df9951c,1fcad298-5dca-4a2a-844e-5ef6a36cd8eb,2026-03-27,day,9.5
6a6a60f8-5b4a-4660-9fab-38ed8649014d,1fcad298-5dca-4a2a-844e-5ef6a36cd8eb,2026-03-28,night,10.0
a7c23805-4e51-4f07-ad6f-37c99b0bbd78,1fcad298-5dca-4a2a-844e-5ef6a36cd8eb,2026-03-29,night,11.0
7fb7496a-2867-434b-a6b6-d5f8763e6df8,1fcad298-5dca-4a2a-844e-5ef6a36cd8eb,2026-03-30,night,10.5
1db022f2-6db9-43be-92ce-14f33a278dfc,1fcad298-5dca-4a2a-844e-5ef6a36cd8eb,2026-03-31,day,8.0
b0813d06-a866-4219-b751-59fb467bdb4e,1fcad298-5dca-4a2a-844e-5ef6a36cd8eb,2026-04-01,extended,14.2
74520eb0-c947-4e68-93e4-28f3dedd1a84,1fcad298-5dca-4a2a-844e-5ef6a36cd8eb,2026-04-02,day,8.0
198ad4d7-2a64-4741-8324-7b02260c05f3,1fcad298-5dca-4a2a-844e-5ef6a36cd8eb,2026-04-03,night,11.0
2fb8aa2a-de4e-4ced-ae51-eb34a975a767,1fcad298-5dca-4a2a-844e-5ef6a36cd8eb,2026-04-04,night,11.0
1927f6f5-5557-4ba1-a286-49f7e891096e,1fcad298-5dca-4a2a-844e-5ef6a36cd8eb,2026-04-05,day,9.0
41b37f89-9c63-4dfd-996c-7f4d5f9a4261,1fcad298-5dca-4a2a-844e-5ef6a36cd8eb,2026-04-06,extended,13.8
94492f59-e215-46a1-b22a-7fc65507dd3c,1fcad298-5dca-4a2a-844e-5ef6a36cd8eb,2026-04-07,day,8.5
a8bbefc0-9697-4521-930f-65328c744d27,1fcad298-5dca-4a2a-844e-5ef6a36cd8eb,2026-04-08,extended,15.7
67bc5e45-4d66-4256-8338-efc715f76707,1fcad298-5dca-4a2a-844e-5ef6a36cd8eb,2026-04-09,extended,15.1
24443e3f-272b-432e-9e60-b45013bab0b6,1fcad298-5dca-4a2a-844e-5ef6a36cd8eb,2026-04-10,extended,13.6
9b167949-35f1-46a4-8cd1-cea5f4d60d66,1fcad298-5dca-4a2a-844e-5ef6a36cd8eb,2026-04-11,extended,16.1
162a4961-0f52-49e4-9cb4-5b481c50a694,1fcad298-5dca-4a2a-844e-5ef6a36cd8eb,2026-04-12,day,8.0
4363a158-e340-4e12-9784-7df102fe7be3,1fcad298-5dca-4a2a-844e-5ef6a36cd8eb,2026-04-13,day,8.0
02f09e60-f42d-4479-a138-a80dfc91de53,1fcad298-5dca-4a2a-844e-5ef6a36cd8eb,2026-04-14,night,10.0
744d6c49-43ea-4573-9879-c379b9b4b9ca,1fcad298-5dca-4a2a-844e-5ef6a36cd8eb,2026-04-15,day,9.0
78e4bc50-4f2a-47b9-8921-78d25793d124,1fcad298-5dca-4a2a-844e-5ef6a36cd8eb,2026-04-16,night,10.0
23e49a62-cf8c-4f4a-8932-444aa41d9e49,1fcad298-5dca-4a2a-844e-5ef6a36cd8eb,2026-04-17,day,8.0
541b618d-21b6-4dce-97af-bd84f0e68f59,1fcad298-5dca-4a2a-844e-5ef6a36cd8eb,2026-04-18,day,8.5
17566eb9-c25d-4d5a-ab40-8a5bd549d99f,1fcad298-5dca-4a2a-844e-5ef6a36cd8eb,2026-04-19,day,8.0
0258af80-cd1d-4ecd-ba0d-c9540a9c89c8,1fcad298-5dca-4a2a-844e-5ef6a36cd8eb,2026-04-20,extended,14.6
75e4ad7f-5810-446a-8fd0-154e470b84a2,1fcad298-5dca-4a2a-844e-5ef6a36cd8eb,2026-04-21,night,10.0
38e36404-e633-4517-aae2-0c2ef368330a,1fcad298-5dca-4a2a-844e-5ef6a36cd8eb,2026-04-22,day,8.0
1b9fe4f8-b8d4-4fbe-be6c-bc987b9617a1,1fcad298-5dca-4a2a-844e-5ef6a36cd8eb,2026-04-23,day,8.5
7b7a79fd-b0b2-4c1d-9e99-df540dc5d8a6,1fcad298-5dca-4a2a-844e-5ef6a36cd8eb,2026-04-24,day,8.5
d5475bad-e46f-45b5-8a0a-dcdc555d1e9b,1fcad298-5dca-4a2a-844e-5ef6a36cd8eb,2026-04-25,day,8.0
806dd00f-5417-43de-b9ce-7566bd5e651c,1fcad298-5dca-4a2a-844e-5ef6a36cd8eb,2026-04-26,day,9.0
f6c6fd24-61dc-43bd-8f9a-e89ffa24a821,1fcad298-5dca-4a2a-844e-5ef6a36cd8eb,2026-04-27,night,10.0
421ea280-668b-4dca-bbb6-43b80c37f490,1fcad298-5dca-4a2a-844e-5ef6a36cd8eb,2026-04-28,day,8.5
bf5f60eb-cc31-4691-b533-935243b198e6,1fcad298-5dca-4a2a-844e-5ef6a36cd8eb,2026-04-29,night,10.5
666d196f-6405-4f14-91c9-e87bda2f22a8,1fcad298-5dca-4a2a-844e-5ef6a36cd8eb,2026-04-30,night,10.5
424d0316-14e4-4842-8c02-82266e98ccd1,1fcad298-5dca-4a2a-844e-5ef6a36cd8eb,2026-05-01,day,8.5
47d5cf7e-25e2-47ce-937e-db07292aa48f,1fcad298-5dca-4a2a-844e-5ef6a36cd8eb,2026-05-02,day,8.5
ce3ccbc6-6a1a-40ae-87b9-231882e47546,1fcad298-5dca-4a2a-844e-5ef6a36cd8eb,2026-05-03,night,11.0
012d501e-b19f-4423-a9eb-d6f645ff1937,1fcad298-5dca-4a2a-844e-5ef6a36cd8eb,2026-05-04,extended,15.1
48d36f0e-6038-4241-a77d-be867e957773,1fcad298-5dca-4a2a-844e-5ef6a36cd8eb,2026-05-05,day,8.0
02ea5b6a-e0d8-46b9-b3b1-f9efa9cc7cc9,1fcad298-5dca-4a2a-844e-5ef6a36cd8eb,2026-05-06,day,8.0
60c0474f-4c57-490f-9d5f-41b27eb4ad60,1fcad298-5dca-4a2a-844e-5ef6a36cd8eb,2026-05-07,day,9.0
4f2614d0-504c-4008-8fff-edd117ae161c,1fcad298-5dca-4a2a-844e-5ef6a36cd8eb,2026-05-08,day,8.5
b623652f-b8da-4c60-96b0-ac551fa77613,1fcad298-5dca-4a2a-844e-5ef6a36cd8eb,2026-05-11,night,10.5
a6d5dec6-0f23-485b-8def-bd1c07c7f9bb,1fcad298-5dca-4a2a-844e-5ef6a36cd8eb,2026-05-12,night,10.5
f7da9cdb-0807-459d-9812-82a8ae3f2a11,1fcad298-5dca-4a2a-844e-5ef6a36cd8eb,2026-05-13,day,8.5
2a1e2d9c-cc6c-4158-8aad-38ac48367b88,1fcad298-5dca-4a2a-844e-5ef6a36cd8eb,2026-05-14,day,8.5
7ce00cad-f0af-495d-baa5-966dbcb08036,1fcad298-5dca-4a2a-844e-5ef6a36cd8eb,2026-05-15,day,8.0
5c23c7c4-784a-42e5-8259-dd48ad75318b,1fcad298-5dca-4a2a-844e-5ef6a36cd8eb,2026-05-18,night,10.5
0ce9407a-3555-4f17-ab68-81e530173119,1fcad298-5dca-4a2a-844e-5ef6a36cd8eb,2026-05-19,day,8.0
ec986aa8-f565-4f12-8abd-c5de93d4b248,1fcad298-5dca-4a2a-844e-5ef6a36cd8eb,2026-05-20,night,10.0
0d16adbd-8ec9-4eae-b5de-0c0c51ad5f3d,1fcad298-5dca-4a2a-844e-5ef6a36cd8eb,2026-05-21,night,10.0
10e28d72-8e09-4862-a50a-7244c6417ee4,1fcad298-5dca-4a2a-844e-5ef6a36cd8eb,2026-05-22,day,8.5
b86bfb02-9d0c-4715-a759-edc07aab2df6,1fcad298-5dca-4a2a-844e-5ef6a36cd8eb,2026-05-24,day,8.0
55b99b95-c6bb-4547-9d42-ecb4df678362,1fcad298-5dca-4a2a-844e-5ef6a36cd8eb,2026-05-25,day,8.5
b9d3d07b-834f-4d66-ab52-1523d3a9415c,1fcad298-5dca-4a2a-844e-5ef6a36cd8eb,2026-05-26,day,8.0
c9ca0693-e3af-439c-9553-bbc831bc4fa0,1fcad298-5dca-4a2a-844e-5ef6a36cd8eb,2026-05-27,day,9.0
6dff9ada-091c-44f4-9716-ddb28cd7f59a,1fcad298-5dca-4a2a-844e-5ef6a36cd8eb,2026-05-28,day,8.0
1fbf15ba-bc27-4999-a7ef-154455bdfc9a,1fcad298-5dca-4a2a-844e-5ef6a36cd8eb,2026-05-29,extended,15.3
e0a34638-cb73-4c7f-a517-cc4389def12f,1fcad298-5dca-4a2a-844e-5ef6a36cd8eb,2026-05-30,extended,13.5
bafb7bdf-36b6-4f9d-83b6-3ff4b9087dde,1fcad298-5dca-4a2a-844e-5ef6a36cd8eb,2026-05-31,day,8.5
7a82fc8a-47ce-45c9-9874-f33163cb23cf,1fcad298-5dca-4a2a-844e-5ef6a36cd8eb,2026-06-01,day,8.0
2814ed08-f275-46d2-ad70-b96cd419b087,1fcad298-5dca-4a2a-844e-5ef6a36cd8eb,2026-06-02,night,10.0
8636f37b-f033-4e4d-9b23-4b3320cadcd6,1fcad298-5dca-4a2a-844e-5ef6a36cd8eb,2026-06-03,day,9.5
2b6a76e6-ebe6-4526-94c0-8661dc331bb4,1fcad298-5dca-4a2a-844e-5ef6a36cd8eb,2026-06-04,day,8.5
27cdf2dc-f3d8-473c-a8af-f37f53dca56d,1fcad298-5dca-4a2a-844e-5ef6a36cd8eb,2026-06-05,extended,14.0
ef920e85-5203-4470-9f60-85cb4178b813,1fcad298-5dca-4a2a-844e-5ef6a36cd8eb,2026-06-08,day,8.0
e60901ee-a0e0-40e8-9631-a147418d0804,1fcad298-5dca-4a2a-844e-5ef6a36cd8eb,2026-06-09,day,8.5
18f43ea7-74bc-4cd7-a4a7-c54379535693,1fcad298-5dca-4a2a-844e-5ef6a36cd8eb,2026-06-10,day,8.0
8e0dd7b3-ce50-4790-8fbd-a8cc05e15248,1fcad298-5dca-4a2a-844e-5ef6a36cd8eb,2026-06-11,day,8.5
d58c8a17-0bfb-4e36-981d-cb1ee2003c02,1fcad298-5dca-4a2a-844e-5ef6a36cd8eb,2026-06-12,day,8.0
7157a7d1-bf82-4d6e-996d-23f44c2a6f4a,1fcad298-5dca-4a2a-844e-5ef6a36cd8eb,2026-06-14,day,8.0
26f33f2f-78bd-4b58-b1ec-09b7b7226c8d,1fcad298-5dca-4a2a-844e-5ef6a36cd8eb,2026-06-15,day,8.0
43ec51ba-f6e7-4799-a6c7-cd7ca7c7e3a9,1fcad298-5dca-4a2a-844e-5ef6a36cd8eb,2026-06-16,day,8.0
f8b2c25a-5777-4286-b545-8e3faf48d89a,1fcad298-5dca-4a2a-844e-5ef6a36cd8eb,2026-06-17,day,8.0
a744145e-9e01-41b6-83c2-a6e08c884bbc,1fcad298-5dca-4a2a-844e-5ef6a36cd8eb,2026-06-18,day,9.0
0be27d5c-a3ce-4585-acac-d4372d94312e,1fcad298-5dca-4a2a-844e-5ef6a36cd8eb,2026-06-19,day,8.5
dca99839-a17b-4490-8c57-613378ba6349,1fcad298-5dca-4a2a-844e-5ef6a36cd8eb,2026-06-20,day,8.0
882868ea-7d91-4108-bb21-d16e91b64502,1fcad298-5dca-4a2a-844e-5ef6a36cd8eb,2026-06-22,night,10.5
136e66fc-9ac8-4ac9-acb7-16f2cbfcdb25,1fcad298-5dca-4a2a-844e-5ef6a36cd8eb,2026-06-23,day,8.5
d7d76d20-bcc6-436b-b293-a35e41021031,1fcad298-5dca-4a2a-844e-5ef6a36cd8eb,2026-06-24,day,8.0
ff8b4471-7e61-49e1-bac3-b629b29348f1,1fcad298-5dca-4a2a-844e-5ef6a36cd8eb,2026-06-25,day,8.5
bc890e50-7805-4bd8-adc2-1b6f10ddb7e9,1fcad298-5dca-4a2a-844e-5ef6a36cd8eb,2026-06-26,day,8.5
48c19bbc-5545-46dd-b7d7-a6fcec1c2519,1fcad298-5dca-4a2a-844e-5ef6a36cd8eb,2026-06-28,day,8.0
e2387acd-4878-40ad-b131-96b63d1c67b1,1fcad298-5dca-4a2a-844e-5ef6a36cd8eb,2026-06-29,night,10.0
add9f823-a264-492b-9322-d09b32043ef0,6a0afa9d-a509-4d89-97d6-03729267f700,2026-01-01,day,8.0
415158da-dafe-4e67-9dae-c220caf90e18,6a0afa9d-a509-4d89-97d6-03729267f700,2026-01-02,day,8.0
8082d1a6-4a5f-40d8-b451-0f43ac619c3b,6a0afa9d-a509-4d89-97d6-03729267f700,2026-01-05,day,8.5
af42f0a6-9257-455f-913e-d04d27dc9cc4,6a0afa9d-a509-4d89-97d6-03729267f700,2026-01-06,day,9.0
958d5fff-4dd8-4ae1-b613-8081698cc6dd,6a0afa9d-a509-4d89-97d6-03729267f700,2026-01-07,day,8.0
3d008633-38e9-4639-8a8f-7767fc5844d2,6a0afa9d-a509-4d89-97d6-03729267f700,2026-01-08,day,8.0
a2e26bb2-4dc8-4098-b1f1-da4bf3f76804,6a0afa9d-a509-4d89-97d6-03729267f700,2026-01-09,day,8.0
c79d1cb1-f27d-44cb-8229-5b5f6c25250d,6a0afa9d-a509-4d89-97d6-03729267f700,2026-01-12,day,9.0
30e5e6e1-093a-4ed1-b761-d0a433ee1243,6a0afa9d-a509-4d89-97d6-03729267f700,2026-01-13,day,8.0
c68d2815-8bad-4fe7-b218-ec93c9ff1fca,6a0afa9d-a509-4d89-97d6-03729267f700,2026-01-14,day,8.5
dafcf01c-5419-405f-a1ea-7729b0efb120,6a0afa9d-a509-4d89-97d6-03729267f700,2026-01-15,extended,14.3
a4f56404-698b-4124-a011-4fda00e738f5,6a0afa9d-a509-4d89-97d6-03729267f700,2026-01-16,day,8.0
da728685-5c56-4166-b6d2-e69c9736f6ca,6a0afa9d-a509-4d89-97d6-03729267f700,2026-01-19,day,8.0
cae70cce-0cf1-451d-8af0-d9d60b8aab31,6a0afa9d-a509-4d89-97d6-03729267f700,2026-01-20,day,9.0
6eb2a6a6-b9c4-4b64-a4aa-399999b76e49,6a0afa9d-a509-4d89-97d6-03729267f700,2026-01-21,night,10.0
bdd3c6f8-1559-4803-bb4d-d9ef4499635e,6a0afa9d-a509-4d89-97d6-03729267f700,2026-01-22,night,10.0
0258826f-f156-45e6-a1e9-b72e08423430,6a0afa9d-a509-4d89-97d6-03729267f700,2026-01-23,day,8.0
9a273543-5fc8-4b5a-b9af-4a98c283fca6,6a0afa9d-a509-4d89-97d6-03729267f700,2026-01-26,day,8.0
a12dd4dd-33d0-4cc3-bc5d-2b326e2df437,6a0afa9d-a509-4d89-97d6-03729267f700,2026-01-27,day,8.5
f3e55222-ed1d-465c-9d03-c679ce7a20c6,6a0afa9d-a509-4d89-97d6-03729267f700,2026-01-28,day,8.5
8a6f8d09-fe8f-400f-9d36-3a24c5ab9042,6a0afa9d-a509-4d89-97d6-03729267f700,2026-01-29,night,10.0
a540fe2e-1bae-44d0-a922-6bf6c50c4bfd,6a0afa9d-a509-4d89-97d6-03729267f700,2026-01-30,day,8.0
3eb014a2-6230-46cf-86cd-d4a432931f68,6a0afa9d-a509-4d89-97d6-03729267f700,2026-01-31,day,8.0
40568a2d-81f3-431b-8bc7-43509b278ece,6a0afa9d-a509-4d89-97d6-03729267f700,2026-02-02,day,8.0
f1b8f1e4-4b17-4571-8d72-331d6f97a386,6a0afa9d-a509-4d89-97d6-03729267f700,2026-02-03,night,10.0
9009a208-332d-4705-9b83-2ddce995f23e,6a0afa9d-a509-4d89-97d6-03729267f700,2026-02-04,day,8.5
1ccf4576-cd8c-45c0-8e90-ac70efb93ccb,6a0afa9d-a509-4d89-97d6-03729267f700,2026-02-05,day,8.0
e6d55332-0a71-4c84-a56c-2b7d4981a0d0,6a0afa9d-a509-4d89-97d6-03729267f700,2026-02-06,day,8.0
b5209c69-204b-464b-b9be-380a2b9e50f7,6a0afa9d-a509-4d89-97d6-03729267f700,2026-02-07,day,8.0
4f18d070-5260-4f97-86ef-80d94073105d,6a0afa9d-a509-4d89-97d6-03729267f700,2026-02-09,day,9.0
f7ba01b1-fac9-4283-a1bb-aea92246428c,6a0afa9d-a509-4d89-97d6-03729267f700,2026-02-10,night,10.0
265c501d-19d5-489f-80a8-86286ecf600a,6a0afa9d-a509-4d89-97d6-03729267f700,2026-02-11,day,9.0
759a2041-2a84-4ce9-81e6-1835db956fe7,6a0afa9d-a509-4d89-97d6-03729267f700,2026-02-12,extended,14.0
86cc4262-cdab-464f-9a0b-7a7e5907fd7f,6a0afa9d-a509-4d89-97d6-03729267f700,2026-02-13,night,10.0
0f105ba2-bc7b-4aa9-9005-e2bfb9578b2b,6a0afa9d-a509-4d89-97d6-03729267f700,2026-02-14,day,8.0
6e22524f-090a-4ae8-b9cf-909374a34d36,6a0afa9d-a509-4d89-97d6-03729267f700,2026-02-16,day,8.0
2088762b-1051-41fe-a72a-efa5aa85d881,6a0afa9d-a509-4d89-97d6-03729267f700,2026-02-17,day,8.0
77de771b-628d-4e11-8321-f79c03608127,6a0afa9d-a509-4d89-97d6-03729267f700,2026-02-18,day,9.0
c586953a-f233-4a21-bf2d-b8be4eb1ad03,6a0afa9d-a509-4d89-97d6-03729267f700,2026-02-19,extended,15.0
cea1f4a6-703d-4625-9905-1d0468b1e6c2,6a0afa9d-a509-4d89-97d6-03729267f700,2026-02-20,night,10.0
07d34a9a-ce74-431d-8fb1-1b73021c5fb5,6a0afa9d-a509-4d89-97d6-03729267f700,2026-02-21,day,8.0
10afcf2a-25a6-46b5-8c64-2efcb6611c68,6a0afa9d-a509-4d89-97d6-03729267f700,2026-02-22,day,8.5
ba4e2f49-1b8e-4e7d-9874-de5d49df51a7,6a0afa9d-a509-4d89-97d6-03729267f700,2026-02-23,day,8.0
19f89933-ccfb-4339-8520-208f98e326d7,6a0afa9d-a509-4d89-97d6-03729267f700,2026-02-24,day,8.0
d9280b90-8c58-4aa2-94af-06b41cf6b032,6a0afa9d-a509-4d89-97d6-03729267f700,2026-02-25,day,8.5
5adf7626-3e9b-483c-8d37-07a0f8cf9002,6a0afa9d-a509-4d89-97d6-03729267f700,2026-02-26,night,10.5
a1f02e5a-dad2-45f2-b334-15dc71710574,6a0afa9d-a509-4d89-97d6-03729267f700,2026-02-27,day,8.5
0f56df84-2a21-4feb-affe-3a74268bc81a,6a0afa9d-a509-4d89-97d6-03729267f700,2026-02-28,day,8.0
0540f423-e7e4-49a6-85e5-84b3e01f7401,6a0afa9d-a509-4d89-97d6-03729267f700,2026-03-01,day,8.0
5e2c61c3-599a-4923-899a-f513a9a5f001,6a0afa9d-a509-4d89-97d6-03729267f700,2026-03-02,day,8.0
c887d006-21d1-4b08-8806-13f469947a94,6a0afa9d-a509-4d89-97d6-03729267f700,2026-03-03,day,8.0
15218030-ad8d-4d7d-94a3-33834f445bc2,6a0afa9d-a509-4d89-97d6-03729267f700,2026-03-04,night,10.0
92bfd0fa-6ee5-4c28-958f-1f1c04d03823,6a0afa9d-a509-4d89-97d6-03729267f700,2026-03-05,day,8.0
e8d20318-e8f6-4f81-8487-95be7c203d16,6a0afa9d-a509-4d89-97d6-03729267f700,2026-03-06,day,8.5
57df72db-9d88-428a-b19c-ce7dd80e979e,6a0afa9d-a509-4d89-97d6-03729267f700,2026-03-07,day,8.0
ece061a6-229b-4a27-bfec-f1ad4a0d0b63,6a0afa9d-a509-4d89-97d6-03729267f700,2026-03-09,extended,14.2
345f9381-3254-46ce-95c8-8218a873913b,6a0afa9d-a509-4d89-97d6-03729267f700,2026-03-10,day,9.0
9d5dee3e-bbee-483d-b6b8-90ef31af97c7,6a0afa9d-a509-4d89-97d6-03729267f700,2026-03-11,day,8.5
3070dcf3-6868-4788-b3fb-d2e055e55880,6a0afa9d-a509-4d89-97d6-03729267f700,2026-03-12,day,8.0
6037be12-bd0f-4f41-9bf5-43ef41f3f22d,6a0afa9d-a509-4d89-97d6-03729267f700,2026-03-13,extended,14.5
d1d9f4fb-bc42-4598-a93e-9ee22f990cb2,6a0afa9d-a509-4d89-97d6-03729267f700,2026-03-14,day,8.0
45f46fd2-41e6-442f-90fd-b6b6c241cec9,6a0afa9d-a509-4d89-97d6-03729267f700,2026-03-16,day,8.0
eb9b6ea8-6c30-4c7d-8e70-bce1bc44b063,6a0afa9d-a509-4d89-97d6-03729267f700,2026-03-17,day,8.0
98ea8204-a5d6-4c0c-91d7-d8d412454d62,6a0afa9d-a509-4d89-97d6-03729267f700,2026-03-18,day,8.0
7695bcfd-6ee9-4756-bead-e5703b7777e8,6a0afa9d-a509-4d89-97d6-03729267f700,2026-03-19,day,8.0
fc9c6878-f779-4aae-86cb-083e5ba73039,6a0afa9d-a509-4d89-97d6-03729267f700,2026-03-20,day,8.0
d8cfe88d-7285-491b-9271-c2dd7d39a8eb,6a0afa9d-a509-4d89-97d6-03729267f700,2026-03-22,night,10.5
58af097a-f74c-46d6-b8dd-dd5ce44ef3c0,6a0afa9d-a509-4d89-97d6-03729267f700,2026-03-23,night,11.0
43163d1c-65db-4fdf-84c1-b037667a9242,6a0afa9d-a509-4d89-97d6-03729267f700,2026-03-24,day,8.0
dc5e1b52-cae2-444d-aba1-1fcb4b58cffa,6a0afa9d-a509-4d89-97d6-03729267f700,2026-03-25,day,9.0
931b1c0c-5854-4c43-81a0-24b93be1a8f7,6a0afa9d-a509-4d89-97d6-03729267f700,2026-03-26,day,9.0
abdb70ed-f8d5-43d9-ac65-579a232c59a8,6a0afa9d-a509-4d89-97d6-03729267f700,2026-03-27,day,9.0
6a6af3fb-b228-4ab2-ba17-1f1a86ac9a39,6a0afa9d-a509-4d89-97d6-03729267f700,2026-03-30,day,9.0
10b3dd14-bfed-447a-8c42-14b9f1dabe49,6a0afa9d-a509-4d89-97d6-03729267f700,2026-03-31,night,10.5
2a931c53-5d35-4529-b94e-9d712eae5d13,6a0afa9d-a509-4d89-97d6-03729267f700,2026-04-01,day,8.5
68e31075-228e-4dcf-9dfa-94d4c4dc086e,6a0afa9d-a509-4d89-97d6-03729267f700,2026-04-02,day,8.5
24f3f002-191b-4196-a7bf-bcebd68e8d0c,6a0afa9d-a509-4d89-97d6-03729267f700,2026-04-03,day,8.0
9684f13a-f837-4f4a-98ee-2e1f9f2031f2,6a0afa9d-a509-4d89-97d6-03729267f700,2026-04-04,day,9.0
6e0dced9-52e0-4c6c-9c08-220a21571ea1,6a0afa9d-a509-4d89-97d6-03729267f700,2026-04-05,day,8.0
ebea7ab7-a12c-4bfa-b2b9-a0f149caa4ef,6a0afa9d-a509-4d89-97d6-03729267f700,2026-04-06,night,10.0
d3ff3faa-cab1-4f46-a351-19e21408adb1,6a0afa9d-a509-4d89-97d6-03729267f700,2026-04-07,day,8.5
7b5b0b6d-c807-4417-b277-64aedd7f9454,6a0afa9d-a509-4d89-97d6-03729267f700,2026-04-08,extended,13.5
87276361-1151-485b-b4af-497051a342ff,6a0afa9d-a509-4d89-97d6-03729267f700,2026-04-09,night,10.5
b6e1b6a1-c02a-408b-a5ae-5a3800554572,6a0afa9d-a509-4d89-97d6-03729267f700,2026-04-10,night,10.5
fb9529c1-3375-42f3-b24c-02f017ce4e92,6a0afa9d-a509-4d89-97d6-03729267f700,2026-04-11,night,10.0
ebf978ff-35a8-445a-b1e7-eed2e5d69499,6a0afa9d-a509-4d89-97d6-03729267f700,2026-04-12,day,9.5
a35639cf-43f4-4a59-8dca-9b6fe7a56ccc,6a0afa9d-a509-4d89-97d6-03729267f700,2026-04-13,day,8.0
2166962c-701c-45f4-a9e0-ed8520dd29b3,6a0afa9d-a509-4d89-97d6-03729267f700,2026-04-14,day,8.0
b6c5e3b1-3e60-4933-8035-f163d961ace7,6a0afa9d-a509-4d89-97d6-03729267f700,2026-04-15,day,9.5
5100cc84-d846-47ec-959d-2fde629c8aba,6a0afa9d-a509-4d89-97d6-03729267f700,2026-04-16,day,8.5
5bdb0014-2897-40a8-af3f-65b58eddf76c,6a0afa9d-a509-4d89-97d6-03729267f700,2026-04-17,day,8.0
5b7841d9-7044-457d-9a03-9a7c2e183572,6a0afa9d-a509-4d89-97d6-03729267f700,2026-04-18,day,8.0
149a809f-7ac2-4e36-aa2f-c35e702424e2,6a0afa9d-a509-4d89-97d6-03729267f700,2026-04-19,day,8.0
bc756171-44a4-45ee-8ad6-9ffb59cec86a,6a0afa9d-a509-4d89-97d6-03729267f700,2026-04-20,extended,14.3
29f0472c-e25f-47a9-95c9-7ea3d6de9b57,6a0afa9d-a509-4d89-97d6-03729267f700,2026-04-21,night,11.0
24e94f93-dceb-49df-8fb4-bc70768a135f,6a0afa9d-a509-4d89-97d6-03729267f700,2026-04-22,day,8.0
5c56a1ab-faca-41f1-8526-f6502961e0a4,6a0afa9d-a509-4d89-97d6-03729267f700,2026-04-23,day,8.0
ba4ac679-2dd2-4e50-9e36-bbc12abb3029,6a0afa9d-a509-4d89-97d6-03729267f700,2026-04-24,day,8.0
941fa13a-5870-4dc4-9631-4c5b49b5ed17,6a0afa9d-a509-4d89-97d6-03729267f700,2026-04-25,day,8.0
a88c1f18-2828-4170-86c0-343cb36591d2,6a0afa9d-a509-4d89-97d6-03729267f700,2026-04-26,day,9.5
9b6da83a-a193-401f-b870-d6c5819a90dd,6a0afa9d-a509-4d89-97d6-03729267f700,2026-04-27,day,8.0
5f73e23b-2569-445c-a9b3-d57ea748333e,6a0afa9d-a509-4d89-97d6-03729267f700,2026-04-28,extended,13.0
6f4fb266-1af9-4e75-9ae4-a63f49ca18a9,6a0afa9d-a509-4d89-97d6-03729267f700,2026-04-29,day,8.5
633fc585-4dc0-4d5b-bad5-485d8dd94510,6a0afa9d-a509-4d89-97d6-03729267f700,2026-04-30,day,9.5
1797c190-3c81-4aa1-84a6-506e20e9a1d0,6a0afa9d-a509-4d89-97d6-03729267f700,2026-05-01,night,10.0
059a52f3-58ac-4b0f-b75a-c9cc3c7ac34d,6a0afa9d-a509-4d89-97d6-03729267f700,2026-05-02,day,8.5
1e7a1179-d72e-4a92-afec-019668771165,6a0afa9d-a509-4d89-97d6-03729267f700,2026-05-03,extended,15.1
0ed0ae45-38e3-4a5d-9198-6c56379739d9,6a0afa9d-a509-4d89-97d6-03729267f700,2026-05-04,day,8.0
c8c3268a-0a71-4ec2-80a1-cee6a498191d,6a0afa9d-a509-4d89-97d6-03729267f700,2026-05-05,day,8.0
93519d44-4327-4b9b-af73-0f38c606527c,6a0afa9d-a509-4d89-97d6-03729267f700,2026-05-06,day,9.5
d5915305-598e-44de-8504-1d6c6d4da5c8,6a0afa9d-a509-4d89-97d6-03729267f700,2026-05-07,day,8.5
86cd6d2e-f6fa-4bdd-9c8b-35277f3af1e7,6a0afa9d-a509-4d89-97d6-03729267f700,2026-05-08,day,8.0
477a01a9-15a0-4f3a-952d-7c0f6ec5c7eb,6a0afa9d-a509-4d89-97d6-03729267f700,2026-05-09,extended,15.2
f4fad534-b252-4182-a14d-90c895072a24,6a0afa9d-a509-4d89-97d6-03729267f700,2026-05-10,day,8.0
9be01410-6e0e-4ffe-80c0-7b9c1a65686c,6a0afa9d-a509-4d89-97d6-03729267f700,2026-05-11,extended,13.4
83566bb6-d109-47e3-b7a0-c0702590ec67,6a0afa9d-a509-4d89-97d6-03729267f700,2026-05-12,night,10.0
f64999f5-0ef0-4d2e-900b-8b4c23a86b83,6a0afa9d-a509-4d89-97d6-03729267f700,2026-05-13,night,10.5
0b73437d-5786-4dac-9ab3-1a00154f5ce4,6a0afa9d-a509-4d89-97d6-03729267f700,2026-05-14,day,8.0
cecb8b33-913e-45c6-a659-af8f5f2c2a9d,6a0afa9d-a509-4d89-97d6-03729267f700,2026-05-15,extended,14.3
d7b232fd-08a2-41e3-8323-447493e064da,6a0afa9d-a509-4d89-97d6-03729267f700,2026-05-16,night,10.0
c978726f-1dcc-416a-a017-04892db778ee,6a0afa9d-a509-4d89-97d6-03729267f700,2026-05-17,day,8.0
047ad562-7a16-4bc5-84c7-5f49f66c1450,6a0afa9d-a509-4d89-97d6-03729267f700,2026-05-18,day,8.0
7fd49748-463f-4d38-8bf2-2b17aa98133b,6a0afa9d-a509-4d89-97d6-03729267f700,2026-05-19,day,9.5
3d8e17f9-c1d1-47ee-adc6-f14f08babdce,6a0afa9d-a509-4d89-97d6-03729267f700,2026-05-20,night,10.5
f4d34221-9029-4768-b531-e043d96c8997,6a0afa9d-a509-4d89-97d6-03729267f700,2026-05-21,extended,15.0
ad3d4535-eaf1-4b23-8528-4766906e8c5c,6a0afa9d-a509-4d89-97d6-03729267f700,2026-05-22,day,8.0
d168de6b-4af4-490c-a1a0-32d06f0bd2d9,6a0afa9d-a509-4d89-97d6-03729267f700,2026-05-23,day,9.0
01005ee6-2cf4-4dd5-9155-636589530b58,6a0afa9d-a509-4d89-97d6-03729267f700,2026-05-24,day,8.0
edd222af-0ad7-4dc2-96a5-fdbc910633c4,6a0afa9d-a509-4d89-97d6-03729267f700,2026-05-25,day,8.0
75537656-3a9a-4c57-a6ea-18543536ace1,6a0afa9d-a509-4d89-97d6-03729267f700,2026-05-26,extended,13.1
3c7701c8-21c4-480b-a6e8-324d89b81898,6a0afa9d-a509-4d89-97d6-03729267f700,2026-05-27,day,8.0
52b1fcd9-ee17-4ed7-96fd-77ba91714cea,6a0afa9d-a509-4d89-97d6-03729267f700,2026-05-28,day,8.5
5816ffc4-fa73-4826-a87a-be9fdfea5597,6a0afa9d-a509-4d89-97d6-03729267f700,2026-05-29,day,9.0
4ddcfe97-8fae-41db-9a0a-081ae024485f,6a0afa9d-a509-4d89-97d6-03729267f700,2026-05-30,day,9.0
45f57094-0da6-4d91-89ea-558f1385e63d,6a0afa9d-a509-4d89-97d6-03729267f700,2026-05-31,day,8.5
2e11903c-0651-4c6c-9dea-40f9a5a65a5c,6a0afa9d-a509-4d89-97d6-03729267f700,2026-06-01,day,8.0
9e6ab64d-abd8-469f-a29a-9ffe6cd4551a,6a0afa9d-a509-4d89-97d6-03729267f700,2026-06-02,day,8.5
d09d348e-95fb-464a-9d69-a1509b60e480,6a0afa9d-a509-4d89-97d6-03729267f700,2026-06-03,day,8.0
8e28b003-9f47-4340-bbb7-c4983183b4b6,6a0afa9d-a509-4d89-97d6-03729267f700,2026-06-04,day,9.5
d74a60fe-87b9-40dd-b291-656d4b0eca32,6a0afa9d-a509-4d89-97d6-03729267f700,2026-06-05,night,10.0
16360a44-4c8e-44c0-8235-b63c26891f13,6a0afa9d-a509-4d89-97d6-03729267f700,2026-06-07,day,8.5
47776478-5424-4f09-bfb5-1d2e8967e5c9,6a0afa9d-a509-4d89-97d6-03729267f700,2026-06-08,day,8.5
cfa668ef-18a8-48cc-b473-413eed7b69a6,6a0afa9d-a509-4d89-97d6-03729267f700,2026-06-09,day,8.0
3d71da97-db21-43f3-9382-d46da6c91e2f,6a0afa9d-a509-4d89-97d6-03729267f700,2026-06-10,day,8.0
e2c07b84-d80e-4dba-8347-6de1b2fb59a9,6a0afa9d-a509-4d89-97d6-03729267f700,2026-06-11,night,10.0
7bc9fc4a-69fd-4779-aaae-748a40d68bde,6a0afa9d-a509-4d89-97d6-03729267f700,2026-06-12,day,9.0
7aa95c14-87aa-497c-b5e4-d22e6bc10a03,6a0afa9d-a509-4d89-97d6-03729267f700,2026-06-13,night,10.5
3fb8b931-4ed8-4f1d-aaf5-77de0b89f971,6a0afa9d-a509-4d89-97d6-03729267f700,2026-06-15,day,8.0
92f15481-28c2-415b-8cd2-b98b26b0b3d8,6a0afa9d-a509-4d89-97d6-03729267f700,2026-06-16,day,8.0
7c03ee1e-aa6b-42cb-99a9-a59bf06f3a67,6a0afa9d-a509-4d89-97d6-03729267f700,2026-06-17,day,8.0
b62cbec3-6cd2-420d-ab00-b64ef7d51058,6a0afa9d-a509-4d89-97d6-03729267f700,2026-06-18,day,8.0
4dfd47a6-722d-4ea5-8d8f-70bd30d688bd,6a0afa9d-a509-4d89-97d6-03729267f700,2026-06-19,night,10.5
88d48c73-fe4b-4637-ad97-e4384defb4b8,6a0afa9d-a509-4d89-97d6-03729267f700,2026-06-22,day,8.0
67fe3f7f-8e7b-4e0f-8fc8-48b410a12c4c,6a0afa9d-a509-4d89-97d6-03729267f700,2026-06-23,day,8.5
27b08968-899a-45bd-b5d1-11df793165e0,6a0afa9d-a509-4d89-97d6-03729267f700,2026-06-24,night,10.0
10dca083-b156-4c27-9a55-9fcd2d2a86d9,6a0afa9d-a509-4d89-97d6-03729267f700,2026-06-25,day,8.0
63a8b86c-4d2f-457d-85cf-d3fab3b971ab,6a0afa9d-a509-4d89-97d6-03729267f700,2026-06-26,day,8.0
8a6a85f9-7cd6-4f0d-a2e9-756627035900,6a0afa9d-a509-4d89-97d6-03729267f700,2026-06-27,day,8.0
8555b332-e010-4b63-b79c-7f74a1bf3613,6a0afa9d-a509-4d89-97d6-03729267f700,2026-06-29,night,10.0
11942b59-769f-43aa-91ef-dcc37cecf062,2a3662bb-3e9c-4059-96ed-a6fc60917de7,2026-01-01,night,10.0
2378bba4-c0a2-440b-b9ee-736955383c7d,2a3662bb-3e9c-4059-96ed-a6fc60917de7,2026-01-02,night,12.0
3d171ac1-8143-47dd-a496-fbfbc32015f5,2a3662bb-3e9c-4059-96ed-a6fc60917de7,2026-01-03,day,8.0
2ec2433d-59ed-4339-8fac-81fae6d5a0b8,2a3662bb-3e9c-4059-96ed-a6fc60917de7,2026-01-04,night,11.0
d079399d-bac8-466a-a30d-8237b05d6b33,2a3662bb-3e9c-4059-96ed-a6fc60917de7,2026-01-05,day,8.0
01592915-f63e-4116-b4f5-9e2a19b16a98,2a3662bb-3e9c-4059-96ed-a6fc60917de7,2026-01-06,day,9.5
cbb785b8-565d-4fea-b52f-9ce450fcc044,2a3662bb-3e9c-4059-96ed-a6fc60917de7,2026-01-07,day,9.5
ed82942d-6d05-4139-a447-376a36c2f5fd,2a3662bb-3e9c-4059-96ed-a6fc60917de7,2026-01-08,night,11.0
652f407a-d5be-4ae3-96d9-ce0b852021a7,2a3662bb-3e9c-4059-96ed-a6fc60917de7,2026-01-09,day,8.5
d763e4e5-ef53-4332-ad47-6e0f6101ea93,2a3662bb-3e9c-4059-96ed-a6fc60917de7,2026-01-11,night,10.0
f073ce1b-9154-4661-8e31-e3231a964677,2a3662bb-3e9c-4059-96ed-a6fc60917de7,2026-01-12,day,8.0
db522f44-b8f3-4249-a82a-aed0e24c2e0b,2a3662bb-3e9c-4059-96ed-a6fc60917de7,2026-01-13,night,10.5
b7a9e12e-4f41-4e19-a86f-0d33bba1cbd9,2a3662bb-3e9c-4059-96ed-a6fc60917de7,2026-01-14,night,10.0
9434826e-45d0-4968-88ca-564e2ec0930c,2a3662bb-3e9c-4059-96ed-a6fc60917de7,2026-01-15,day,9.5
3449b945-8193-40ae-b328-ca8f02f2c628,2a3662bb-3e9c-4059-96ed-a6fc60917de7,2026-01-16,day,8.0
5940d647-2f80-4d1f-b84b-7a795106a686,2a3662bb-3e9c-4059-96ed-a6fc60917de7,2026-01-19,day,8.0
9a873562-0d09-4e81-87df-fdd5d7387ca7,2a3662bb-3e9c-4059-96ed-a6fc60917de7,2026-01-20,day,8.0
670f0203-fe99-4cad-808d-3efcc14ff385,2a3662bb-3e9c-4059-96ed-a6fc60917de7,2026-01-21,day,9.0
3649d633-acff-403c-bb5e-25e8d1005b1f,2a3662bb-3e9c-4059-96ed-a6fc60917de7,2026-01-22,day,9.0
6cdb54ee-bd84-4454-b079-bbf05518cb9e,2a3662bb-3e9c-4059-96ed-a6fc60917de7,2026-01-23,day,8.5
f00c5007-50e1-4490-89c3-329bb4768180,2a3662bb-3e9c-4059-96ed-a6fc60917de7,2026-01-26,day,9.0
cb8619ac-b119-485c-aaa6-9c0a99401257,2a3662bb-3e9c-4059-96ed-a6fc60917de7,2026-01-27,day,9.0
421d639f-e7fb-4658-b3c5-9e66335601d8,2a3662bb-3e9c-4059-96ed-a6fc60917de7,2026-01-28,day,8.5
7f75bade-733e-4baa-9af1-189baac83cd0,2a3662bb-3e9c-4059-96ed-a6fc60917de7,2026-01-29,day,8.5
a2c2b174-ee48-4716-8ef9-fed707dbfd16,2a3662bb-3e9c-4059-96ed-a6fc60917de7,2026-01-30,day,8.5
80bd040e-a694-441b-a79c-cc4d535227da,2a3662bb-3e9c-4059-96ed-a6fc60917de7,2026-01-31,day,8.0
ea5c3fbb-dcba-4308-a52f-239b95f79dc2,2a3662bb-3e9c-4059-96ed-a6fc60917de7,2026-02-02,day,8.0
69160d23-b886-4fd1-8fa0-084f8db441d4,2a3662bb-3e9c-4059-96ed-a6fc60917de7,2026-02-03,day,8.0
e5402651-d834-4235-97db-35ac2b5bcf2e,2a3662bb-3e9c-4059-96ed-a6fc60917de7,2026-02-04,night,10.5
53b9cd49-29e6-48eb-9623-554a42b32840,2a3662bb-3e9c-4059-96ed-a6fc60917de7,2026-02-05,night,10.0
c2180003-e6fa-467b-818d-5706b056dc16,2a3662bb-3e9c-4059-96ed-a6fc60917de7,2026-02-06,day,8.0
8f708afd-b805-45d2-999d-87821a055f91,2a3662bb-3e9c-4059-96ed-a6fc60917de7,2026-02-09,night,10.0
4d9de80a-13d4-4120-b94b-491047b72f54,2a3662bb-3e9c-4059-96ed-a6fc60917de7,2026-02-10,extended,15.1
71e0d571-c7b6-485d-89cc-e50c0558d7d3,2a3662bb-3e9c-4059-96ed-a6fc60917de7,2026-02-11,day,8.0
c0676b73-a499-4252-850d-5553a19e4044,2a3662bb-3e9c-4059-96ed-a6fc60917de7,2026-02-12,day,8.0
e554cff3-5e6d-4756-9415-706d73891b14,2a3662bb-3e9c-4059-96ed-a6fc60917de7,2026-02-13,day,8.0
d1fb8baa-bc86-470d-b549-e213066632a4,2a3662bb-3e9c-4059-96ed-a6fc60917de7,2026-02-14,day,8.0
fef47b55-02ef-4d74-9b1c-1c9c457aff95,2a3662bb-3e9c-4059-96ed-a6fc60917de7,2026-02-16,day,8.0
fbf5953f-c88c-4ce1-929e-4e9e9cdf43a8,2a3662bb-3e9c-4059-96ed-a6fc60917de7,2026-02-17,day,8.5
8925252e-c0cb-4429-872d-0926b274581b,2a3662bb-3e9c-4059-96ed-a6fc60917de7,2026-02-18,day,8.5
d4d50308-00fa-43d6-aa80-1879d45d59a4,2a3662bb-3e9c-4059-96ed-a6fc60917de7,2026-02-19,day,9.5
a98448e1-6293-462a-9349-718c9e960c4b,2a3662bb-3e9c-4059-96ed-a6fc60917de7,2026-02-20,night,10.0
17fe53f8-5d3d-4296-8c4f-b6795d5dec1e,2a3662bb-3e9c-4059-96ed-a6fc60917de7,2026-02-21,day,8.0
29b6d7f3-fa7e-45b3-9663-f1816f96c396,2a3662bb-3e9c-4059-96ed-a6fc60917de7,2026-02-22,day,8.0
e0511c7d-0f74-499e-9c2d-dba49374a155,2a3662bb-3e9c-4059-96ed-a6fc60917de7,2026-02-23,night,10.0
01f0bdb7-5a35-4b82-8259-b0a372cc273b,2a3662bb-3e9c-4059-96ed-a6fc60917de7,2026-02-24,day,8.0
b8d2f937-4ede-469a-a5e7-71bbfaa73665,2a3662bb-3e9c-4059-96ed-a6fc60917de7,2026-02-25,extended,14.7
2d206367-e072-4e60-a305-38a6e6905091,2a3662bb-3e9c-4059-96ed-a6fc60917de7,2026-02-26,day,9.0
3c4adc3e-4441-40f0-9616-a9dc695755a5,2a3662bb-3e9c-4059-96ed-a6fc60917de7,2026-02-27,day,8.0
5a2fa480-6443-4259-b36e-4485c32e5bce,2a3662bb-3e9c-4059-96ed-a6fc60917de7,2026-02-28,night,10.0
6ea2cfbf-7aae-4deb-8975-ff48d15e89b9,2a3662bb-3e9c-4059-96ed-a6fc60917de7,2026-03-01,day,9.0
5380f989-2446-4f28-8d2e-53c980bd00d2,2a3662bb-3e9c-4059-96ed-a6fc60917de7,2026-03-02,night,10.5
684d60a4-5705-425f-8ab3-90ba0bb83851,2a3662bb-3e9c-4059-96ed-a6fc60917de7,2026-03-03,day,8.0
0260226b-338d-41d5-adcc-0ef95084e3be,2a3662bb-3e9c-4059-96ed-a6fc60917de7,2026-03-04,day,8.0
a8466327-56ad-4577-9b14-887479b4c65d,2a3662bb-3e9c-4059-96ed-a6fc60917de7,2026-03-05,extended,15.2
f04f2caf-5c28-4875-b3f8-f4b2b46d1be5,2a3662bb-3e9c-4059-96ed-a6fc60917de7,2026-03-15,night,10.0
d935dfb7-5171-4781-944f-5f342bc35c87,2a3662bb-3e9c-4059-96ed-a6fc60917de7,2026-03-16,day,8.5
6627d0fe-ea79-4a16-aa04-e52c8cba8207,2a3662bb-3e9c-4059-96ed-a6fc60917de7,2026-03-17,day,8.0
a2ffe2a3-85cc-4235-862a-243277870728,2a3662bb-3e9c-4059-96ed-a6fc60917de7,2026-03-18,night,10.0
325014af-9200-4e5c-a266-2e16748ec7dc,2a3662bb-3e9c-4059-96ed-a6fc60917de7,2026-03-19,day,8.0
59ed91b1-85cd-45b5-8376-cc6738b017c1,2a3662bb-3e9c-4059-96ed-a6fc60917de7,2026-03-20,extended,14.8
e52b4cf1-b46e-4f7e-bde1-34fd837030b0,2a3662bb-3e9c-4059-96ed-a6fc60917de7,2026-03-22,day,9.5
3fea7c97-a131-4787-9a47-bd931f2ee9e8,2a3662bb-3e9c-4059-96ed-a6fc60917de7,2026-03-23,day,8.5
15929c09-5934-4441-9a55-0364034fabac,2a3662bb-3e9c-4059-96ed-a6fc60917de7,2026-03-24,day,8.0
d0b89769-4e48-4adb-b92c-ed72217a2c08,2a3662bb-3e9c-4059-96ed-a6fc60917de7,2026-03-25,night,10.5
e6b1e36a-3f48-4e67-bf81-39e89c01f36f,2a3662bb-3e9c-4059-96ed-a6fc60917de7,2026-03-26,day,8.0
d24e62f9-3014-44bb-8281-62427414950d,2a3662bb-3e9c-4059-96ed-a6fc60917de7,2026-03-27,night,10.5
03e24176-870f-44be-a440-540ba7fbb449,2a3662bb-3e9c-4059-96ed-a6fc60917de7,2026-03-30,day,9.0
e8f3e995-b15c-49ea-ab7f-17d97a373bc5,2a3662bb-3e9c-4059-96ed-a6fc60917de7,2026-03-31,extended,13.9
2cfbc462-ab00-4cb2-9349-3fc0a0b8a75b,2a3662bb-3e9c-4059-96ed-a6fc60917de7,2026-04-01,night,10.0
f1a1c3e9-05e8-4820-981d-5197e12da448,2a3662bb-3e9c-4059-96ed-a6fc60917de7,2026-04-02,day,8.5
1c74af0c-9510-4c86-a193-7d08c8b226e0,2a3662bb-3e9c-4059-96ed-a6fc60917de7,2026-04-03,night,10.0
192c408d-ef2f-4083-9738-51f57dfb806a,2a3662bb-3e9c-4059-96ed-a6fc60917de7,2026-04-06,day,9.0
6d05258b-ecca-42cb-b091-9498f7273bf9,2a3662bb-3e9c-4059-96ed-a6fc60917de7,2026-04-07,day,8.0
b87ce3f7-4173-4857-a07a-7c35a95446f4,2a3662bb-3e9c-4059-96ed-a6fc60917de7,2026-04-08,day,8.0
9862422c-8e09-489e-8ee8-c0a00f599d2b,2a3662bb-3e9c-4059-96ed-a6fc60917de7,2026-04-09,day,8.5
5108ca4e-efa6-4eaf-b8b5-a17b1c82fd08,2a3662bb-3e9c-4059-96ed-a6fc60917de7,2026-04-10,day,8.0
4544f011-febd-4af7-96c0-3842195a66e8,2a3662bb-3e9c-4059-96ed-a6fc60917de7,2026-04-13,day,8.0
e1b26cbc-2d3b-45a9-ad8e-427dd1abd8c0,2a3662bb-3e9c-4059-96ed-a6fc60917de7,2026-04-14,extended,15.0
7d72e1e4-0f9e-47f6-9d54-e184eb95c942,2a3662bb-3e9c-4059-96ed-a6fc60917de7,2026-04-15,day,8.0
054b1f26-b455-45c4-8a66-b8e469206c95,2a3662bb-3e9c-4059-96ed-a6fc60917de7,2026-04-16,night,10.0
6c110648-45dc-4c7a-91f7-f2f95807f9ac,2a3662bb-3e9c-4059-96ed-a6fc60917de7,2026-04-17,day,8.0
c447ed3e-381a-49c3-b3ff-d2fe85352cd3,2a3662bb-3e9c-4059-96ed-a6fc60917de7,2026-04-19,night,10.0
fdaaf5ed-d4ee-46dd-8d40-343a85b6a3d2,2a3662bb-3e9c-4059-96ed-a6fc60917de7,2026-04-20,day,8.0
35330dd3-bc36-423a-8658-9d0c05ef3e7b,2a3662bb-3e9c-4059-96ed-a6fc60917de7,2026-04-21,day,9.0
066d5e26-3bf4-4d4e-b7df-fa96bb25515b,2a3662bb-3e9c-4059-96ed-a6fc60917de7,2026-04-22,day,9.5
758a2ce1-f887-4f6b-be67-9e7cc9434d89,2a3662bb-3e9c-4059-96ed-a6fc60917de7,2026-04-23,day,9.5
c205a20a-86d9-41a4-9d76-b528d0d0824f,2a3662bb-3e9c-4059-96ed-a6fc60917de7,2026-04-24,day,8.5
c9284a50-761e-4848-9889-94ca351442bc,2a3662bb-3e9c-4059-96ed-a6fc60917de7,2026-04-25,extended,14.6
017f667a-a1c7-4d09-8430-be5fd9c90222,2a3662bb-3e9c-4059-96ed-a6fc60917de7,2026-04-26,night,10.0
4f859436-e7f3-4948-a071-2ad6d0c463d7,2a3662bb-3e9c-4059-96ed-a6fc60917de7,2026-04-27,day,9.0
7777369c-e88b-41f3-b411-289773bf8ed9,2a3662bb-3e9c-4059-96ed-a6fc60917de7,2026-04-28,day,8.5
f3703dee-f326-4fb2-aa71-b02b994548e5,2a3662bb-3e9c-4059-96ed-a6fc60917de7,2026-04-29,day,8.0
afd8c5e7-5faf-4b62-8b4a-e14657509144,2a3662bb-3e9c-4059-96ed-a6fc60917de7,2026-04-30,night,10.0
d3238605-2665-4ec5-95b3-bdfdb93646c5,2a3662bb-3e9c-4059-96ed-a6fc60917de7,2026-05-01,day,8.0
ae8fa978-8473-43b9-9dc6-800b95dc280b,2a3662bb-3e9c-4059-96ed-a6fc60917de7,2026-05-02,night,10.0
c692f209-561b-42f5-ab37-2e98e7ffb25e,2a3662bb-3e9c-4059-96ed-a6fc60917de7,2026-05-03,day,8.0
316360e5-0e97-46cf-8a32-c5755e91a439,2a3662bb-3e9c-4059-96ed-a6fc60917de7,2026-05-04,day,8.0
8393b51e-b646-4222-8ae7-c2ce9ac0a293,2a3662bb-3e9c-4059-96ed-a6fc60917de7,2026-05-05,night,10.5
a624a54e-6207-43fc-b314-86b40e129dd0,2a3662bb-3e9c-4059-96ed-a6fc60917de7,2026-05-06,night,10.0
89742a6b-dc58-4e8e-ab3b-1fa7ebeb43a7,2a3662bb-3e9c-4059-96ed-a6fc60917de7,2026-05-07,day,8.5
0add3a98-70ae-46d2-ae1d-5e9da6b01a41,2a3662bb-3e9c-4059-96ed-a6fc60917de7,2026-05-08,day,9.0
ae696f68-b706-42fb-9e87-97782fdb4b5f,2a3662bb-3e9c-4059-96ed-a6fc60917de7,2026-05-09,day,8.0
d0ec1608-f16b-4a2c-b460-e2987af69d0a,2a3662bb-3e9c-4059-96ed-a6fc60917de7,2026-05-10,day,9.5
595d0382-04a5-4b58-8d63-a911b3ec0a27,2a3662bb-3e9c-4059-96ed-a6fc60917de7,2026-05-11,night,11.0
61a661bc-2318-40bb-954d-9c011132476a,2a3662bb-3e9c-4059-96ed-a6fc60917de7,2026-05-12,day,8.5
2bfb9b86-727f-4f84-9cf5-3d93a6c66044,2a3662bb-3e9c-4059-96ed-a6fc60917de7,2026-05-13,night,10.0
92ac2a84-945f-4b5c-895c-8a79e006509d,2a3662bb-3e9c-4059-96ed-a6fc60917de7,2026-05-14,day,8.0
e459511d-18e6-4317-a24b-ae499c0dcb1c,2a3662bb-3e9c-4059-96ed-a6fc60917de7,2026-05-15,extended,15.0
9f047563-50ee-42be-ba8c-16e2f2ed1f3a,2a3662bb-3e9c-4059-96ed-a6fc60917de7,2026-05-16,extended,14.4
b24f8414-ac4c-48aa-8b7b-ff6f2cc03a49,2a3662bb-3e9c-4059-96ed-a6fc60917de7,2026-05-17,extended,13.8
2deb7e91-cb1c-4ba7-aa24-f79e5cee7cce,2a3662bb-3e9c-4059-96ed-a6fc60917de7,2026-05-18,day,8.5
426ac6b6-424f-429a-bcae-421904b61a1b,2a3662bb-3e9c-4059-96ed-a6fc60917de7,2026-05-19,night,10.0
f0dbb4fc-8077-4069-9ea6-26d9de4b6336,2a3662bb-3e9c-4059-96ed-a6fc60917de7,2026-05-20,day,8.0
35699943-ccce-4af1-946a-586d6ed7a304,2a3662bb-3e9c-4059-96ed-a6fc60917de7,2026-05-21,day,8.0
1740ef41-1228-4d97-9ff6-d036a0c13fc5,2a3662bb-3e9c-4059-96ed-a6fc60917de7,2026-05-22,day,8.5
1ec7c170-5cd1-4f3f-9832-70383ace1a8c,2a3662bb-3e9c-4059-96ed-a6fc60917de7,2026-05-23,day,9.0
c5e8685b-8942-4a94-8c2a-9fca0376225a,2a3662bb-3e9c-4059-96ed-a6fc60917de7,2026-05-24,night,10.0
ec925b4b-f9a5-4b5b-a689-605a0980966a,2a3662bb-3e9c-4059-96ed-a6fc60917de7,2026-05-25,day,8.0
7c124175-2025-44de-beb8-a89edd136bf4,2a3662bb-3e9c-4059-96ed-a6fc60917de7,2026-05-26,night,10.0
bc5e8723-0fe5-4d0f-a33f-1aa9df2efbf7,2a3662bb-3e9c-4059-96ed-a6fc60917de7,2026-05-27,day,8.0
d6276de9-e0d0-4e2a-bde0-2caf710ab07e,2a3662bb-3e9c-4059-96ed-a6fc60917de7,2026-05-28,day,8.5
f4792ed3-75b3-47d0-ae2a-097e32fd3266,2a3662bb-3e9c-4059-96ed-a6fc60917de7,2026-05-29,day,8.0
4ad5986e-7053-4f6b-ba8c-5e54d2c27e31,2a3662bb-3e9c-4059-96ed-a6fc60917de7,2026-05-30,day,8.0
0fc70069-2058-48df-b97c-1361b3078e79,2a3662bb-3e9c-4059-96ed-a6fc60917de7,2026-05-31,night,10.5
80414d86-80b5-488b-9587-aa2c1b9124b8,2a3662bb-3e9c-4059-96ed-a6fc60917de7,2026-06-01,day,8.0
e2741f89-8a39-413d-88e7-51af1b2b9a6b,2a3662bb-3e9c-4059-96ed-a6fc60917de7,2026-06-02,night,10.0
5e635dda-8416-4982-aedf-83950c2aa633,2a3662bb-3e9c-4059-96ed-a6fc60917de7,2026-06-03,day,8.0
ed1a8944-d293-44be-b0ee-619708e957a6,2a3662bb-3e9c-4059-96ed-a6fc60917de7,2026-06-04,extended,14.0
e7ecb5d2-218e-471b-9296-ceba2de83496,2a3662bb-3e9c-4059-96ed-a6fc60917de7,2026-06-05,day,8.0
107a03f4-d0d0-4e2f-97d1-3403013177da,2a3662bb-3e9c-4059-96ed-a6fc60917de7,2026-06-06,night,10.0
df7fc17d-26cd-4c3f-bfd7-ae7e106448f6,2a3662bb-3e9c-4059-96ed-a6fc60917de7,2026-06-07,day,8.0
855ff997-7751-4200-9a51-58c22f9d4b8b,2a3662bb-3e9c-4059-96ed-a6fc60917de7,2026-06-08,day,8.5
59a1288c-9906-45d4-a87a-933cb84f8b4a,2a3662bb-3e9c-4059-96ed-a6fc60917de7,2026-06-09,day,8.5
0664a571-47a4-43a6-b21a-d1bcec60830b,2a3662bb-3e9c-4059-96ed-a6fc60917de7,2026-06-10,day,8.0
b12c47da-4482-4e9c-acd1-e3090c3dabf3,2a3662bb-3e9c-4059-96ed-a6fc60917de7,2026-06-11,night,10.0
e9f13b83-9a3b-4651-94f5-7e73cee28d9d,2a3662bb-3e9c-4059-96ed-a6fc60917de7,2026-06-12,day,8.0
88d8cedf-be95-4c8e-815a-bb79a8bd21d2,2a3662bb-3e9c-4059-96ed-a6fc60917de7,2026-06-13,extended,14.7
242c36e3-02fb-4957-b67b-297fee5fa7a8,2a3662bb-3e9c-4059-96ed-a6fc60917de7,2026-06-14,day,8.0
a58bf85e-490c-468f-8129-821bcb3e96a7,2a3662bb-3e9c-4059-96ed-a6fc60917de7,2026-06-15,night,11.0
6b675858-be80-4592-9780-31fd7b0d839d,2a3662bb-3e9c-4059-96ed-a6fc60917de7,2026-06-16,day,8.5
5c23547b-9caa-49ef-b33a-94ced1911c25,2a3662bb-3e9c-4059-96ed-a6fc60917de7,2026-06-17,night,10.0
bc32bdf0-4e54-4d92-953f-da84a74627e5,2a3662bb-3e9c-4059-96ed-a6fc60917de7,2026-06-18,day,8.0
32d579ce-0fd1-4b09-9efd-f961451fbb55,2a3662bb-3e9c-4059-96ed-a6fc60917de7,2026-06-19,extended,14.1
06eada6d-df33-4faa-8fcf-5cc5f25e1040,2a3662bb-3e9c-4059-96ed-a6fc60917de7,2026-06-20,extended,14.4
c6cc0070-1c24-4b44-b157-64cd336d80b0,2a3662bb-3e9c-4059-96ed-a6fc60917de7,2026-06-21,night,10.0
31841e5d-d8af-4e8f-a853-a5c11eb10c9d,2a3662bb-3e9c-4059-96ed-a6fc60917de7,2026-06-22,day,8.0
c8a0f45e-21ba-43e4-8741-f6edcab5a7fc,2a3662bb-3e9c-4059-96ed-a6fc60917de7,2026-06-23,day,8.0
4bc4ae46-3f21-408e-ad4e-50a3978555c0,2a3662bb-3e9c-4059-96ed-a6fc60917de7,2026-06-24,day,8.5
6bef6059-727c-4335-813c-d5b53b40446f,2a3662bb-3e9c-4059-96ed-a6fc60917de7,2026-06-25,night,10.0
bfa4c455-b10f-40f1-956d-41cc27dbfa25,2a3662bb-3e9c-4059-96ed-a6fc60917de7,2026-06-26,day,8.0
dee399f5-ba10-459c-9bba-c555f461e5f8,2a3662bb-3e9c-4059-96ed-a6fc60917de7,2026-06-28,day,9.0
19479cc9-aa4a-44f2-b19c-53089dd70bce,2a3662bb-3e9c-4059-96ed-a6fc60917de7,2026-06-29,day,8.5
b6a44451-71db-4369-9426-f9a5c1d255c6,b77fed40-a71b-4bd4-a0e8-a1e0a9fb64f8,2026-01-01,extended,14.3
22fcbd0a-7617-4c81-a0ca-96f816d07b1d,b77fed40-a71b-4bd4-a0e8-a1e0a9fb64f8,2026-01-02,day,8.0
63d55a41-cf5d-417e-9d64-4840791c62fd,b77fed40-a71b-4bd4-a0e8-a1e0a9fb64f8,2026-01-05,day,8.0
b0165722-7e1e-48d4-9e43-c4d173ff2d87,b77fed40-a71b-4bd4-a0e8-a1e0a9fb64f8,2026-01-06,day,8.0
de82ed33-fbeb-4bf4-b2a2-dc4efb39b9a1,b77fed40-a71b-4bd4-a0e8-a1e0a9fb64f8,2026-01-07,day,8.0
070a1374-f681-419f-ad5a-abf5c8603766,b77fed40-a71b-4bd4-a0e8-a1e0a9fb64f8,2026-01-08,extended,15.0
db724332-5784-4547-988b-2bec1af97599,b77fed40-a71b-4bd4-a0e8-a1e0a9fb64f8,2026-01-09,day,9.0
d0d5718d-8352-49fd-ae35-6442d6d46295,b77fed40-a71b-4bd4-a0e8-a1e0a9fb64f8,2026-01-12,day,8.0
07976b4a-f393-4e72-a005-6c34b833ecd7,b77fed40-a71b-4bd4-a0e8-a1e0a9fb64f8,2026-01-13,night,12.0
516db2e6-edfe-4b1a-a911-307921702760,b77fed40-a71b-4bd4-a0e8-a1e0a9fb64f8,2026-01-14,day,8.0
f8b9c38b-92f1-4106-a4c8-d944e2bfa9b8,b77fed40-a71b-4bd4-a0e8-a1e0a9fb64f8,2026-01-15,day,9.5
bd47bcc6-57d7-4829-b04e-a0c24d195d80,b77fed40-a71b-4bd4-a0e8-a1e0a9fb64f8,2026-01-16,day,8.0
4236e52a-b1a1-4e41-bb3c-9db8810598a6,b77fed40-a71b-4bd4-a0e8-a1e0a9fb64f8,2026-01-19,extended,15.6
fdaff76a-6e11-4aaa-bb8c-e7a1254a92eb,b77fed40-a71b-4bd4-a0e8-a1e0a9fb64f8,2026-01-20,day,8.0
19f90e9d-b3c6-4069-aef0-1cf1ca817a68,b77fed40-a71b-4bd4-a0e8-a1e0a9fb64f8,2026-01-21,day,8.0
b9e2e692-97d8-4304-ae8f-fecc424dc91c,b77fed40-a71b-4bd4-a0e8-a1e0a9fb64f8,2026-01-22,day,8.5
cd0a77a4-326a-4308-942e-d58fbd58ab5a,b77fed40-a71b-4bd4-a0e8-a1e0a9fb64f8,2026-01-23,extended,13.8
c964404f-d9c6-4bee-a64a-722b394b0c68,b77fed40-a71b-4bd4-a0e8-a1e0a9fb64f8,2026-01-26,day,9.0
50a304cc-419c-4d82-9944-1797be5c1a10,b77fed40-a71b-4bd4-a0e8-a1e0a9fb64f8,2026-01-27,night,10.5
8e1b1b6d-e20b-4c69-bf6a-5cf6c1026130,b77fed40-a71b-4bd4-a0e8-a1e0a9fb64f8,2026-01-28,day,9.0
4064d15d-5299-432a-80db-225e608e7325,b77fed40-a71b-4bd4-a0e8-a1e0a9fb64f8,2026-01-29,day,9.0
f43074fc-c491-43ed-83f5-a85ccb68bbca,b77fed40-a71b-4bd4-a0e8-a1e0a9fb64f8,2026-01-30,night,10.5
f8a55228-63ff-4a7a-b5ff-7fcc4529d676,b77fed40-a71b-4bd4-a0e8-a1e0a9fb64f8,2026-02-02,day,8.0
40b1d9bb-24df-4bfd-9f83-2a769bd885f9,b77fed40-a71b-4bd4-a0e8-a1e0a9fb64f8,2026-02-03,night,10.0
719842b1-088a-4b3b-b204-97533547367d,b77fed40-a71b-4bd4-a0e8-a1e0a9fb64f8,2026-02-04,night,10.0
be98a06c-5577-4108-81c1-0eef5458c42a,b77fed40-a71b-4bd4-a0e8-a1e0a9fb64f8,2026-02-05,night,10.0
2910d3e7-1ad3-4e05-8bbd-bc32dd680983,b77fed40-a71b-4bd4-a0e8-a1e0a9fb64f8,2026-02-06,day,9.5
5f38c44e-2aad-4930-8a2e-c895eebbe3bc,b77fed40-a71b-4bd4-a0e8-a1e0a9fb64f8,2026-02-09,day,8.0
50cd5727-d2d6-4a2d-a805-e5d5dc2557e2,b77fed40-a71b-4bd4-a0e8-a1e0a9fb64f8,2026-02-10,day,8.5
615ccc52-29d4-4a3d-a4dc-08ad21bfce11,b77fed40-a71b-4bd4-a0e8-a1e0a9fb64f8,2026-02-11,night,11.0
18087c66-4ec0-4571-9bc4-179af7aeb1d7,b77fed40-a71b-4bd4-a0e8-a1e0a9fb64f8,2026-02-12,day,8.0
14e22971-fd9e-4f74-b50d-2b7f8b55659a,b77fed40-a71b-4bd4-a0e8-a1e0a9fb64f8,2026-02-13,day,8.0
0928ec96-fcea-47f1-bbe7-5b194d866d0c,b77fed40-a71b-4bd4-a0e8-a1e0a9fb64f8,2026-02-15,day,8.0
0d84cfa5-5227-47cc-99b7-6748901e2a61,b77fed40-a71b-4bd4-a0e8-a1e0a9fb64f8,2026-02-16,day,8.0
8e7541c5-08cd-4587-af23-69bda0a69f1c,b77fed40-a71b-4bd4-a0e8-a1e0a9fb64f8,2026-02-17,day,8.0
507f5dce-d975-405b-a5c5-e677b2f3fd1b,b77fed40-a71b-4bd4-a0e8-a1e0a9fb64f8,2026-02-18,day,9.0
f1b345ed-d5be-4734-9cc0-d3055e7556aa,b77fed40-a71b-4bd4-a0e8-a1e0a9fb64f8,2026-02-19,day,8.0
eb0d7f99-068f-4d80-b513-0841bbeba7cd,b77fed40-a71b-4bd4-a0e8-a1e0a9fb64f8,2026-02-20,night,10.5
21086f37-09bc-4b55-a1ba-5ed379dce5fc,b77fed40-a71b-4bd4-a0e8-a1e0a9fb64f8,2026-02-22,extended,14.7
fed15ff5-ae94-4449-97a4-47204b8695fa,b77fed40-a71b-4bd4-a0e8-a1e0a9fb64f8,2026-02-23,day,8.0
92c6b896-f257-47c5-bccb-f598f17ddf17,b77fed40-a71b-4bd4-a0e8-a1e0a9fb64f8,2026-02-24,day,8.0
d888b316-865f-44ba-8154-7a2aec5df7fa,b77fed40-a71b-4bd4-a0e8-a1e0a9fb64f8,2026-02-25,day,8.0
80766f1c-fed2-4328-bbe2-58e7018b3901,b77fed40-a71b-4bd4-a0e8-a1e0a9fb64f8,2026-02-26,day,8.5
f6b834c7-1865-40d8-9364-dce2d6433b7f,b77fed40-a71b-4bd4-a0e8-a1e0a9fb64f8,2026-02-27,day,8.5
07a87b58-0d43-4636-a0a2-30961e7dc494,b77fed40-a71b-4bd4-a0e8-a1e0a9fb64f8,2026-03-02,day,8.0
2a3b43b8-696a-45e3-bc76-4da0fce3ca7f,b77fed40-a71b-4bd4-a0e8-a1e0a9fb64f8,2026-03-03,day,8.0
f7c0b312-da25-484a-8a0b-7e4dbd8b62f9,b77fed40-a71b-4bd4-a0e8-a1e0a9fb64f8,2026-03-04,day,9.0
836d7889-2d4f-4c00-94ce-737b9434952b,b77fed40-a71b-4bd4-a0e8-a1e0a9fb64f8,2026-03-05,day,9.5
92303f80-904b-450a-9fd5-3541e94e2a10,b77fed40-a71b-4bd4-a0e8-a1e0a9fb64f8,2026-03-06,day,8.0
e426c27a-ffab-4c43-b489-8708d72ce37e,b77fed40-a71b-4bd4-a0e8-a1e0a9fb64f8,2026-03-08,extended,14.9
8e8781d9-2b5b-4d91-9057-21a13c231a12,b77fed40-a71b-4bd4-a0e8-a1e0a9fb64f8,2026-03-09,night,10.0
d9c17617-a1f1-4709-8f77-03063f8bc2e0,b77fed40-a71b-4bd4-a0e8-a1e0a9fb64f8,2026-03-10,day,8.5
d4ad6a8a-8f39-41ec-b78e-d7e30dc51d47,b77fed40-a71b-4bd4-a0e8-a1e0a9fb64f8,2026-03-11,day,8.0
70111aeb-eca0-45da-b512-1319cb0aca8f,b77fed40-a71b-4bd4-a0e8-a1e0a9fb64f8,2026-03-12,night,10.0
119a4143-e803-46ba-b1f9-698bc967f8ae,b77fed40-a71b-4bd4-a0e8-a1e0a9fb64f8,2026-03-13,night,10.0
ded783b6-5970-40a6-8031-842a464d62d3,b77fed40-a71b-4bd4-a0e8-a1e0a9fb64f8,2026-03-14,day,8.0
f86ce6b0-40e5-4622-a2c7-9b9bd1ed79e4,b77fed40-a71b-4bd4-a0e8-a1e0a9fb64f8,2026-03-15,extended,15.2
b6d56dee-9c86-4232-ac35-3ef9c64b0248,b77fed40-a71b-4bd4-a0e8-a1e0a9fb64f8,2026-03-16,extended,15.0
8dc553ec-2e78-4ce7-8217-661c74fd40d1,b77fed40-a71b-4bd4-a0e8-a1e0a9fb64f8,2026-03-17,night,11.0
9839c2b2-e419-4577-b5f5-b4f6c9520bdb,b77fed40-a71b-4bd4-a0e8-a1e0a9fb64f8,2026-03-18,day,8.0
85518049-c412-4dc2-bb22-628235adb606,b77fed40-a71b-4bd4-a0e8-a1e0a9fb64f8,2026-03-19,day,8.0
f339b8c6-d745-4625-b0fd-18a9c6199bdb,b77fed40-a71b-4bd4-a0e8-a1e0a9fb64f8,2026-03-20,night,10.0
ba29b47e-f9a9-4472-9e49-f9eb0d93f1ff,b77fed40-a71b-4bd4-a0e8-a1e0a9fb64f8,2026-03-23,day,8.0
9cb72f63-4005-4d6d-9892-457fe5bc1582,b77fed40-a71b-4bd4-a0e8-a1e0a9fb64f8,2026-03-24,day,8.5
2cd4d7c6-aed0-4f86-b77c-e3ce5c772fb3,b77fed40-a71b-4bd4-a0e8-a1e0a9fb64f8,2026-03-25,day,8.0
3815b664-5866-4e68-9b71-4d6967f08cd4,b77fed40-a71b-4bd4-a0e8-a1e0a9fb64f8,2026-03-26,day,8.0
0741ff5a-49cc-48be-913a-c055ee81b12e,b77fed40-a71b-4bd4-a0e8-a1e0a9fb64f8,2026-03-27,day,8.5
108445cd-9863-418b-b9b3-f8286acf1186,b77fed40-a71b-4bd4-a0e8-a1e0a9fb64f8,2026-03-29,day,8.0
592d80a8-5654-452d-9c4d-066be2d905bc,b77fed40-a71b-4bd4-a0e8-a1e0a9fb64f8,2026-03-30,night,10.0
89362a9b-769c-43b3-a9b8-e17bee62c184,b77fed40-a71b-4bd4-a0e8-a1e0a9fb64f8,2026-03-31,day,8.5
bc5a72e4-ca72-43f0-a734-1a929ca5a707,b77fed40-a71b-4bd4-a0e8-a1e0a9fb64f8,2026-04-01,day,8.0
663cd916-e678-4e2f-8306-817f42b93713,b77fed40-a71b-4bd4-a0e8-a1e0a9fb64f8,2026-04-02,day,8.5
e28ba0c6-17be-4c7f-9371-f3a00041bed3,b77fed40-a71b-4bd4-a0e8-a1e0a9fb64f8,2026-04-03,day,9.0
7cc2c7dd-597b-4460-af43-232f400f67ca,b77fed40-a71b-4bd4-a0e8-a1e0a9fb64f8,2026-04-06,night,10.0
3cfe417f-c8e5-4b09-aa44-1454892cf53a,b77fed40-a71b-4bd4-a0e8-a1e0a9fb64f8,2026-04-07,day,9.0
4a141c9b-e91e-4f7b-8099-d4cf1536ba80,b77fed40-a71b-4bd4-a0e8-a1e0a9fb64f8,2026-04-08,day,8.0
8e7f3068-37b8-4256-9638-788a4e88914c,b77fed40-a71b-4bd4-a0e8-a1e0a9fb64f8,2026-04-09,night,10.0
95f0342a-043c-45ec-8246-dcc9282cc0f1,b77fed40-a71b-4bd4-a0e8-a1e0a9fb64f8,2026-04-10,day,8.0
84223ffc-baf1-401e-8d96-10df39d64a48,b77fed40-a71b-4bd4-a0e8-a1e0a9fb64f8,2026-04-13,extended,14.6
548d0055-a993-44f0-8568-bd925c415cb2,b77fed40-a71b-4bd4-a0e8-a1e0a9fb64f8,2026-04-14,day,8.0
c6929f42-05b8-4798-89ad-5f000d428774,b77fed40-a71b-4bd4-a0e8-a1e0a9fb64f8,2026-04-15,day,8.0
0ef219e9-4628-4783-8bad-24fa317bfe9d,b77fed40-a71b-4bd4-a0e8-a1e0a9fb64f8,2026-04-16,day,8.0
65e72550-2185-47ee-8dc4-979da3eb7911,b77fed40-a71b-4bd4-a0e8-a1e0a9fb64f8,2026-04-17,day,8.0
d1d01a56-1438-43f7-af98-99853105b113,b77fed40-a71b-4bd4-a0e8-a1e0a9fb64f8,2026-04-18,day,8.0
9742deb9-87b2-495e-8097-43a5722dcb20,b77fed40-a71b-4bd4-a0e8-a1e0a9fb64f8,2026-04-20,extended,14.7
6e63fcd2-417a-4883-b9c5-a0b323b60a64,b77fed40-a71b-4bd4-a0e8-a1e0a9fb64f8,2026-04-21,day,8.0
1fd07463-fd10-4825-90dd-d6314ced7062,b77fed40-a71b-4bd4-a0e8-a1e0a9fb64f8,2026-04-22,extended,15.5
5587db93-c19a-4f83-85ad-36f39d6a0e00,b77fed40-a71b-4bd4-a0e8-a1e0a9fb64f8,2026-04-23,night,10.5
78d085bb-0a0e-457d-a36c-45f03678ca0f,b77fed40-a71b-4bd4-a0e8-a1e0a9fb64f8,2026-04-24,extended,15.8
5c7f66a2-6325-4138-9d5f-99419cea7685,b77fed40-a71b-4bd4-a0e8-a1e0a9fb64f8,2026-04-26,day,8.0
a1233773-a844-4bd1-938d-ee39975dbf58,b77fed40-a71b-4bd4-a0e8-a1e0a9fb64f8,2026-04-27,day,8.0
6466e19f-a72c-4081-9a26-8f93f9d67a81,b77fed40-a71b-4bd4-a0e8-a1e0a9fb64f8,2026-04-28,day,8.5
5470e8f1-5d36-4816-a291-4988058e0d88,b77fed40-a71b-4bd4-a0e8-a1e0a9fb64f8,2026-04-29,day,8.0
d499f17a-ed06-486f-b9f2-978192e56298,b77fed40-a71b-4bd4-a0e8-a1e0a9fb64f8,2026-04-30,day,8.5
dacea345-828e-48e1-a03f-54edccf06159,b77fed40-a71b-4bd4-a0e8-a1e0a9fb64f8,2026-05-01,extended,15.4
4ef4d522-db01-4da2-8469-52f30dd89336,b77fed40-a71b-4bd4-a0e8-a1e0a9fb64f8,2026-05-04,day,8.0
51ebc8cc-72e7-4544-ba70-bbad33b31a3f,b77fed40-a71b-4bd4-a0e8-a1e0a9fb64f8,2026-05-05,day,8.5
3b96e3e0-26ef-42b7-b644-13c2f6c4b6c1,b77fed40-a71b-4bd4-a0e8-a1e0a9fb64f8,2026-05-06,day,8.5
70c04323-6796-4206-8e60-266d428410df,b77fed40-a71b-4bd4-a0e8-a1e0a9fb64f8,2026-05-07,day,8.0
1e5214e9-5e62-4efa-8cd3-8fe738d01228,b77fed40-a71b-4bd4-a0e8-a1e0a9fb64f8,2026-05-08,day,8.0
3e5c71e5-36d7-4db9-8dc2-5926821bf964,b77fed40-a71b-4bd4-a0e8-a1e0a9fb64f8,2026-05-09,day,9.0
c3c79034-3fed-4a5c-81d8-afd9603a3199,b77fed40-a71b-4bd4-a0e8-a1e0a9fb64f8,2026-05-10,day,9.0
609b86b2-7bcc-4ddd-b6cb-36aaf7d88249,b77fed40-a71b-4bd4-a0e8-a1e0a9fb64f8,2026-05-11,extended,14.2
be5da603-63cb-42d7-baaf-2dedca879d7b,b77fed40-a71b-4bd4-a0e8-a1e0a9fb64f8,2026-05-12,night,10.0
5df63418-2641-4234-821d-8ed2022b0554,b77fed40-a71b-4bd4-a0e8-a1e0a9fb64f8,2026-05-13,extended,13.8
3b49786b-989f-4d3f-9bb4-4c6f386e15e4,b77fed40-a71b-4bd4-a0e8-a1e0a9fb64f8,2026-05-14,day,8.0
2d518853-645f-470b-9742-3544de0446a7,b77fed40-a71b-4bd4-a0e8-a1e0a9fb64f8,2026-05-15,day,8.0
7b24914f-06fc-4c2f-942c-9aef1233f6df,b77fed40-a71b-4bd4-a0e8-a1e0a9fb64f8,2026-05-17,night,10.0
3fcf7c8b-6d20-4f38-8e5e-2184b60c1541,b77fed40-a71b-4bd4-a0e8-a1e0a9fb64f8,2026-05-18,day,8.5
ed35fdb5-94a3-44e4-bfd0-31342b5018fa,b77fed40-a71b-4bd4-a0e8-a1e0a9fb64f8,2026-05-19,night,11.0
bd9ad18e-b947-4320-9a49-f45440a2dc14,b77fed40-a71b-4bd4-a0e8-a1e0a9fb64f8,2026-05-20,extended,15.3
e8e98f35-7c2e-493d-9d01-afe01604f2f2,b77fed40-a71b-4bd4-a0e8-a1e0a9fb64f8,2026-05-21,day,8.5
e040112a-afe8-4b8a-8b01-4a680e081e1a,b77fed40-a71b-4bd4-a0e8-a1e0a9fb64f8,2026-05-22,day,8.0
178a8ce3-292c-4f53-baeb-28787e7ba630,b77fed40-a71b-4bd4-a0e8-a1e0a9fb64f8,2026-05-23,night,10.5
0a03c89c-31f9-4e98-a9b4-8b8a7bcbe7d8,b77fed40-a71b-4bd4-a0e8-a1e0a9fb64f8,2026-05-25,night,12.0
597b2e41-a364-45b2-95d0-b44e70f8ee04,b77fed40-a71b-4bd4-a0e8-a1e0a9fb64f8,2026-05-26,night,10.0
512ab5bc-2adc-4e74-94fe-f686692f5148,b77fed40-a71b-4bd4-a0e8-a1e0a9fb64f8,2026-05-27,night,10.0
0790d13d-07cb-428b-887b-7c0b9a613f1b,b77fed40-a71b-4bd4-a0e8-a1e0a9fb64f8,2026-05-28,day,8.0
ff393521-527b-409d-b507-35a943822ffa,b77fed40-a71b-4bd4-a0e8-a1e0a9fb64f8,2026-05-29,day,8.0
05c527d5-59ad-4dd9-bad9-a94ade491c35,b77fed40-a71b-4bd4-a0e8-a1e0a9fb64f8,2026-05-30,night,10.0
2b9180a8-e73c-46cb-bdf6-68b65717c66e,b77fed40-a71b-4bd4-a0e8-a1e0a9fb64f8,2026-05-31,day,8.0
fb1acee7-6312-4af0-afcc-a7ca267ca936,b77fed40-a71b-4bd4-a0e8-a1e0a9fb64f8,2026-06-01,night,10.5
0e46da59-4fd8-4b60-a318-12a3e619a563,b77fed40-a71b-4bd4-a0e8-a1e0a9fb64f8,2026-06-02,day,8.0
3a766be8-3623-400d-9878-847f34f8ff42,b77fed40-a71b-4bd4-a0e8-a1e0a9fb64f8,2026-06-03,day,9.0
5eacbe83-b9f7-43fc-99d0-8df21f7e2f98,b77fed40-a71b-4bd4-a0e8-a1e0a9fb64f8,2026-06-04,day,8.5
f17b3117-15f6-49fa-b30f-5fd891ed30f3,b77fed40-a71b-4bd4-a0e8-a1e0a9fb64f8,2026-06-05,day,9.0
a303b02e-f088-40ab-86cb-e461bd3a2a54,b77fed40-a71b-4bd4-a0e8-a1e0a9fb64f8,2026-06-08,day,8.0
c90d6fd9-173d-46f0-b473-efa6a2690c30,b77fed40-a71b-4bd4-a0e8-a1e0a9fb64f8,2026-06-09,extended,15.3
8d5930be-bb78-4d8f-b872-27e2bb990642,b77fed40-a71b-4bd4-a0e8-a1e0a9fb64f8,2026-06-10,day,8.0
c24fa7e2-1a12-4277-bae7-8fe5dad66e52,b77fed40-a71b-4bd4-a0e8-a1e0a9fb64f8,2026-06-11,day,9.5
12dd1b24-82dc-4068-94d0-edf231e47c46,b77fed40-a71b-4bd4-a0e8-a1e0a9fb64f8,2026-06-12,night,10.0
463d421a-ae2f-4715-96f1-7f7dd78fa2de,b77fed40-a71b-4bd4-a0e8-a1e0a9fb64f8,2026-06-13,night,10.0
0787ad07-c15e-4c59-a6a9-92d02ba2621e,b77fed40-a71b-4bd4-a0e8-a1e0a9fb64f8,2026-06-14,day,8.0
af721399-cfa0-4fde-9e12-edbbf4b855fb,b77fed40-a71b-4bd4-a0e8-a1e0a9fb64f8,2026-06-15,day,9.0
b509e2e4-289d-4068-98a8-f6486799c2b4,b77fed40-a71b-4bd4-a0e8-a1e0a9fb64f8,2026-06-16,day,9.0
c6828f54-a7ca-4f80-949c-de8294dafc2c,b77fed40-a71b-4bd4-a0e8-a1e0a9fb64f8,2026-06-17,extended,14.7
562bb3bc-736b-41a6-a99d-f013f24fd8fb,b77fed40-a71b-4bd4-a0e8-a1e0a9fb64f8,2026-06-18,day,9.5
cc678df1-32fb-4e1b-bb4f-31fc0b5be575,b77fed40-a71b-4bd4-a0e8-a1e0a9fb64f8,2026-06-19,day,8.0
82988374-44d8-4a42-9c4d-df0924104ee5,b77fed40-a71b-4bd4-a0e8-a1e0a9fb64f8,2026-06-20,night,11.0
e5af8214-06a2-432c-bc3b-24bc736ac009,b77fed40-a71b-4bd4-a0e8-a1e0a9fb64f8,2026-06-21,day,8.0
210c2e4c-fc8d-4254-90c2-9d0358a9367c,b77fed40-a71b-4bd4-a0e8-a1e0a9fb64f8,2026-06-22,night,10.0
2be4d374-68b3-483d-a55e-b6deb6056588,b77fed40-a71b-4bd4-a0e8-a1e0a9fb64f8,2026-06-23,night,11.0
625c0e5f-0471-419a-adcc-cc891759059a,b77fed40-a71b-4bd4-a0e8-a1e0a9fb64f8,2026-06-24,day,9.0
da2a18a6-54b7-4da5-abd2-adb22327fb90,b77fed40-a71b-4bd4-a0e8-a1e0a9fb64f8,2026-06-25,night,10.0
e7e73915-e2bb-4835-a3f6-a0fb589926ee,b77fed40-a71b-4bd4-a0e8-a1e0a9fb64f8,2026-06-26,day,9.0
2fb89f69-e27c-49c7-80cc-b8ea8315103a,b77fed40-a71b-4bd4-a0e8-a1e0a9fb64f8,2026-06-28,day,9.5
3bad8ff3-d9e5-4345-90ca-4e88277c3d60,b77fed40-a71b-4bd4-a0e8-a1e0a9fb64f8,2026-06-29,extended,14.7
7e7490ed-699b-4b7f-89c9-86a399f1a5ee,5e36a977-0648-4d11-a959-05b1cf4a3414,2026-01-01,day,8.0
e993bb9a-cb3e-4142-a99b-f8030c1579e5,5e36a977-0648-4d11-a959-05b1cf4a3414,2026-01-02,day,8.0
e66805a5-f822-45f2-a6cf-6576ca75fee7,5e36a977-0648-4d11-a959-05b1cf4a3414,2026-01-05,night,10.0
ccb49603-d1c7-472e-a5df-a5cf57c1a3f5,5e36a977-0648-4d11-a959-05b1cf4a3414,2026-01-06,night,10.5
da54366d-be71-407a-b0d6-4bae490cbab4,5e36a977-0648-4d11-a959-05b1cf4a3414,2026-01-07,day,8.0
90c04927-392b-4cac-a0b5-e76d3f8927d9,5e36a977-0648-4d11-a959-05b1cf4a3414,2026-01-08,night,10.0
6a0da73b-f91f-42cc-b24a-5797eac8d851,5e36a977-0648-4d11-a959-05b1cf4a3414,2026-01-09,day,8.0
c9ba75bf-9324-49ab-969f-6d63028eca41,5e36a977-0648-4d11-a959-05b1cf4a3414,2026-01-12,day,8.0
b138ee2f-17df-496a-8fd6-925cebe3b70a,5e36a977-0648-4d11-a959-05b1cf4a3414,2026-01-13,night,10.0
107d6ea2-a4f7-450d-93c7-2fb08f9613de,5e36a977-0648-4d11-a959-05b1cf4a3414,2026-01-14,day,8.0
7fa70b52-c213-4493-86a2-0f2de838a7ac,5e36a977-0648-4d11-a959-05b1cf4a3414,2026-01-15,day,8.0
3c608007-ecd5-49ba-9368-9f49e9362cd4,5e36a977-0648-4d11-a959-05b1cf4a3414,2026-01-16,day,8.5
4ac80ee7-c0be-4d98-8839-822c82603115,5e36a977-0648-4d11-a959-05b1cf4a3414,2026-01-18,day,8.0
14453638-8425-4bd5-b7fc-12b18135e7d4,5e36a977-0648-4d11-a959-05b1cf4a3414,2026-01-19,day,8.5
ab57e6af-8198-44e9-a248-56fe71c79e9c,5e36a977-0648-4d11-a959-05b1cf4a3414,2026-01-20,day,9.5
20cc80cb-3f00-4530-a10e-3516e234e2cd,5e36a977-0648-4d11-a959-05b1cf4a3414,2026-01-21,day,8.0
b2f305ae-40df-433d-8552-9a6d018095db,5e36a977-0648-4d11-a959-05b1cf4a3414,2026-01-22,day,8.0
043443ae-a601-4874-b26d-aa8010d6859b,5e36a977-0648-4d11-a959-05b1cf4a3414,2026-01-23,extended,15.6
ad4de266-0303-4746-8aaa-425d5e3310d2,5e36a977-0648-4d11-a959-05b1cf4a3414,2026-01-25,day,8.0
756ead13-7545-44fb-a398-6788510cf60c,5e36a977-0648-4d11-a959-05b1cf4a3414,2026-01-26,day,9.0
dd0ded4e-b2d6-4659-9151-07f41a5e3be5,5e36a977-0648-4d11-a959-05b1cf4a3414,2026-01-27,day,8.0
b6483cf5-56e2-4ad3-92b0-3dd193d5f637,5e36a977-0648-4d11-a959-05b1cf4a3414,2026-01-28,day,8.5
72ad760d-5227-4d36-891f-4129cfe5f187,5e36a977-0648-4d11-a959-05b1cf4a3414,2026-01-29,night,10.0
34c76bc8-1cc5-4316-afa1-f25fdaa85a8e,5e36a977-0648-4d11-a959-05b1cf4a3414,2026-01-30,night,10.5
e652ff36-9aa8-4bd6-9b43-0437eaf7751d,5e36a977-0648-4d11-a959-05b1cf4a3414,2026-02-02,day,8.5
8d00ff5d-9ff6-49e6-bd86-8bf170cc321b,5e36a977-0648-4d11-a959-05b1cf4a3414,2026-02-03,day,8.0
8b25afe8-4ab2-47c1-ad03-7bea7d132e4e,5e36a977-0648-4d11-a959-05b1cf4a3414,2026-02-04,day,8.0
1607d40e-7c50-4c03-82c5-57aca883421a,5e36a977-0648-4d11-a959-05b1cf4a3414,2026-02-05,extended,15.7
742c8f90-158e-4338-8eaa-7efa1aa49626,5e36a977-0648-4d11-a959-05b1cf4a3414,2026-02-06,day,8.0
33742fbe-5272-493a-a951-98c8f0d38548,5e36a977-0648-4d11-a959-05b1cf4a3414,2026-02-09,day,8.0
563a022a-3a47-4db2-b0a7-044cac94fc84,5e36a977-0648-4d11-a959-05b1cf4a3414,2026-02-10,night,10.5
b38054b2-7573-4a2a-8e05-abde7ec79c7e,5e36a977-0648-4d11-a959-05b1cf4a3414,2026-02-11,day,8.5
fdcf073b-a389-408d-afbe-1c91777d0d29,5e36a977-0648-4d11-a959-05b1cf4a3414,2026-02-12,day,8.0
4c72c14c-7404-422d-9ac2-d9672c5837c4,5e36a977-0648-4d11-a959-05b1cf4a3414,2026-02-13,day,8.5
917bcc2c-e6ff-4c58-9905-d0ce341da027,5e36a977-0648-4d11-a959-05b1cf4a3414,2026-02-15,extended,15.5
590af6cb-ea5d-4873-8005-e9f8c22f77a6,5e36a977-0648-4d11-a959-05b1cf4a3414,2026-02-16,day,9.5
275b79ec-df67-4892-875f-809b03198cb7,5e36a977-0648-4d11-a959-05b1cf4a3414,2026-02-17,day,8.0
a908475c-8206-4fe9-8608-aecd412a8f8d,5e36a977-0648-4d11-a959-05b1cf4a3414,2026-02-18,day,8.5
f5e497bf-540e-4fc1-a87a-ec0d30035d35,5e36a977-0648-4d11-a959-05b1cf4a3414,2026-02-19,night,10.0
7a721563-2d68-4d08-9796-c2d78474628a,5e36a977-0648-4d11-a959-05b1cf4a3414,2026-02-20,night,12.0
fe92c9b9-2838-4545-bdd2-2929a5388e5c,5e36a977-0648-4d11-a959-05b1cf4a3414,2026-02-23,day,8.0
fa63398d-5446-44dd-8868-76b72c878d54,5e36a977-0648-4d11-a959-05b1cf4a3414,2026-02-24,day,9.0
b7e1fdc3-9a8b-42ac-835c-8a7da5963214,5e36a977-0648-4d11-a959-05b1cf4a3414,2026-02-25,day,8.5
2d45edb0-6037-41f5-b809-f8183c2437c8,5e36a977-0648-4d11-a959-05b1cf4a3414,2026-02-26,night,10.5
b98c2930-3872-4f77-8253-1962998ef97c,5e36a977-0648-4d11-a959-05b1cf4a3414,2026-02-27,extended,14.1
a479dcf3-6941-427b-b0e4-3d0e545a79d0,5e36a977-0648-4d11-a959-05b1cf4a3414,2026-02-28,day,8.0
53e80e11-4b78-4be2-b40e-6fc044d58f08,5e36a977-0648-4d11-a959-05b1cf4a3414,2026-03-01,day,8.5
9222dabe-87b3-4187-bf33-c7ebf8020427,5e36a977-0648-4d11-a959-05b1cf4a3414,2026-03-02,day,8.0
e138face-6ad0-4cbe-a053-2f2d492a72b1,5e36a977-0648-4d11-a959-05b1cf4a3414,2026-03-03,day,8.0
99ad05eb-2733-486a-8ba9-f8edd765453f,5e36a977-0648-4d11-a959-05b1cf4a3414,2026-03-04,day,9.0
0bfd78ab-9f5d-455f-b1ee-5a85c8bff9b0,5e36a977-0648-4d11-a959-05b1cf4a3414,2026-03-05,day,8.5
7f94fc91-ca64-45ac-bf5e-6c59739ba07a,5e36a977-0648-4d11-a959-05b1cf4a3414,2026-03-06,day,8.0
58b6d369-7cd6-4fb7-8054-ad332f8a1d07,5e36a977-0648-4d11-a959-05b1cf4a3414,2026-03-08,night,10.0
feb29f30-a2f3-42b8-9a2a-e30dfdd49656,5e36a977-0648-4d11-a959-05b1cf4a3414,2026-03-09,day,8.0
990e192f-1996-44b6-b192-3e1182a969ab,5e36a977-0648-4d11-a959-05b1cf4a3414,2026-03-10,night,10.0
3bdefd40-2060-49c5-9530-ca53c196d48d,5e36a977-0648-4d11-a959-05b1cf4a3414,2026-03-11,night,10.5
ca0fc7eb-f10e-4cc0-a7dc-6cf1f3cb28e4,5e36a977-0648-4d11-a959-05b1cf4a3414,2026-03-12,day,9.0
105efd08-ecd1-4902-baef-35d1d1fa4461,5e36a977-0648-4d11-a959-05b1cf4a3414,2026-03-13,extended,15.9
c96c703e-b66a-4d76-8b58-de2945af27c0,5e36a977-0648-4d11-a959-05b1cf4a3414,2026-03-16,day,8.0
ffedf8b9-7d22-4780-9e03-7ed20c3ebb1d,5e36a977-0648-4d11-a959-05b1cf4a3414,2026-03-17,night,10.5
3f9f0e67-4d10-4e33-88f4-9d0881337248,5e36a977-0648-4d11-a959-05b1cf4a3414,2026-03-18,day,8.0
4a25f6da-6eb3-4b47-8a59-09e33eb1ba12,5e36a977-0648-4d11-a959-05b1cf4a3414,2026-03-19,day,8.0
11a571fb-7307-461b-9ee2-a8de99254ee7,5e36a977-0648-4d11-a959-05b1cf4a3414,2026-03-20,extended,14.7
b4743253-984d-4dc5-a93a-76a80838a71b,5e36a977-0648-4d11-a959-05b1cf4a3414,2026-03-23,extended,15.0
cfa51440-3f80-4818-89f2-0153826ab84c,5e36a977-0648-4d11-a959-05b1cf4a3414,2026-03-24,day,8.5
6c7ca704-927c-42fa-b576-f233509884e6,5e36a977-0648-4d11-a959-05b1cf4a3414,2026-03-25,day,8.0
ab377d9e-c36e-4446-b46c-b093d8a0dca9,5e36a977-0648-4d11-a959-05b1cf4a3414,2026-03-26,extended,14.0
752330a7-8b55-4bbd-8acb-4b056eab491e,5e36a977-0648-4d11-a959-05b1cf4a3414,2026-03-27,day,8.5
5addabc6-87bb-4a68-a2d6-d18939a8307d,5e36a977-0648-4d11-a959-05b1cf4a3414,2026-03-30,night,10.0
145f036e-7a80-4bd3-828c-848a06b44a0c,5e36a977-0648-4d11-a959-05b1cf4a3414,2026-03-31,day,8.0
1e2be42b-180a-469a-93a4-3e7993c24fc0,5e36a977-0648-4d11-a959-05b1cf4a3414,2026-04-01,day,8.0
884358c1-c882-46dc-842a-3e56e276014b,5e36a977-0648-4d11-a959-05b1cf4a3414,2026-04-02,day,8.0
78946986-fd72-4d7f-ae44-049455925886,5e36a977-0648-4d11-a959-05b1cf4a3414,2026-04-03,night,10.5
da93fe23-506c-4999-addf-fbf04fa4023a,5e36a977-0648-4d11-a959-05b1cf4a3414,2026-04-05,day,8.5
cbd101e6-d813-4086-a123-c22d7efde29e,5e36a977-0648-4d11-a959-05b1cf4a3414,2026-04-06,day,8.0
7452b2fc-2d71-4485-adfa-b4d2b75394d1,5e36a977-0648-4d11-a959-05b1cf4a3414,2026-04-07,day,8.0
452b811f-bed2-408f-b80f-502ad5e71662,5e36a977-0648-4d11-a959-05b1cf4a3414,2026-04-08,extended,13.7
88433129-15a7-42c5-966b-7e79c4dd5907,5e36a977-0648-4d11-a959-05b1cf4a3414,2026-04-09,day,8.0
f5465d89-e3bb-458a-ad60-2701817b20ad,5e36a977-0648-4d11-a959-05b1cf4a3414,2026-04-10,night,10.0
a634913f-d2d9-42f9-8e3e-8b94144be421,5e36a977-0648-4d11-a959-05b1cf4a3414,2026-04-13,day,9.5
75449d5d-d938-4979-9a24-f18d3ec07627,5e36a977-0648-4d11-a959-05b1cf4a3414,2026-04-14,night,12.0
088aa38b-a6d3-4299-a147-b165fb7a7ec0,5e36a977-0648-4d11-a959-05b1cf4a3414,2026-04-15,night,10.5
b406bcaa-9513-4987-9bd3-00d0db5cca21,5e36a977-0648-4d11-a959-05b1cf4a3414,2026-04-16,day,8.0
715af575-3ff4-451e-97cf-e434ca3209b7,5e36a977-0648-4d11-a959-05b1cf4a3414,2026-04-17,night,11.0
09e0ca39-de65-4ef7-bb73-d62edf40cbf8,5e36a977-0648-4d11-a959-05b1cf4a3414,2026-04-19,night,11.0
daeacd4f-cbd1-4225-8008-69542b984a44,5e36a977-0648-4d11-a959-05b1cf4a3414,2026-04-20,day,8.0
a692c65c-96b3-4e45-8d5a-f6918c20b26c,5e36a977-0648-4d11-a959-05b1cf4a3414,2026-04-21,day,8.0
5b0af823-69fc-426c-918e-3b703ed0341d,5e36a977-0648-4d11-a959-05b1cf4a3414,2026-04-22,day,9.0
7db879d8-3581-430c-8e04-a3bc93d9d2dc,5e36a977-0648-4d11-a959-05b1cf4a3414,2026-04-23,extended,15.4
0fd928dd-33ff-40e3-9187-1edada112350,5e36a977-0648-4d11-a959-05b1cf4a3414,2026-04-24,day,8.5
086c6f38-a6bc-4fdb-8a32-1637ae932114,5e36a977-0648-4d11-a959-05b1cf4a3414,2026-04-25,night,10.0
88cfbaa0-a4ea-4496-9779-0586faa405ab,5e36a977-0648-4d11-a959-05b1cf4a3414,2026-04-26,day,8.0
6592bcae-c0b5-4b2f-ac95-ce33456cca5f,5e36a977-0648-4d11-a959-05b1cf4a3414,2026-04-27,day,9.0
32c51cae-0fef-419f-9e73-c3eb99e6536a,5e36a977-0648-4d11-a959-05b1cf4a3414,2026-04-28,day,8.0
694b7333-2edb-4da4-b446-32657d2da09e,5e36a977-0648-4d11-a959-05b1cf4a3414,2026-04-29,extended,14.5
adc4e305-16d1-4299-bff2-67ad129b3744,5e36a977-0648-4d11-a959-05b1cf4a3414,2026-04-30,day,8.0
6fdc6444-8c6a-49a5-a3aa-8ef904fa2cb4,5e36a977-0648-4d11-a959-05b1cf4a3414,2026-05-01,day,9.0
54fdf403-e2ec-421e-a322-a6da57b6a613,5e36a977-0648-4d11-a959-05b1cf4a3414,2026-05-04,day,8.0
71de717e-2536-465b-94f4-63c5e0248247,5e36a977-0648-4d11-a959-05b1cf4a3414,2026-05-05,day,9.0
9940c1e7-0554-477a-a5b8-5f5ae937b2ec,5e36a977-0648-4d11-a959-05b1cf4a3414,2026-05-06,day,8.0
807f2975-2ca4-4e9d-8aba-50426104c0d9,5e36a977-0648-4d11-a959-05b1cf4a3414,2026-05-07,day,8.0
78768cd8-0514-48c3-a633-9dd5986ee0db,5e36a977-0648-4d11-a959-05b1cf4a3414,2026-05-08,day,9.5
9d69eb3c-f9ed-422e-b027-c7e1841570c9,5e36a977-0648-4d11-a959-05b1cf4a3414,2026-05-09,day,8.0
88793669-d9cc-425e-9b9a-39a3615c8f2f,5e36a977-0648-4d11-a959-05b1cf4a3414,2026-05-11,day,8.0
6b0d192b-b857-4a11-a3b0-7b9c2700e1ce,5e36a977-0648-4d11-a959-05b1cf4a3414,2026-05-12,day,8.5
a9e09ab6-0080-4bb7-8a1a-0bcb233dcd8f,5e36a977-0648-4d11-a959-05b1cf4a3414,2026-05-13,day,8.0
ce20176f-dd45-4461-8984-44f02225d2ca,5e36a977-0648-4d11-a959-05b1cf4a3414,2026-05-14,day,8.5
ffa7d316-ebd0-4243-bf30-9a48256bf38f,5e36a977-0648-4d11-a959-05b1cf4a3414,2026-05-15,extended,14.6
f790c5eb-b48e-4ddf-871f-d22007e34424,5e36a977-0648-4d11-a959-05b1cf4a3414,2026-05-18,night,12.0
3399fccf-4a55-4fd6-be03-eb3dc2bb1090,5e36a977-0648-4d11-a959-05b1cf4a3414,2026-05-19,night,10.5
5d036dd6-15fa-44f4-a128-5e9a7310dabf,5e36a977-0648-4d11-a959-05b1cf4a3414,2026-05-20,night,10.5
ce72eaad-d7ba-4d22-a688-a1afc466dfc8,5e36a977-0648-4d11-a959-05b1cf4a3414,2026-05-21,day,9.0
fd9b4238-59cd-44ad-932e-db6dba3f6b0e,5e36a977-0648-4d11-a959-05b1cf4a3414,2026-05-22,extended,14.1
5634f2cf-16ca-4bff-a9fe-55ec040a3c51,5e36a977-0648-4d11-a959-05b1cf4a3414,2026-05-24,night,10.0
ad456a80-c35f-442b-a06e-80e32ad2ba7f,5e36a977-0648-4d11-a959-05b1cf4a3414,2026-05-25,extended,13.4
ee02fa39-1393-4cf1-b26f-a717a850cc16,5e36a977-0648-4d11-a959-05b1cf4a3414,2026-05-26,day,8.0
39039901-fc63-4947-980b-74a7b77794f1,5e36a977-0648-4d11-a959-05b1cf4a3414,2026-05-27,extended,14.3
6c97b137-5178-4559-8cff-d36ceaf04f3b,5e36a977-0648-4d11-a959-05b1cf4a3414,2026-05-28,day,9.0
5e07e027-86f5-4f8b-a403-a3f8f8422ff1,5e36a977-0648-4d11-a959-05b1cf4a3414,2026-05-29,night,11.0
3dcfa13e-7306-4754-a7de-964fa4b5e4b3,5e36a977-0648-4d11-a959-05b1cf4a3414,2026-06-01,day,8.0
358f7cd2-3d3a-4cde-96f2-34df3df4fd01,5e36a977-0648-4d11-a959-05b1cf4a3414,2026-06-02,day,8.0
934a4c87-9006-4cc6-ae9d-36620662f266,5e36a977-0648-4d11-a959-05b1cf4a3414,2026-06-03,day,9.0
e126b519-b6e7-403b-a14f-174a98b13ec6,5e36a977-0648-4d11-a959-05b1cf4a3414,2026-06-04,day,8.0
35ca608f-7bdc-4923-a4cf-aeaf28598b85,5e36a977-0648-4d11-a959-05b1cf4a3414,2026-06-05,night,10.5
6a0e8377-91e2-4518-828d-4c9ee8aaf889,5e36a977-0648-4d11-a959-05b1cf4a3414,2026-06-06,day,8.0
064a8bc8-acff-436a-8d5a-6a5c3389a69b,5e36a977-0648-4d11-a959-05b1cf4a3414,2026-06-08,day,8.0
bb326789-2354-4396-8962-770a3b89d9d7,5e36a977-0648-4d11-a959-05b1cf4a3414,2026-06-09,day,8.0
7c71611d-9eb5-4e8f-a4af-d9371fb932e6,5e36a977-0648-4d11-a959-05b1cf4a3414,2026-06-10,extended,15.5
f9661519-c672-46df-8d97-9f60539cac04,5e36a977-0648-4d11-a959-05b1cf4a3414,2026-06-11,day,9.0
97a2807a-6c29-475e-ba3e-7b06b43edf08,5e36a977-0648-4d11-a959-05b1cf4a3414,2026-06-12,day,9.0
fbb39b55-5c0e-4825-96b9-41e2b988821c,5e36a977-0648-4d11-a959-05b1cf4a3414,2026-06-15,night,11.0
ef5e17f1-9ca8-4f8f-ab4b-5e69f8be9d5a,5e36a977-0648-4d11-a959-05b1cf4a3414,2026-06-16,night,10.0
4e855a97-6c98-435e-bc5d-43ea0d233bf4,5e36a977-0648-4d11-a959-05b1cf4a3414,2026-06-17,day,8.5
4c7b9ea7-25b0-41ea-88bf-1d1e12798d7d,5e36a977-0648-4d11-a959-05b1cf4a3414,2026-06-18,day,9.0
7e2812b6-2a96-4583-b7ae-5978412d1e01,5e36a977-0648-4d11-a959-05b1cf4a3414,2026-06-19,night,10.0
db4fc8d5-ed3f-4cfc-a63c-f2ad3277b74e,5e36a977-0648-4d11-a959-05b1cf4a3414,2026-06-22,day,8.5
93cd14f6-fb5a-49a0-8cbe-15bbcb135423,5e36a977-0648-4d11-a959-05b1cf4a3414,2026-06-23,day,8.0
c1cce28a-ae32-46df-b9c6-8d6572f5bfa5,5e36a977-0648-4d11-a959-05b1cf4a3414,2026-06-24,day,8.5
2f509814-2d22-4a50-91da-1f906fab0432,5e36a977-0648-4d11-a959-05b1cf4a3414,2026-06-25,day,8.0
0b5b79f7-001c-4afe-a1f4-36f0c85ec991,5e36a977-0648-4d11-a959-05b1cf4a3414,2026-06-26,day,9.0
27a31742-fbae-4fa8-af0f-4a67da08b75a,5e36a977-0648-4d11-a959-05b1cf4a3414,2026-06-27,night,12.0
d2812938-8390-4d02-9e47-e81044d8b8c3,5e36a977-0648-4d11-a959-05b1cf4a3414,2026-06-29,day,8.0
4527f025-77d3-44f6-8100-6621a0238711,ffdd5e3c-2213-45d8-92a2-b1ab959c2633,2026-01-01,day,8.0
b5e25400-e0ae-4251-9474-383ec4d69236,ffdd5e3c-2213-45d8-92a2-b1ab959c2633,2026-01-02,day,8.0
41a6f384-3f0c-425f-b34b-ee1388482f23,ffdd5e3c-2213-45d8-92a2-b1ab959c2633,2026-01-03,night,11.0
5120aef1-1a5f-452e-a20f-f9a93300f2f8,ffdd5e3c-2213-45d8-92a2-b1ab959c2633,2026-01-05,day,8.5
bcb86965-13cc-4919-81b9-1a914a07725d,ffdd5e3c-2213-45d8-92a2-b1ab959c2633,2026-01-06,day,8.0
56a5ec56-cd34-4f4d-936e-dea3a3e41226,ffdd5e3c-2213-45d8-92a2-b1ab959c2633,2026-01-07,day,9.0
b8afdcf2-8d05-4f06-b288-bb75fedae3ce,ffdd5e3c-2213-45d8-92a2-b1ab959c2633,2026-01-08,day,8.0
845910a3-e7ea-4b8e-8c2a-06c062031315,ffdd5e3c-2213-45d8-92a2-b1ab959c2633,2026-01-09,day,8.0
7d980bfc-418b-4f2e-a558-d06c34331630,ffdd5e3c-2213-45d8-92a2-b1ab959c2633,2026-01-12,day,8.0
d0805173-1c3c-49f9-904e-708d98165677,ffdd5e3c-2213-45d8-92a2-b1ab959c2633,2026-01-13,day,9.0
d78f4d25-95eb-4b05-901a-5b0d4667e8b2,ffdd5e3c-2213-45d8-92a2-b1ab959c2633,2026-01-14,extended,15.4
8d87fa8d-a3ea-431e-9ee0-23aae57c402a,ffdd5e3c-2213-45d8-92a2-b1ab959c2633,2026-01-15,extended,15.0
211f38b6-5800-4ee4-830b-c77729e8f335,ffdd5e3c-2213-45d8-92a2-b1ab959c2633,2026-01-16,day,9.0
73923142-fb31-42bc-b7e9-02fc3c47998a,ffdd5e3c-2213-45d8-92a2-b1ab959c2633,2026-01-19,day,8.0
6400aa50-1cdb-4061-9a30-5f9affcb2f9c,ffdd5e3c-2213-45d8-92a2-b1ab959c2633,2026-01-20,night,10.0
b5a153e2-8e29-447a-b860-3950ad1a58f7,ffdd5e3c-2213-45d8-92a2-b1ab959c2633,2026-01-21,night,10.0
5f817da8-c82e-46f0-b17c-ace29b28dc85,ffdd5e3c-2213-45d8-92a2-b1ab959c2633,2026-01-22,day,8.0
50944286-bc19-407f-967d-7e679b5b90fb,ffdd5e3c-2213-45d8-92a2-b1ab959c2633,2026-01-23,night,10.0
c913ce32-d1d7-408a-a85a-d8e49177350c,ffdd5e3c-2213-45d8-92a2-b1ab959c2633,2026-01-25,extended,13.8
725b80da-009f-4c4b-ad2e-f893f37eb0d6,ffdd5e3c-2213-45d8-92a2-b1ab959c2633,2026-01-26,night,10.0
b88d2669-9004-4ba0-8c97-670d5f21fa21,ffdd5e3c-2213-45d8-92a2-b1ab959c2633,2026-01-27,day,8.5
0cf0a144-93a1-43cd-a0c9-f094a69c2210,ffdd5e3c-2213-45d8-92a2-b1ab959c2633,2026-01-28,extended,14.1
39abb8d4-1cab-482f-a474-3d84cd713cbb,ffdd5e3c-2213-45d8-92a2-b1ab959c2633,2026-01-29,day,8.5
c133eb4e-ee87-4407-ba54-eeb48da2f0ca,ffdd5e3c-2213-45d8-92a2-b1ab959c2633,2026-01-30,night,10.5
e6e1ed76-10db-479f-b2a8-870424816c12,ffdd5e3c-2213-45d8-92a2-b1ab959c2633,2026-01-31,night,12.0
45115f14-bcba-4bbb-9cb0-2c1ea60c552d,ffdd5e3c-2213-45d8-92a2-b1ab959c2633,2026-02-01,day,8.0
f8e8fad0-ab04-4e88-9419-312ae7e52fc4,ffdd5e3c-2213-45d8-92a2-b1ab959c2633,2026-02-02,night,10.0
ff6eb20d-9a84-4aaa-ad4f-4ef604af37f4,ffdd5e3c-2213-45d8-92a2-b1ab959c2633,2026-02-03,night,10.0
badc2500-e336-4366-ac9c-9a322c03f94a,ffdd5e3c-2213-45d8-92a2-b1ab959c2633,2026-02-04,day,8.5
3cf8d985-e4b8-40d7-afd9-c4ac07a92702,ffdd5e3c-2213-45d8-92a2-b1ab959c2633,2026-02-05,day,8.0
43866400-726f-4f55-bee1-4ecb5431ea5a,ffdd5e3c-2213-45d8-92a2-b1ab959c2633,2026-02-06,day,8.0
64818354-00e7-43d9-b0a6-59506a59739d,ffdd5e3c-2213-45d8-92a2-b1ab959c2633,2026-02-09,day,8.0
a8f1b869-5140-4e0b-b26b-c21c861115d3,ffdd5e3c-2213-45d8-92a2-b1ab959c2633,2026-02-10,day,8.5
8d8f5c2b-ed36-495f-aa0f-d1c49aa8ddc9,ffdd5e3c-2213-45d8-92a2-b1ab959c2633,2026-02-11,day,8.0
2d59e501-13d3-4197-8835-8e29a67d0c41,ffdd5e3c-2213-45d8-92a2-b1ab959c2633,2026-02-12,day,9.0
06e4e498-88d8-4b9d-8ee6-67d00435fc68,ffdd5e3c-2213-45d8-92a2-b1ab959c2633,2026-02-13,night,10.0
1cae85ea-bf33-48e8-a8c7-8d66623b7cf1,ffdd5e3c-2213-45d8-92a2-b1ab959c2633,2026-02-14,day,9.0
0b179c8b-8f63-4f40-9762-84827fec4442,ffdd5e3c-2213-45d8-92a2-b1ab959c2633,2026-02-16,day,8.0
015a2c8e-b0ff-4856-95b6-e71cf277e9f9,ffdd5e3c-2213-45d8-92a2-b1ab959c2633,2026-02-17,extended,15.7
55c32aaf-a231-40f9-8420-6ae168ab8a1d,ffdd5e3c-2213-45d8-92a2-b1ab959c2633,2026-02-18,day,8.5
0ec1d050-6445-455d-a69b-5842afa5b882,ffdd5e3c-2213-45d8-92a2-b1ab959c2633,2026-02-19,extended,13.7
f25a0a11-bfbf-45c1-b360-546e8894f7d5,ffdd5e3c-2213-45d8-92a2-b1ab959c2633,2026-02-20,extended,13.6
0f44479f-e1ca-4916-a31f-07c7581a51ed,ffdd5e3c-2213-45d8-92a2-b1ab959c2633,2026-02-21,day,8.0
6b7d691b-d60a-4657-9159-8f3483aea4bf,ffdd5e3c-2213-45d8-92a2-b1ab959c2633,2026-02-23,night,10.0
7dd151ec-f7b8-41e1-9e52-cc6a4709c50e,ffdd5e3c-2213-45d8-92a2-b1ab959c2633,2026-02-24,day,8.0
b45b93c9-9bde-4823-b388-c84f4c1bdd35,ffdd5e3c-2213-45d8-92a2-b1ab959c2633,2026-02-25,night,11.0
f85484bc-48d4-4121-96f8-06cbd3b6a362,ffdd5e3c-2213-45d8-92a2-b1ab959c2633,2026-02-26,night,10.0
27b239ab-a368-45d5-b05c-d382229c84fe,ffdd5e3c-2213-45d8-92a2-b1ab959c2633,2026-02-27,day,8.0
17b81f45-6dae-4866-9636-8228f5a78146,ffdd5e3c-2213-45d8-92a2-b1ab959c2633,2026-02-28,night,10.5
dba7c9bb-e73c-4c82-a6a7-2e310bbaa9de,ffdd5e3c-2213-45d8-92a2-b1ab959c2633,2026-03-02,day,8.0
18105252-0f30-475b-a427-2e048df4e235,ffdd5e3c-2213-45d8-92a2-b1ab959c2633,2026-03-03,night,11.0
64bd71c7-db02-4721-9234-a9a94e5d215a,ffdd5e3c-2213-45d8-92a2-b1ab959c2633,2026-03-04,day,9.5
97afcc5b-29c1-4883-ae41-cef853e777fa,ffdd5e3c-2213-45d8-92a2-b1ab959c2633,2026-03-05,day,8.0
20e5b645-8836-4237-a96e-bd36ca7057e0,ffdd5e3c-2213-45d8-92a2-b1ab959c2633,2026-03-06,day,8.0
d42ca171-632d-439f-a461-761721fb8d65,ffdd5e3c-2213-45d8-92a2-b1ab959c2633,2026-03-07,extended,15.6
d117f80d-43db-4a40-aeea-1140deecae74,ffdd5e3c-2213-45d8-92a2-b1ab959c2633,2026-03-09,day,9.5
cfb7dedf-0e90-4f5e-bc13-6880f91a5f27,ffdd5e3c-2213-45d8-92a2-b1ab959c2633,2026-03-10,day,8.0
91c194d2-6ed6-4fc8-8062-b8720437f9bd,ffdd5e3c-2213-45d8-92a2-b1ab959c2633,2026-03-11,night,10.5
9de07f5b-779d-4200-be15-050ef8b173f3,ffdd5e3c-2213-45d8-92a2-b1ab959c2633,2026-03-12,day,8.0
60fd06e2-32eb-4a68-9ce9-8acb742541cc,ffdd5e3c-2213-45d8-92a2-b1ab959c2633,2026-03-13,night,10.0
908dd5f5-09e7-41c8-8875-3f412afc1bef,ffdd5e3c-2213-45d8-92a2-b1ab959c2633,2026-03-14,night,10.5
6854fb20-45a3-40ca-9f16-090bb6d45b23,ffdd5e3c-2213-45d8-92a2-b1ab959c2633,2026-03-27,night,10.0
96a60e03-97db-4e9c-981e-d3fdcae5b801,ffdd5e3c-2213-45d8-92a2-b1ab959c2633,2026-03-30,night,11.0
2a07af1a-275b-4c11-8560-5a42dd77d47a,ffdd5e3c-2213-45d8-92a2-b1ab959c2633,2026-03-31,day,8.0
2486137a-de71-4d63-a986-e83c5cd5168f,ffdd5e3c-2213-45d8-92a2-b1ab959c2633,2026-04-01,day,8.0
37d1fa77-6f0d-45db-b25a-c2856839c164,ffdd5e3c-2213-45d8-92a2-b1ab959c2633,2026-04-02,night,10.5
f1d4dd7e-81fb-4e2e-a568-822b5d40ee8a,ffdd5e3c-2213-45d8-92a2-b1ab959c2633,2026-04-03,extended,14.9
74ce825d-be43-4d2a-a2ba-22e7c9873cff,ffdd5e3c-2213-45d8-92a2-b1ab959c2633,2026-04-04,night,10.0
0fc71bce-698c-4298-947f-2980929af3cb,ffdd5e3c-2213-45d8-92a2-b1ab959c2633,2026-04-06,day,8.0
907512ba-86f4-4e81-b162-311bc80d3924,ffdd5e3c-2213-45d8-92a2-b1ab959c2633,2026-04-07,night,12.0
1eb16ad2-3d6d-45bd-9a93-73dc8cf93d60,ffdd5e3c-2213-45d8-92a2-b1ab959c2633,2026-04-08,day,8.0
bcb7a027-9d1f-44c4-9ba7-fc391d0bc1f5,ffdd5e3c-2213-45d8-92a2-b1ab959c2633,2026-04-09,day,9.0
539589e5-805f-4620-a14c-b402d61ad794,ffdd5e3c-2213-45d8-92a2-b1ab959c2633,2026-04-10,night,10.5
7d88f776-e1c3-4f08-ad7a-3ed04e2aabf9,ffdd5e3c-2213-45d8-92a2-b1ab959c2633,2026-04-13,day,8.5
d2d87fc6-b16a-463d-9fa3-a4aafaa8a11b,ffdd5e3c-2213-45d8-92a2-b1ab959c2633,2026-04-14,day,8.0
fe11617c-f82b-4676-92b4-8906b5f14a5f,ffdd5e3c-2213-45d8-92a2-b1ab959c2633,2026-04-15,day,8.0
a9d8cee3-7448-4bf9-a968-f7576fa4b6f0,ffdd5e3c-2213-45d8-92a2-b1ab959c2633,2026-04-16,night,10.0
cb485c13-d1a8-4e55-8f6d-73d0746046d3,ffdd5e3c-2213-45d8-92a2-b1ab959c2633,2026-04-17,night,10.0
6320ff85-1558-4e07-ba0b-e823188f2a4f,ffdd5e3c-2213-45d8-92a2-b1ab959c2633,2026-04-18,day,8.0
586469cf-6f70-4fd4-9c7a-1c6ac58bcd5f,ffdd5e3c-2213-45d8-92a2-b1ab959c2633,2026-04-20,night,10.5
78f7fd5b-25e7-419a-8104-c9b8042c4930,ffdd5e3c-2213-45d8-92a2-b1ab959c2633,2026-04-21,day,8.0
823d0f2d-544a-4165-8c1a-5fbcc09aa832,ffdd5e3c-2213-45d8-92a2-b1ab959c2633,2026-04-22,night,10.0
2b165e3b-90da-44ec-b02a-f8460226a020,ffdd5e3c-2213-45d8-92a2-b1ab959c2633,2026-04-23,day,8.0
b7bbd94c-f1aa-461b-b98e-380dff82020b,ffdd5e3c-2213-45d8-92a2-b1ab959c2633,2026-04-24,extended,14.3
9fc6298d-3d18-4c41-a516-211786b74685,ffdd5e3c-2213-45d8-92a2-b1ab959c2633,2026-04-25,day,8.0
f7c0a315-a7cf-416f-9f55-8fc3eefd7157,ffdd5e3c-2213-45d8-92a2-b1ab959c2633,2026-04-26,day,8.0
a9d7f598-ccbb-4895-9c0c-aaa24561e309,ffdd5e3c-2213-45d8-92a2-b1ab959c2633,2026-04-27,extended,14.5
a5f24cfe-7879-4038-abb7-0bb550d7b082,ffdd5e3c-2213-45d8-92a2-b1ab959c2633,2026-04-28,day,8.0
80a92f7c-9a43-429c-b987-5fd844b46da8,ffdd5e3c-2213-45d8-92a2-b1ab959c2633,2026-04-29,day,9.5
6b3d9874-3f96-4660-b1b3-1436abde9ad0,ffdd5e3c-2213-45d8-92a2-b1ab959c2633,2026-04-30,day,8.0
815c577e-02ba-4973-ae54-aa9ba7e83abd,ffdd5e3c-2213-45d8-92a2-b1ab959c2633,2026-05-01,night,10.0
7828ee98-cba5-4820-8865-8653c889f082,ffdd5e3c-2213-45d8-92a2-b1ab959c2633,2026-05-02,night,10.5
d7e3202c-28e2-48f6-90d6-998b546f90ab,ffdd5e3c-2213-45d8-92a2-b1ab959c2633,2026-05-04,night,10.5
371dded4-6a9d-45dc-9377-7617457a7282,ffdd5e3c-2213-45d8-92a2-b1ab959c2633,2026-05-05,night,10.0
88ec6d0c-c2d7-461d-96bc-6c6b7e411469,ffdd5e3c-2213-45d8-92a2-b1ab959c2633,2026-05-06,extended,13.9
74385ecb-2889-4246-8e9c-8f14b23dd82e,ffdd5e3c-2213-45d8-92a2-b1ab959c2633,2026-05-07,day,9.0
ae8f7309-ec16-48f9-832f-c98a660bf558,ffdd5e3c-2213-45d8-92a2-b1ab959c2633,2026-05-08,night,10.0
e82cdddb-eace-4d8d-a9d3-6963f611af2d,ffdd5e3c-2213-45d8-92a2-b1ab959c2633,2026-05-09,night,10.5
3b1b40b6-c5f6-46db-b492-c69882189d9b,ffdd5e3c-2213-45d8-92a2-b1ab959c2633,2026-05-11,night,11.0
182efcf6-52c8-4078-8f73-fba8eab2ade2,ffdd5e3c-2213-45d8-92a2-b1ab959c2633,2026-05-12,extended,14.8
4ed290ec-d04b-447a-8e44-b08b5543883b,ffdd5e3c-2213-45d8-92a2-b1ab959c2633,2026-05-13,day,8.5
6e7639f6-d840-409e-b2f3-2e3d761073fb,ffdd5e3c-2213-45d8-92a2-b1ab959c2633,2026-05-14,extended,14.5
cd3b6840-f5a3-4999-891f-0a226d9c9689,ffdd5e3c-2213-45d8-92a2-b1ab959c2633,2026-05-15,day,8.5
34fae26b-a6f6-4817-9764-3ed21adce79a,ffdd5e3c-2213-45d8-92a2-b1ab959c2633,2026-05-18,day,8.0
1836c91e-e054-42ae-8568-3dba31094077,ffdd5e3c-2213-45d8-92a2-b1ab959c2633,2026-05-19,day,8.0
987139d5-e8b4-4c8f-8ba6-037b45b01d56,ffdd5e3c-2213-45d8-92a2-b1ab959c2633,2026-05-20,day,8.5
1eba1074-47c2-4f99-9134-f5f310052495,ffdd5e3c-2213-45d8-92a2-b1ab959c2633,2026-05-21,day,8.0
34114ea3-d4ba-46f3-a031-9a2eb79f2108,ffdd5e3c-2213-45d8-92a2-b1ab959c2633,2026-05-22,extended,13.9
0e774295-1fec-4ecb-8116-fa08428633b9,ffdd5e3c-2213-45d8-92a2-b1ab959c2633,2026-05-24,day,8.0
652b3cd9-2b8b-410f-be8e-ac181c744d59,ffdd5e3c-2213-45d8-92a2-b1ab959c2633,2026-05-25,day,9.0
0d9bc153-2d1c-4764-a3eb-a0975109f741,ffdd5e3c-2213-45d8-92a2-b1ab959c2633,2026-05-26,day,8.5
03163e16-59c4-43b2-b169-7ad75e53de31,ffdd5e3c-2213-45d8-92a2-b1ab959c2633,2026-05-27,day,8.5
0e64fa0f-5b40-491b-90c6-3a521d1c788c,ffdd5e3c-2213-45d8-92a2-b1ab959c2633,2026-05-28,extended,13.9
97cf78a3-0902-4aab-a5a0-e091e17c1186,ffdd5e3c-2213-45d8-92a2-b1ab959c2633,2026-05-29,day,8.0
d9d0bd5a-b450-4bfc-8c69-5aca007b6e4a,ffdd5e3c-2213-45d8-92a2-b1ab959c2633,2026-05-31,day,8.0
af837b61-c8e5-4f62-833e-087e1e88bbaa,ffdd5e3c-2213-45d8-92a2-b1ab959c2633,2026-06-01,day,9.0
16f3fc00-1bd7-439e-9232-a32b747d473a,ffdd5e3c-2213-45d8-92a2-b1ab959c2633,2026-06-02,night,10.5
819b689c-fc63-4768-b407-0d08955ee6d5,ffdd5e3c-2213-45d8-92a2-b1ab959c2633,2026-06-03,night,10.5
6e78cdb3-f23e-4d61-80de-559d6b8306e5,ffdd5e3c-2213-45d8-92a2-b1ab959c2633,2026-06-04,day,8.0
5711f487-c325-4061-bfef-a7fca52ace0f,ffdd5e3c-2213-45d8-92a2-b1ab959c2633,2026-06-05,night,10.0
abd0e66d-30e1-4501-bb22-930f9aa186d5,ffdd5e3c-2213-45d8-92a2-b1ab959c2633,2026-06-08,day,8.5
388e20b3-9226-46b6-ac3a-5fbd6b53b640,ffdd5e3c-2213-45d8-92a2-b1ab959c2633,2026-06-09,day,8.0
0e84e3d4-b6c3-4af5-b343-84fc88745c3d,ffdd5e3c-2213-45d8-92a2-b1ab959c2633,2026-06-10,day,8.0
d057cf9c-f662-438a-9864-f4422e4cc777,ffdd5e3c-2213-45d8-92a2-b1ab959c2633,2026-06-11,day,8.5
3486fbdc-af98-469c-a79d-9ee7f736e7ef,ffdd5e3c-2213-45d8-92a2-b1ab959c2633,2026-06-12,day,9.0
9722b61d-522d-434b-a888-2efeca9b2f0a,ffdd5e3c-2213-45d8-92a2-b1ab959c2633,2026-06-15,day,8.5
a7feee52-654f-4a0d-9d94-c9c05b0ad11d,ffdd5e3c-2213-45d8-92a2-b1ab959c2633,2026-06-16,day,8.0
c1480c44-e634-4573-8830-7208655fddea,ffdd5e3c-2213-45d8-92a2-b1ab959c2633,2026-06-17,night,10.0
546b8a17-090b-4e55-a8c4-1c953fc3b2d8,ffdd5e3c-2213-45d8-92a2-b1ab959c2633,2026-06-18,extended,13.3
5d7811b2-ae57-4ebb-ba27-1b02d9b42029,ffdd5e3c-2213-45d8-92a2-b1ab959c2633,2026-06-19,extended,15.1
a4bf0f44-ffcc-4236-9f89-a234f3504c99,ffdd5e3c-2213-45d8-92a2-b1ab959c2633,2026-06-20,day,9.0
749b5389-65db-4d96-b054-8991a9d8a714,ffdd5e3c-2213-45d8-92a2-b1ab959c2633,2026-06-22,day,8.0
ce1fde24-1306-4870-8b96-dbb7403b0de3,ffdd5e3c-2213-45d8-92a2-b1ab959c2633,2026-06-23,day,8.0
6b986a9d-bf9d-4326-a0e6-4358244e0089,ffdd5e3c-2213-45d8-92a2-b1ab959c2633,2026-06-24,day,8.0
be138bdf-bd13-49bd-98b3-636a12f79b7c,ffdd5e3c-2213-45d8-92a2-b1ab959c2633,2026-06-25,day,8.0
03927e46-4dba-4036-b9c1-735d799b94b7,ffdd5e3c-2213-45d8-92a2-b1ab959c2633,2026-06-26,day,8.5
2a60dfda-8049-404d-8800-b22604865aa0,ffdd5e3c-2213-45d8-92a2-b1ab959c2633,2026-06-29,night,11.0
5c6cc594-6948-44c2-807d-b933e4240be8,4d35925f-dc08-4701-9635-b21566f083c8,2026-01-01,day,8.0
d4a89a28-fd71-454b-ae9b-c941b128194e,4d35925f-dc08-4701-9635-b21566f083c8,2026-01-02,day,8.5
8249514e-0031-404d-9382-d35cfe3eb40a,4d35925f-dc08-4701-9635-b21566f083c8,2026-01-04,extended,14.6
8adddb06-1ff9-4682-bffa-5ddef2193596,4d35925f-dc08-4701-9635-b21566f083c8,2026-01-05,day,8.0
0faf807e-405a-4ccb-9c79-163d20516888,4d35925f-dc08-4701-9635-b21566f083c8,2026-01-06,extended,13.8
9b332c3d-647b-48f5-a431-24d0f84853fb,4d35925f-dc08-4701-9635-b21566f083c8,2026-01-07,day,8.0
1d53f507-c24b-4e13-9b1c-f78673286512,4d35925f-dc08-4701-9635-b21566f083c8,2026-01-08,extended,15.3
97b733f3-45ec-4754-b5df-f87eb0b26870,4d35925f-dc08-4701-9635-b21566f083c8,2026-01-09,day,8.0
bcbb22fe-819e-492e-ab4a-a61bb277edee,4d35925f-dc08-4701-9635-b21566f083c8,2026-01-10,night,11.0
6fced4c9-8107-42fc-9500-f9c371c598ec,4d35925f-dc08-4701-9635-b21566f083c8,2026-01-11,day,8.0
3bdcb16e-3887-4fa4-9efe-319cc3091dc9,4d35925f-dc08-4701-9635-b21566f083c8,2026-01-12,day,8.0
624dd995-ff60-46b4-8b66-cc556a3da676,4d35925f-dc08-4701-9635-b21566f083c8,2026-01-13,day,9.5
1711137d-e64e-4e31-915f-bbb0633aa75d,4d35925f-dc08-4701-9635-b21566f083c8,2026-01-14,extended,13.6
04f10e80-c62f-48fd-8889-fbdf40f73c14,4d35925f-dc08-4701-9635-b21566f083c8,2026-01-15,day,8.5
c7e4dc51-799e-419c-8dfa-7cf667ad6804,4d35925f-dc08-4701-9635-b21566f083c8,2026-01-16,night,12.0
9158cc6c-7b36-4ce5-8e05-d9db157df300,4d35925f-dc08-4701-9635-b21566f083c8,2026-01-17,day,8.5
5fd86536-e06d-488b-97f5-b11c8fd4c7e1,4d35925f-dc08-4701-9635-b21566f083c8,2026-01-19,day,8.0
a8dbe7c1-6000-4ff8-9f9b-37ab90f074fa,4d35925f-dc08-4701-9635-b21566f083c8,2026-01-20,day,8.5
47760b3c-2e16-447e-b9b3-9dd3b12153b6,4d35925f-dc08-4701-9635-b21566f083c8,2026-01-21,extended,13.4
12eab86e-8e25-412f-a79c-9493d26cb3c1,4d35925f-dc08-4701-9635-b21566f083c8,2026-01-22,day,8.0
e42a207b-852b-4692-85fa-df8d2060186f,4d35925f-dc08-4701-9635-b21566f083c8,2026-01-23,day,8.0
ab9ead1f-d9d9-4a4b-ace5-a6d8b86419eb,4d35925f-dc08-4701-9635-b21566f083c8,2026-01-24,extended,15.2
f818bdda-1410-4dca-8fb9-6602ffb31b34,4d35925f-dc08-4701-9635-b21566f083c8,2026-01-26,extended,14.1
813072b9-1938-4209-91ab-6e60955a908a,4d35925f-dc08-4701-9635-b21566f083c8,2026-02-06,day,8.0
c5419b4c-d04a-41e9-9667-6bfe6cd24acb,4d35925f-dc08-4701-9635-b21566f083c8,2026-02-09,night,10.0
8e56816b-8e1e-45ab-9419-4019d0ff3f3d,4d35925f-dc08-4701-9635-b21566f083c8,2026-02-10,night,12.0
ef436101-bcc9-416a-80dc-d9ce3318d6d0,4d35925f-dc08-4701-9635-b21566f083c8,2026-02-11,night,10.5
1d80d0c5-f78d-48a3-bf59-ad4a1c66621f,4d35925f-dc08-4701-9635-b21566f083c8,2026-02-12,day,8.0
f2f77ce3-25ad-4354-a182-2852d5035796,4d35925f-dc08-4701-9635-b21566f083c8,2026-02-13,extended,14.3
39e4805e-3b3c-4187-ad04-ed94c6152b23,4d35925f-dc08-4701-9635-b21566f083c8,2026-02-15,extended,13.6
c034d05d-f168-40e0-9159-dab79e915617,4d35925f-dc08-4701-9635-b21566f083c8,2026-02-16,day,8.5
d9128002-b8e0-4785-b3a1-764057ca9935,4d35925f-dc08-4701-9635-b21566f083c8,2026-02-17,day,8.0
e02fa4c7-ec86-4be1-a007-e3e4d776680d,4d35925f-dc08-4701-9635-b21566f083c8,2026-02-18,night,12.0
38f1e569-f4f3-405d-a14c-327b110588e9,4d35925f-dc08-4701-9635-b21566f083c8,2026-02-19,day,8.5
f917a97a-8232-4ad0-8413-da623293b34d,4d35925f-dc08-4701-9635-b21566f083c8,2026-02-20,day,8.5
81b33079-67b5-40af-a9be-8196ac752c0a,4d35925f-dc08-4701-9635-b21566f083c8,2026-02-23,day,8.0
0d485d52-9edc-4f93-a6e7-b8a85334616e,4d35925f-dc08-4701-9635-b21566f083c8,2026-02-24,day,8.0
a979b368-0a78-44e8-8ba2-57b17722faa9,4d35925f-dc08-4701-9635-b21566f083c8,2026-02-25,day,8.0
c535d048-84df-40eb-baf2-b9017c01ce03,4d35925f-dc08-4701-9635-b21566f083c8,2026-02-26,night,10.0
7cb05570-9f40-42f5-8c31-de728f90ae08,4d35925f-dc08-4701-9635-b21566f083c8,2026-02-27,night,10.0
23f9e450-2f57-44d7-a74c-bf69e1351d4f,4d35925f-dc08-4701-9635-b21566f083c8,2026-03-02,day,8.0
9b300fb4-fbdc-41e1-917d-5b461075766a,4d35925f-dc08-4701-9635-b21566f083c8,2026-03-03,night,10.0
657c42e8-5b68-4a29-8a9a-a126f7ac85f8,4d35925f-dc08-4701-9635-b21566f083c8,2026-03-04,day,8.0
508db6b1-81a8-4f16-b4ba-31757aaab640,4d35925f-dc08-4701-9635-b21566f083c8,2026-03-05,day,8.5
cc1c80ff-3de4-43bd-9a45-c5cb4ce56b5a,4d35925f-dc08-4701-9635-b21566f083c8,2026-03-06,day,9.0
be31a714-a381-4fef-ab3e-9f5e1bd2fafa,4d35925f-dc08-4701-9635-b21566f083c8,2026-03-07,day,8.0
5002de46-57c4-4f75-b3f4-bf9379ab1f22,4d35925f-dc08-4701-9635-b21566f083c8,2026-03-09,day,9.0
dddeb1a4-0d1b-43b7-93fb-864fbcbabe39,4d35925f-dc08-4701-9635-b21566f083c8,2026-03-10,day,8.0
2ac8ad49-8417-426d-a4e2-0d00d703720f,4d35925f-dc08-4701-9635-b21566f083c8,2026-03-11,day,8.0
462f7e40-d946-4037-9112-632d429fd293,4d35925f-dc08-4701-9635-b21566f083c8,2026-03-12,day,8.5
504265ef-ca2f-4aa2-b4e8-2884c11f75b6,4d35925f-dc08-4701-9635-b21566f083c8,2026-03-13,day,9.5
b6b72fa2-bf41-48cf-bc3a-df50b9adcd1e,4d35925f-dc08-4701-9635-b21566f083c8,2026-03-14,night,10.0
1df9bea8-324a-446c-8766-f6dbd9c142a9,4d35925f-dc08-4701-9635-b21566f083c8,2026-03-16,day,8.5
dc3663d3-a321-42ab-8e03-b4f9660d7b4d,4d35925f-dc08-4701-9635-b21566f083c8,2026-03-17,day,8.0
fb7e0a74-9294-4c4c-a7b0-274057c00585,4d35925f-dc08-4701-9635-b21566f083c8,2026-03-18,day,8.0
aba4de94-c676-4e5d-9176-aa14cea28bbc,4d35925f-dc08-4701-9635-b21566f083c8,2026-03-19,day,8.0
f417b5ed-1a51-4f23-9cb6-1ffdb8d03875,4d35925f-dc08-4701-9635-b21566f083c8,2026-03-20,day,8.0
5595c2d1-d2f6-43b2-8531-4f26831549f1,4d35925f-dc08-4701-9635-b21566f083c8,2026-03-23,night,12.0
5c677a51-1552-471f-83e4-fd000c1856b4,4d35925f-dc08-4701-9635-b21566f083c8,2026-03-24,day,9.5
0f59cde2-b0f3-4034-ae64-fc2921583b1c,4d35925f-dc08-4701-9635-b21566f083c8,2026-03-25,night,10.0
763f32fe-0670-4841-babe-e8a297035e95,4d35925f-dc08-4701-9635-b21566f083c8,2026-03-26,day,8.0
01c074ac-98ed-4e22-a23f-f10b05e39889,4d35925f-dc08-4701-9635-b21566f083c8,2026-03-27,day,8.0
f8f57d6c-dbdf-4aa8-a469-a5b643c748a6,4d35925f-dc08-4701-9635-b21566f083c8,2026-03-30,day,8.5
4e3790b1-e2c1-4521-88a8-d308ee98a32c,4d35925f-dc08-4701-9635-b21566f083c8,2026-03-31,day,8.5
36b33d6d-ef09-4814-84ae-5c91133a423c,4d35925f-dc08-4701-9635-b21566f083c8,2026-04-01,day,8.0
e69346b9-562d-449f-8c7a-10e4e7f049ea,4d35925f-dc08-4701-9635-b21566f083c8,2026-04-02,night,10.5
42d76e5c-91d7-4768-96af-1333267eb27a,4d35925f-dc08-4701-9635-b21566f083c8,2026-04-03,day,8.0
aeafce33-3844-4ca1-b530-99569fe4558a,4d35925f-dc08-4701-9635-b21566f083c8,2026-04-06,day,9.0
7667e698-5f82-4c3a-bf50-494cf11d4c06,4d35925f-dc08-4701-9635-b21566f083c8,2026-04-07,day,8.0
fd5cf16e-18fa-4c50-85a2-ecb22ddce5ec,4d35925f-dc08-4701-9635-b21566f083c8,2026-04-08,day,8.0
158bacef-2ce2-4abc-9fbb-97e02c0fb99b,4d35925f-dc08-4701-9635-b21566f083c8,2026-04-09,day,8.0
1da3e3c0-6510-4fa9-8390-03c79c1d36a4,4d35925f-dc08-4701-9635-b21566f083c8,2026-04-10,night,10.0
d6a1a85b-1b96-4c52-8e0a-5181cb078b03,4d35925f-dc08-4701-9635-b21566f083c8,2026-04-13,day,8.0
bfbaa1d0-7b80-4b9e-8a09-d7e4972a44aa,4d35925f-dc08-4701-9635-b21566f083c8,2026-04-14,day,8.0
1451b4db-bdf0-4bd4-8a87-acd0c88bc105,4d35925f-dc08-4701-9635-b21566f083c8,2026-04-15,extended,14.6
712a1925-2cfa-46d3-8322-0eb9bc37d379,4d35925f-dc08-4701-9635-b21566f083c8,2026-04-16,day,8.0
b7c552d5-40f3-44b1-b717-0c525b643e29,4d35925f-dc08-4701-9635-b21566f083c8,2026-04-17,day,8.5
43c133d3-bd40-4c18-a249-ba9af37a9566,4d35925f-dc08-4701-9635-b21566f083c8,2026-04-20,night,10.0
52481ee3-e265-4a21-b609-ab4c92a3a58a,4d35925f-dc08-4701-9635-b21566f083c8,2026-04-21,extended,13.9
87f77c92-d281-4655-a801-8d277c22d2b1,4d35925f-dc08-4701-9635-b21566f083c8,2026-04-22,extended,15.5
7079b889-c036-463f-a2b7-009212439226,4d35925f-dc08-4701-9635-b21566f083c8,2026-04-23,night,10.0
edf15972-c63b-4245-9c1c-e25115bc8336,4d35925f-dc08-4701-9635-b21566f083c8,2026-04-24,day,8.0
39ec3447-4c22-4bd6-bdde-b63a8683a7f9,4d35925f-dc08-4701-9635-b21566f083c8,2026-04-25,day,8.5
be6fca87-8083-4c39-baff-ee974f86c2ce,4d35925f-dc08-4701-9635-b21566f083c8,2026-04-27,day,9.0
63158635-48ef-4c1f-ab5b-e5694f99136e,4d35925f-dc08-4701-9635-b21566f083c8,2026-04-28,day,9.0
e9ff5045-316c-4a53-ad08-e86f60944f0f,4d35925f-dc08-4701-9635-b21566f083c8,2026-04-29,night,10.0
e3d3e28e-fa74-4b1b-ac85-d7123c29ec7a,4d35925f-dc08-4701-9635-b21566f083c8,2026-04-30,day,9.5
8a6feb1b-29fc-4a7d-8a10-952e162e599b,4d35925f-dc08-4701-9635-b21566f083c8,2026-05-01,day,8.0
6cffc739-e20a-4691-b801-febcc34bcdf4,4d35925f-dc08-4701-9635-b21566f083c8,2026-05-02,day,9.5
dfec1d51-fcfe-405b-9dac-ee242daa536f,4d35925f-dc08-4701-9635-b21566f083c8,2026-05-04,day,8.0
f9157ad3-de45-4b90-a079-40cf2f2e4aa0,4d35925f-dc08-4701-9635-b21566f083c8,2026-05-05,day,8.0
28d11f72-bb86-4800-a1a5-a5026cae1be8,4d35925f-dc08-4701-9635-b21566f083c8,2026-05-06,extended,14.3
76bc5daf-3839-4930-95aa-9b0cdad3149a,4d35925f-dc08-4701-9635-b21566f083c8,2026-05-07,night,10.0
aae2ab8c-2b3f-40ca-8ea7-8d69fa565647,4d35925f-dc08-4701-9635-b21566f083c8,2026-05-08,day,8.0
e90418ed-bf0a-4409-b600-d3f19e31d2e8,4d35925f-dc08-4701-9635-b21566f083c8,2026-05-09,day,9.0
81762830-cd63-4df7-a24e-ee2599b6b0ce,4d35925f-dc08-4701-9635-b21566f083c8,2026-05-11,day,8.0
578ff533-edf0-40cc-b016-81b0345e2b07,4d35925f-dc08-4701-9635-b21566f083c8,2026-05-12,day,9.0
89fbc32a-9ed4-47e3-8896-6020ff2a1005,4d35925f-dc08-4701-9635-b21566f083c8,2026-05-13,day,8.0
2bb7117a-83fe-48c9-b64c-78b7f1eae3f6,4d35925f-dc08-4701-9635-b21566f083c8,2026-05-14,day,8.0
7d328115-99ba-450b-b245-32b710112753,4d35925f-dc08-4701-9635-b21566f083c8,2026-05-15,day,8.0
2fcb7cd4-bb2c-49ec-9aaf-d1972901167a,4d35925f-dc08-4701-9635-b21566f083c8,2026-05-18,night,10.5
66d9d14d-507d-4cd6-9924-2a40a7dd94cd,4d35925f-dc08-4701-9635-b21566f083c8,2026-05-19,night,10.0
2c76b401-4e9d-452e-86d7-99f8d8043353,4d35925f-dc08-4701-9635-b21566f083c8,2026-05-20,day,9.5
3d64e9c0-da94-4b8b-9cb7-53ea614196dd,4d35925f-dc08-4701-9635-b21566f083c8,2026-05-21,extended,15.7
fbb5ba3e-dba6-4335-92ad-211152bc4317,4d35925f-dc08-4701-9635-b21566f083c8,2026-05-22,day,8.5
32abe634-bffb-46f9-93fa-f76ee46fd412,4d35925f-dc08-4701-9635-b21566f083c8,2026-05-23,day,8.0
449fb98a-fca1-409c-aac7-01269e2b3a18,4d35925f-dc08-4701-9635-b21566f083c8,2026-05-25,extended,14.3
e2132185-f3f6-4d98-9a55-820bbf19351c,4d35925f-dc08-4701-9635-b21566f083c8,2026-05-26,day,8.0
8a6469a6-aa6d-4421-aaad-e5193b6dfed7,4d35925f-dc08-4701-9635-b21566f083c8,2026-05-27,day,8.0
c37acb7d-8242-42de-b283-06e05c769eee,4d35925f-dc08-4701-9635-b21566f083c8,2026-05-28,day,9.0
e452c7c2-bd01-49d6-aaf6-a639358217aa,4d35925f-dc08-4701-9635-b21566f083c8,2026-05-29,extended,14.6
18f72c4e-2d29-4e50-af39-60ac002d75f9,4d35925f-dc08-4701-9635-b21566f083c8,2026-05-31,day,9.5
43ccc93f-846e-499f-892e-3f184b0bacfd,4d35925f-dc08-4701-9635-b21566f083c8,2026-06-01,day,9.0
4e7e6174-48c6-4a6a-8773-a871639ec86e,4d35925f-dc08-4701-9635-b21566f083c8,2026-06-02,extended,15.1
673bdc9c-4c7a-4ef6-b82f-c2c1017f9d2c,4d35925f-dc08-4701-9635-b21566f083c8,2026-06-03,day,8.0
c5e91e07-af5b-4c0c-a45d-fe20d980bbde,4d35925f-dc08-4701-9635-b21566f083c8,2026-06-04,day,8.0
1fd38bf1-89ed-427b-b20c-0e243d305bba,4d35925f-dc08-4701-9635-b21566f083c8,2026-06-05,extended,15.5
8bf8499b-459f-4a0b-b153-a61a6aaa9d57,4d35925f-dc08-4701-9635-b21566f083c8,2026-06-08,day,8.0
1a8534ae-ee5b-439c-9a63-5f31a997f55b,4d35925f-dc08-4701-9635-b21566f083c8,2026-06-09,night,10.0
b5209263-b423-41f2-8d0c-51dd842d290e,4d35925f-dc08-4701-9635-b21566f083c8,2026-06-10,day,8.0
f8edf4a3-96c6-4cce-b34e-050596a1d7a4,4d35925f-dc08-4701-9635-b21566f083c8,2026-06-11,day,8.0
69acc678-040f-4e26-a579-3899eac02958,4d35925f-dc08-4701-9635-b21566f083c8,2026-06-12,extended,14.9
57754c20-6f84-49a8-a941-eba16c8b6e9d,4d35925f-dc08-4701-9635-b21566f083c8,2026-06-15,day,8.0
24cd2d68-548e-4ddd-8111-c33f4c04a1c3,4d35925f-dc08-4701-9635-b21566f083c8,2026-06-16,day,8.0
55f4d7eb-d58d-418a-ab32-25ff7dc6e75e,4d35925f-dc08-4701-9635-b21566f083c8,2026-06-17,day,8.0
cfa07f0e-0302-4a9e-a398-2b43f74424da,4d35925f-dc08-4701-9635-b21566f083c8,2026-06-18,day,8.0
75f837c2-9781-4e2c-aa67-0eae712388cd,4d35925f-dc08-4701-9635-b21566f083c8,2026-06-19,night,10.5
b2813635-82c4-41b3-a563-8ec22989963f,4d35925f-dc08-4701-9635-b21566f083c8,2026-06-22,night,11.0
0b27c3b0-0bf4-4d2d-b567-e3897efffec9,4d35925f-dc08-4701-9635-b21566f083c8,2026-06-23,day,8.0
6fa46b0b-bafd-4ff3-89a2-807593fbb3cd,4d35925f-dc08-4701-9635-b21566f083c8,2026-06-24,day,8.0
0ff7db39-f32a-4c0e-8dd8-73cafd99a40c,4d35925f-dc08-4701-9635-b21566f083c8,2026-06-25,day,8.0
76701910-c614-4872-b8c5-99dfd3f59ec2,4d35925f-dc08-4701-9635-b21566f083c8,2026-06-26,day,8.0
c79ab637-9d6b-46d9-9441-16d6f38f42bd,4d35925f-dc08-4701-9635-b21566f083c8,2026-06-28,extended,13.6
1e0bb817-5ea8-41b1-b5fc-81d4b858de08,4d35925f-dc08-4701-9635-b21566f083c8,2026-06-29,night,10.0
fad988ba-9027-49e0-ad3c-6213d8cf00f3,1ccca2ef-bafe-4608-8c90-ca915483641f,2026-01-01,day,8.5
6a2110a9-307b-44ff-96a8-b53455b752ea,1ccca2ef-bafe-4608-8c90-ca915483641f,2026-01-02,night,10.0
0447f781-f40b-4df2-984f-21456857a702,1ccca2ef-bafe-4608-8c90-ca915483641f,2026-01-05,day,8.0
6fa2ecf7-5e93-4d10-91fb-2b62f66f33d8,1ccca2ef-bafe-4608-8c90-ca915483641f,2026-01-06,day,8.5
e33aa2b2-3a7f-4ecd-a056-5627798ff5b4,1ccca2ef-bafe-4608-8c90-ca915483641f,2026-01-07,day,8.0
0ba70817-53c9-43d0-8cbb-2c2762236697,1ccca2ef-bafe-4608-8c90-ca915483641f,2026-01-08,day,8.0
42ad6a47-9de6-4035-8be1-bf8b636801ef,1ccca2ef-bafe-4608-8c90-ca915483641f,2026-01-09,day,8.5
104309c5-b407-4de0-8a10-23a300476a54,1ccca2ef-bafe-4608-8c90-ca915483641f,2026-01-10,night,10.0
dc673f76-ea08-4ecd-a903-3fd97a430f79,1ccca2ef-bafe-4608-8c90-ca915483641f,2026-01-11,night,12.0
3dcaa948-030b-4374-b019-2dfa77aa30ad,1ccca2ef-bafe-4608-8c90-ca915483641f,2026-01-12,day,9.5
2e37214a-a4c9-414c-868e-77f85f5bbcb6,1ccca2ef-bafe-4608-8c90-ca915483641f,2026-01-13,extended,15.1
0672ac43-23c8-48b1-9779-730f63f638e9,1ccca2ef-bafe-4608-8c90-ca915483641f,2026-01-14,day,9.0
672b4f62-6f63-4f5e-a9a4-0a9f19992e7c,1ccca2ef-bafe-4608-8c90-ca915483641f,2026-01-15,day,8.0
40c65f8a-94d0-4b2d-929c-8d75ffef9358,1ccca2ef-bafe-4608-8c90-ca915483641f,2026-01-16,day,8.0
6d01cd77-aa92-482e-a1e2-d2d3818561e5,1ccca2ef-bafe-4608-8c90-ca915483641f,2026-01-19,day,9.0
10878aae-fb21-40ad-a993-723668bf9b76,1ccca2ef-bafe-4608-8c90-ca915483641f,2026-01-20,day,8.0
96ae415a-2c2f-4de6-81ac-7252fe561d22,1ccca2ef-bafe-4608-8c90-ca915483641f,2026-01-21,day,8.0
503b50a8-8703-498e-827e-80bba22c3b1c,1ccca2ef-bafe-4608-8c90-ca915483641f,2026-01-22,day,8.0
db09ce57-2dda-49ff-a1ca-74aff4130638,1ccca2ef-bafe-4608-8c90-ca915483641f,2026-01-23,day,8.0
fa451923-51e3-4521-89b6-c6db72a09f1a,1ccca2ef-bafe-4608-8c90-ca915483641f,2026-01-25,night,10.0
b698f16f-743d-43a3-91e7-4526c0083f7f,1ccca2ef-bafe-4608-8c90-ca915483641f,2026-01-26,day,8.0
77846c17-96b8-41bf-a666-a74535373ebd,1ccca2ef-bafe-4608-8c90-ca915483641f,2026-01-27,extended,13.7
35f9c8e0-e86d-4a71-a5b8-047c910e6dda,1ccca2ef-bafe-4608-8c90-ca915483641f,2026-01-28,day,8.0
7efcf26a-ff11-4fd8-b174-da5ab08408f8,1ccca2ef-bafe-4608-8c90-ca915483641f,2026-01-29,day,8.0
5106503a-00e2-43d2-8967-12ea479ebea6,1ccca2ef-bafe-4608-8c90-ca915483641f,2026-01-30,night,11.0
10d2b240-482d-41f5-9d28-189a1771ec94,1ccca2ef-bafe-4608-8c90-ca915483641f,2026-02-02,day,8.0
37276966-0f76-497e-85ed-68d68b014c81,1ccca2ef-bafe-4608-8c90-ca915483641f,2026-02-03,day,8.0
fc49b440-5a43-4ae7-9b1d-3af234b46fcd,1ccca2ef-bafe-4608-8c90-ca915483641f,2026-02-04,day,8.0
c0a9044b-9ce7-41f7-b912-316ead96728c,1ccca2ef-bafe-4608-8c90-ca915483641f,2026-02-05,night,10.0
d82d3251-c175-490c-aa97-1cd03e938524,1ccca2ef-bafe-4608-8c90-ca915483641f,2026-02-06,day,8.0
336753ca-c430-4c73-a3b6-2864e7051196,1ccca2ef-bafe-4608-8c90-ca915483641f,2026-02-08,day,8.5
966aebdf-43a2-49b2-b4c8-1efb4ca26848,1ccca2ef-bafe-4608-8c90-ca915483641f,2026-02-09,day,8.0
7155c1ae-85ad-43c7-bfd1-dd2b40152c8f,1ccca2ef-bafe-4608-8c90-ca915483641f,2026-02-10,day,8.5
64c4ff58-52b8-4edf-a76f-b7ceecd61fed,1ccca2ef-bafe-4608-8c90-ca915483641f,2026-02-11,day,8.0
848650ee-ea87-4310-957a-b5f02bacd340,1ccca2ef-bafe-4608-8c90-ca915483641f,2026-02-12,day,8.5
d64da003-3906-4353-8300-86b416b2e2f6,1ccca2ef-bafe-4608-8c90-ca915483641f,2026-02-13,night,10.0
12e528bc-82d6-4da4-8e77-12ec1e6a912b,1ccca2ef-bafe-4608-8c90-ca915483641f,2026-02-15,night,12.0
92dbf882-1956-4e33-afe1-6ff1d41b478d,1ccca2ef-bafe-4608-8c90-ca915483641f,2026-02-16,day,8.0
00226a6e-c947-4d84-ad41-b8a01734bbce,1ccca2ef-bafe-4608-8c90-ca915483641f,2026-02-17,extended,15.0
7fc0c1e1-c8b3-410a-a671-03c7f4908d03,1ccca2ef-bafe-4608-8c90-ca915483641f,2026-02-18,extended,14.9
47a90888-a869-4159-afe5-eef5269eabcb,1ccca2ef-bafe-4608-8c90-ca915483641f,2026-02-19,day,8.5
e8834bdb-493b-4f10-b014-2e535ef14e3a,1ccca2ef-bafe-4608-8c90-ca915483641f,2026-02-20,day,8.0
1f0ca831-8bc3-4662-8981-ef41a2dd6dc4,1ccca2ef-bafe-4608-8c90-ca915483641f,2026-02-21,day,8.0
59249428-f233-4d2c-aa94-0caa7a9da11a,1ccca2ef-bafe-4608-8c90-ca915483641f,2026-02-23,night,10.0
1d979f6f-edd7-4c0d-858a-6e9d66b2335c,1ccca2ef-bafe-4608-8c90-ca915483641f,2026-02-24,day,8.0
49e77a5e-33a7-4405-9838-ae95eb80a21b,1ccca2ef-bafe-4608-8c90-ca915483641f,2026-02-25,day,8.0
82e90cdf-cf7c-4286-b7c5-2c472348d852,1ccca2ef-bafe-4608-8c90-ca915483641f,2026-02-26,night,10.5
df761640-5a4a-4e98-b565-25d72a789eff,1ccca2ef-bafe-4608-8c90-ca915483641f,2026-02-27,day,8.5
54c6de60-b752-41f4-a5e6-7c9061a18c87,1ccca2ef-bafe-4608-8c90-ca915483641f,2026-02-28,day,9.0
074755c5-9549-42f3-90f4-89a03de193d0,1ccca2ef-bafe-4608-8c90-ca915483641f,2026-03-01,day,8.0
02dc052e-0a4a-4fb9-9500-b46c09dbf8c3,1ccca2ef-bafe-4608-8c90-ca915483641f,2026-03-02,day,8.0
249bf900-bff5-4f27-a59f-02777634cb8d,1ccca2ef-bafe-4608-8c90-ca915483641f,2026-03-03,day,9.0
3b292bad-36c7-4c3a-9a40-31c355a70bf0,1ccca2ef-bafe-4608-8c90-ca915483641f,2026-03-04,day,9.0
f146f291-bf2b-4b06-875d-3a3388d38fe4,1ccca2ef-bafe-4608-8c90-ca915483641f,2026-03-05,extended,12.9
4e94f42d-35ba-4017-ace4-9ac7b1e2ace5,1ccca2ef-bafe-4608-8c90-ca915483641f,2026-03-06,day,8.5
377051b0-390c-43c3-b1df-61aca4d34e53,1ccca2ef-bafe-4608-8c90-ca915483641f,2026-03-08,day,9.0
1d90bbd4-bbf5-487f-86fc-7d269ec366a1,1ccca2ef-bafe-4608-8c90-ca915483641f,2026-03-09,night,12.0
c77f95aa-7dcd-434f-be97-15dda1a28f2d,1ccca2ef-bafe-4608-8c90-ca915483641f,2026-03-10,day,8.0
29da7e5a-307a-4292-95fb-7920872c00d8,1ccca2ef-bafe-4608-8c90-ca915483641f,2026-03-11,day,8.0
631ad807-1515-4dca-98fd-4a3e28838a15,1ccca2ef-bafe-4608-8c90-ca915483641f,2026-03-12,day,8.0
f99e1bc5-27ea-4e26-a7a2-992c895232d3,1ccca2ef-bafe-4608-8c90-ca915483641f,2026-03-13,night,10.0
8fc4cbba-95c8-481b-b9ec-c61889b5a801,1ccca2ef-bafe-4608-8c90-ca915483641f,2026-03-16,day,8.0
29248105-8e3b-4c21-a609-d5b29a3298c6,1ccca2ef-bafe-4608-8c90-ca915483641f,2026-03-17,day,8.5
10b967b5-b6b5-4690-8a4f-c114a4e21e9b,1ccca2ef-bafe-4608-8c90-ca915483641f,2026-03-18,day,9.0
fb06aafb-8aab-4d86-890c-15b732308f81,1ccca2ef-bafe-4608-8c90-ca915483641f,2026-03-19,day,8.0
46c7b80e-eaaa-4f3f-a57c-9a3d1ab8234e,1ccca2ef-bafe-4608-8c90-ca915483641f,2026-03-20,day,9.0
9bcd3c63-4dfa-4807-aa9b-0990eb817b3e,1ccca2ef-bafe-4608-8c90-ca915483641f,2026-03-22,extended,13.9
d6ad3152-cae4-4c7d-a6d2-bed458998f7f,1ccca2ef-bafe-4608-8c90-ca915483641f,2026-03-23,day,8.0
719c7e90-84e5-48c6-8e53-7badbef6dcc1,1ccca2ef-bafe-4608-8c90-ca915483641f,2026-03-24,day,8.0
a1d44b67-6814-4016-9a18-ef437069d0c3,1ccca2ef-bafe-4608-8c90-ca915483641f,2026-03-25,day,8.0
1c53e779-deec-4468-acec-b70433e36639,1ccca2ef-bafe-4608-8c90-ca915483641f,2026-03-26,day,8.0
bcb32036-0aca-45fd-9ae6-9b9f1cae23d0,1ccca2ef-bafe-4608-8c90-ca915483641f,2026-03-27,day,8.0
79fa2664-ca61-41d4-aa8e-a35cddf057a1,1ccca2ef-bafe-4608-8c90-ca915483641f,2026-03-28,night,10.0
292eee2f-6ea5-4b43-b657-99d7a635786e,1ccca2ef-bafe-4608-8c90-ca915483641f,2026-03-29,night,10.0
36634758-692d-4c34-902a-5b4d439713b2,1ccca2ef-bafe-4608-8c90-ca915483641f,2026-03-30,day,8.0
cdad00c6-984e-485a-95d1-51bf4c2943e2,1ccca2ef-bafe-4608-8c90-ca915483641f,2026-03-31,day,8.5
a6403357-a393-4d8b-912d-6d44dda79850,1ccca2ef-bafe-4608-8c90-ca915483641f,2026-04-01,day,8.5
ebdabe33-b0e3-4081-aa9a-7dc4d1c3670b,1ccca2ef-bafe-4608-8c90-ca915483641f,2026-04-02,day,8.5
d96282b0-f65d-45a2-8669-4ea5f66fb2fa,1ccca2ef-bafe-4608-8c90-ca915483641f,2026-04-03,day,8.0
a903d919-f99e-4248-92af-ca9ffa745d2d,1ccca2ef-bafe-4608-8c90-ca915483641f,2026-04-06,night,11.0
20630d5d-74c9-4c2f-99db-1df78856c972,1ccca2ef-bafe-4608-8c90-ca915483641f,2026-04-07,day,9.0
a5c471d5-7c3e-4a19-954c-5fd6a857fe8f,1ccca2ef-bafe-4608-8c90-ca915483641f,2026-04-08,day,8.5
7771f426-0059-47fb-8a1c-e1847b63e223,1ccca2ef-bafe-4608-8c90-ca915483641f,2026-04-09,extended,14.9
a20a611d-ec0d-4fab-94fc-99b9bc853881,1ccca2ef-bafe-4608-8c90-ca915483641f,2026-04-10,day,8.5
d9e5d13a-5428-4e28-8492-5042a88570df,1ccca2ef-bafe-4608-8c90-ca915483641f,2026-04-13,night,12.0
d0efa03b-e6a1-4435-a7ef-c4f547c32dcd,1ccca2ef-bafe-4608-8c90-ca915483641f,2026-04-14,day,8.0
cf6aab2e-7ac3-400b-a848-4fb9935b2d91,1ccca2ef-bafe-4608-8c90-ca915483641f,2026-04-15,day,8.5
5c537730-af7b-4880-b141-e7b6dfb46d16,1ccca2ef-bafe-4608-8c90-ca915483641f,2026-04-16,day,8.0
f222f922-b044-425e-9d10-d0b4a41e44ed,1ccca2ef-bafe-4608-8c90-ca915483641f,2026-04-17,day,8.5
00688c1e-a571-49cf-8285-7b9b62539d8e,1ccca2ef-bafe-4608-8c90-ca915483641f,2026-04-20,night,10.0
1093cf27-5dee-4d93-a90d-437b4f5b6d8b,1ccca2ef-bafe-4608-8c90-ca915483641f,2026-04-21,extended,14.6
1b5e1004-00e1-46cc-b47f-5050ebb496a7,1ccca2ef-bafe-4608-8c90-ca915483641f,2026-04-22,day,8.0
07b855a7-6800-4438-82ec-e64de8347ca7,1ccca2ef-bafe-4608-8c90-ca915483641f,2026-04-23,day,8.0
50da4fb2-94e9-4023-a8bd-2e704c48d3c4,1ccca2ef-bafe-4608-8c90-ca915483641f,2026-04-24,day,8.0
cbbc3ba5-2531-4b14-9920-dbdba8377f89,1ccca2ef-bafe-4608-8c90-ca915483641f,2026-04-26,day,8.0
3b2c4dfe-a67b-4c36-9202-70336ab9946d,1ccca2ef-bafe-4608-8c90-ca915483641f,2026-04-27,day,8.0
02f32518-2d0b-43f5-b89d-3a7ec3bb600f,1ccca2ef-bafe-4608-8c90-ca915483641f,2026-04-28,day,8.5
1a38ba5c-4eb7-4586-9619-653527f53201,1ccca2ef-bafe-4608-8c90-ca915483641f,2026-04-29,night,10.5
7ed8f349-e9d0-4316-8a6b-1a7cc7e82133,1ccca2ef-bafe-4608-8c90-ca915483641f,2026-04-30,extended,14.0
ade059ac-0c4e-4dad-8430-39ec2fac8732,1ccca2ef-bafe-4608-8c90-ca915483641f,2026-05-01,night,12.0
befec1d9-d4ee-47dd-96ef-a0906443437e,1ccca2ef-bafe-4608-8c90-ca915483641f,2026-05-03,day,8.0
ff59f060-10ad-4641-b481-e978f54076ff,1ccca2ef-bafe-4608-8c90-ca915483641f,2026-05-04,day,8.0
c38ce2b8-21f3-42fb-b6d6-b0c012274504,1ccca2ef-bafe-4608-8c90-ca915483641f,2026-05-05,night,10.5
b9f054ac-c0cd-4b08-961c-2b3b43a2067d,1ccca2ef-bafe-4608-8c90-ca915483641f,2026-05-06,day,8.0
b884d076-67a9-4517-8fa7-0c89cddfe574,1ccca2ef-bafe-4608-8c90-ca915483641f,2026-05-07,day,8.5
823ca423-0989-4280-a012-124b360937f4,1ccca2ef-bafe-4608-8c90-ca915483641f,2026-05-08,day,8.5
84dda668-7fa6-4eda-9f4f-ca873359cddb,1ccca2ef-bafe-4608-8c90-ca915483641f,2026-05-09,day,8.0
22eb2858-c950-46e3-91f8-a9af8f01cad1,1ccca2ef-bafe-4608-8c90-ca915483641f,2026-05-10,day,9.0
087251a7-08b7-4f75-911f-653570999026,1ccca2ef-bafe-4608-8c90-ca915483641f,2026-05-11,night,10.0
e4c0c7d9-8e23-4a50-b947-c943092dcb8f,1ccca2ef-bafe-4608-8c90-ca915483641f,2026-05-12,day,8.0
9b0d277f-3b89-442c-9e40-f5e03e86fa87,1ccca2ef-bafe-4608-8c90-ca915483641f,2026-05-13,extended,13.8
54e786de-1486-4325-8b99-0e932f471338,1ccca2ef-bafe-4608-8c90-ca915483641f,2026-05-14,extended,14.3
677f0f6d-1686-47a8-87b6-e6e70c138a24,1ccca2ef-bafe-4608-8c90-ca915483641f,2026-05-15,day,8.5
25eafd1d-58ef-413e-9ca8-a79a6b7f880a,1ccca2ef-bafe-4608-8c90-ca915483641f,2026-05-16,day,8.0
1596c152-7aa0-4341-a5b5-ba91000fa923,1ccca2ef-bafe-4608-8c90-ca915483641f,2026-05-18,extended,14.9
aeeb6513-d4f7-4894-82fb-9c53f1ae13e8,1ccca2ef-bafe-4608-8c90-ca915483641f,2026-05-19,extended,15.2
ed38ad5b-af56-4ac3-865a-328d671999d7,1ccca2ef-bafe-4608-8c90-ca915483641f,2026-05-20,night,10.0
42dd23d1-f49f-4904-a1c8-a0fe96412d21,1ccca2ef-bafe-4608-8c90-ca915483641f,2026-05-21,day,8.0
b26c31c2-6823-42d9-ac3b-f5262f3b87cd,1ccca2ef-bafe-4608-8c90-ca915483641f,2026-05-22,day,8.0
42965137-7d4f-48ff-8db9-69f2d2b0e414,1ccca2ef-bafe-4608-8c90-ca915483641f,2026-05-25,day,8.5
e5f04665-0f10-4188-ad2a-7b18f47b5c18,1ccca2ef-bafe-4608-8c90-ca915483641f,2026-05-26,day,9.5
4731f2ad-2bcb-4611-b3ca-aadf987d844c,1ccca2ef-bafe-4608-8c90-ca915483641f,2026-05-27,day,8.0
a63433cc-f513-4adc-aa1c-f33e63f408fe,1ccca2ef-bafe-4608-8c90-ca915483641f,2026-05-28,day,8.0
462bbacd-f9a3-4261-b5e3-124235f47d5c,1ccca2ef-bafe-4608-8c90-ca915483641f,2026-05-29,day,8.0
dc10db0f-e40e-4a10-a1cb-5c73501e9cb6,1ccca2ef-bafe-4608-8c90-ca915483641f,2026-05-30,night,10.5
09840624-167b-4c6d-b1f1-f76207f6be63,1ccca2ef-bafe-4608-8c90-ca915483641f,2026-06-01,day,9.0
766c79d3-132b-4603-bcfb-77a2ca4d3e7b,1ccca2ef-bafe-4608-8c90-ca915483641f,2026-06-02,extended,14.9
a9a84dbb-8168-4e29-9649-3a982cfd54ef,1ccca2ef-bafe-4608-8c90-ca915483641f,2026-06-03,day,8.0
0bc81935-385f-41ad-a239-24cfd06ed285,1ccca2ef-bafe-4608-8c90-ca915483641f,2026-06-04,day,9.0
ee1394f9-0152-429a-bb21-575dc7a20011,1ccca2ef-bafe-4608-8c90-ca915483641f,2026-06-05,night,12.0
ba23f1e0-6b44-4cfd-bdac-03acaf0dc3fb,1ccca2ef-bafe-4608-8c90-ca915483641f,2026-06-08,day,8.5
115005f2-66d0-405f-8e4d-e069442828bd,1ccca2ef-bafe-4608-8c90-ca915483641f,2026-06-09,day,9.0
a9dcb23d-d256-4dac-b396-2cc36f9de9a6,1ccca2ef-bafe-4608-8c90-ca915483641f,2026-06-10,extended,13.8
9633b9a8-3985-48e4-bb29-272c8b5c55b3,1ccca2ef-bafe-4608-8c90-ca915483641f,2026-06-11,night,11.0
59874c4d-7a23-483d-a011-9afb5e3c3b71,1ccca2ef-bafe-4608-8c90-ca915483641f,2026-06-12,day,8.0
f01f0194-7595-4078-a06b-c8618c811334,1ccca2ef-bafe-4608-8c90-ca915483641f,2026-06-14,extended,14.3
8d18882a-18fa-489e-81dd-0f9b759fdcbf,1ccca2ef-bafe-4608-8c90-ca915483641f,2026-06-15,day,9.5
ee16c0ce-2337-4b89-9cba-975067ae5560,1ccca2ef-bafe-4608-8c90-ca915483641f,2026-06-16,extended,14.8
2b06dd18-81c9-48d4-be9a-8123c998074a,1ccca2ef-bafe-4608-8c90-ca915483641f,2026-06-17,day,8.0
a78f4673-a339-45f7-8f22-db7f90713f5c,1ccca2ef-bafe-4608-8c90-ca915483641f,2026-06-18,day,8.0
a4528ad7-6b16-4a9b-bd6e-7df5070e2a90,1ccca2ef-bafe-4608-8c90-ca915483641f,2026-06-19,day,8.0
33edb41f-a2aa-4fd4-97d1-727b71db47e8,1ccca2ef-bafe-4608-8c90-ca915483641f,2026-06-22,night,11.0
21e8d57a-e5e3-4807-b3d2-ebeedd6027fe,1ccca2ef-bafe-4608-8c90-ca915483641f,2026-06-23,day,9.0
bd3a498a-68fd-4c60-a465-d50c2f14faf4,1ccca2ef-bafe-4608-8c90-ca915483641f,2026-06-24,extended,14.7
9a38b51c-a750-42fd-b0b0-94eed427566a,1ccca2ef-bafe-4608-8c90-ca915483641f,2026-06-25,day,8.0
d8fea10b-b211-43db-9b70-fcfe4fb09313,1ccca2ef-bafe-4608-8c90-ca915483641f,2026-06-26,day,8.5
fb64685a-7953-4542-b9c2-ddd066d4ac43,1ccca2ef-bafe-4608-8c90-ca915483641f,2026-06-29,day,8.5
409897ab-7968-40ad-b7e0-28f4183332b8,4d50a6b5-8fdd-4d91-add7-70f9fca5875e,2026-01-01,night,10.0
4d74738d-1a59-4f96-b862-4af8dc6772f2,4d50a6b5-8fdd-4d91-add7-70f9fca5875e,2026-01-02,day,9.0
f658b20e-a32d-4f0a-90a0-1491cce87045,4d50a6b5-8fdd-4d91-add7-70f9fca5875e,2026-01-03,day,9.0
ba04e007-f2af-46a3-b88c-dc2a37e69d38,4d50a6b5-8fdd-4d91-add7-70f9fca5875e,2026-01-05,day,9.5
29d52b18-3bd0-4f86-9245-989d922d0c5c,4d50a6b5-8fdd-4d91-add7-70f9fca5875e,2026-01-06,day,8.0
059cee18-e819-4bc2-8d73-f4354d1f55a1,4d50a6b5-8fdd-4d91-add7-70f9fca5875e,2026-01-07,night,10.0
a0c055c7-a896-4266-8b1a-5e825292f22b,4d50a6b5-8fdd-4d91-add7-70f9fca5875e,2026-01-08,day,8.0
25a46b80-f144-4d78-988c-a51e5528bc01,4d50a6b5-8fdd-4d91-add7-70f9fca5875e,2026-01-09,day,8.5
c255378f-bbe7-4ee3-b41a-045ee6e869de,4d50a6b5-8fdd-4d91-add7-70f9fca5875e,2026-01-12,night,10.5
a1c5af47-3ef5-4c39-b6e6-632f50929577,4d50a6b5-8fdd-4d91-add7-70f9fca5875e,2026-01-13,day,8.0
242d9067-9828-45d1-a5d9-b33d9ae494ad,4d50a6b5-8fdd-4d91-add7-70f9fca5875e,2026-01-14,day,8.0
fd874a5b-044a-4f63-b4d9-9462e2fe7d17,4d50a6b5-8fdd-4d91-add7-70f9fca5875e,2026-01-15,day,8.0
a3c8154d-91fd-448e-a186-34e35fec34b6,4d50a6b5-8fdd-4d91-add7-70f9fca5875e,2026-01-16,day,8.5
252f6196-cddf-4244-8563-bc69fb49fdc4,4d50a6b5-8fdd-4d91-add7-70f9fca5875e,2026-01-17,day,8.0
3d8f898d-4933-4621-bba4-90d2332d0436,4d50a6b5-8fdd-4d91-add7-70f9fca5875e,2026-01-19,day,8.0
c17ee335-ea87-4ec4-a7cf-abe89d671dac,4d50a6b5-8fdd-4d91-add7-70f9fca5875e,2026-01-20,day,9.0
82d1f6c2-6a0b-418e-9a13-24a9adc764ce,4d50a6b5-8fdd-4d91-add7-70f9fca5875e,2026-01-21,day,9.0
95d5e5ba-afad-435a-9f1e-add15aa5ee95,4d50a6b5-8fdd-4d91-add7-70f9fca5875e,2026-01-22,day,8.5
80fbe84a-93ed-4f90-969c-08e569ef0861,4d50a6b5-8fdd-4d91-add7-70f9fca5875e,2026-01-23,night,12.0
58afda86-41f2-4d07-9f85-cbfc26913ef2,4d50a6b5-8fdd-4d91-add7-70f9fca5875e,2026-01-26,day,9.0
92c0b80a-3523-415a-811d-57fc01036b6f,4d50a6b5-8fdd-4d91-add7-70f9fca5875e,2026-01-27,day,8.0
49865f6f-9354-4b1a-b42f-739c3fa9b602,4d50a6b5-8fdd-4d91-add7-70f9fca5875e,2026-01-28,day,8.5
18e67546-a136-4788-bc7d-af26070339cf,4d50a6b5-8fdd-4d91-add7-70f9fca5875e,2026-02-09,extended,13.8
75e62aba-8fab-4128-afe6-9750e717cd11,4d50a6b5-8fdd-4d91-add7-70f9fca5875e,2026-02-10,night,10.5
b68f44aa-64d4-42c1-ba65-f84c47c22654,4d50a6b5-8fdd-4d91-add7-70f9fca5875e,2026-02-11,night,12.0
69f125ce-ebbf-4303-bcbc-69a4be0186cf,4d50a6b5-8fdd-4d91-add7-70f9fca5875e,2026-02-12,day,8.0
2e197e4a-bbac-4e53-b9fa-033d6ff03d11,4d50a6b5-8fdd-4d91-add7-70f9fca5875e,2026-02-13,day,9.0
4d41a997-9973-44e6-88c6-b9b48902518a,4d50a6b5-8fdd-4d91-add7-70f9fca5875e,2026-02-16,day,8.0
3a345db6-4920-4814-9734-a442a33450b6,4d50a6b5-8fdd-4d91-add7-70f9fca5875e,2026-02-17,day,8.5
acc040fd-a054-44bc-8c8a-5249a2cbc94d,4d50a6b5-8fdd-4d91-add7-70f9fca5875e,2026-02-18,night,12.0
c6b16c07-fa8b-4c4d-9ebf-9d78a51188fd,4d50a6b5-8fdd-4d91-add7-70f9fca5875e,2026-02-19,day,8.0
e3326e12-7d86-43b7-ae64-c3cfaf2619d6,4d50a6b5-8fdd-4d91-add7-70f9fca5875e,2026-02-20,night,10.5
bb1ba16a-1fb6-405e-aae6-9ce7b324ff96,4d50a6b5-8fdd-4d91-add7-70f9fca5875e,2026-02-23,day,8.0
55de4656-5aa9-4a61-ad92-e3332096fb8d,4d50a6b5-8fdd-4d91-add7-70f9fca5875e,2026-02-24,night,10.0
70b29830-6275-4a97-b925-3747dc0d12fe,4d50a6b5-8fdd-4d91-add7-70f9fca5875e,2026-02-25,night,10.5
79debca7-48b6-47a9-88a4-cf9b21fc65be,4d50a6b5-8fdd-4d91-add7-70f9fca5875e,2026-02-26,day,8.0
260cb894-5e9b-41c4-a811-9a0865057a81,4d50a6b5-8fdd-4d91-add7-70f9fca5875e,2026-02-27,night,10.5
bd5cad4a-0257-4cdd-87f6-9c9746c63482,4d50a6b5-8fdd-4d91-add7-70f9fca5875e,2026-03-02,day,9.0
90b0df52-0fa8-4599-a459-bc8e69ca8998,4d50a6b5-8fdd-4d91-add7-70f9fca5875e,2026-03-03,extended,15.2
bd8521e9-54fd-480a-a806-11fafb033821,4d50a6b5-8fdd-4d91-add7-70f9fca5875e,2026-03-04,day,8.5
5f40380f-664d-47b5-ac54-6d63b2e77e1b,4d50a6b5-8fdd-4d91-add7-70f9fca5875e,2026-03-05,day,8.5
2d668b5d-b6d4-413a-bb92-71ccadf15637,4d50a6b5-8fdd-4d91-add7-70f9fca5875e,2026-03-06,day,8.0
b7d0bb55-854e-4edb-9507-db0abb858c89,4d50a6b5-8fdd-4d91-add7-70f9fca5875e,2026-03-07,night,10.0
3c7fd88e-46f3-4d3b-ba25-3480a25c9c11,4d50a6b5-8fdd-4d91-add7-70f9fca5875e,2026-03-09,extended,13.9
248eab1e-f9ba-4d5c-b803-a33c6e9d0194,4d50a6b5-8fdd-4d91-add7-70f9fca5875e,2026-03-10,day,8.5
5484fcf4-3bbb-45fa-bdc9-338d1174b290,4d50a6b5-8fdd-4d91-add7-70f9fca5875e,2026-03-11,day,8.5
2bc48ca9-abfc-4cef-9894-1da5f37616c0,4d50a6b5-8fdd-4d91-add7-70f9fca5875e,2026-03-12,day,9.0
c553d165-e4cb-4cc6-bff2-e40913797407,4d50a6b5-8fdd-4d91-add7-70f9fca5875e,2026-03-13,day,8.0
ff94666e-589a-460c-b9c5-feec5f1adc8b,4d50a6b5-8fdd-4d91-add7-70f9fca5875e,2026-03-14,day,8.5
0b57894c-6a02-44d1-be4f-7d5f352f1c83,4d50a6b5-8fdd-4d91-add7-70f9fca5875e,2026-03-16,day,8.5
4cc65870-2003-40ec-85e7-968a5bbfb1c0,4d50a6b5-8fdd-4d91-add7-70f9fca5875e,2026-03-17,day,9.0
4d2f64fa-51c1-4bd0-8c6e-fd2d30cf392e,4d50a6b5-8fdd-4d91-add7-70f9fca5875e,2026-03-18,day,8.0
2e2b1345-7832-4c6a-87cc-5a39b310de6e,4d50a6b5-8fdd-4d91-add7-70f9fca5875e,2026-03-19,day,8.0
d4878060-fd67-4b27-a7b9-227ba9072c76,4d50a6b5-8fdd-4d91-add7-70f9fca5875e,2026-03-20,day,9.0
bec94028-1252-48da-a6e5-f0dcec076c73,4d50a6b5-8fdd-4d91-add7-70f9fca5875e,2026-03-23,night,11.0
d4f9af3b-7a29-4f63-8ada-c5ffbce5d52e,4d50a6b5-8fdd-4d91-add7-70f9fca5875e,2026-03-24,night,10.5
f45092fb-da46-4132-909d-512fcd42ebe6,4d50a6b5-8fdd-4d91-add7-70f9fca5875e,2026-03-25,day,8.0
cc2597ce-1f17-449a-b962-768c117e8b34,4d50a6b5-8fdd-4d91-add7-70f9fca5875e,2026-03-26,night,10.5
2d92eea6-30b2-424b-afaa-da97ed855915,4d50a6b5-8fdd-4d91-add7-70f9fca5875e,2026-03-27,day,8.0
014359ff-2c13-4386-a29d-ac8cbfd6b9e8,4d50a6b5-8fdd-4d91-add7-70f9fca5875e,2026-03-30,night,10.0
177c7750-0dad-4a65-803f-6dc60866a1d6,4d50a6b5-8fdd-4d91-add7-70f9fca5875e,2026-03-31,day,8.0
ddbbd7d1-326d-47e6-9ddf-f4c7606a5acc,4d50a6b5-8fdd-4d91-add7-70f9fca5875e,2026-04-01,day,8.5
f4bcf771-0ddf-4b95-8725-aeef3ded4a6e,4d50a6b5-8fdd-4d91-add7-70f9fca5875e,2026-04-02,day,8.0
2245508f-4c97-4f5f-980b-c9698b5a9a71,4d50a6b5-8fdd-4d91-add7-70f9fca5875e,2026-04-03,day,8.0
8e22da6c-a2f3-4c2a-a1cd-058a861a950f,4d50a6b5-8fdd-4d91-add7-70f9fca5875e,2026-04-04,day,9.5
59fb0bbe-71b5-44aa-8881-d8c856ccbd31,4d50a6b5-8fdd-4d91-add7-70f9fca5875e,2026-04-05,day,8.5
05e5b60e-2a40-4a65-a140-aa1049e1abe4,4d50a6b5-8fdd-4d91-add7-70f9fca5875e,2026-04-06,night,11.0
4a52249c-b67a-43c3-92b2-b490d46d4b11,4d50a6b5-8fdd-4d91-add7-70f9fca5875e,2026-04-07,day,8.0
2237e891-b9d9-47bf-af2d-f5e74d0f61f7,4d50a6b5-8fdd-4d91-add7-70f9fca5875e,2026-04-08,day,8.0
f1a03b8c-ccab-498d-8f28-8af97dce401b,4d50a6b5-8fdd-4d91-add7-70f9fca5875e,2026-04-09,day,8.0
46626243-4c22-42ad-aa26-b342bb81d768,4d50a6b5-8fdd-4d91-add7-70f9fca5875e,2026-04-10,night,10.0
beb5b1a1-f4d9-46ce-a9db-ae914242cd84,4d50a6b5-8fdd-4d91-add7-70f9fca5875e,2026-04-11,day,8.0
07817851-ecc0-42e1-9750-6bc5edff78cf,4d50a6b5-8fdd-4d91-add7-70f9fca5875e,2026-04-12,day,8.0
f1549db0-f732-40bb-8693-bf0966805bfb,4d50a6b5-8fdd-4d91-add7-70f9fca5875e,2026-04-13,night,10.0
44617f45-3436-406f-860b-b8364ce559f5,4d50a6b5-8fdd-4d91-add7-70f9fca5875e,2026-04-14,day,9.0
a194b959-0d67-48b0-b0cf-da7995f6418a,4d50a6b5-8fdd-4d91-add7-70f9fca5875e,2026-04-15,extended,13.7
fde96edf-8414-48a6-a4d8-659e7788d78d,4d50a6b5-8fdd-4d91-add7-70f9fca5875e,2026-04-16,day,9.5
055a1e41-7803-4fde-ac1f-f14822388311,4d50a6b5-8fdd-4d91-add7-70f9fca5875e,2026-04-17,night,11.0
ac8ab273-4f09-447f-9802-727095695d68,4d50a6b5-8fdd-4d91-add7-70f9fca5875e,2026-04-18,extended,15.0
298e9bfa-cbac-45e2-8e0f-818b7d844bbe,4d50a6b5-8fdd-4d91-add7-70f9fca5875e,2026-04-19,day,8.0
1aee1a29-c8b2-44b6-b427-ace8edcfb0c1,4d50a6b5-8fdd-4d91-add7-70f9fca5875e,2026-04-20,day,9.0
51f5196a-78f9-407d-bfe3-50a1ab86ebd0,4d50a6b5-8fdd-4d91-add7-70f9fca5875e,2026-04-21,day,8.5
eb0b45f6-1b7e-41f6-9f56-c00c871037cc,4d50a6b5-8fdd-4d91-add7-70f9fca5875e,2026-04-22,night,10.5
0a182f0a-836d-4ebe-a3a3-3da31a216859,4d50a6b5-8fdd-4d91-add7-70f9fca5875e,2026-04-23,day,8.5
e55f467d-5ac8-4ebd-ab8b-32281356c180,4d50a6b5-8fdd-4d91-add7-70f9fca5875e,2026-04-24,extended,15.2
f79e2ec3-70ae-4560-8c51-22a304e4ae00,4d50a6b5-8fdd-4d91-add7-70f9fca5875e,2026-04-25,day,8.0
91fbb1fe-5fa5-4110-b256-1e75581009c7,4d50a6b5-8fdd-4d91-add7-70f9fca5875e,2026-04-26,day,9.0
e5aef800-1f30-4dad-884f-9deab64e8d78,4d50a6b5-8fdd-4d91-add7-70f9fca5875e,2026-04-27,extended,14.1
22e3ff25-9542-4afb-83e5-991a49f00938,4d50a6b5-8fdd-4d91-add7-70f9fca5875e,2026-04-28,night,10.0
eb54b952-dc81-4e79-ab9e-6e85546bdc39,4d50a6b5-8fdd-4d91-add7-70f9fca5875e,2026-04-29,night,10.0
c365410e-36ec-4e56-b025-58ed1c65be34,4d50a6b5-8fdd-4d91-add7-70f9fca5875e,2026-04-30,day,8.0
27b21d93-dd87-4801-8ba9-ece643106f9f,4d50a6b5-8fdd-4d91-add7-70f9fca5875e,2026-05-01,day,8.0
b965e306-b902-4a64-b90d-650b19600855,4d50a6b5-8fdd-4d91-add7-70f9fca5875e,2026-05-02,day,8.0
397d8679-3536-4b21-96a4-b9beeac3e384,4d50a6b5-8fdd-4d91-add7-70f9fca5875e,2026-05-03,night,11.0
03cce061-190a-44a8-873a-e5fa0d50c6a3,4d50a6b5-8fdd-4d91-add7-70f9fca5875e,2026-05-04,night,10.0
5feaab04-b08f-434a-9e9e-384bca39a84b,4d50a6b5-8fdd-4d91-add7-70f9fca5875e,2026-05-05,night,10.0
3402fe67-9177-4e9b-bf26-49476dc61614,4d50a6b5-8fdd-4d91-add7-70f9fca5875e,2026-05-06,day,8.5
d5982bea-c0ba-4160-9690-b786ac3175a7,4d50a6b5-8fdd-4d91-add7-70f9fca5875e,2026-05-07,night,10.5
0568ab06-84b6-4f63-b313-635eb6c44a47,4d50a6b5-8fdd-4d91-add7-70f9fca5875e,2026-05-08,extended,13.5
444fe05b-8582-42ee-9183-259706c4d807,4d50a6b5-8fdd-4d91-add7-70f9fca5875e,2026-05-09,day,8.0
15ba7918-b5bf-4fd7-a685-3b45cd97cbd2,4d50a6b5-8fdd-4d91-add7-70f9fca5875e,2026-05-10,day,8.5
fcd1a4dd-71a8-40f7-bbfd-5200bf097737,4d50a6b5-8fdd-4d91-add7-70f9fca5875e,2026-05-11,day,8.5
7673519f-1391-4b16-aca8-a291384ea3eb,4d50a6b5-8fdd-4d91-add7-70f9fca5875e,2026-05-12,day,8.0
d3d9c15d-46bd-4217-bd1e-e5cd7a416735,4d50a6b5-8fdd-4d91-add7-70f9fca5875e,2026-05-13,day,8.0
eaf19342-ccb8-4fc1-bb41-1934c3b6a614,4d50a6b5-8fdd-4d91-add7-70f9fca5875e,2026-05-14,night,10.0
0d811e4d-96bf-4563-ba1e-104ed6c5bfaa,4d50a6b5-8fdd-4d91-add7-70f9fca5875e,2026-05-15,day,8.5
8ff9d667-fc8e-49bf-b9cb-4e74c61e496a,4d50a6b5-8fdd-4d91-add7-70f9fca5875e,2026-05-16,day,8.0
104757f7-bb2b-46fa-8c97-ec49f593edd8,4d50a6b5-8fdd-4d91-add7-70f9fca5875e,2026-05-17,night,10.0
39f1e2c6-3635-4de0-99ae-78a09b0a1e83,4d50a6b5-8fdd-4d91-add7-70f9fca5875e,2026-05-18,night,11.0
e47e0567-8286-44a4-9ae9-db2c785c3c09,4d50a6b5-8fdd-4d91-add7-70f9fca5875e,2026-05-19,night,12.0
28aa7a06-e4c5-4b1c-825b-2bee30963b24,4d50a6b5-8fdd-4d91-add7-70f9fca5875e,2026-05-20,extended,13.7
6908669c-0bdf-4355-9414-667b6d8d4730,4d50a6b5-8fdd-4d91-add7-70f9fca5875e,2026-05-21,extended,15.1
d858e77e-a09f-44f0-8111-246e50e6b27e,4d50a6b5-8fdd-4d91-add7-70f9fca5875e,2026-05-22,day,8.5
cb0620bc-91db-4f23-a252-bc57f898d8cd,4d50a6b5-8fdd-4d91-add7-70f9fca5875e,2026-05-23,extended,15.1
542fecae-ed23-4690-a1f2-e8ccd0bbf5b3,4d50a6b5-8fdd-4d91-add7-70f9fca5875e,2026-05-24,day,8.5
0ca3a58b-1675-4b01-8b97-8a1423870d11,4d50a6b5-8fdd-4d91-add7-70f9fca5875e,2026-05-25,day,8.0
1fb1773f-c5a6-4e00-80e5-a3cd91d01abd,4d50a6b5-8fdd-4d91-add7-70f9fca5875e,2026-05-26,night,12.0
6762b205-bae1-4e1c-bd9d-6239ae065050,4d50a6b5-8fdd-4d91-add7-70f9fca5875e,2026-05-27,extended,13.9
83dc59d0-8869-4fb5-9b18-d6f3b5f17e07,4d50a6b5-8fdd-4d91-add7-70f9fca5875e,2026-05-28,day,8.0
7407cb60-1ed5-45b0-90eb-d5d0751841a8,4d50a6b5-8fdd-4d91-add7-70f9fca5875e,2026-05-29,day,8.0
048032fb-eb53-4b22-8b8b-b974736626d7,4d50a6b5-8fdd-4d91-add7-70f9fca5875e,2026-05-30,night,11.0
3537fe75-9af6-48ac-b02b-87d17fd6a49c,4d50a6b5-8fdd-4d91-add7-70f9fca5875e,2026-05-31,extended,13.3
980de2c7-5758-4cdc-b2e9-205fcdf75f9b,4d50a6b5-8fdd-4d91-add7-70f9fca5875e,2026-06-01,day,8.0
d94e6412-5382-49aa-ab8a-6f15edf7eab2,4d50a6b5-8fdd-4d91-add7-70f9fca5875e,2026-06-02,day,8.0
f7d83a4e-cf1a-4b4e-a768-5496fbe5f17a,4d50a6b5-8fdd-4d91-add7-70f9fca5875e,2026-06-03,day,8.0
87413d53-78d5-4441-a83f-ca245ce9d368,4d50a6b5-8fdd-4d91-add7-70f9fca5875e,2026-06-04,day,8.0
d37bf3ab-583b-48aa-aa14-b745289ce67d,4d50a6b5-8fdd-4d91-add7-70f9fca5875e,2026-06-05,night,10.5
c1b759ce-c522-4dba-b224-4fc2ff1edb6b,4d50a6b5-8fdd-4d91-add7-70f9fca5875e,2026-06-06,day,8.0
98f6f99a-b400-4c16-8942-3638b9c5f931,4d50a6b5-8fdd-4d91-add7-70f9fca5875e,2026-06-07,day,8.0
1d11d520-af94-4762-807d-a400ad61098d,4d50a6b5-8fdd-4d91-add7-70f9fca5875e,2026-06-08,day,8.5
f8c37358-692b-4059-b36a-55ffb8d666fd,4d50a6b5-8fdd-4d91-add7-70f9fca5875e,2026-06-09,day,8.5
6aeae86e-207f-4269-baba-313d0259c6dc,4d50a6b5-8fdd-4d91-add7-70f9fca5875e,2026-06-10,night,11.0
f533bb96-d117-4593-ace6-3142eb2abb47,4d50a6b5-8fdd-4d91-add7-70f9fca5875e,2026-06-11,day,8.5
55ff0f19-4c9a-4dac-896a-1432cda6870d,4d50a6b5-8fdd-4d91-add7-70f9fca5875e,2026-06-12,extended,15.1
ca2c289d-8dbc-4271-8721-93b47a983121,4d50a6b5-8fdd-4d91-add7-70f9fca5875e,2026-06-13,day,8.0
e136562a-dcca-4fec-ae60-ceca8d5c8636,4d50a6b5-8fdd-4d91-add7-70f9fca5875e,2026-06-14,night,10.5
780714ec-5edd-41c5-b31f-fed1d5eeaf48,4d50a6b5-8fdd-4d91-add7-70f9fca5875e,2026-06-15,extended,15.3
c17f6ca2-a32e-473a-b877-8c5c0cb6393b,4d50a6b5-8fdd-4d91-add7-70f9fca5875e,2026-06-16,day,8.5
e861b383-6d26-424e-8478-69e21d0ae669,4d50a6b5-8fdd-4d91-add7-70f9fca5875e,2026-06-17,day,8.0
cfc25a52-c880-4d6d-8018-a2f4dc306d66,4d50a6b5-8fdd-4d91-add7-70f9fca5875e,2026-06-18,day,8.0
28c2bb2d-3e37-4737-ab9f-b64d3196ae8e,4d50a6b5-8fdd-4d91-add7-70f9fca5875e,2026-06-19,day,8.5
7313e802-c16b-49ac-86dc-c8c0740f9ae6,4d50a6b5-8fdd-4d91-add7-70f9fca5875e,2026-06-20,night,12.0
19536e6f-8446-4118-86fb-0cda0c25fb73,4d50a6b5-8fdd-4d91-add7-70f9fca5875e,2026-06-21,night,10.0
c6eac894-6b83-4260-8550-f6de4ed8cf6c,4d50a6b5-8fdd-4d91-add7-70f9fca5875e,2026-06-22,night,11.0
3ae2cbe3-169e-41f2-ad0c-b16e1b4f9136,4d50a6b5-8fdd-4d91-add7-70f9fca5875e,2026-06-23,night,10.5
d7a85c57-5c42-4801-ba5c-0c639edbf0ff,4d50a6b5-8fdd-4d91-add7-70f9fca5875e,2026-06-24,day,8.5
f123cdb6-3b05-48d3-9f77-2bd48328d031,4d50a6b5-8fdd-4d91-add7-70f9fca5875e,2026-06-25,day,9.0
91cc3203-fa87-4249-887d-75b80fe97dc9,4d50a6b5-8fdd-4d91-add7-70f9fca5875e,2026-06-26,extended,14.9
68b29e29-20b9-4d07-bf23-4402b68e43b4,4d50a6b5-8fdd-4d91-add7-70f9fca5875e,2026-06-28,day,8.0
bcb109cc-cd55-4fa9-9b8a-f991f3844b6f,4d50a6b5-8fdd-4d91-add7-70f9fca5875e,2026-06-29,day,8.0
4f247875-4916-4c80-9bda-d33f76e152cf,814bcd5d-6c43-4c9e-be13-506c8e025f59,2026-01-01,night,10.5
80e9cf15-6b0c-4abc-8892-7878c62595a6,814bcd5d-6c43-4c9e-be13-506c8e025f59,2026-01-02,day,9.0
6b2a457f-75e2-45b6-9563-f60bcf494002,814bcd5d-6c43-4c9e-be13-506c8e025f59,2026-01-03,day,8.0
94341167-2382-4894-9a63-a1cf7a8491e9,814bcd5d-6c43-4c9e-be13-506c8e025f59,2026-01-05,day,8.5
ae981113-423f-41dc-ac95-8c6d740993fe,814bcd5d-6c43-4c9e-be13-506c8e025f59,2026-01-06,extended,15.3
4410b654-1962-4b34-9351-d7b86cec20a6,814bcd5d-6c43-4c9e-be13-506c8e025f59,2026-01-07,day,9.0
0d494bd9-7b68-4488-82ef-0cbe452be985,814bcd5d-6c43-4c9e-be13-506c8e025f59,2026-01-08,night,11.0
4540e56b-649f-4905-a689-1fc514436656,814bcd5d-6c43-4c9e-be13-506c8e025f59,2026-01-09,night,10.0
fcefcf17-be23-48d6-b12e-894d55674339,814bcd5d-6c43-4c9e-be13-506c8e025f59,2026-01-12,day,8.0
4bf0d0e2-88c2-4681-87e0-41aa53d9cf24,814bcd5d-6c43-4c9e-be13-506c8e025f59,2026-01-13,day,8.0
1a615e68-936c-42aa-8e65-2eac3dc848be,814bcd5d-6c43-4c9e-be13-506c8e025f59,2026-01-14,day,8.0
eedce1ca-98a6-43e7-9232-e6690407adf6,814bcd5d-6c43-4c9e-be13-506c8e025f59,2026-01-15,day,8.5
3a6c901b-24b5-42de-8be1-a386768c1057,814bcd5d-6c43-4c9e-be13-506c8e025f59,2026-01-16,night,10.0
6575f350-637d-4f1e-8e3d-81e732d2812f,814bcd5d-6c43-4c9e-be13-506c8e025f59,2026-01-19,night,10.0
b979bcf7-f790-46f2-96bc-c4c23891f2f5,814bcd5d-6c43-4c9e-be13-506c8e025f59,2026-01-20,day,8.5
446aa658-ae7f-4fe7-b7a2-c5588068fe33,814bcd5d-6c43-4c9e-be13-506c8e025f59,2026-01-21,extended,14.3
3007199f-9aa8-43c7-8e89-c06a5f1566ab,814bcd5d-6c43-4c9e-be13-506c8e025f59,2026-01-22,day,8.5
17766958-59c5-4710-a7bc-2e4486d31464,814bcd5d-6c43-4c9e-be13-506c8e025f59,2026-01-23,night,10.5
44120e47-e591-4157-9ba4-c7ab4c0a315f,814bcd5d-6c43-4c9e-be13-506c8e025f59,2026-01-24,day,8.5
c6fbc35d-529d-4abc-9663-3a9d7cbf5745,814bcd5d-6c43-4c9e-be13-506c8e025f59,2026-01-26,day,8.0
281cf09c-a7e4-4dff-8473-d487f360d16d,814bcd5d-6c43-4c9e-be13-506c8e025f59,2026-01-27,day,8.0
9c9fb1e9-bd0b-461b-a0bc-1d3062a7bd84,814bcd5d-6c43-4c9e-be13-506c8e025f59,2026-01-28,extended,14.9
cd0eb20d-75e4-4402-ac45-19f06c2aec36,814bcd5d-6c43-4c9e-be13-506c8e025f59,2026-01-29,day,8.0
b6bc7a65-1e91-4d61-94c2-31fafbbfbe02,814bcd5d-6c43-4c9e-be13-506c8e025f59,2026-01-30,day,8.0
a764b83e-ade5-48f7-9764-4e497ed01652,814bcd5d-6c43-4c9e-be13-506c8e025f59,2026-02-01,day,8.0
5cc9f20a-1e45-4ae7-92f8-6975fd1c5cd1,814bcd5d-6c43-4c9e-be13-506c8e025f59,2026-02-02,day,9.0
a63bc215-d182-4817-8b71-abe75ca8e14f,814bcd5d-6c43-4c9e-be13-506c8e025f59,2026-02-03,day,9.0
ca777547-9cc4-4603-9a2f-2d0a811a70a2,814bcd5d-6c43-4c9e-be13-506c8e025f59,2026-02-04,day,8.0
fd65fb12-71a1-4743-9a9c-e3ae7699eee0,814bcd5d-6c43-4c9e-be13-506c8e025f59,2026-02-17,day,9.0
212cb100-2172-4ebc-91aa-25cbb909bf96,814bcd5d-6c43-4c9e-be13-506c8e025f59,2026-02-18,day,8.5
e9cf365f-33e3-410e-b30a-ec48ade16365,814bcd5d-6c43-4c9e-be13-506c8e025f59,2026-02-19,day,8.5
1be26378-40c2-439c-a88b-8ad3d08d65ed,814bcd5d-6c43-4c9e-be13-506c8e025f59,2026-02-20,night,10.5
51226b9f-0bb1-482e-a7ef-5c1132b241a2,814bcd5d-6c43-4c9e-be13-506c8e025f59,2026-02-21,day,8.5
7eff867c-82ea-42db-8b55-bae2b3f343cd,814bcd5d-6c43-4c9e-be13-506c8e025f59,2026-02-23,day,8.0
8ae4abc3-6be6-404f-8615-b62d99867a27,814bcd5d-6c43-4c9e-be13-506c8e025f59,2026-02-24,night,10.0
9350ae8d-6dda-4af4-9567-2c7430631bd7,814bcd5d-6c43-4c9e-be13-506c8e025f59,2026-02-25,night,12.0
e2551941-efbc-491f-b4c1-89d7e3c2dfc5,814bcd5d-6c43-4c9e-be13-506c8e025f59,2026-02-26,day,8.0
a3395b3a-8dcc-49db-be01-b7b0b43a65b4,814bcd5d-6c43-4c9e-be13-506c8e025f59,2026-02-27,day,8.5
80dff73c-92d1-4ada-b8e7-16252394e901,814bcd5d-6c43-4c9e-be13-506c8e025f59,2026-03-01,day,8.0
669f8a17-7ccc-4e78-9ec1-3dc2f0320c39,814bcd5d-6c43-4c9e-be13-506c8e025f59,2026-03-02,extended,14.1
65def7b6-a634-4a78-b0ac-0a0bf106f18b,814bcd5d-6c43-4c9e-be13-506c8e025f59,2026-03-03,day,8.0
7fca8404-f9de-494d-b84d-e6bdd8416b46,814bcd5d-6c43-4c9e-be13-506c8e025f59,2026-03-04,day,8.5
ba6e1cce-1815-4d25-aae7-280e17b72c38,814bcd5d-6c43-4c9e-be13-506c8e025f59,2026-03-05,day,8.0
98d0a60f-ac18-418b-b206-c489d4c5d16f,814bcd5d-6c43-4c9e-be13-506c8e025f59,2026-03-06,day,8.5
7c48116a-4afc-4338-8a5d-eceff2da0e7c,814bcd5d-6c43-4c9e-be13-506c8e025f59,2026-03-08,day,8.0
c2b2cd0a-d2d3-48e2-847e-a5e9e6d584d2,814bcd5d-6c43-4c9e-be13-506c8e025f59,2026-03-09,day,8.5
ac182c95-dcab-4616-9cfc-abe09b5a881d,814bcd5d-6c43-4c9e-be13-506c8e025f59,2026-03-10,day,8.0
6739e484-3e9d-497d-baff-3dd6ea58fb36,814bcd5d-6c43-4c9e-be13-506c8e025f59,2026-03-11,day,8.0
44b533b0-1a15-4fa2-b185-530f05e7a080,814bcd5d-6c43-4c9e-be13-506c8e025f59,2026-03-12,night,10.5
eb145bf9-1274-4d38-a446-572a03537bf4,814bcd5d-6c43-4c9e-be13-506c8e025f59,2026-03-13,extended,14.2
af8d522e-28cb-40f4-a937-d9b3bb1a6ded,814bcd5d-6c43-4c9e-be13-506c8e025f59,2026-03-14,night,10.0
cd7f74c6-d4f0-488d-a67b-773ed6270b9f,814bcd5d-6c43-4c9e-be13-506c8e025f59,2026-03-15,day,9.0
ea2bd69b-e87c-43ce-b3c3-defe1b2f6932,814bcd5d-6c43-4c9e-be13-506c8e025f59,2026-03-16,extended,14.1
b683e587-357b-4f7f-b20a-536cdcaebeb7,814bcd5d-6c43-4c9e-be13-506c8e025f59,2026-03-17,day,9.0
c673be31-ea94-4b88-848c-f2fbc86aeb61,814bcd5d-6c43-4c9e-be13-506c8e025f59,2026-03-18,day,8.5
5cad1865-2c97-4e93-b284-c5f147e6d259,814bcd5d-6c43-4c9e-be13-506c8e025f59,2026-03-19,day,8.0
07750056-5529-4d71-9ac4-4618cd2a65fb,814bcd5d-6c43-4c9e-be13-506c8e025f59,2026-03-20,night,10.0
1dc30e3b-6e76-40ac-9ce3-e01993499a05,814bcd5d-6c43-4c9e-be13-506c8e025f59,2026-03-23,night,10.0
d098ae88-5029-4e5c-8dd3-db705447e7d3,814bcd5d-6c43-4c9e-be13-506c8e025f59,2026-03-24,night,10.0
6687b29f-a0b2-4c30-9572-d8518119191a,814bcd5d-6c43-4c9e-be13-506c8e025f59,2026-03-25,day,8.5
0bec4943-3ba8-41d1-be45-07f586695ddb,814bcd5d-6c43-4c9e-be13-506c8e025f59,2026-03-26,day,8.5
4ed746bf-2dc2-4413-a29d-a99f1299907a,814bcd5d-6c43-4c9e-be13-506c8e025f59,2026-03-27,day,8.0
9bbfcba9-6496-446d-88b2-02c65ce16ea6,814bcd5d-6c43-4c9e-be13-506c8e025f59,2026-03-28,day,9.0
dcc11774-9398-4acc-bd66-1fc983ce42f9,814bcd5d-6c43-4c9e-be13-506c8e025f59,2026-03-29,night,10.0
52db7be3-1d98-4955-828a-5e0b5ca326fc,814bcd5d-6c43-4c9e-be13-506c8e025f59,2026-03-30,night,10.0
4e734e37-bf44-4928-869a-d2f62e904080,814bcd5d-6c43-4c9e-be13-506c8e025f59,2026-03-31,day,8.0
b06a8f7e-28dc-4a89-8853-b6f8e6a41b17,814bcd5d-6c43-4c9e-be13-506c8e025f59,2026-04-01,night,10.5
e35edfd0-ec80-4d69-8c00-679ae6f9aa30,814bcd5d-6c43-4c9e-be13-506c8e025f59,2026-04-02,night,10.0
7c5683f5-0405-4aa7-8068-652f45a2c54c,814bcd5d-6c43-4c9e-be13-506c8e025f59,2026-04-03,extended,14.1
cde24423-5b38-4af3-98b5-415fc5546e70,814bcd5d-6c43-4c9e-be13-506c8e025f59,2026-04-04,extended,14.8
106164d3-dc72-4437-926f-e922265cbbf2,814bcd5d-6c43-4c9e-be13-506c8e025f59,2026-04-06,night,12.0
70831630-b3c5-4d5c-bd30-2ea3117b0cba,814bcd5d-6c43-4c9e-be13-506c8e025f59,2026-04-07,day,9.0
f5adbee1-8431-4cf5-be7b-ce9d01dc5281,814bcd5d-6c43-4c9e-be13-506c8e025f59,2026-04-08,day,9.0
05a33c6b-05cf-4911-b532-162885408b10,814bcd5d-6c43-4c9e-be13-506c8e025f59,2026-04-09,night,12.0
228d2172-b0f0-487c-8223-e01d5455098b,814bcd5d-6c43-4c9e-be13-506c8e025f59,2026-04-10,night,11.0
b08a515b-a401-4911-a911-bba5afa9cd78,814bcd5d-6c43-4c9e-be13-506c8e025f59,2026-04-11,extended,14.0
88cc61e2-4fea-496c-8c25-ccf4f4444b10,814bcd5d-6c43-4c9e-be13-506c8e025f59,2026-04-12,extended,15.0
17fa4050-ea72-46a8-9b61-7c2992f38c3d,814bcd5d-6c43-4c9e-be13-506c8e025f59,2026-04-13,night,10.0
e71ffc89-f8e4-4afe-a685-a43e8c9b96e6,814bcd5d-6c43-4c9e-be13-506c8e025f59,2026-04-14,night,10.0
bc62dbf2-2436-4404-8023-7fb42cc8ed1e,814bcd5d-6c43-4c9e-be13-506c8e025f59,2026-04-15,extended,14.5
737a1648-5d81-418a-ae50-865e24d111cd,814bcd5d-6c43-4c9e-be13-506c8e025f59,2026-04-16,day,9.0
55ff6bc9-b28b-4df7-b565-435a6a5bfd98,814bcd5d-6c43-4c9e-be13-506c8e025f59,2026-04-17,extended,14.3
343ce4f6-8dca-4ddb-86f6-8f5af762aed6,814bcd5d-6c43-4c9e-be13-506c8e025f59,2026-04-19,extended,15.4
94a74afa-3832-4684-81e8-768dbb009d59,814bcd5d-6c43-4c9e-be13-506c8e025f59,2026-04-20,night,10.0
6e6d8ba3-a17e-4a24-a045-b30fca56fa21,814bcd5d-6c43-4c9e-be13-506c8e025f59,2026-04-21,day,9.0
5a096d45-389e-4176-a6e3-b3210a3e786c,814bcd5d-6c43-4c9e-be13-506c8e025f59,2026-04-22,day,9.0
ebb3a4fc-f30a-4b7c-965f-80b87a6e3a6a,814bcd5d-6c43-4c9e-be13-506c8e025f59,2026-04-23,day,8.0
acacadbb-6d5c-46d3-8ce4-b19225f75c93,814bcd5d-6c43-4c9e-be13-506c8e025f59,2026-04-24,night,10.0
e0a86748-be3b-46fd-ada1-3cc4e7708fb5,814bcd5d-6c43-4c9e-be13-506c8e025f59,2026-04-27,day,8.5
c49589c1-df7a-4f23-b7b8-315563f79888,814bcd5d-6c43-4c9e-be13-506c8e025f59,2026-04-28,extended,14.8
1cc59c9e-4bd1-4888-bc6c-e21409eb0f58,814bcd5d-6c43-4c9e-be13-506c8e025f59,2026-04-29,extended,15.5
7aac6f5c-f714-41aa-ac07-7a3c3fcef9b3,814bcd5d-6c43-4c9e-be13-506c8e025f59,2026-04-30,day,8.0
06b830d8-d692-4fa4-a23c-a9d2c6374687,814bcd5d-6c43-4c9e-be13-506c8e025f59,2026-05-01,day,8.0
ba6ebf72-cc12-455c-a4d2-02bcc6d11eba,814bcd5d-6c43-4c9e-be13-506c8e025f59,2026-05-04,day,8.0
34fe1594-9679-4423-9000-63ece5e0ffe4,814bcd5d-6c43-4c9e-be13-506c8e025f59,2026-05-05,night,10.5
586e1380-93b8-40dd-97bd-30fd23407b5e,814bcd5d-6c43-4c9e-be13-506c8e025f59,2026-05-06,night,10.5
ffbd4353-b618-4d6d-8e6e-91e9c8548aef,814bcd5d-6c43-4c9e-be13-506c8e025f59,2026-05-07,day,8.0
b46de2c9-a1df-432a-8ea1-5d1b4f7c145f,814bcd5d-6c43-4c9e-be13-506c8e025f59,2026-05-08,night,10.0
792326f9-91b6-40d7-ab3b-e02850e7340a,814bcd5d-6c43-4c9e-be13-506c8e025f59,2026-05-10,night,10.0
29c9e8fb-2faf-486b-a994-875e240e1697,814bcd5d-6c43-4c9e-be13-506c8e025f59,2026-05-11,extended,15.3
86b1f2fd-b349-4168-9a3d-78d8f6877985,814bcd5d-6c43-4c9e-be13-506c8e025f59,2026-05-12,day,8.5
7151782b-1465-4042-940d-e5f01fcc7459,814bcd5d-6c43-4c9e-be13-506c8e025f59,2026-05-13,day,8.0
81194e30-136a-40c4-a201-97bdf4111405,814bcd5d-6c43-4c9e-be13-506c8e025f59,2026-05-14,day,8.0
6222d277-f3ce-4d40-a524-b7ec31924d1c,814bcd5d-6c43-4c9e-be13-506c8e025f59,2026-05-15,day,9.5
2f9fbc61-b612-48d3-b12e-ef2346a7f821,814bcd5d-6c43-4c9e-be13-506c8e025f59,2026-05-17,extended,14.6
bb90dab7-b5a8-4452-8a1d-960d90cd678e,814bcd5d-6c43-4c9e-be13-506c8e025f59,2026-05-18,day,8.0
a33ba9f7-7865-4f45-b8ec-a8765eb9c1cd,814bcd5d-6c43-4c9e-be13-506c8e025f59,2026-05-19,day,9.0
f3e7840a-1884-4cde-8e45-e4c3d3eaca44,814bcd5d-6c43-4c9e-be13-506c8e025f59,2026-05-20,day,8.5
58dbbae3-e462-400a-9365-7331065c26fe,814bcd5d-6c43-4c9e-be13-506c8e025f59,2026-05-21,day,8.0
e72eac06-f327-4cd3-8495-74c2ed7edf1c,814bcd5d-6c43-4c9e-be13-506c8e025f59,2026-05-22,day,8.5
18c4c003-0b76-4a9e-88cf-c49d8798163c,814bcd5d-6c43-4c9e-be13-506c8e025f59,2026-05-25,day,8.0
27072489-a73d-49b3-b5d8-6fd80bf37a69,814bcd5d-6c43-4c9e-be13-506c8e025f59,2026-05-26,extended,14.1
04b691d0-821c-485b-8328-231e1652d046,814bcd5d-6c43-4c9e-be13-506c8e025f59,2026-05-27,extended,15.4
425aed19-9320-40ce-a932-bec2dddb339f,814bcd5d-6c43-4c9e-be13-506c8e025f59,2026-05-28,night,10.0
d6431f9b-24f7-44f6-913c-55c73f94bfe4,814bcd5d-6c43-4c9e-be13-506c8e025f59,2026-05-29,day,8.0
004c5a2f-f122-48b3-a30c-daeb5b761b2d,814bcd5d-6c43-4c9e-be13-506c8e025f59,2026-05-30,day,8.0
a13eacc9-f04a-48ad-a949-928fa759ab30,814bcd5d-6c43-4c9e-be13-506c8e025f59,2026-05-31,night,10.0
14b2784e-873a-4894-8f94-cfbe91fc550c,814bcd5d-6c43-4c9e-be13-506c8e025f59,2026-06-01,night,10.0
5c97d7f4-423c-459c-b3cd-180a9f81205e,814bcd5d-6c43-4c9e-be13-506c8e025f59,2026-06-02,day,8.0
b9c68fa0-4288-4009-a9cc-56b3f3e3a013,814bcd5d-6c43-4c9e-be13-506c8e025f59,2026-06-03,night,11.0
d3ea60bb-0371-49c6-9a4a-6dc2ec13c08e,814bcd5d-6c43-4c9e-be13-506c8e025f59,2026-06-04,day,8.0
d76733e7-d217-4fdf-afd0-d17653f5446f,814bcd5d-6c43-4c9e-be13-506c8e025f59,2026-06-05,day,8.0
24039552-b9da-4b3f-aa8b-207806875e05,814bcd5d-6c43-4c9e-be13-506c8e025f59,2026-06-06,day,8.5
0d8f7cdf-0abe-40bf-be7f-4545ae3cbbc2,814bcd5d-6c43-4c9e-be13-506c8e025f59,2026-06-08,day,8.0
e4eb8528-6e02-4f1e-9ffc-2cc1e7c21e60,814bcd5d-6c43-4c9e-be13-506c8e025f59,2026-06-09,night,10.5
c262af97-f91d-46f0-a638-628b4345a7ab,814bcd5d-6c43-4c9e-be13-506c8e025f59,2026-06-10,night,11.0
e8e3f872-d74a-465d-852b-7d38e7d473ac,814bcd5d-6c43-4c9e-be13-506c8e025f59,2026-06-11,day,8.0
8e006ce9-547c-456e-b1b5-b729ec1de791,814bcd5d-6c43-4c9e-be13-506c8e025f59,2026-06-12,night,10.0
de2b139d-6c52-4efc-ba4a-87345312cc93,814bcd5d-6c43-4c9e-be13-506c8e025f59,2026-06-14,day,8.0
f628c8d7-11ba-419d-8bab-b61069756219,814bcd5d-6c43-4c9e-be13-506c8e025f59,2026-06-15,night,10.0
ecd12a3b-b0c8-43f2-9d04-d6017549c884,814bcd5d-6c43-4c9e-be13-506c8e025f59,2026-06-16,night,10.0
0be3f406-c92b-4c24-8286-747b82718b45,814bcd5d-6c43-4c9e-be13-506c8e025f59,2026-06-17,extended,14.6
0ff55e6e-5eed-4e53-9cab-40edc4bda2a6,814bcd5d-6c43-4c9e-be13-506c8e025f59,2026-06-18,day,8.5
0ea8a9aa-85fd-435b-b24d-2ba4b8782f65,814bcd5d-6c43-4c9e-be13-506c8e025f59,2026-06-19,extended,15.2
ea5a54f7-bbe9-4f99-b4be-a56e80a0d44c,814bcd5d-6c43-4c9e-be13-506c8e025f59,2026-06-22,day,8.5
4d29370f-d419-4760-95ed-29f04bfb9657,814bcd5d-6c43-4c9e-be13-506c8e025f59,2026-06-23,day,8.5
1b6c3b43-c75a-4c2c-a2d0-df387017d0da,814bcd5d-6c43-4c9e-be13-506c8e025f59,2026-06-24,day,8.0
65f6814f-273a-489b-bb30-0414cd74be6d,814bcd5d-6c43-4c9e-be13-506c8e025f59,2026-06-25,day,8.0
b0d31016-2722-4cd3-a30f-205e7eab395d,814bcd5d-6c43-4c9e-be13-506c8e025f59,2026-06-26,day,8.0
d7b76eed-14a6-4c68-9b80-88810bffb8b8,814bcd5d-6c43-4c9e-be13-506c8e025f59,2026-06-27,day,8.5
dccac36e-c194-470e-b12c-bbedccf36b5b,814bcd5d-6c43-4c9e-be13-506c8e025f59,2026-06-29,night,11.0
1fc0912c-1e46-4e56-bb73-0c377290f419,dd50c927-6b25-4050-8d45-09d30fe5e2f2,2026-01-01,day,9.0
110dadbf-d26c-4dbc-b6f6-c337b1b9e9c7,dd50c927-6b25-4050-8d45-09d30fe5e2f2,2026-01-02,day,9.0
9c6900ba-92fa-458a-928f-5da4aef7a455,dd50c927-6b25-4050-8d45-09d30fe5e2f2,2026-01-03,night,10.0
70c03766-5fff-46a3-8053-1402a9afe5ea,dd50c927-6b25-4050-8d45-09d30fe5e2f2,2026-01-05,day,8.0
b2cab772-5e6b-48e0-851b-bc7033b0c0fc,dd50c927-6b25-4050-8d45-09d30fe5e2f2,2026-01-06,extended,13.2
4c7b20db-3dda-404c-90bd-a7a57bac015f,dd50c927-6b25-4050-8d45-09d30fe5e2f2,2026-01-07,day,8.0
83112283-46d2-4f2f-8c36-f4ecd4d43543,dd50c927-6b25-4050-8d45-09d30fe5e2f2,2026-01-08,night,10.5
141f147f-dbd2-4150-9f3c-d012311c2b13,dd50c927-6b25-4050-8d45-09d30fe5e2f2,2026-01-09,night,10.0
75f79079-0075-4eb2-975e-b6aef70f537e,dd50c927-6b25-4050-8d45-09d30fe5e2f2,2026-01-12,day,8.0
11498c0b-5c29-4755-b858-30bf24813b73,dd50c927-6b25-4050-8d45-09d30fe5e2f2,2026-01-13,day,8.0
c253d617-9b99-4448-8c24-c3f0056f8c62,dd50c927-6b25-4050-8d45-09d30fe5e2f2,2026-01-14,day,8.0
6b693713-f2b1-4f59-a2a0-53b137478cfb,dd50c927-6b25-4050-8d45-09d30fe5e2f2,2026-01-15,night,10.5
67aa3b70-3591-44e9-a901-3f5f2c40b118,dd50c927-6b25-4050-8d45-09d30fe5e2f2,2026-01-16,day,8.0
3f9d2f83-ede8-400e-841f-315c938a40bc,dd50c927-6b25-4050-8d45-09d30fe5e2f2,2026-01-18,day,9.5
acac6bc1-c318-461d-895d-0f1fd271bfad,dd50c927-6b25-4050-8d45-09d30fe5e2f2,2026-01-19,day,9.5
6b8720cd-d7be-4d02-bb8c-e6c285ab4241,dd50c927-6b25-4050-8d45-09d30fe5e2f2,2026-01-20,day,8.0
eae3bde4-ebec-4a1a-8b6b-41c7f7c738cd,dd50c927-6b25-4050-8d45-09d30fe5e2f2,2026-01-21,night,10.5
db914a46-3e12-4ad9-9e8a-9ac48ba44419,dd50c927-6b25-4050-8d45-09d30fe5e2f2,2026-01-22,day,8.0
c9d9b650-56c7-4a77-949e-bd354aa17d34,dd50c927-6b25-4050-8d45-09d30fe5e2f2,2026-01-23,night,10.0
9f555a03-e3de-444f-acc2-cf189c67cb4b,dd50c927-6b25-4050-8d45-09d30fe5e2f2,2026-01-26,night,10.5
825bcbb2-5cc5-4b3a-94cf-ce23f21b4f31,dd50c927-6b25-4050-8d45-09d30fe5e2f2,2026-01-27,night,10.0
3391da91-642e-4b46-8f9a-dd248bb75e42,dd50c927-6b25-4050-8d45-09d30fe5e2f2,2026-01-28,day,8.0
ac8dfa0c-0aac-426a-b542-735bb67c8c62,dd50c927-6b25-4050-8d45-09d30fe5e2f2,2026-01-29,day,9.0
0d1cda8c-9d73-4a76-86ae-03cc00c12023,dd50c927-6b25-4050-8d45-09d30fe5e2f2,2026-01-30,extended,15.0
8f87a7c3-6273-4ca1-9248-464f9fa24d65,dd50c927-6b25-4050-8d45-09d30fe5e2f2,2026-01-31,day,8.5
7c80a095-0dec-4fcc-b9c2-b7b95d28564e,dd50c927-6b25-4050-8d45-09d30fe5e2f2,2026-02-01,night,10.5
7caa734d-ae14-4300-ad08-f17f1e55c7a4,dd50c927-6b25-4050-8d45-09d30fe5e2f2,2026-02-02,night,10.0
ba8c9388-f73c-40a7-b16f-918de6366de0,dd50c927-6b25-4050-8d45-09d30fe5e2f2,2026-02-03,day,8.0
a776c7e0-108d-4c21-ac7c-4f86402c48a5,dd50c927-6b25-4050-8d45-09d30fe5e2f2,2026-02-04,day,9.0
866958e8-b95d-4f1d-987c-b6be394b8ba7,dd50c927-6b25-4050-8d45-09d30fe5e2f2,2026-02-05,day,8.0
6adb1866-3195-4d7b-b529-5bfe41a96291,dd50c927-6b25-4050-8d45-09d30fe5e2f2,2026-02-06,night,10.5
b4dff55a-a09e-4afd-b7fa-c752236fb968,dd50c927-6b25-4050-8d45-09d30fe5e2f2,2026-02-07,night,10.0
dd9d0e97-258c-43ae-a1a5-4dadb5b5e522,dd50c927-6b25-4050-8d45-09d30fe5e2f2,2026-02-08,day,8.0
6e259dbf-aed7-4251-a4c0-3d3f0df11873,dd50c927-6b25-4050-8d45-09d30fe5e2f2,2026-02-09,night,10.5
bec762e9-13ca-474d-983b-66831a2c6305,dd50c927-6b25-4050-8d45-09d30fe5e2f2,2026-02-10,night,10.5
e3e18e87-f12d-4c1b-9d0e-ad93fb00e3a4,dd50c927-6b25-4050-8d45-09d30fe5e2f2,2026-02-11,day,8.0
909f9c72-1897-4cf7-810b-256315d6d3a0,dd50c927-6b25-4050-8d45-09d30fe5e2f2,2026-02-12,extended,14.5
19ceea52-1593-47c2-976c-85f51d0f8b71,dd50c927-6b25-4050-8d45-09d30fe5e2f2,2026-02-13,night,10.0
505bc62e-aebd-4d66-99b0-d430e13c8752,dd50c927-6b25-4050-8d45-09d30fe5e2f2,2026-02-15,extended,13.7
9b6d8cdf-5e05-4d81-9564-0989fc1c94d4,dd50c927-6b25-4050-8d45-09d30fe5e2f2,2026-02-16,extended,13.3
45ac3521-c6b5-4fba-a8e4-0a1a68ecd082,dd50c927-6b25-4050-8d45-09d30fe5e2f2,2026-02-17,night,10.0
c8d4a92e-321d-4a7f-8079-0d7c75174054,dd50c927-6b25-4050-8d45-09d30fe5e2f2,2026-02-18,day,8.0
0e5e9346-94fc-47cb-811f-8da88c28460f,dd50c927-6b25-4050-8d45-09d30fe5e2f2,2026-02-19,night,10.0
bd850167-5248-477b-9624-58afa164cfc1,dd50c927-6b25-4050-8d45-09d30fe5e2f2,2026-02-20,day,8.0
aab87e4e-0699-4d54-b497-2692f3347689,dd50c927-6b25-4050-8d45-09d30fe5e2f2,2026-02-21,extended,14.4
d0c52c9c-9696-4c89-a8cc-bc4e50af2e34,dd50c927-6b25-4050-8d45-09d30fe5e2f2,2026-02-23,day,8.0
8535bb9d-2332-4203-9e4b-2f0be1c50a01,dd50c927-6b25-4050-8d45-09d30fe5e2f2,2026-02-24,day,8.0
9f63d56c-db7a-4792-8aab-38ecbe9ecc9e,dd50c927-6b25-4050-8d45-09d30fe5e2f2,2026-02-25,day,8.5
d1fc9abb-1ed2-4d63-8130-7431d9796a73,dd50c927-6b25-4050-8d45-09d30fe5e2f2,2026-02-26,night,10.0
d638990b-da96-4897-9913-0e30f713b87b,dd50c927-6b25-4050-8d45-09d30fe5e2f2,2026-02-27,day,8.5
bac59dae-e111-41f7-b6d4-e4ed966f7fc5,dd50c927-6b25-4050-8d45-09d30fe5e2f2,2026-03-01,day,9.5
fd566f01-f1cd-41c3-9a4d-9c6c72c0a27a,dd50c927-6b25-4050-8d45-09d30fe5e2f2,2026-03-02,day,8.5
1bde6459-18d8-4079-b4aa-29b63f2130a3,dd50c927-6b25-4050-8d45-09d30fe5e2f2,2026-03-03,day,8.0
f50591cf-bf8b-40d9-b7eb-f291106fd917,dd50c927-6b25-4050-8d45-09d30fe5e2f2,2026-03-04,extended,13.8
1028ec41-27d0-4d38-afd3-b999d21ba573,dd50c927-6b25-4050-8d45-09d30fe5e2f2,2026-03-05,day,8.0
7cb8cedb-9a27-4288-b6ae-d8f09518056d,dd50c927-6b25-4050-8d45-09d30fe5e2f2,2026-03-06,day,8.5
c7b43152-f9e0-40bb-9612-29253e7e4709,dd50c927-6b25-4050-8d45-09d30fe5e2f2,2026-03-08,day,8.5
1721c7f1-a7bf-4ead-bca7-1465bcfc240e,dd50c927-6b25-4050-8d45-09d30fe5e2f2,2026-03-09,extended,15.2
b9ec3378-cc1f-4e51-826d-944f44aec16e,dd50c927-6b25-4050-8d45-09d30fe5e2f2,2026-03-10,night,10.0
dcf1eea2-57c9-4bf6-aee5-24cea2655a1f,dd50c927-6b25-4050-8d45-09d30fe5e2f2,2026-03-11,day,9.0
822cf266-20ab-4b60-adec-789798c1f42e,dd50c927-6b25-4050-8d45-09d30fe5e2f2,2026-03-12,day,8.0
a101fad3-3473-4d50-92f3-47a13c4acbdb,dd50c927-6b25-4050-8d45-09d30fe5e2f2,2026-03-13,day,8.0
aaa293fd-05b8-4e19-9bd0-6eca3db3dad3,dd50c927-6b25-4050-8d45-09d30fe5e2f2,2026-03-16,day,8.5
01f5bb4a-cb97-4bfe-b462-bafd150a4ab6,dd50c927-6b25-4050-8d45-09d30fe5e2f2,2026-03-17,night,10.0
415521cb-e5a9-4147-be4d-9cee59da8223,dd50c927-6b25-4050-8d45-09d30fe5e2f2,2026-03-18,day,9.0
c25a01e7-400c-4a9e-85fe-fd8849d3bcf1,dd50c927-6b25-4050-8d45-09d30fe5e2f2,2026-03-19,day,9.0
17810b64-478e-4a8d-858d-736c2e1d26c3,dd50c927-6b25-4050-8d45-09d30fe5e2f2,2026-03-20,day,8.0
dae85329-127a-4c63-a591-f2bb6f9a9009,dd50c927-6b25-4050-8d45-09d30fe5e2f2,2026-03-21,night,10.5
5bd311f2-027b-4ac3-b0e7-c8fca610b048,dd50c927-6b25-4050-8d45-09d30fe5e2f2,2026-03-22,day,8.0
a9bef503-2618-4888-bdc1-15f2db70d671,dd50c927-6b25-4050-8d45-09d30fe5e2f2,2026-03-23,day,8.0
b934ee89-6678-4023-9d25-b94121b241b4,dd50c927-6b25-4050-8d45-09d30fe5e2f2,2026-03-24,day,8.0
116b5fe8-6fb6-497c-925d-bae680740891,dd50c927-6b25-4050-8d45-09d30fe5e2f2,2026-03-25,day,8.0
5c4d0b23-0172-4066-94c4-ba20eeee1138,dd50c927-6b25-4050-8d45-09d30fe5e2f2,2026-03-26,day,8.0
a743bb21-6357-495c-8334-7008bcf17318,dd50c927-6b25-4050-8d45-09d30fe5e2f2,2026-03-27,night,10.5
58a64d2d-551c-4e77-8d69-bb8cf66568aa,dd50c927-6b25-4050-8d45-09d30fe5e2f2,2026-03-28,day,8.0
895f41fc-3157-4a87-88b3-402e057119d5,dd50c927-6b25-4050-8d45-09d30fe5e2f2,2026-03-30,day,8.0
be77ced1-8f96-4496-8a45-85e603f69367,dd50c927-6b25-4050-8d45-09d30fe5e2f2,2026-03-31,day,8.0
731c58b5-f5a0-46fe-9823-48bd5b6a2974,dd50c927-6b25-4050-8d45-09d30fe5e2f2,2026-04-01,extended,13.5
df2e7188-8add-4ae6-9cce-d50355d97b52,dd50c927-6b25-4050-8d45-09d30fe5e2f2,2026-04-02,extended,13.9
4c6aaea2-cb15-4920-b5a4-15f94aab0d65,dd50c927-6b25-4050-8d45-09d30fe5e2f2,2026-04-03,day,8.0
95aca9b5-40ef-49af-899d-4199c6a1c38d,dd50c927-6b25-4050-8d45-09d30fe5e2f2,2026-04-06,day,8.0
91c5b37e-a8ea-48b9-a4a3-67bfb55d7d32,dd50c927-6b25-4050-8d45-09d30fe5e2f2,2026-04-07,night,12.0
d5cfd789-a850-47b4-bab4-37b9c9a1fa25,dd50c927-6b25-4050-8d45-09d30fe5e2f2,2026-04-08,day,8.0
62b73bb4-a508-4f60-832b-7b617f806289,dd50c927-6b25-4050-8d45-09d30fe5e2f2,2026-04-09,day,8.0
0b552686-2c4c-46c2-8f06-dced49fd84bf,dd50c927-6b25-4050-8d45-09d30fe5e2f2,2026-04-10,day,8.5
3e1b94c0-ad7c-43f7-88ab-eda3094a736c,dd50c927-6b25-4050-8d45-09d30fe5e2f2,2026-04-12,night,10.0
027c57e0-a721-46ec-ad36-a4613dfed35a,dd50c927-6b25-4050-8d45-09d30fe5e2f2,2026-04-13,day,8.5
31652279-29be-4e07-9ac4-432303bf794c,dd50c927-6b25-4050-8d45-09d30fe5e2f2,2026-04-14,extended,14.7
64d0e381-caf1-42f3-9de4-f50744e06b5b,dd50c927-6b25-4050-8d45-09d30fe5e2f2,2026-04-15,day,8.5
3d780d32-8307-45dc-844f-401293899f90,dd50c927-6b25-4050-8d45-09d30fe5e2f2,2026-04-16,day,8.0
36fc46f0-6410-4328-8720-bf54be5efbb0,dd50c927-6b25-4050-8d45-09d30fe5e2f2,2026-04-17,day,8.0
ce2a8a49-79af-47e6-9e79-7bc42806cfaa,dd50c927-6b25-4050-8d45-09d30fe5e2f2,2026-04-18,day,8.5
f7a36100-cbd2-4971-9899-63001d1c8d38,dd50c927-6b25-4050-8d45-09d30fe5e2f2,2026-04-20,day,9.0
d27675ba-3fe2-4a67-8cc9-6ae4654cd9ed,dd50c927-6b25-4050-8d45-09d30fe5e2f2,2026-04-21,extended,13.7
c6190e1d-d247-4a8b-ad1d-7bdf7485b886,dd50c927-6b25-4050-8d45-09d30fe5e2f2,2026-04-22,day,8.0
af8e6a4a-d4eb-4bc4-b065-983ad5431e46,dd50c927-6b25-4050-8d45-09d30fe5e2f2,2026-04-23,night,11.0
cf623929-d1e7-4ae8-8ba1-56f46828c42e,dd50c927-6b25-4050-8d45-09d30fe5e2f2,2026-04-24,day,8.0
2dfc1336-130f-4cab-927d-2cbdc2219511,dd50c927-6b25-4050-8d45-09d30fe5e2f2,2026-04-27,day,8.0
bc93a10e-3245-4d75-a56a-1e4d277aa0b2,dd50c927-6b25-4050-8d45-09d30fe5e2f2,2026-04-28,day,8.0
ba475539-400c-4b9a-9ac4-635869d7ff61,dd50c927-6b25-4050-8d45-09d30fe5e2f2,2026-04-29,day,8.5
b195f882-27b9-4390-8cb5-50a788168261,dd50c927-6b25-4050-8d45-09d30fe5e2f2,2026-04-30,day,9.0
1cf02a47-ec89-4be4-9c21-0a366709dc47,dd50c927-6b25-4050-8d45-09d30fe5e2f2,2026-05-01,night,10.0
a6c9e35a-aff8-4e95-b88f-9e3747faf59c,dd50c927-6b25-4050-8d45-09d30fe5e2f2,2026-05-04,day,8.5
ff937593-0746-464b-9c52-4b471d315318,dd50c927-6b25-4050-8d45-09d30fe5e2f2,2026-05-05,day,8.0
16313b40-e6b8-4f39-a6c6-6430a3bf2a5f,dd50c927-6b25-4050-8d45-09d30fe5e2f2,2026-05-06,night,11.0
8a02b654-2b49-4181-922b-246c770de4de,dd50c927-6b25-4050-8d45-09d30fe5e2f2,2026-05-07,day,8.0
937f19f9-f6a5-4ff2-bcd4-e457d81fe287,dd50c927-6b25-4050-8d45-09d30fe5e2f2,2026-05-08,night,10.5
e7901d96-4714-4539-9d0b-568004c8e43e,dd50c927-6b25-4050-8d45-09d30fe5e2f2,2026-05-09,day,8.0
cb99c6d6-a47a-4933-9c50-4f6bc1ff4648,dd50c927-6b25-4050-8d45-09d30fe5e2f2,2026-05-11,day,8.0
ba3cec89-0818-42b4-8918-6ad86a8a9626,dd50c927-6b25-4050-8d45-09d30fe5e2f2,2026-05-12,day,8.0
7d5802f5-e896-491b-9018-b7e43d2f9a16,dd50c927-6b25-4050-8d45-09d30fe5e2f2,2026-05-13,day,9.5
08f96661-cba9-43fc-a90a-c0ab6c54f3d0,dd50c927-6b25-4050-8d45-09d30fe5e2f2,2026-05-14,day,8.0
23c79d9a-2551-47de-8346-b5a8b7cf383b,dd50c927-6b25-4050-8d45-09d30fe5e2f2,2026-05-15,day,8.5
08175e99-8744-493c-88a6-ad44162dcc36,dd50c927-6b25-4050-8d45-09d30fe5e2f2,2026-05-17,day,9.0
7f680251-281c-43c3-b2bf-5b4887a1c504,dd50c927-6b25-4050-8d45-09d30fe5e2f2,2026-05-18,day,8.0
30366ea4-002c-4af2-82c6-55af021c813a,dd50c927-6b25-4050-8d45-09d30fe5e2f2,2026-05-19,day,8.0
c4252191-c351-462e-b103-d9eb904fb76c,dd50c927-6b25-4050-8d45-09d30fe5e2f2,2026-05-20,extended,13.8
a226ed55-bf84-4c19-a560-53ac72fb6c17,dd50c927-6b25-4050-8d45-09d30fe5e2f2,2026-05-21,night,11.0
9a0d9876-a352-4ff8-b3d3-415ee0de548d,dd50c927-6b25-4050-8d45-09d30fe5e2f2,2026-05-22,day,8.5
6d13c24e-e397-45f3-a2f8-6e00e34615e0,dd50c927-6b25-4050-8d45-09d30fe5e2f2,2026-05-23,extended,14.7
1103b9c4-1fed-4a94-bb60-e6925713e4cb,dd50c927-6b25-4050-8d45-09d30fe5e2f2,2026-05-25,night,11.0
5abebd59-6e10-407d-838f-2884100faf19,dd50c927-6b25-4050-8d45-09d30fe5e2f2,2026-05-26,day,8.0
1fd448a8-3cbb-4bf7-b874-eded0fc900a3,dd50c927-6b25-4050-8d45-09d30fe5e2f2,2026-05-27,day,9.5
d7e487ef-6268-467c-acd7-6bfb60b81b5f,dd50c927-6b25-4050-8d45-09d30fe5e2f2,2026-05-28,day,8.0
4060c0da-7d40-44b4-846f-13d11e9e14c1,dd50c927-6b25-4050-8d45-09d30fe5e2f2,2026-05-29,night,10.0
4a583ebe-9fb0-434d-bc63-89f0758a2b92,dd50c927-6b25-4050-8d45-09d30fe5e2f2,2026-06-01,day,9.0
27e964f8-79af-4cc7-8eba-c73a08a52744,dd50c927-6b25-4050-8d45-09d30fe5e2f2,2026-06-02,night,10.0
0f80ef4f-063f-4190-98d6-5b31505928ad,dd50c927-6b25-4050-8d45-09d30fe5e2f2,2026-06-03,day,8.5
71c7f6fd-0fbc-438c-bd0f-5bb0f11ad598,dd50c927-6b25-4050-8d45-09d30fe5e2f2,2026-06-04,extended,14.5
cf5a0a5f-330f-4131-902e-ac9c32fb18ca,dd50c927-6b25-4050-8d45-09d30fe5e2f2,2026-06-05,day,8.0
3471a3ec-70d8-4266-9675-55271234017c,dd50c927-6b25-4050-8d45-09d30fe5e2f2,2026-06-07,extended,15.3
6f558e2a-8ef0-456b-89ef-a59aaec64d14,dd50c927-6b25-4050-8d45-09d30fe5e2f2,2026-06-08,night,10.0
bd5e4cd9-36f2-4ae2-b699-98aa749ffdd6,dd50c927-6b25-4050-8d45-09d30fe5e2f2,2026-06-09,night,10.0
aad6871c-0001-44c2-a37b-80106819fe63,dd50c927-6b25-4050-8d45-09d30fe5e2f2,2026-06-10,day,9.0
054d2565-e724-4cf5-bc08-6c06b569da96,dd50c927-6b25-4050-8d45-09d30fe5e2f2,2026-06-11,day,8.0
e874e93a-8f69-4c77-a625-7ee1ec8e06bd,dd50c927-6b25-4050-8d45-09d30fe5e2f2,2026-06-12,day,9.0
d32793b1-723a-402c-90fd-af3e25958f7c,dd50c927-6b25-4050-8d45-09d30fe5e2f2,2026-06-13,day,9.5
311eb38b-c173-4d00-a4a8-e5084dfc131e,dd50c927-6b25-4050-8d45-09d30fe5e2f2,2026-06-15,day,8.5
f9090fd0-d494-4a1a-b0f0-f92a62aad9d6,dd50c927-6b25-4050-8d45-09d30fe5e2f2,2026-06-16,day,9.0
7db926cf-b567-4b72-a830-6390b5562396,dd50c927-6b25-4050-8d45-09d30fe5e2f2,2026-06-17,extended,12.7
5b44f852-7a5b-49a7-90d0-3a73130128ab,dd50c927-6b25-4050-8d45-09d30fe5e2f2,2026-06-18,day,8.5
97b60919-5fe8-43c9-83ec-fb577cf54794,dd50c927-6b25-4050-8d45-09d30fe5e2f2,2026-06-19,day,9.0
1413d137-15e3-4b6f-a465-0cfb7ed9c362,dd50c927-6b25-4050-8d45-09d30fe5e2f2,2026-06-20,day,8.0
d516e696-e4f3-40d9-9a8c-9a82aca06084,dd50c927-6b25-4050-8d45-09d30fe5e2f2,2026-06-21,night,10.0
997c040f-3e58-410d-b7e8-96f22c9f2550,dd50c927-6b25-4050-8d45-09d30fe5e2f2,2026-06-22,day,8.0
25482133-82a4-4251-9cfd-45c2862eaf0e,dd50c927-6b25-4050-8d45-09d30fe5e2f2,2026-06-23,day,8.5
fa6fa36e-f576-4197-b4b0-cca5b8e5c9f5,dd50c927-6b25-4050-8d45-09d30fe5e2f2,2026-06-24,night,10.0
68416038-5dce-4198-90a7-d6ce5d903b6f,dd50c927-6b25-4050-8d45-09d30fe5e2f2,2026-06-25,day,8.5
cfb0aecb-a5d2-4ee2-887e-a6171a10dba8,dd50c927-6b25-4050-8d45-09d30fe5e2f2,2026-06-26,day,9.0
6b723c99-4916-41e5-b463-470a55edb137,dd50c927-6b25-4050-8d45-09d30fe5e2f2,2026-06-29,day,8.0
588b08f9-fca4-43dc-961d-754cf7a2ab5a,4ab96b1e-eca6-4582-a326-96eaae1536b8,2026-01-01,day,8.0
603780d5-fee9-4e85-aa07-dd0ba8ce10a5,4ab96b1e-eca6-4582-a326-96eaae1536b8,2026-01-02,night,10.0
c758a057-a4e3-401a-a272-d42bfdea7406,4ab96b1e-eca6-4582-a326-96eaae1536b8,2026-01-05,day,8.0
9c0591d8-4bf8-46c5-a4dd-14b0f7de821e,4ab96b1e-eca6-4582-a326-96eaae1536b8,2026-01-06,day,8.5
9eb90492-88e9-4860-9454-79b1ba564e5a,4ab96b1e-eca6-4582-a326-96eaae1536b8,2026-01-07,day,8.0
fff30393-9990-48ae-a242-f59f0db8c2e5,4ab96b1e-eca6-4582-a326-96eaae1536b8,2026-01-08,night,10.5
a6c98a14-1b9b-4804-b473-88603154de39,4ab96b1e-eca6-4582-a326-96eaae1536b8,2026-01-09,day,9.5
182c444c-38eb-4af5-97c4-15c427a27f79,4ab96b1e-eca6-4582-a326-96eaae1536b8,2026-01-10,day,8.0
de8ef63a-bdad-463c-97b2-b77afa608e48,4ab96b1e-eca6-4582-a326-96eaae1536b8,2026-01-12,day,8.0
dce7b516-8c70-4c0c-a1ff-174ada98ae7a,4ab96b1e-eca6-4582-a326-96eaae1536b8,2026-01-13,day,9.0
5c430fda-d076-4e29-bc79-fa9b3a4c5927,4ab96b1e-eca6-4582-a326-96eaae1536b8,2026-01-14,day,8.0
d412e3dd-d4d3-40e6-b947-26b0e64f57ea,4ab96b1e-eca6-4582-a326-96eaae1536b8,2026-01-15,day,8.0
4bce24fc-c578-4c0f-ad2a-e3a12882acfc,4ab96b1e-eca6-4582-a326-96eaae1536b8,2026-01-16,day,8.0
5fd492e8-5346-4570-ac56-09305f84e2d8,4ab96b1e-eca6-4582-a326-96eaae1536b8,2026-01-17,day,8.0
ce2f5ee1-34cf-42ee-ad60-cccd6e276c9e,4ab96b1e-eca6-4582-a326-96eaae1536b8,2026-01-19,night,10.0
e49728aa-aaa8-435e-a902-b3edc7288516,4ab96b1e-eca6-4582-a326-96eaae1536b8,2026-01-20,day,8.0
6fcbe35b-90e0-464d-a21a-18a8660e1532,4ab96b1e-eca6-4582-a326-96eaae1536b8,2026-01-21,night,10.0
a6171396-4ce5-46a6-8025-80c012d9f724,4ab96b1e-eca6-4582-a326-96eaae1536b8,2026-01-22,day,8.0
272de3e0-2a1a-4e10-9e6a-9c3b341f10fd,4ab96b1e-eca6-4582-a326-96eaae1536b8,2026-01-23,day,8.0
c37894d6-c584-41c6-bfea-0b356e40cb79,4ab96b1e-eca6-4582-a326-96eaae1536b8,2026-01-24,extended,13.3
f2702826-eec9-4fc2-b735-8f8f83ba8331,4ab96b1e-eca6-4582-a326-96eaae1536b8,2026-01-26,extended,15.3
d6a447cc-6716-47b2-a989-e758eeecf0fc,4ab96b1e-eca6-4582-a326-96eaae1536b8,2026-01-27,day,8.0
d3762c72-72bb-4b41-8659-2c2b4121ea9c,4ab96b1e-eca6-4582-a326-96eaae1536b8,2026-01-28,day,8.0
2a8dc584-b1d1-44eb-82ec-77728864cf44,4ab96b1e-eca6-4582-a326-96eaae1536b8,2026-01-29,day,8.0
df91e5e7-9794-4fbe-80a9-0ec26e4314a1,4ab96b1e-eca6-4582-a326-96eaae1536b8,2026-01-30,extended,14.2
bc108528-9fb8-4650-96ff-68f7542766e4,4ab96b1e-eca6-4582-a326-96eaae1536b8,2026-01-31,day,8.0
a92edd3c-f0c7-4567-8987-2cfefa4da022,4ab96b1e-eca6-4582-a326-96eaae1536b8,2026-02-01,night,10.0
d2d7f826-fd76-41d7-abf2-da5390c2f3f0,4ab96b1e-eca6-4582-a326-96eaae1536b8,2026-02-02,day,9.5
d8b44ad5-5707-4c69-962b-d16872172045,4ab96b1e-eca6-4582-a326-96eaae1536b8,2026-02-03,night,10.0
43fe7034-a17a-46ba-9d53-b531e3038ff7,4ab96b1e-eca6-4582-a326-96eaae1536b8,2026-02-04,day,8.0
18de1d57-df7f-478e-a131-a78ca8670811,4ab96b1e-eca6-4582-a326-96eaae1536b8,2026-02-05,day,9.0
8f5c5923-12b6-431c-9419-91644299a6aa,4ab96b1e-eca6-4582-a326-96eaae1536b8,2026-02-06,day,8.0
53521a4d-ee8a-4a28-841f-67befd9edbc8,4ab96b1e-eca6-4582-a326-96eaae1536b8,2026-02-08,day,8.0
01a9b712-8570-4ef3-8a79-d39e69077af2,4ab96b1e-eca6-4582-a326-96eaae1536b8,2026-02-09,day,8.5
5dd2bb20-baf8-4e1a-8109-b0857f74ab45,4ab96b1e-eca6-4582-a326-96eaae1536b8,2026-02-10,night,10.5
dee832e8-9c81-4da1-bc55-e917f6114747,4ab96b1e-eca6-4582-a326-96eaae1536b8,2026-02-11,day,8.0
ac3040f4-cda7-4ccf-b60a-1192a2abd77e,4ab96b1e-eca6-4582-a326-96eaae1536b8,2026-02-12,day,8.0
38070a5c-ba26-4386-b5bf-c9226b6ea316,4ab96b1e-eca6-4582-a326-96eaae1536b8,2026-02-13,day,8.0
f2a814c7-060c-487d-9c74-8ed7793eb780,4ab96b1e-eca6-4582-a326-96eaae1536b8,2026-02-16,day,8.0
cad6bf6f-057d-40f1-9179-f2cf6e552127,4ab96b1e-eca6-4582-a326-96eaae1536b8,2026-02-17,day,8.5
9794b160-3928-46dd-a564-46d18a529bfa,4ab96b1e-eca6-4582-a326-96eaae1536b8,2026-02-18,night,10.5
30f8d4d8-2532-4fab-9d6b-49c5c28fc49d,4ab96b1e-eca6-4582-a326-96eaae1536b8,2026-02-19,day,8.0
8c920544-8d44-48dd-9095-38235e6b46ac,4ab96b1e-eca6-4582-a326-96eaae1536b8,2026-02-20,extended,14.9
d34ecf12-85a8-4964-8124-e3355ac76a73,4ab96b1e-eca6-4582-a326-96eaae1536b8,2026-02-21,day,8.5
a0135b18-7f3c-4e66-b884-ffa8402f046f,4ab96b1e-eca6-4582-a326-96eaae1536b8,2026-02-23,day,8.0
0d2b02aa-74cb-4ffe-8e1f-bbb38281671e,4ab96b1e-eca6-4582-a326-96eaae1536b8,2026-02-24,day,8.0
d61c7256-89bf-4c2e-8521-1ee748da8a43,4ab96b1e-eca6-4582-a326-96eaae1536b8,2026-02-25,night,10.0
51b0eee1-83a4-49ad-9864-7fe32d73afac,4ab96b1e-eca6-4582-a326-96eaae1536b8,2026-02-26,day,8.0
5cda8ec1-1ae0-44b7-aac4-ecad1c1b47af,4ab96b1e-eca6-4582-a326-96eaae1536b8,2026-02-27,day,8.0
c92461f3-0fce-45f2-ba5f-ffaeee538692,4ab96b1e-eca6-4582-a326-96eaae1536b8,2026-02-28,day,8.0
1921ca52-b14a-42bb-8485-98c9842d338d,4ab96b1e-eca6-4582-a326-96eaae1536b8,2026-03-01,day,9.0
2e860b4a-278c-415c-bf31-bb430d432563,4ab96b1e-eca6-4582-a326-96eaae1536b8,2026-03-02,extended,15.3
cbdc1264-cb76-439a-a132-b723faa1bb99,4ab96b1e-eca6-4582-a326-96eaae1536b8,2026-03-03,day,8.0
feeaad1f-2af6-4ff0-8152-6bea6a3ea333,4ab96b1e-eca6-4582-a326-96eaae1536b8,2026-03-04,day,9.0
eaf15311-0f65-4c1d-96f7-53429b7f02b4,4ab96b1e-eca6-4582-a326-96eaae1536b8,2026-03-05,night,10.0
c4fdf275-3858-4aed-9200-0d5f86ac9a33,4ab96b1e-eca6-4582-a326-96eaae1536b8,2026-03-06,extended,14.9
adbe61ee-1ac1-477d-94fd-227a588c39f8,4ab96b1e-eca6-4582-a326-96eaae1536b8,2026-03-07,day,9.0
54f5c132-4dfd-42a1-af54-67e9f720565b,4ab96b1e-eca6-4582-a326-96eaae1536b8,2026-03-08,day,8.0
4193a4fc-d2f8-439c-9d67-5038e3e5661d,4ab96b1e-eca6-4582-a326-96eaae1536b8,2026-03-09,day,8.5
f310c259-a166-4373-b260-93346f04a557,4ab96b1e-eca6-4582-a326-96eaae1536b8,2026-03-10,day,8.0
7924d13d-52fe-4b32-b6ee-2eaddbfa0904,4ab96b1e-eca6-4582-a326-96eaae1536b8,2026-03-11,day,8.0
50eee06b-2365-47f5-83de-15df276641dc,4ab96b1e-eca6-4582-a326-96eaae1536b8,2026-03-12,day,8.0
88d7ea09-2c11-4cf8-8aa3-d59f68612445,4ab96b1e-eca6-4582-a326-96eaae1536b8,2026-03-13,day,8.5
b0bf4053-a3fc-4992-89a5-078a9be23b63,4ab96b1e-eca6-4582-a326-96eaae1536b8,2026-03-14,extended,14.6
2620b55d-3420-4dfe-bbdc-9e64648ef386,4ab96b1e-eca6-4582-a326-96eaae1536b8,2026-03-15,night,10.5
2bfa0667-0e7b-4813-92bd-dcc11594ddbf,4ab96b1e-eca6-4582-a326-96eaae1536b8,2026-03-16,night,10.5
11e7fe46-7315-4c52-ae7d-ff15421da763,4ab96b1e-eca6-4582-a326-96eaae1536b8,2026-03-17,night,10.5
2a42a36c-221f-4072-8030-bc119bd6e4ed,4ab96b1e-eca6-4582-a326-96eaae1536b8,2026-03-18,day,9.0
8577eda8-8cd7-42dc-a612-9951361dda38,4ab96b1e-eca6-4582-a326-96eaae1536b8,2026-03-19,extended,15.8
d5c281be-1b8e-432a-b5e4-fe5b4ad74e17,4ab96b1e-eca6-4582-a326-96eaae1536b8,2026-03-20,day,9.0
cf7243ce-2495-4fb9-b7df-b0c3b3f18a8b,4ab96b1e-eca6-4582-a326-96eaae1536b8,2026-03-21,extended,13.8
68aac5a2-d546-44bf-813a-1ce8fc0b74f8,4ab96b1e-eca6-4582-a326-96eaae1536b8,2026-03-22,day,9.5
0192f231-3d04-4314-84ef-072dd02a7287,4ab96b1e-eca6-4582-a326-96eaae1536b8,2026-03-23,extended,13.5
4a8fc2f7-84b2-4121-a44a-5f2e7d30ce5d,4ab96b1e-eca6-4582-a326-96eaae1536b8,2026-03-24,day,8.0
ea7d4d9c-551a-479c-936f-9c8c035e80c2,4ab96b1e-eca6-4582-a326-96eaae1536b8,2026-03-25,day,8.5
e9813175-42ef-41bf-bbf9-9d690a8680ec,4ab96b1e-eca6-4582-a326-96eaae1536b8,2026-03-26,day,8.0
3b492f98-d0d5-4cf2-8139-6e6ccfc59913,4ab96b1e-eca6-4582-a326-96eaae1536b8,2026-03-27,extended,15.5
da6518e7-eafe-4295-8939-7d9b07941299,4ab96b1e-eca6-4582-a326-96eaae1536b8,2026-03-28,extended,13.7
847eeea4-3cc0-45ce-9457-93da8b52aacf,4ab96b1e-eca6-4582-a326-96eaae1536b8,2026-03-29,night,10.0
8e0f311b-7c59-491a-ac0c-4a7961a096f2,4ab96b1e-eca6-4582-a326-96eaae1536b8,2026-03-30,extended,16.0
68f6a9e3-e212-4e3f-acf1-a9cc6415eef8,4ab96b1e-eca6-4582-a326-96eaae1536b8,2026-03-31,day,8.0
010ca1b1-d519-4bdc-963a-f0c9a977c6e7,4ab96b1e-eca6-4582-a326-96eaae1536b8,2026-04-01,night,10.0
809ea3e2-ea44-4644-8b7f-171554a008d1,4ab96b1e-eca6-4582-a326-96eaae1536b8,2026-04-02,day,8.0
519f1e71-dba2-4ddc-a2c7-0e5ed5927fc6,4ab96b1e-eca6-4582-a326-96eaae1536b8,2026-04-03,day,8.0
7782886f-9b3a-41e6-a32c-ebc0f79a4ad9,4ab96b1e-eca6-4582-a326-96eaae1536b8,2026-04-04,day,8.0
6181f0b6-1149-4c84-b81b-2a77213e31c7,4ab96b1e-eca6-4582-a326-96eaae1536b8,2026-04-05,day,8.0
c5ee0e75-72ce-4032-abf8-3fe427d9b8cb,4ab96b1e-eca6-4582-a326-96eaae1536b8,2026-04-06,day,8.0
c05cf410-7c22-40be-846f-cdb21b95b37a,4ab96b1e-eca6-4582-a326-96eaae1536b8,2026-04-07,day,8.0
59adc0ee-668a-406c-bdb7-4c70a5946461,4ab96b1e-eca6-4582-a326-96eaae1536b8,2026-04-08,day,8.0
55972378-d5dc-45d9-9344-aea4d9853860,4ab96b1e-eca6-4582-a326-96eaae1536b8,2026-04-09,night,11.0
ce380538-d5a0-4002-812c-4672f99a2825,4ab96b1e-eca6-4582-a326-96eaae1536b8,2026-04-10,day,9.5
b009be3e-ae00-4063-9961-568992255396,4ab96b1e-eca6-4582-a326-96eaae1536b8,2026-04-11,day,9.0
0fb7f26d-2ca2-4731-beb1-7ebe20d62547,4ab96b1e-eca6-4582-a326-96eaae1536b8,2026-04-12,day,8.0
3914c868-f28d-4110-bada-363b2aee5f50,4ab96b1e-eca6-4582-a326-96eaae1536b8,2026-04-13,day,8.0
89ed4f42-c0fa-43c7-82fc-b037e7fbfca7,4ab96b1e-eca6-4582-a326-96eaae1536b8,2026-04-14,day,9.0
bc9a5944-34b9-4183-9d9b-b68b4f41342a,4ab96b1e-eca6-4582-a326-96eaae1536b8,2026-04-15,day,8.0
c8c9ebcd-1b6a-42e3-abd4-ca4b3df587c0,4ab96b1e-eca6-4582-a326-96eaae1536b8,2026-04-16,day,8.0
6a047652-ff86-495d-8cde-4316faf15a8a,4ab96b1e-eca6-4582-a326-96eaae1536b8,2026-04-17,day,8.5
56d7735e-f190-46ac-869d-c39768eb6c4e,4ab96b1e-eca6-4582-a326-96eaae1536b8,2026-04-18,night,12.0
2cc1c4d9-c465-4f69-93a0-7870c4fb2a7f,4ab96b1e-eca6-4582-a326-96eaae1536b8,2026-04-19,day,8.0
1b697457-fe7d-4186-a2d2-ae07847476e1,4ab96b1e-eca6-4582-a326-96eaae1536b8,2026-04-20,day,8.5
6080ec9f-934a-47f7-a1a1-8cf5fda13cbd,4ab96b1e-eca6-4582-a326-96eaae1536b8,2026-04-21,extended,13.7
980bb66f-570c-44b8-97e3-275fbc75b813,4ab96b1e-eca6-4582-a326-96eaae1536b8,2026-04-22,day,8.0
efc8507f-d48b-425e-9795-f7c5883114ad,4ab96b1e-eca6-4582-a326-96eaae1536b8,2026-04-23,day,8.0
9b013f41-2583-43f1-b091-d3447f4f1316,4ab96b1e-eca6-4582-a326-96eaae1536b8,2026-04-24,day,9.0
19a87eb4-b5d2-4836-b2cb-6a011eae34e1,4ab96b1e-eca6-4582-a326-96eaae1536b8,2026-04-25,night,10.0
0804a11e-7dff-4213-8c42-28a3272d2787,4ab96b1e-eca6-4582-a326-96eaae1536b8,2026-04-26,day,9.5
e84c673d-ae31-4079-a64a-ef32d57c3036,4ab96b1e-eca6-4582-a326-96eaae1536b8,2026-04-27,day,8.0
c5a0f01c-6b5e-4be5-a08e-4046c9ac6c8e,4ab96b1e-eca6-4582-a326-96eaae1536b8,2026-04-28,day,8.5
6599d9c2-1951-4491-8acf-67f8136a0c4e,4ab96b1e-eca6-4582-a326-96eaae1536b8,2026-04-29,extended,14.4
ce3530e5-7699-45fe-92bf-95eda8bba619,4ab96b1e-eca6-4582-a326-96eaae1536b8,2026-04-30,day,8.0
888cd7ac-9edf-42b5-b330-be0aec2e535e,4ab96b1e-eca6-4582-a326-96eaae1536b8,2026-05-01,day,9.0
6fc1c984-a07d-46c0-ac6c-8ba9db54706f,4ab96b1e-eca6-4582-a326-96eaae1536b8,2026-05-02,day,8.0
63e2a5a6-def1-4a01-b95a-42163035007e,4ab96b1e-eca6-4582-a326-96eaae1536b8,2026-05-03,day,8.5
a755eee6-0601-43ba-ad90-c6b37c1e2f07,4ab96b1e-eca6-4582-a326-96eaae1536b8,2026-05-04,night,10.5
cf51bfa3-6b5e-4b2b-8105-868a7d08c56e,4ab96b1e-eca6-4582-a326-96eaae1536b8,2026-05-05,night,10.0
22608ced-38ff-42fe-8bff-f281d8fdeee7,4ab96b1e-eca6-4582-a326-96eaae1536b8,2026-05-06,day,9.5
d1792563-eef5-4d39-92d1-9d55cbfb5ece,4ab96b1e-eca6-4582-a326-96eaae1536b8,2026-05-07,day,8.5
5fbf7916-a1e8-43c4-a371-832c30b655a8,4ab96b1e-eca6-4582-a326-96eaae1536b8,2026-05-08,day,8.0
931e58f3-1db5-443a-980b-c3753334311a,4ab96b1e-eca6-4582-a326-96eaae1536b8,2026-05-09,day,9.0
c46fdb4d-85bf-421f-bf34-203101967e94,4ab96b1e-eca6-4582-a326-96eaae1536b8,2026-05-10,night,10.0
4f35fc61-e506-4e27-9d95-cd87c7e1ad70,4ab96b1e-eca6-4582-a326-96eaae1536b8,2026-05-11,day,8.0
567d991a-91fc-4aa3-bc9a-0e37855f65b5,4ab96b1e-eca6-4582-a326-96eaae1536b8,2026-05-12,night,10.0
bd0d7f48-8835-4bfe-b3d8-bdea22faedde,4ab96b1e-eca6-4582-a326-96eaae1536b8,2026-05-13,day,8.0
27807f8b-1cf6-49ed-ada9-fbc3e2b3a477,4ab96b1e-eca6-4582-a326-96eaae1536b8,2026-05-14,night,10.0
f5150f60-aa46-44cf-8cb5-d750ba02704a,4ab96b1e-eca6-4582-a326-96eaae1536b8,2026-05-15,night,11.0
810d4fa7-3c84-46a7-a713-f3452c15a245,4ab96b1e-eca6-4582-a326-96eaae1536b8,2026-05-16,day,8.0
1eafe263-148c-4f72-883a-c04eec23ff5e,4ab96b1e-eca6-4582-a326-96eaae1536b8,2026-05-17,day,8.0
9b0e3a92-5d54-4dd6-90e9-93f34d92d0f8,4ab96b1e-eca6-4582-a326-96eaae1536b8,2026-05-18,extended,14.1
2106eaa9-4d72-43ae-9c5b-048aaa016b16,4ab96b1e-eca6-4582-a326-96eaae1536b8,2026-05-19,night,10.0
f50e78d8-7178-433f-b901-d32082a1e858,4ab96b1e-eca6-4582-a326-96eaae1536b8,2026-05-20,night,11.0
ac60d020-add7-41e3-8ca4-6fafed25fcd4,4ab96b1e-eca6-4582-a326-96eaae1536b8,2026-05-21,day,9.0
e67547db-0081-4366-b8fd-904d8464cae8,4ab96b1e-eca6-4582-a326-96eaae1536b8,2026-05-22,day,9.5
6e6b638d-3df1-4094-8b5f-cd3f46f89a7d,4ab96b1e-eca6-4582-a326-96eaae1536b8,2026-05-25,day,8.0
0374cb3f-6dbb-4998-91bd-3dd9f5ffeaeb,4ab96b1e-eca6-4582-a326-96eaae1536b8,2026-05-26,day,8.0
a625457a-b414-4e59-a249-f2e4a0e8b2d2,4ab96b1e-eca6-4582-a326-96eaae1536b8,2026-05-27,night,12.0
51f39257-d7d3-4319-96e8-d8f4a6c16190,4ab96b1e-eca6-4582-a326-96eaae1536b8,2026-05-28,day,8.0
87f6bf4f-4e53-4763-8181-23987b79be95,4ab96b1e-eca6-4582-a326-96eaae1536b8,2026-05-29,night,10.0
72e77ac1-364c-4e39-9314-d53fe5832dc3,4ab96b1e-eca6-4582-a326-96eaae1536b8,2026-05-30,day,8.0
32ddc98f-74c8-41f5-a6a7-840b3d93c691,4ab96b1e-eca6-4582-a326-96eaae1536b8,2026-05-31,day,8.0
d126ae0a-8d29-470a-ba38-08d21909ae42,4ab96b1e-eca6-4582-a326-96eaae1536b8,2026-06-01,day,9.0
3bf5319f-2a5f-4af8-be23-9c70b6d20e92,4ab96b1e-eca6-4582-a326-96eaae1536b8,2026-06-02,day,8.0
024150a1-d1da-4a18-8a57-53264d08da1f,4ab96b1e-eca6-4582-a326-96eaae1536b8,2026-06-03,day,8.0
a5a1b99b-a4c4-47ea-a5c8-59b7cbfcc550,4ab96b1e-eca6-4582-a326-96eaae1536b8,2026-06-04,day,9.0
0e907eb9-3331-4b34-adf7-db9dea98e6df,4ab96b1e-eca6-4582-a326-96eaae1536b8,2026-06-05,day,8.0
9d491836-cc27-48db-b60d-8c8cb926e43f,4ab96b1e-eca6-4582-a326-96eaae1536b8,2026-06-08,day,8.0
703c0f78-1975-4e2e-b4fb-e6e8a6db9543,4ab96b1e-eca6-4582-a326-96eaae1536b8,2026-06-09,day,8.0
d08ac870-5747-43a5-9f0e-2af231b1bee8,4ab96b1e-eca6-4582-a326-96eaae1536b8,2026-06-10,day,8.0
410d672c-7713-4313-abe5-105a1a6ace4a,4ab96b1e-eca6-4582-a326-96eaae1536b8,2026-06-11,day,8.0
69db7dd5-db2c-4091-8ecf-1a9464781b4c,4ab96b1e-eca6-4582-a326-96eaae1536b8,2026-06-12,day,8.5
9067d25a-58f8-4347-ae55-272899c6b995,4ab96b1e-eca6-4582-a326-96eaae1536b8,2026-06-14,day,8.0
df39df74-856e-4f61-a294-a31c7b5dd873,4ab96b1e-eca6-4582-a326-96eaae1536b8,2026-06-15,day,8.5
6e1f425f-332c-4903-bae4-74dc3254bd46,4ab96b1e-eca6-4582-a326-96eaae1536b8,2026-06-16,day,9.0
29c8b086-ca00-4bf7-ba77-78819fa5cf99,4ab96b1e-eca6-4582-a326-96eaae1536b8,2026-06-17,day,8.0
91239830-fa18-4788-8572-2981f0f70308,4ab96b1e-eca6-4582-a326-96eaae1536b8,2026-06-18,night,10.0
e7a6f46c-4c8a-4958-aaa4-18c50e07ec41,4ab96b1e-eca6-4582-a326-96eaae1536b8,2026-06-19,day,8.5
b8daadf6-71b6-455c-a42c-407d5df879b5,4ab96b1e-eca6-4582-a326-96eaae1536b8,2026-06-22,night,10.0
d6c10482-f6b2-4898-a67b-41734711691b,4ab96b1e-eca6-4582-a326-96eaae1536b8,2026-06-23,day,8.0
8befc74d-9bb7-471c-9a3b-e08b717915c4,4ab96b1e-eca6-4582-a326-96eaae1536b8,2026-06-24,night,10.0
040d36da-ab15-43f5-8be2-ad2fb704a1c1,4ab96b1e-eca6-4582-a326-96eaae1536b8,2026-06-25,day,8.5
20c2a108-644f-4b26-bfab-e0ebdc50101f,4ab96b1e-eca6-4582-a326-96eaae1536b8,2026-06-26,day,8.0
1496555a-449e-4f1d-ac2b-448c1342c39b,4ab96b1e-eca6-4582-a326-96eaae1536b8,2026-06-29,day,8.0
7e17a229-ccff-4eb1-86af-e0c6b15dd0d8,64f05c24-9d94-4d30-b122-d3dc7b06d08c,2026-01-01,extended,14.5
5b79049f-f9ff-47be-b15c-c3ceb905214e,64f05c24-9d94-4d30-b122-d3dc7b06d08c,2026-01-02,day,8.5
c5ca3922-5b88-43ac-a777-98142a366118,64f05c24-9d94-4d30-b122-d3dc7b06d08c,2026-01-04,day,8.0
33261cbf-cccf-4fd6-b3fc-287bc8554db4,64f05c24-9d94-4d30-b122-d3dc7b06d08c,2026-01-05,day,8.0
474d3d45-16e5-4f5b-9aef-81c84ca0d5d1,64f05c24-9d94-4d30-b122-d3dc7b06d08c,2026-01-06,day,9.5
6513603b-f2fa-4937-9403-0dd4d0fd5d4e,64f05c24-9d94-4d30-b122-d3dc7b06d08c,2026-01-07,day,8.0
7d36c179-4557-459e-83ad-466bcf1aad15,64f05c24-9d94-4d30-b122-d3dc7b06d08c,2026-01-08,day,8.5
0ebd2d47-d30a-4ff1-b736-7adc772c9667,64f05c24-9d94-4d30-b122-d3dc7b06d08c,2026-01-09,day,9.0
a70bd8a2-8032-4765-8e15-82bf9b723daa,64f05c24-9d94-4d30-b122-d3dc7b06d08c,2026-01-11,day,8.0
d9bce701-2f6e-417c-8ee8-a8dc82483fd2,64f05c24-9d94-4d30-b122-d3dc7b06d08c,2026-01-12,day,8.5
a9011a58-ef23-4088-a142-6efbf12d9cda,64f05c24-9d94-4d30-b122-d3dc7b06d08c,2026-01-13,extended,13.4
3cd067f5-dcf3-43e4-b77d-f84e351225b6,64f05c24-9d94-4d30-b122-d3dc7b06d08c,2026-01-14,day,8.5
6253b17b-6301-4446-a6b6-2496e08e047b,64f05c24-9d94-4d30-b122-d3dc7b06d08c,2026-01-15,day,9.5
49c7c228-8dc4-423c-87dc-24674cfd48fd,64f05c24-9d94-4d30-b122-d3dc7b06d08c,2026-01-16,day,8.0
ff04906b-f1f3-4d14-8a5a-524ebc70f364,64f05c24-9d94-4d30-b122-d3dc7b06d08c,2026-01-19,day,8.0
facce6b1-ae8e-419b-8acb-c933f41be4bc,64f05c24-9d94-4d30-b122-d3dc7b06d08c,2026-01-20,day,8.0
b5359ce2-e7f8-4dc6-a444-630d44f2f179,64f05c24-9d94-4d30-b122-d3dc7b06d08c,2026-01-21,day,8.0
1e1b80f6-a549-4410-b318-3d9b50b98d10,64f05c24-9d94-4d30-b122-d3dc7b06d08c,2026-01-22,night,10.5
32aaf06f-63b5-4e80-b78b-0792f10a4354,64f05c24-9d94-4d30-b122-d3dc7b06d08c,2026-01-23,day,8.0
34c63c00-4b1a-4fd2-935e-ed4764b14c0b,64f05c24-9d94-4d30-b122-d3dc7b06d08c,2026-01-24,day,8.0
f7918bf2-bccd-4b25-aa2c-252d2cf4f559,64f05c24-9d94-4d30-b122-d3dc7b06d08c,2026-01-25,day,8.0
1e5c884a-d9b6-47a9-ba12-c199824f6252,64f05c24-9d94-4d30-b122-d3dc7b06d08c,2026-01-26,day,8.0
bdb275d6-466c-49d9-82de-a7fb767aa74e,64f05c24-9d94-4d30-b122-d3dc7b06d08c,2026-01-27,day,8.0
fa264882-de45-4023-a910-c86d5d8afc5e,64f05c24-9d94-4d30-b122-d3dc7b06d08c,2026-01-28,day,8.5
7f094be5-0e6f-4a6a-b086-8659d641f8a3,64f05c24-9d94-4d30-b122-d3dc7b06d08c,2026-01-29,night,10.0
0883341a-6c33-48c5-9fa2-e9a911a52793,64f05c24-9d94-4d30-b122-d3dc7b06d08c,2026-01-30,day,9.0
cc5a31d4-caf6-457c-b438-2e14054a2638,64f05c24-9d94-4d30-b122-d3dc7b06d08c,2026-01-31,day,8.0
bf1a87b0-7c46-47ff-afb0-277e4858a34a,64f05c24-9d94-4d30-b122-d3dc7b06d08c,2026-02-02,extended,14.6
2b216092-99da-46ee-92dc-044a80fcfb84,64f05c24-9d94-4d30-b122-d3dc7b06d08c,2026-02-03,night,10.5
cd7706ca-f339-4a01-909b-53b77aa24626,64f05c24-9d94-4d30-b122-d3dc7b06d08c,2026-02-04,day,8.0
f4b35c52-0c90-48ac-9fd0-37ad138443d8,64f05c24-9d94-4d30-b122-d3dc7b06d08c,2026-02-05,extended,14.6
7819da80-6862-42b0-bef3-1bf4ff15f331,64f05c24-9d94-4d30-b122-d3dc7b06d08c,2026-02-06,day,8.0
7218ca71-3503-4129-ad63-4ece1b7f983a,64f05c24-9d94-4d30-b122-d3dc7b06d08c,2026-02-09,day,9.0
c8706669-e891-4600-8d3b-1f3e8dbe4780,64f05c24-9d94-4d30-b122-d3dc7b06d08c,2026-02-10,day,8.0
4fe7f3a8-8e4a-49dd-9e56-2f50a0e76d86,64f05c24-9d94-4d30-b122-d3dc7b06d08c,2026-02-11,day,8.5
db861072-1e37-4a79-850a-c9bc6e6ed9be,64f05c24-9d94-4d30-b122-d3dc7b06d08c,2026-02-12,extended,15.5
d85f95fa-d95f-4af5-a185-6bbc56e5dfc2,64f05c24-9d94-4d30-b122-d3dc7b06d08c,2026-02-13,day,9.0
a18f5590-8dfe-4c4e-a0b1-7d37d46586bf,64f05c24-9d94-4d30-b122-d3dc7b06d08c,2026-02-16,day,9.0
2181d49d-c4e4-494e-849b-31a4a2b70a5d,64f05c24-9d94-4d30-b122-d3dc7b06d08c,2026-02-17,day,8.0
67c31fc0-3f65-4e48-b1bb-64c6f7a7285c,64f05c24-9d94-4d30-b122-d3dc7b06d08c,2026-02-18,night,10.0
e4f5dec5-5f4a-40cd-8519-270e81665a38,64f05c24-9d94-4d30-b122-d3dc7b06d08c,2026-02-19,day,8.0
7d2d82a6-1fb0-4fdd-98fd-664eabf41ee5,64f05c24-9d94-4d30-b122-d3dc7b06d08c,2026-02-20,day,8.0
56416953-b4e0-46c1-81dc-2c90d6efc227,64f05c24-9d94-4d30-b122-d3dc7b06d08c,2026-02-23,day,8.5
63d6dbcb-c232-442b-959f-ac9d3faa6d8f,64f05c24-9d94-4d30-b122-d3dc7b06d08c,2026-02-24,day,8.0
f186aa60-0378-47c7-851d-13321ec547bd,64f05c24-9d94-4d30-b122-d3dc7b06d08c,2026-02-25,extended,15.3
668c774c-1993-49e2-aaff-444917562e4f,64f05c24-9d94-4d30-b122-d3dc7b06d08c,2026-02-26,extended,14.6
d72845a2-d9b9-4b69-a6bc-4d93c54ef77f,64f05c24-9d94-4d30-b122-d3dc7b06d08c,2026-02-27,extended,14.6
edce0529-1145-466b-8c91-9a76a453284d,64f05c24-9d94-4d30-b122-d3dc7b06d08c,2026-02-28,day,8.5
508f7661-3a66-4c43-9cf7-bb53d2397e5e,64f05c24-9d94-4d30-b122-d3dc7b06d08c,2026-03-01,day,8.5
fa16452d-fea7-480f-975a-db7b2d684061,64f05c24-9d94-4d30-b122-d3dc7b06d08c,2026-03-02,night,10.0
84a01e30-27a6-4a6c-b9bc-265298046238,64f05c24-9d94-4d30-b122-d3dc7b06d08c,2026-03-03,day,9.0
ed7bf4fd-894f-4644-a9c1-8e6f540b48cc,64f05c24-9d94-4d30-b122-d3dc7b06d08c,2026-03-04,day,8.5
851778c6-d083-4cea-8914-9253939ff868,64f05c24-9d94-4d30-b122-d3dc7b06d08c,2026-03-05,day,8.0
29986593-06e8-49c9-8d06-fc4d12285297,64f05c24-9d94-4d30-b122-d3dc7b06d08c,2026-03-06,night,10.5
859d242e-9f45-4d03-829f-8fa270e75ca4,64f05c24-9d94-4d30-b122-d3dc7b06d08c,2026-03-07,day,8.0
16d81675-3fc5-4ecc-b71c-a76c01eb32d9,64f05c24-9d94-4d30-b122-d3dc7b06d08c,2026-03-09,night,11.0
9dd06886-0290-45fb-a375-15c828fa6977,64f05c24-9d94-4d30-b122-d3dc7b06d08c,2026-03-10,night,10.0
e1e798e8-3da7-498f-bb35-d39b51668794,64f05c24-9d94-4d30-b122-d3dc7b06d08c,2026-03-11,day,8.5
2ea4781f-b04b-4da3-aab5-dad9f395d996,64f05c24-9d94-4d30-b122-d3dc7b06d08c,2026-03-12,day,9.5
54ad366f-43c8-418d-9ea7-20e253c0cf3a,64f05c24-9d94-4d30-b122-d3dc7b06d08c,2026-03-13,day,8.0
08e80f44-5bd3-493c-85e9-7e186d2f45f5,64f05c24-9d94-4d30-b122-d3dc7b06d08c,2026-03-14,day,8.5
12f18a1a-28b6-408a-8f6f-38245f7e1a8a,64f05c24-9d94-4d30-b122-d3dc7b06d08c,2026-03-15,night,11.0
382861af-d664-4a3d-9ada-51182884436a,64f05c24-9d94-4d30-b122-d3dc7b06d08c,2026-03-16,day,8.0
bf464309-2dd6-4cc5-af34-c4c7a114b689,64f05c24-9d94-4d30-b122-d3dc7b06d08c,2026-03-17,day,8.5
264c9c86-5e51-481f-95f6-0f8700f10a7a,64f05c24-9d94-4d30-b122-d3dc7b06d08c,2026-03-18,extended,14.1
941aed59-3c28-4e0a-8b96-0fd1914a25df,64f05c24-9d94-4d30-b122-d3dc7b06d08c,2026-03-19,day,9.0
30cb846b-8d40-4dc2-adc1-c163c4526c8b,64f05c24-9d94-4d30-b122-d3dc7b06d08c,2026-03-20,day,9.0
1ecc175e-a7f6-40ae-8fc7-699d98f6cf27,64f05c24-9d94-4d30-b122-d3dc7b06d08c,2026-03-23,day,8.5
1b6eb047-19e0-4a0a-a13d-753fa508f515,64f05c24-9d94-4d30-b122-d3dc7b06d08c,2026-03-24,day,8.0
3fadffc7-1878-47d0-8b74-2af89c100297,64f05c24-9d94-4d30-b122-d3dc7b06d08c,2026-03-25,day,8.5
bb7d57ab-057a-4491-adf2-6db004508a9a,64f05c24-9d94-4d30-b122-d3dc7b06d08c,2026-03-26,night,12.0
62c1cdb7-e390-42b4-8acf-da074ee7c8f8,64f05c24-9d94-4d30-b122-d3dc7b06d08c,2026-03-27,day,8.0
1790128a-8803-4ff8-90a0-0e3136ef78b1,64f05c24-9d94-4d30-b122-d3dc7b06d08c,2026-03-29,day,8.0
f03b50a7-e790-4515-bd0b-6ca575d9605f,64f05c24-9d94-4d30-b122-d3dc7b06d08c,2026-03-30,night,10.0
b7dc4a07-f250-4432-a469-c15d0028505d,64f05c24-9d94-4d30-b122-d3dc7b06d08c,2026-03-31,day,9.5
ee28eb62-f838-46e1-af2f-1d4afce008c0,64f05c24-9d94-4d30-b122-d3dc7b06d08c,2026-04-01,night,10.0
4bb64789-b657-41fc-93be-4c8dfa2fd90d,64f05c24-9d94-4d30-b122-d3dc7b06d08c,2026-04-02,night,11.0
a179c994-1398-4c9e-83b4-d2835eefc962,64f05c24-9d94-4d30-b122-d3dc7b06d08c,2026-04-03,day,8.0
e523a81c-fa46-4f20-85a4-2e7691ada032,64f05c24-9d94-4d30-b122-d3dc7b06d08c,2026-04-04,day,9.0
60a05501-ac20-490c-bd0a-fe82c511a752,64f05c24-9d94-4d30-b122-d3dc7b06d08c,2026-04-06,day,8.5
cbe2590c-87ad-4ac0-985a-de2537aed6cf,64f05c24-9d94-4d30-b122-d3dc7b06d08c,2026-04-07,day,8.0
7f9b0713-bc09-4022-b243-521ac3a6c046,64f05c24-9d94-4d30-b122-d3dc7b06d08c,2026-04-08,night,10.0
e8ff65ae-a434-4169-b02b-2bad9b8f29de,64f05c24-9d94-4d30-b122-d3dc7b06d08c,2026-04-09,day,8.5
3f2e3c45-0dcc-4ed9-b921-f077734f239a,64f05c24-9d94-4d30-b122-d3dc7b06d08c,2026-04-10,night,10.0
29b7a2e0-49bc-4cf9-bd17-1bf6b3a25ad3,64f05c24-9d94-4d30-b122-d3dc7b06d08c,2026-04-11,day,8.0
86f96e04-b514-49b4-85f3-420948456462,64f05c24-9d94-4d30-b122-d3dc7b06d08c,2026-04-13,day,8.0
45298fec-c560-4270-a5a4-85b89b5dd2fe,64f05c24-9d94-4d30-b122-d3dc7b06d08c,2026-04-14,day,8.0
3290f4ae-1ea8-4a23-83d8-c9bd792f2423,64f05c24-9d94-4d30-b122-d3dc7b06d08c,2026-04-15,day,8.0
f5c9f0e5-a08b-4fb8-8c7f-243a925bb08e,64f05c24-9d94-4d30-b122-d3dc7b06d08c,2026-04-16,day,9.5
f579d65b-0a27-4ed2-9c13-dcb00655bcdb,64f05c24-9d94-4d30-b122-d3dc7b06d08c,2026-04-26,day,8.0
1a345ac6-7ab9-45a3-ae84-c5609de6075c,64f05c24-9d94-4d30-b122-d3dc7b06d08c,2026-04-27,extended,14.2
556cd562-a121-4d4a-b92c-fe0b018250bc,64f05c24-9d94-4d30-b122-d3dc7b06d08c,2026-04-28,night,10.0
5dc3e9ae-f177-44a8-b41b-7d8b54e77363,64f05c24-9d94-4d30-b122-d3dc7b06d08c,2026-04-29,day,8.0
d0aad836-54c4-41e3-ab16-e143116db618,64f05c24-9d94-4d30-b122-d3dc7b06d08c,2026-04-30,day,8.0
74c8705e-f107-464c-a573-b4bf0d0e7794,64f05c24-9d94-4d30-b122-d3dc7b06d08c,2026-05-01,day,9.0
9d386e74-4d70-4876-98c7-c107f2a596f8,64f05c24-9d94-4d30-b122-d3dc7b06d08c,2026-05-03,day,8.5
5254d0fa-f823-4e18-b4ec-ab9a2ec70dd0,64f05c24-9d94-4d30-b122-d3dc7b06d08c,2026-05-04,day,8.5
472f1883-4cde-4a8c-8bc5-ad7fbe4a0a3a,64f05c24-9d94-4d30-b122-d3dc7b06d08c,2026-05-05,day,8.0
62c1d5b2-50a0-43dc-a4c4-0ca98ab5c831,64f05c24-9d94-4d30-b122-d3dc7b06d08c,2026-05-06,day,9.0
99c1c17b-386f-40fb-8abd-20e9e90e5f05,64f05c24-9d94-4d30-b122-d3dc7b06d08c,2026-05-07,day,8.0
32ef170b-4613-4b6d-b399-afeca7a5520f,64f05c24-9d94-4d30-b122-d3dc7b06d08c,2026-05-08,day,8.0
eb105342-d061-4807-bb3b-feb96e19ec30,64f05c24-9d94-4d30-b122-d3dc7b06d08c,2026-05-11,extended,13.6
df15c143-4a8c-4282-82c7-1184f21620c3,64f05c24-9d94-4d30-b122-d3dc7b06d08c,2026-05-12,extended,14.0
02caa868-2a7f-480d-a732-9c120cb1d621,64f05c24-9d94-4d30-b122-d3dc7b06d08c,2026-05-13,day,8.0
c8d7ad03-ba3d-4fae-a361-4ea944f69a36,64f05c24-9d94-4d30-b122-d3dc7b06d08c,2026-05-14,day,8.0
1bf98900-569c-4aec-866a-a8891d2afbcd,64f05c24-9d94-4d30-b122-d3dc7b06d08c,2026-05-15,day,8.5
afa0ffc4-3fd6-4299-aa8c-d3fa8c7822ef,64f05c24-9d94-4d30-b122-d3dc7b06d08c,2026-05-17,day,9.0
0521879b-6a5d-4aa3-b2ff-e1fedc78d382,64f05c24-9d94-4d30-b122-d3dc7b06d08c,2026-05-18,day,8.0
5d7f595a-3ee7-446d-aed7-bfec39a78176,64f05c24-9d94-4d30-b122-d3dc7b06d08c,2026-05-19,day,9.0
9d8e0bdc-e81f-4383-b633-0fcbbb26f816,64f05c24-9d94-4d30-b122-d3dc7b06d08c,2026-05-20,extended,15.3
eb75bba7-b913-49f6-bb7d-9e2adeef5b50,64f05c24-9d94-4d30-b122-d3dc7b06d08c,2026-05-21,extended,15.9
7d3e0722-0e69-4cce-a015-0c19ddf033a9,64f05c24-9d94-4d30-b122-d3dc7b06d08c,2026-05-22,night,12.0
75a46dfb-2349-4d32-a094-5db2b4afa25c,64f05c24-9d94-4d30-b122-d3dc7b06d08c,2026-05-23,day,8.0
ec9e0cd5-0109-40e8-8c4a-c60580326683,64f05c24-9d94-4d30-b122-d3dc7b06d08c,2026-05-25,day,8.5
7dc2a092-bfa0-449e-bd63-70c84f621c8f,64f05c24-9d94-4d30-b122-d3dc7b06d08c,2026-05-26,day,8.0
e1be4d3d-cf7c-475c-bc3c-00269434d4c1,64f05c24-9d94-4d30-b122-d3dc7b06d08c,2026-05-27,day,8.0
16b4a981-b983-4d79-8ee7-e0175587fcb8,64f05c24-9d94-4d30-b122-d3dc7b06d08c,2026-05-28,day,9.0
03a4e659-f8f0-4721-a8bd-5191d4ba58a8,64f05c24-9d94-4d30-b122-d3dc7b06d08c,2026-05-29,day,8.0
eece4386-8d97-4de9-9d67-d0fe6ef5f58b,64f05c24-9d94-4d30-b122-d3dc7b06d08c,2026-05-31,day,9.0
7a4453c5-7336-4747-932a-731a20dfe13d,64f05c24-9d94-4d30-b122-d3dc7b06d08c,2026-06-01,day,8.0
9154120b-f532-476f-8980-511ed9fbd540,64f05c24-9d94-4d30-b122-d3dc7b06d08c,2026-06-02,day,8.5
77af249c-d9ca-4ac9-95c4-cbfafb7a8a20,64f05c24-9d94-4d30-b122-d3dc7b06d08c,2026-06-03,day,8.0
308001cc-315a-46bb-a595-4cbe3af10742,64f05c24-9d94-4d30-b122-d3dc7b06d08c,2026-06-04,day,8.5
4ae11f76-caf9-4a7e-a090-5a09807668b9,64f05c24-9d94-4d30-b122-d3dc7b06d08c,2026-06-05,day,8.0
bb4fe21d-c658-480e-b1bb-7830ea771406,64f05c24-9d94-4d30-b122-d3dc7b06d08c,2026-06-08,day,8.0
cd85571f-4090-4227-811f-14187c4271a0,64f05c24-9d94-4d30-b122-d3dc7b06d08c,2026-06-09,day,8.0
aa64728a-a6d0-424c-9532-a5d9e46ce2a4,64f05c24-9d94-4d30-b122-d3dc7b06d08c,2026-06-10,day,8.5
93b64752-0f30-45fe-b381-e2a06f9288cf,64f05c24-9d94-4d30-b122-d3dc7b06d08c,2026-06-11,day,8.0
3e830dd4-1f64-4cd1-bb64-27e65b66f921,64f05c24-9d94-4d30-b122-d3dc7b06d08c,2026-06-12,night,11.0
59cfefe7-5d9c-4671-9cfe-351350c535d9,64f05c24-9d94-4d30-b122-d3dc7b06d08c,2026-06-13,night,10.0
c1082621-75cc-4366-8243-c48c2ee940b3,64f05c24-9d94-4d30-b122-d3dc7b06d08c,2026-06-15,extended,13.3
700210e1-3cee-4dde-935f-d86054636411,64f05c24-9d94-4d30-b122-d3dc7b06d08c,2026-06-16,day,8.0
17132a69-98cd-4e2c-8b37-791bfb60715e,64f05c24-9d94-4d30-b122-d3dc7b06d08c,2026-06-17,extended,14.4
aaaee218-c0a6-4fbe-9bf3-c1b4834745f5,64f05c24-9d94-4d30-b122-d3dc7b06d08c,2026-06-18,night,11.0
26a25e0a-c5f7-4e1d-adc5-a10615fa7029,64f05c24-9d94-4d30-b122-d3dc7b06d08c,2026-06-19,day,8.0
eeed25dc-8452-4bd4-b24b-be4239446849,64f05c24-9d94-4d30-b122-d3dc7b06d08c,2026-06-22,night,10.5
cfed0f01-18b5-4378-85b8-413c1cd74cf6,64f05c24-9d94-4d30-b122-d3dc7b06d08c,2026-06-23,day,8.0
e2b42f94-dc7b-459e-9100-d53475445ef5,64f05c24-9d94-4d30-b122-d3dc7b06d08c,2026-06-24,day,8.5
a88e335b-35f7-4131-85af-7a7e8f2500a0,64f05c24-9d94-4d30-b122-d3dc7b06d08c,2026-06-25,day,8.5
8a6fc127-f1df-43b3-9e8c-2736c789525a,64f05c24-9d94-4d30-b122-d3dc7b06d08c,2026-06-26,day,9.0
795e3588-d1d7-4474-9557-f41eac16092f,64f05c24-9d94-4d30-b122-d3dc7b06d08c,2026-06-28,night,10.5
f0a86404-5f83-4fdd-a10a-2b65e870f697,64f05c24-9d94-4d30-b122-d3dc7b06d08c,2026-06-29,day,8.0
6e1de446-17b5-48c8-9b5e-72744d2065e0,82a6e6d7-17fd-44a6-abbf-aeafb4449710,2026-01-01,day,8.0
1be1a321-c305-4cf5-bf74-005fcfe4c45a,82a6e6d7-17fd-44a6-abbf-aeafb4449710,2026-01-02,day,8.0
5d83b4d7-8ce2-40f6-aa31-25ea39132e74,82a6e6d7-17fd-44a6-abbf-aeafb4449710,2026-01-03,night,11.0
4165edca-34fe-46ff-a968-079ee8ace7d6,82a6e6d7-17fd-44a6-abbf-aeafb4449710,2026-01-05,day,8.0
fe2a2d6f-4d1e-43d7-a58e-b6c92408ff73,82a6e6d7-17fd-44a6-abbf-aeafb4449710,2026-01-06,night,10.5
912e46ad-17ce-4d3a-9757-fc3f26f38d3c,82a6e6d7-17fd-44a6-abbf-aeafb4449710,2026-01-07,day,8.5
5e3452e4-387b-4fb1-93a6-1a25b855c836,82a6e6d7-17fd-44a6-abbf-aeafb4449710,2026-01-08,day,8.5
68a8acac-9516-4cb9-b3bb-60d7963dbf12,82a6e6d7-17fd-44a6-abbf-aeafb4449710,2026-01-09,day,8.5
3e534d9a-61d4-4720-9d1e-08394dcb001f,82a6e6d7-17fd-44a6-abbf-aeafb4449710,2026-01-10,day,8.0
91b84001-c151-412d-9d22-a4b7f3c1bd29,82a6e6d7-17fd-44a6-abbf-aeafb4449710,2026-01-11,extended,13.2
a209e1c1-2116-44d2-a1e7-9d190e64434e,82a6e6d7-17fd-44a6-abbf-aeafb4449710,2026-01-12,day,8.5
6696cd64-f4f2-4a4a-92ef-a2fe7e350d87,82a6e6d7-17fd-44a6-abbf-aeafb4449710,2026-01-13,day,8.0
5bfdda52-9665-4e58-b326-9231c74e18fd,82a6e6d7-17fd-44a6-abbf-aeafb4449710,2026-01-14,extended,14.3
c4068596-467e-4b8d-98e4-a41d8c297703,82a6e6d7-17fd-44a6-abbf-aeafb4449710,2026-01-15,day,8.0
531c0dc2-4272-4e30-8192-1727b787d8e4,82a6e6d7-17fd-44a6-abbf-aeafb4449710,2026-01-16,day,9.0
a2884335-cd6e-46ee-9dfc-1ea5aac497e1,82a6e6d7-17fd-44a6-abbf-aeafb4449710,2026-01-18,extended,14.7
7c50cc9a-25be-43ce-afbb-44fe33cb6420,82a6e6d7-17fd-44a6-abbf-aeafb4449710,2026-01-19,extended,14.2
6b7116b7-099e-47be-b475-7cfe252f473c,82a6e6d7-17fd-44a6-abbf-aeafb4449710,2026-01-20,day,8.0
fd2d2906-1df9-4b25-8b5d-57af87235848,82a6e6d7-17fd-44a6-abbf-aeafb4449710,2026-01-21,night,12.0
a4f0426b-6260-40fb-811e-f41ddd370e9e,82a6e6d7-17fd-44a6-abbf-aeafb4449710,2026-01-22,day,9.0
ca471eec-e5de-4cce-a0e2-d3de992a6de7,82a6e6d7-17fd-44a6-abbf-aeafb4449710,2026-01-23,day,8.0
38a6a936-3595-48c9-a63e-1321864cf1cf,82a6e6d7-17fd-44a6-abbf-aeafb4449710,2026-01-24,day,9.0
5f82058f-c659-4307-b89a-aeedfe2f121a,82a6e6d7-17fd-44a6-abbf-aeafb4449710,2026-01-26,day,8.0
b87db3d4-0719-4be3-b81e-3bfe0a96a9eb,82a6e6d7-17fd-44a6-abbf-aeafb4449710,2026-01-27,day,8.0
61ac5f01-c226-440f-9d98-ea6c235c9059,82a6e6d7-17fd-44a6-abbf-aeafb4449710,2026-01-28,day,8.0
0e64ed5b-dc49-474b-8797-9b3dfbb5c291,82a6e6d7-17fd-44a6-abbf-aeafb4449710,2026-01-29,day,8.0
d212a08b-b874-4626-9d86-d2d5fd0be435,82a6e6d7-17fd-44a6-abbf-aeafb4449710,2026-01-30,day,8.5
1c042f30-763d-4543-a455-4b86bf18a4f3,82a6e6d7-17fd-44a6-abbf-aeafb4449710,2026-02-02,day,8.5
b893576e-2f03-44c1-9c16-79837bb631f2,82a6e6d7-17fd-44a6-abbf-aeafb4449710,2026-02-03,day,8.5
b2060498-03d9-452e-b970-c244797b9fb0,82a6e6d7-17fd-44a6-abbf-aeafb4449710,2026-02-04,day,8.5
ae3b5a9a-4579-4ced-a6d9-afe9d6ce1f31,82a6e6d7-17fd-44a6-abbf-aeafb4449710,2026-02-05,night,12.0
1cfc99b6-6d71-41c6-8d76-f03ae28a5023,82a6e6d7-17fd-44a6-abbf-aeafb4449710,2026-02-06,day,9.0
9d11dca3-b736-4073-a291-dbcf9ddd88c1,82a6e6d7-17fd-44a6-abbf-aeafb4449710,2026-02-09,day,8.5
cbf1a407-816a-49cd-b46e-b4407de00fd6,82a6e6d7-17fd-44a6-abbf-aeafb4449710,2026-02-10,extended,14.6
9bcbe35a-5384-43c9-b7ba-a2af5f52c823,82a6e6d7-17fd-44a6-abbf-aeafb4449710,2026-02-11,day,8.0
eb493c23-0df8-4d1a-9321-aa5725f5d394,82a6e6d7-17fd-44a6-abbf-aeafb4449710,2026-02-12,night,11.0
0415e68b-58d6-40e3-8358-aaa5ab2bcb36,82a6e6d7-17fd-44a6-abbf-aeafb4449710,2026-02-13,night,10.0
0b177dde-489b-4e8b-8c44-9bc6edb22799,82a6e6d7-17fd-44a6-abbf-aeafb4449710,2026-02-14,day,8.0
3871b2c1-c456-48d1-9ff2-601e1ec567dd,82a6e6d7-17fd-44a6-abbf-aeafb4449710,2026-02-16,extended,13.3
2ed77d31-b89a-455c-806d-79777d4579dd,82a6e6d7-17fd-44a6-abbf-aeafb4449710,2026-02-17,day,8.0
5ec2c350-0636-4243-8b80-24a44a760579,82a6e6d7-17fd-44a6-abbf-aeafb4449710,2026-02-18,day,8.0
b7529d47-0972-48c0-b33b-a76b536a0c83,82a6e6d7-17fd-44a6-abbf-aeafb4449710,2026-02-19,day,9.0
1236d3ec-3ccc-4c05-9e18-fe607358c7c4,82a6e6d7-17fd-44a6-abbf-aeafb4449710,2026-02-20,day,8.0
01174307-4226-4cd5-8382-215bd5626ea8,82a6e6d7-17fd-44a6-abbf-aeafb4449710,2026-02-21,day,8.0
813f8648-435d-4613-913f-99bdc6587c91,82a6e6d7-17fd-44a6-abbf-aeafb4449710,2026-02-23,day,9.0
75a87359-1ea9-4872-ac22-7dbe2f732861,82a6e6d7-17fd-44a6-abbf-aeafb4449710,2026-02-24,night,10.5
b52e4692-6d79-48e9-bc4a-8dc0fdc18895,82a6e6d7-17fd-44a6-abbf-aeafb4449710,2026-02-25,day,8.0
4f22256d-37b0-41f2-920a-f7c28fd3890b,82a6e6d7-17fd-44a6-abbf-aeafb4449710,2026-02-26,day,8.0
864692f7-0d03-44bc-a0be-ac01accf1fa4,82a6e6d7-17fd-44a6-abbf-aeafb4449710,2026-02-27,day,9.0
e82bfb23-33b6-4c8b-a204-d1a8ef2fc07d,82a6e6d7-17fd-44a6-abbf-aeafb4449710,2026-03-02,night,10.0
2fc2656d-23f0-443d-bd1d-27110052a603,82a6e6d7-17fd-44a6-abbf-aeafb4449710,2026-03-03,day,8.0
00f720d1-df7c-4ae0-bdc1-fc44c8f000cb,82a6e6d7-17fd-44a6-abbf-aeafb4449710,2026-03-04,night,10.0
1254340d-34ba-40ea-b6b4-a92a443de556,82a6e6d7-17fd-44a6-abbf-aeafb4449710,2026-03-05,day,8.5
6d6edf41-a608-4708-9c66-144da916acb1,82a6e6d7-17fd-44a6-abbf-aeafb4449710,2026-03-06,night,10.5
8860ac83-de97-4094-bd5e-f4c48bcbdedc,82a6e6d7-17fd-44a6-abbf-aeafb4449710,2026-03-09,day,8.5
2365e2bf-b9a4-490f-bd2a-0cc710b74639,82a6e6d7-17fd-44a6-abbf-aeafb4449710,2026-03-10,day,8.0
44e57c6d-195b-4250-ade9-b658487f6c1c,82a6e6d7-17fd-44a6-abbf-aeafb4449710,2026-03-11,night,10.0
c7347da8-f77d-4147-bce8-5ef5b5c5859d,82a6e6d7-17fd-44a6-abbf-aeafb4449710,2026-03-12,extended,15.2
ced6aa93-29b2-4d5b-9507-514a46ae961c,82a6e6d7-17fd-44a6-abbf-aeafb4449710,2026-03-13,day,9.5
872f071d-42fe-44fd-bb5c-2385c667a0dd,82a6e6d7-17fd-44a6-abbf-aeafb4449710,2026-03-14,night,10.5
38a8ab1f-81ec-4984-bcfd-9d9a51436775,82a6e6d7-17fd-44a6-abbf-aeafb4449710,2026-03-15,night,10.0
191a2d39-5c4b-4af8-87fd-dfc118fd413a,82a6e6d7-17fd-44a6-abbf-aeafb4449710,2026-03-16,day,8.0
d4047a05-3711-4781-81d5-01c05c42907f,82a6e6d7-17fd-44a6-abbf-aeafb4449710,2026-03-17,day,9.0
7b781958-2c4b-4991-83d5-6cb44ef08f73,82a6e6d7-17fd-44a6-abbf-aeafb4449710,2026-03-18,day,9.0
ad0110d7-a597-4fba-8e81-3deb983c1f20,82a6e6d7-17fd-44a6-abbf-aeafb4449710,2026-03-19,extended,14.4
84d27909-639f-4d0f-a68a-7e05e4f7ed8a,82a6e6d7-17fd-44a6-abbf-aeafb4449710,2026-03-20,night,10.0
031c811c-cc42-4c9e-a814-60433e754fbc,82a6e6d7-17fd-44a6-abbf-aeafb4449710,2026-03-21,night,10.5
24d3e08b-9c9b-4b5a-9763-3f23e661c3d9,82a6e6d7-17fd-44a6-abbf-aeafb4449710,2026-03-22,night,12.0
f8040c94-0547-4739-8f38-bf4cff57888e,82a6e6d7-17fd-44a6-abbf-aeafb4449710,2026-03-23,day,8.5
aeeb3c81-bc62-473a-925e-d3c03b6ba309,82a6e6d7-17fd-44a6-abbf-aeafb4449710,2026-03-24,night,10.5
31bb637d-dfc1-4112-8658-c1b8f063832d,82a6e6d7-17fd-44a6-abbf-aeafb4449710,2026-03-25,day,8.0
9ce7cb9b-6df2-4fb9-a7dc-2b9e461b5d25,82a6e6d7-17fd-44a6-abbf-aeafb4449710,2026-03-26,day,9.0
e03a9dbf-bf66-44f6-b824-f9558b2a920c,82a6e6d7-17fd-44a6-abbf-aeafb4449710,2026-03-27,night,10.0
016ba434-083a-4685-8911-3d01cbd60898,82a6e6d7-17fd-44a6-abbf-aeafb4449710,2026-03-28,night,10.5
7c2b6b84-f4d6-447a-879d-8fd9bff05384,82a6e6d7-17fd-44a6-abbf-aeafb4449710,2026-03-29,night,10.0
fad82812-6dc5-4995-b246-81bb23495037,82a6e6d7-17fd-44a6-abbf-aeafb4449710,2026-03-30,night,10.5
d31d30a3-9fc7-4b06-ba22-ad6d849cb563,82a6e6d7-17fd-44a6-abbf-aeafb4449710,2026-03-31,day,8.5
bd15a6da-b2fd-4a78-9041-d2466a6c7c06,82a6e6d7-17fd-44a6-abbf-aeafb4449710,2026-04-01,extended,14.9
3d0402a3-3ba7-4c23-b6c0-8716a3bde059,82a6e6d7-17fd-44a6-abbf-aeafb4449710,2026-04-02,extended,16.1
b5db753d-e448-41df-a8e0-af4277d3dfaa,82a6e6d7-17fd-44a6-abbf-aeafb4449710,2026-04-03,day,8.5
cc9fa232-b52c-4103-a196-a06a1a1470c5,82a6e6d7-17fd-44a6-abbf-aeafb4449710,2026-04-04,day,9.0
4da5af7e-6997-40af-819f-42d7a45912f5,82a6e6d7-17fd-44a6-abbf-aeafb4449710,2026-04-05,extended,14.1
bea9504b-c75b-489c-a486-7e507472ec98,82a6e6d7-17fd-44a6-abbf-aeafb4449710,2026-04-06,day,8.0
ff5c3e0b-34a7-4099-8b28-30c44910914b,82a6e6d7-17fd-44a6-abbf-aeafb4449710,2026-04-07,day,9.0
b87f0e7d-4f28-4d9c-b63e-c4c4b1939fcf,82a6e6d7-17fd-44a6-abbf-aeafb4449710,2026-04-08,day,8.0
1a75a3ea-323e-4c1c-94e0-24b43578b52d,82a6e6d7-17fd-44a6-abbf-aeafb4449710,2026-04-09,day,8.0
f8909b9a-4891-43fa-8ab3-dc0aa9710299,82a6e6d7-17fd-44a6-abbf-aeafb4449710,2026-04-10,day,9.0
5be8670e-33b2-4c97-a035-5a190ce73138,82a6e6d7-17fd-44a6-abbf-aeafb4449710,2026-04-11,day,9.0
3fd59853-31d9-4488-91c9-f23045e2ea8b,82a6e6d7-17fd-44a6-abbf-aeafb4449710,2026-04-12,night,10.0
08390997-9866-4b7c-95d9-29c9a120a59f,82a6e6d7-17fd-44a6-abbf-aeafb4449710,2026-04-13,night,10.5
16220272-5017-4e18-a96c-3c91df563db7,82a6e6d7-17fd-44a6-abbf-aeafb4449710,2026-04-14,extended,16.1
ff0c2276-5814-4d81-996a-6bc0eb121946,82a6e6d7-17fd-44a6-abbf-aeafb4449710,2026-04-15,day,9.5
b6c9a58e-fc90-4854-8b07-aa8590caa4b9,82a6e6d7-17fd-44a6-abbf-aeafb4449710,2026-04-16,extended,14.0
c4719340-0bae-4caa-9b5c-2e1ea68f3322,82a6e6d7-17fd-44a6-abbf-aeafb4449710,2026-04-17,day,8.0
4dd57a0d-d3de-4b00-96d1-2038a03e14e2,82a6e6d7-17fd-44a6-abbf-aeafb4449710,2026-04-18,night,10.0
b2c27f9a-d982-4147-b2a8-24028e51dedb,82a6e6d7-17fd-44a6-abbf-aeafb4449710,2026-04-19,night,10.5
49e4eacd-a859-43d2-83b6-abe023190cce,82a6e6d7-17fd-44a6-abbf-aeafb4449710,2026-04-20,day,8.0
54f8abfa-3fb1-4d42-87a2-ed2f56c8c107,82a6e6d7-17fd-44a6-abbf-aeafb4449710,2026-04-21,night,10.0
20dc2ef6-c752-445b-8764-3f76935b8c19,82a6e6d7-17fd-44a6-abbf-aeafb4449710,2026-04-22,day,8.0
2eb66b4c-e532-4a15-9545-50bc6d1e8fd2,82a6e6d7-17fd-44a6-abbf-aeafb4449710,2026-04-23,day,8.0
aea9a160-3560-4f09-b54c-cb16ff47dd09,82a6e6d7-17fd-44a6-abbf-aeafb4449710,2026-04-24,day,9.0
5819c50c-93c9-4129-9cd9-df5b0b5b82dd,82a6e6d7-17fd-44a6-abbf-aeafb4449710,2026-04-25,day,9.0
7e9d2838-9a38-4633-9817-ac8b4bcbaf23,82a6e6d7-17fd-44a6-abbf-aeafb4449710,2026-04-26,extended,15.1
1dd4034a-615f-44be-9cb5-c8cfc62d37bd,82a6e6d7-17fd-44a6-abbf-aeafb4449710,2026-04-27,day,9.0
92d431c5-3e04-4687-935e-e3008728d4bc,82a6e6d7-17fd-44a6-abbf-aeafb4449710,2026-04-28,day,9.5
f19a80c1-07aa-4a4d-8ae5-376203b82316,82a6e6d7-17fd-44a6-abbf-aeafb4449710,2026-04-29,night,10.5
4476bf94-3aca-4c72-bee5-949167f107fe,82a6e6d7-17fd-44a6-abbf-aeafb4449710,2026-04-30,extended,14.2
94a57d82-5ac6-483a-a610-d64b8dd94842,82a6e6d7-17fd-44a6-abbf-aeafb4449710,2026-05-01,day,8.0
db80bf28-ef58-4835-ba2c-a0938d49b8c7,82a6e6d7-17fd-44a6-abbf-aeafb4449710,2026-05-02,extended,14.8
428a84a9-ed86-4b54-8f2c-9541e1ca9fea,82a6e6d7-17fd-44a6-abbf-aeafb4449710,2026-05-04,night,10.0
4608846b-5b37-4f1a-9b17-2ea9defca24e,82a6e6d7-17fd-44a6-abbf-aeafb4449710,2026-05-05,day,8.5
6fa72337-6404-4a8e-913a-0b083cc76fa6,82a6e6d7-17fd-44a6-abbf-aeafb4449710,2026-05-06,day,8.0
4e9db13e-f031-4a56-9c55-a003c878e0cf,82a6e6d7-17fd-44a6-abbf-aeafb4449710,2026-05-07,extended,15.9
b68d5f6b-583a-4a88-ab45-17a7df9d23c1,82a6e6d7-17fd-44a6-abbf-aeafb4449710,2026-05-08,day,8.5
034a53dc-fcc0-4340-b09d-92549e7dc396,82a6e6d7-17fd-44a6-abbf-aeafb4449710,2026-05-09,day,8.5
cc14856a-9b09-4d6b-943f-aceb07911873,82a6e6d7-17fd-44a6-abbf-aeafb4449710,2026-05-11,night,10.0
45b48fa1-9563-409b-ab29-8f7aabe120d4,82a6e6d7-17fd-44a6-abbf-aeafb4449710,2026-05-12,night,12.0
55c5643f-3bdf-4e2a-b78d-330ab02e28d5,82a6e6d7-17fd-44a6-abbf-aeafb4449710,2026-05-13,day,8.0
808e5171-4b4c-4787-aaa7-2101ebb27450,82a6e6d7-17fd-44a6-abbf-aeafb4449710,2026-05-14,day,8.0
5ef84d32-0ab9-427a-bc52-369c18ba4b5b,82a6e6d7-17fd-44a6-abbf-aeafb4449710,2026-05-15,extended,14.0
f0bbf02c-4301-4b37-a30b-adff850fd104,82a6e6d7-17fd-44a6-abbf-aeafb4449710,2026-05-16,extended,14.5
89d25e0f-2986-4cd6-97a8-e2f4c0886643,82a6e6d7-17fd-44a6-abbf-aeafb4449710,2026-05-17,day,8.0
2bbec6eb-316d-432e-821a-31e5f9a2549f,82a6e6d7-17fd-44a6-abbf-aeafb4449710,2026-05-18,day,8.5
9f375559-50e3-48a4-8e4a-cee6dd86f4be,82a6e6d7-17fd-44a6-abbf-aeafb4449710,2026-05-19,day,8.0
1827286b-4523-48db-a8e6-c0eda018d97b,82a6e6d7-17fd-44a6-abbf-aeafb4449710,2026-05-20,day,8.0
9942d826-0d68-4a41-aedb-716aa6bdbe68,82a6e6d7-17fd-44a6-abbf-aeafb4449710,2026-05-21,extended,14.5
8528b26d-12cf-432f-96fc-1e5dd2eb1603,82a6e6d7-17fd-44a6-abbf-aeafb4449710,2026-05-22,day,9.0
b8555dd4-a2dc-4249-a028-0ea0642fbf01,82a6e6d7-17fd-44a6-abbf-aeafb4449710,2026-05-23,day,8.0
9934c41d-b2a1-4426-bb71-40fc122e99a9,82a6e6d7-17fd-44a6-abbf-aeafb4449710,2026-05-25,day,8.0
c3ebf4a4-d02a-4f37-aa90-6e5690319739,82a6e6d7-17fd-44a6-abbf-aeafb4449710,2026-05-26,night,10.0
f0b7e745-b440-4e86-ad97-28855aba543d,82a6e6d7-17fd-44a6-abbf-aeafb4449710,2026-05-27,extended,13.5
79d16bc2-6489-41c7-a3cc-4bf55c1f12e2,82a6e6d7-17fd-44a6-abbf-aeafb4449710,2026-05-28,night,11.0
1461d227-64de-4e90-aafe-6fd4a8d009d0,82a6e6d7-17fd-44a6-abbf-aeafb4449710,2026-05-29,day,9.0
7bb4738a-d4e5-42f4-8fcd-a25f259afe22,82a6e6d7-17fd-44a6-abbf-aeafb4449710,2026-06-01,day,8.5
0e35b81a-b370-404d-ad23-c6e03da1b25c,82a6e6d7-17fd-44a6-abbf-aeafb4449710,2026-06-02,extended,14.4
52aae2bd-0ff4-469e-9dc6-973adde9c30f,82a6e6d7-17fd-44a6-abbf-aeafb4449710,2026-06-03,day,8.0
ed19bbd4-5474-4991-802d-0c05f80e8fd1,82a6e6d7-17fd-44a6-abbf-aeafb4449710,2026-06-04,day,8.0
e5126d7f-f963-40a0-a628-b2501dc30fb2,82a6e6d7-17fd-44a6-abbf-aeafb4449710,2026-06-05,night,10.0
25590c35-0692-4d69-a6f3-0135d6db48ff,82a6e6d7-17fd-44a6-abbf-aeafb4449710,2026-06-08,day,8.5
e0370f9e-af21-4c12-98f4-f7f6883ca225,82a6e6d7-17fd-44a6-abbf-aeafb4449710,2026-06-09,day,8.0
22bd20ef-8639-456f-8884-b6ce97488717,82a6e6d7-17fd-44a6-abbf-aeafb4449710,2026-06-10,day,8.0
d30ecc45-37a8-4f44-80f0-3cbded3927ae,82a6e6d7-17fd-44a6-abbf-aeafb4449710,2026-06-11,day,8.5
5339b47d-8e6b-4021-ac9b-fc0f5f7f9515,82a6e6d7-17fd-44a6-abbf-aeafb4449710,2026-06-12,night,11.0
80dc5bcb-737f-49f6-9558-4f13f3cbbd76,82a6e6d7-17fd-44a6-abbf-aeafb4449710,2026-06-14,day,8.0
529c6749-f4fb-49c5-b61b-50bb0bd4a34c,82a6e6d7-17fd-44a6-abbf-aeafb4449710,2026-06-15,night,12.0
fe14c4bc-c3e6-4ca0-a0c8-7ab90d1eb2dd,82a6e6d7-17fd-44a6-abbf-aeafb4449710,2026-06-16,day,8.0
aabf0ffc-633c-4dc8-8ec3-e8cba06d94ba,82a6e6d7-17fd-44a6-abbf-aeafb4449710,2026-06-17,extended,14.0
c0b23ad0-7687-4fe6-be3c-a96b044c3fbc,82a6e6d7-17fd-44a6-abbf-aeafb4449710,2026-06-18,day,8.0
001579b5-f4a2-4772-b5d6-53bc6239e4ef,82a6e6d7-17fd-44a6-abbf-aeafb4449710,2026-06-19,day,9.0
c1c1151a-8b99-43a5-a975-c6a1afe70dd5,82a6e6d7-17fd-44a6-abbf-aeafb4449710,2026-06-22,day,9.5
97223495-90de-4728-9294-d25281df528b,82a6e6d7-17fd-44a6-abbf-aeafb4449710,2026-06-23,extended,15.9
56cd01ba-aae7-4873-a606-fc2bef5e2348,82a6e6d7-17fd-44a6-abbf-aeafb4449710,2026-06-24,day,8.0
8bcd29c4-1d2f-489e-8dc0-441a17569dd8,82a6e6d7-17fd-44a6-abbf-aeafb4449710,2026-06-25,day,8.5
b2c98ccc-922d-4cec-849d-c27c31d3403f,82a6e6d7-17fd-44a6-abbf-aeafb4449710,2026-06-26,extended,15.3
5c376458-e856-42a5-9072-f05cad9773df,82a6e6d7-17fd-44a6-abbf-aeafb4449710,2026-06-28,day,8.0
b2d1324f-a698-4cf5-98d8-7f233425998b,82a6e6d7-17fd-44a6-abbf-aeafb4449710,2026-06-29,day,8.0
1358c353-bb6b-4a25-923a-981972cfe168,2d66e083-3c9f-46b2-bba4-c90b6e25ff69,2026-01-01,day,9.5
9f4eaa36-724f-4f43-99e4-b7292410ee75,2d66e083-3c9f-46b2-bba4-c90b6e25ff69,2026-01-02,extended,14.6
98d9588f-542e-474a-a75e-991292ac639e,2d66e083-3c9f-46b2-bba4-c90b6e25ff69,2026-01-05,extended,13.6
898a8aea-118c-4379-8cbb-a89761217bb5,2d66e083-3c9f-46b2-bba4-c90b6e25ff69,2026-01-06,day,8.0
f5e246d7-872b-4ba5-94b8-bbce3e1ad46a,2d66e083-3c9f-46b2-bba4-c90b6e25ff69,2026-01-07,day,8.0
fbcb0aaf-8280-420e-b9fc-5688ca3b8771,2d66e083-3c9f-46b2-bba4-c90b6e25ff69,2026-01-08,night,10.0
559fee20-58b5-477c-84f4-52caf80dc736,2d66e083-3c9f-46b2-bba4-c90b6e25ff69,2026-01-09,extended,15.5
ffe6eeb8-ef53-4642-ac47-6c2a17c18346,2d66e083-3c9f-46b2-bba4-c90b6e25ff69,2026-01-11,day,8.5
8fae1d69-de54-42f0-8879-4cc87f207c87,2d66e083-3c9f-46b2-bba4-c90b6e25ff69,2026-01-12,day,8.0
85e7ac52-aa77-4dcf-9f0a-102607739cde,2d66e083-3c9f-46b2-bba4-c90b6e25ff69,2026-01-13,extended,14.0
ac91c4a8-752b-4d5b-bd0c-126a966a572b,2d66e083-3c9f-46b2-bba4-c90b6e25ff69,2026-01-14,day,8.0
8575b0af-ac7b-4ff2-b5eb-a58d7739deaa,2d66e083-3c9f-46b2-bba4-c90b6e25ff69,2026-01-15,day,8.0
dfd072c6-a6e1-45da-b785-aaff0bab5a0c,2d66e083-3c9f-46b2-bba4-c90b6e25ff69,2026-01-16,extended,14.6
b181551d-98ce-4677-9fc5-6710ebfe4c32,2d66e083-3c9f-46b2-bba4-c90b6e25ff69,2026-01-19,day,9.0
0bb3b36c-7262-44c3-9f5b-577f21ef6f17,2d66e083-3c9f-46b2-bba4-c90b6e25ff69,2026-01-20,day,8.0
b943ff48-bb00-4ae2-9709-d7071745315c,2d66e083-3c9f-46b2-bba4-c90b6e25ff69,2026-01-21,night,10.0
904c3eb9-708e-42d6-8feb-a9bdd43e774a,2d66e083-3c9f-46b2-bba4-c90b6e25ff69,2026-01-22,day,8.0
2f412e33-17f6-483e-b238-9fc27e844253,2d66e083-3c9f-46b2-bba4-c90b6e25ff69,2026-01-23,day,9.0
3d3b3777-7718-4f0d-90f8-cf1e7227e07a,2d66e083-3c9f-46b2-bba4-c90b6e25ff69,2026-01-24,extended,14.0
ff227e84-d8cd-4a76-9b05-6bd6417e2ae0,2d66e083-3c9f-46b2-bba4-c90b6e25ff69,2026-02-04,day,8.0
b1c5b302-1405-4c01-8f61-2761159c92d4,2d66e083-3c9f-46b2-bba4-c90b6e25ff69,2026-02-05,extended,14.3
a7a3aed4-bd55-47a4-a715-7ef4dd9b12b4,2d66e083-3c9f-46b2-bba4-c90b6e25ff69,2026-02-06,day,9.0
28efe741-004e-40d3-920c-ca1a2b6cdeed,2d66e083-3c9f-46b2-bba4-c90b6e25ff69,2026-02-07,day,9.0
b59d46bb-d638-4fd7-8260-0f8530b6e845,2d66e083-3c9f-46b2-bba4-c90b6e25ff69,2026-02-08,night,11.0
70217c60-c6fd-44c5-bbc4-4572496cb9f2,2d66e083-3c9f-46b2-bba4-c90b6e25ff69,2026-02-09,day,8.0
6c0a6462-b614-4ad2-a759-23efb6c09e05,2d66e083-3c9f-46b2-bba4-c90b6e25ff69,2026-02-10,extended,14.0
cd3b0546-faae-4c38-9a64-a1389c3435a3,2d66e083-3c9f-46b2-bba4-c90b6e25ff69,2026-02-11,day,8.0
45b755b6-d807-445f-bc9a-1c9958fa2e8a,2d66e083-3c9f-46b2-bba4-c90b6e25ff69,2026-02-12,day,8.0
8eae4894-122e-42fc-8923-d350da67e178,2d66e083-3c9f-46b2-bba4-c90b6e25ff69,2026-02-13,day,9.0
246f94fd-474a-4436-9ff7-e0407ab64e72,2d66e083-3c9f-46b2-bba4-c90b6e25ff69,2026-02-14,day,8.5
38407a94-5419-4626-b42a-98dafc30c65c,2d66e083-3c9f-46b2-bba4-c90b6e25ff69,2026-02-15,day,9.5
903acbce-b59a-4c9c-a9d9-0297e6b84a29,2d66e083-3c9f-46b2-bba4-c90b6e25ff69,2026-02-16,day,8.0
68bb099e-7ac6-489b-8322-07430e403065,2d66e083-3c9f-46b2-bba4-c90b6e25ff69,2026-02-17,night,10.5
620a798e-e7a0-464a-821b-8fd48857c9df,2d66e083-3c9f-46b2-bba4-c90b6e25ff69,2026-02-18,day,8.5
ba6e61ef-5cdf-4a61-aa4a-c612aa007938,2d66e083-3c9f-46b2-bba4-c90b6e25ff69,2026-02-19,day,9.0
aa9e73fd-6256-4e6e-8635-abd5bf5b7e37,2d66e083-3c9f-46b2-bba4-c90b6e25ff69,2026-02-20,extended,14.2
5d0f08da-aa7e-4e1a-a413-6a50c74a09cc,2d66e083-3c9f-46b2-bba4-c90b6e25ff69,2026-02-21,night,10.0
b8cd6c34-5fa6-42a9-bc5c-bae26bc46d4e,2d66e083-3c9f-46b2-bba4-c90b6e25ff69,2026-02-22,extended,15.5
8fd1292d-9fe3-4c2f-be46-6d92266e69cd,2d66e083-3c9f-46b2-bba4-c90b6e25ff69,2026-02-23,night,12.0
cb41ae91-0554-4993-af15-52a6cb87ecf2,2d66e083-3c9f-46b2-bba4-c90b6e25ff69,2026-02-24,extended,14.4
ff16e206-4421-40c9-85e9-8f4f790d1b57,2d66e083-3c9f-46b2-bba4-c90b6e25ff69,2026-02-25,day,8.0
6a586f3d-5974-43e4-b820-5f76027e07d7,2d66e083-3c9f-46b2-bba4-c90b6e25ff69,2026-02-26,day,8.0
d47a774e-e86a-4957-88bf-8cfa8de81469,2d66e083-3c9f-46b2-bba4-c90b6e25ff69,2026-02-27,day,8.0
34d6b20e-5143-4670-91f3-b921ce8f1f12,2d66e083-3c9f-46b2-bba4-c90b6e25ff69,2026-02-28,day,8.0
af5d90e1-0ce2-4fdb-a812-fc15ebc55c6f,2d66e083-3c9f-46b2-bba4-c90b6e25ff69,2026-03-01,day,8.0
ba31c24d-92bf-42ea-ba21-841ba2e5411e,2d66e083-3c9f-46b2-bba4-c90b6e25ff69,2026-03-02,extended,14.8
02b40b9b-e544-4703-8197-9e801a4e31b6,2d66e083-3c9f-46b2-bba4-c90b6e25ff69,2026-03-03,day,8.0
27d988b4-75b4-499a-9cd0-e5d86ff7ccad,2d66e083-3c9f-46b2-bba4-c90b6e25ff69,2026-03-04,night,10.5
bcae1439-628b-4366-bd8a-98d38dd0f2c2,2d66e083-3c9f-46b2-bba4-c90b6e25ff69,2026-03-05,day,8.0
cf85e5fc-91f2-4567-969f-213f53b2ec08,2d66e083-3c9f-46b2-bba4-c90b6e25ff69,2026-03-06,day,9.5
b254f1b0-fff1-4e85-b6d7-5187fa0b411a,2d66e083-3c9f-46b2-bba4-c90b6e25ff69,2026-03-07,day,8.0
ed967d1e-abf2-40d4-b09c-31aa6267e3da,2d66e083-3c9f-46b2-bba4-c90b6e25ff69,2026-03-08,day,8.0
eba0e62b-8cef-4d96-ae51-580a5c50411f,2d66e083-3c9f-46b2-bba4-c90b6e25ff69,2026-03-09,day,8.5
56b9b06b-363e-4338-a655-e273466008db,2d66e083-3c9f-46b2-bba4-c90b6e25ff69,2026-03-10,day,8.5
82b83027-7214-4182-a79e-9ba746973359,2d66e083-3c9f-46b2-bba4-c90b6e25ff69,2026-03-11,night,11.0
0db460ee-3217-4913-9c5b-b33f261761fe,2d66e083-3c9f-46b2-bba4-c90b6e25ff69,2026-03-12,day,8.0
7fd0ca95-7f45-4053-9c82-b80fee323014,2d66e083-3c9f-46b2-bba4-c90b6e25ff69,2026-03-13,day,8.5
e7170f59-4037-4ebb-99bc-6ebbd84ea669,2d66e083-3c9f-46b2-bba4-c90b6e25ff69,2026-03-14,day,8.5
e1da9dbc-cd75-4ddc-9ba5-77697dc98b10,2d66e083-3c9f-46b2-bba4-c90b6e25ff69,2026-03-15,night,10.0
0b200527-6ca5-42b1-acd2-a19a2d16554b,2d66e083-3c9f-46b2-bba4-c90b6e25ff69,2026-03-16,night,11.0
e1d2bca6-d354-4574-b087-9a0d45245a7f,2d66e083-3c9f-46b2-bba4-c90b6e25ff69,2026-03-17,night,12.0
1a0ab642-73da-4ac2-a1ab-d91ae820fc96,2d66e083-3c9f-46b2-bba4-c90b6e25ff69,2026-03-18,day,8.0
1e735610-e735-4982-b20a-2e3bf0b2220d,2d66e083-3c9f-46b2-bba4-c90b6e25ff69,2026-03-19,night,10.0
6a2d17b5-f0f9-4f54-9353-32ddb89a6b9e,2d66e083-3c9f-46b2-bba4-c90b6e25ff69,2026-03-20,night,10.5
40950f07-5388-41ce-8103-71b9df5683b6,2d66e083-3c9f-46b2-bba4-c90b6e25ff69,2026-03-21,day,8.0
4d9d7fff-194b-4f60-9802-38c48b5b6695,2d66e083-3c9f-46b2-bba4-c90b6e25ff69,2026-03-22,day,8.0
de4f478e-cd55-4daa-a809-fda4f78cb94a,2d66e083-3c9f-46b2-bba4-c90b6e25ff69,2026-03-23,day,8.0
d51676e3-2add-46f1-864d-da379b1d7d17,2d66e083-3c9f-46b2-bba4-c90b6e25ff69,2026-03-24,day,9.0
2889bea2-f72e-447b-9d79-da9e380dd078,2d66e083-3c9f-46b2-bba4-c90b6e25ff69,2026-03-25,day,8.0
8a102748-0060-4bdd-b3cc-fc1600a8cda3,2d66e083-3c9f-46b2-bba4-c90b6e25ff69,2026-03-26,extended,13.4
3c54a7e9-17a6-4329-b9ff-bcc35921d25c,2d66e083-3c9f-46b2-bba4-c90b6e25ff69,2026-03-27,night,10.0
e453f192-a39e-4ea5-a003-832709ed42c0,2d66e083-3c9f-46b2-bba4-c90b6e25ff69,2026-03-28,night,10.5
c0a1aeb1-66c6-4536-afcf-d6298a61dbf1,2d66e083-3c9f-46b2-bba4-c90b6e25ff69,2026-03-29,day,8.5
06f0666a-78cc-4887-876d-c9236c4727cd,2d66e083-3c9f-46b2-bba4-c90b6e25ff69,2026-03-30,extended,14.4
efbd2a83-4603-483f-90c9-29924fe31550,2d66e083-3c9f-46b2-bba4-c90b6e25ff69,2026-03-31,day,8.0
eee5d757-fed7-472e-87de-05d57ccb8737,2d66e083-3c9f-46b2-bba4-c90b6e25ff69,2026-04-01,day,8.5
b439276d-0e0a-4bee-8c14-92dee992337c,2d66e083-3c9f-46b2-bba4-c90b6e25ff69,2026-04-02,night,10.5
e96fb249-fa3f-4a20-b543-e83046f3e541,2d66e083-3c9f-46b2-bba4-c90b6e25ff69,2026-04-03,day,8.0
8c3b5a17-1d1d-42b2-8e8d-266d8c2cbc80,2d66e083-3c9f-46b2-bba4-c90b6e25ff69,2026-04-04,day,8.0
1724eca5-00ed-4089-9ddc-f12477a8f62d,2d66e083-3c9f-46b2-bba4-c90b6e25ff69,2026-04-05,day,9.0
bcee5d62-e0b9-4f1c-b9d4-fd2195e56c56,2d66e083-3c9f-46b2-bba4-c90b6e25ff69,2026-04-06,day,8.0
0baba8dd-7f2d-4ecd-884c-44c941c11529,2d66e083-3c9f-46b2-bba4-c90b6e25ff69,2026-04-07,day,8.0
099c7b82-5819-4113-b35c-f8775b60d349,2d66e083-3c9f-46b2-bba4-c90b6e25ff69,2026-04-08,night,10.5
c5cb2ec8-253a-4dbf-8fa4-34be0790f979,2d66e083-3c9f-46b2-bba4-c90b6e25ff69,2026-04-09,day,8.0
17f2f527-3373-4617-9e08-f82d97b33116,2d66e083-3c9f-46b2-bba4-c90b6e25ff69,2026-04-10,day,8.0
047d4c86-dae2-42b1-9773-7db39f33cf67,2d66e083-3c9f-46b2-bba4-c90b6e25ff69,2026-04-11,extended,13.4
dc2ec910-4919-438e-99ef-5c6277aaff45,2d66e083-3c9f-46b2-bba4-c90b6e25ff69,2026-04-12,day,8.0
c62233b2-6b7e-4af6-808b-47e34f9993c3,2d66e083-3c9f-46b2-bba4-c90b6e25ff69,2026-04-13,day,8.0
93fb98f3-2acb-4cf0-a2e8-7664981ec7c7,2d66e083-3c9f-46b2-bba4-c90b6e25ff69,2026-04-14,day,8.5
64163f6a-c425-4be0-a1d7-492111a7ed98,2d66e083-3c9f-46b2-bba4-c90b6e25ff69,2026-04-15,night,10.0
68b37d3f-8200-4450-b994-0c8e4487a4de,2d66e083-3c9f-46b2-bba4-c90b6e25ff69,2026-04-16,day,9.0
40a67ed0-ab3a-4e6d-b040-37dc30b1b483,2d66e083-3c9f-46b2-bba4-c90b6e25ff69,2026-04-17,extended,13.9
bb384907-3a54-4362-90a1-86d1e578f99c,2d66e083-3c9f-46b2-bba4-c90b6e25ff69,2026-04-18,night,10.0
78b09eb0-5c66-45bb-ae95-ddde6dedff5b,2d66e083-3c9f-46b2-bba4-c90b6e25ff69,2026-04-19,night,10.5
474d7d13-f186-4d88-8aba-18084a701303,2d66e083-3c9f-46b2-bba4-c90b6e25ff69,2026-04-20,day,8.0
9294a846-27ca-4f52-907e-969652495c75,2d66e083-3c9f-46b2-bba4-c90b6e25ff69,2026-04-21,day,8.0
c6e54f47-e6e3-4857-bcc0-9d71e89307b8,2d66e083-3c9f-46b2-bba4-c90b6e25ff69,2026-04-22,extended,14.0
9d28685a-1515-4e70-bfb1-e77b9eb9c81c,2d66e083-3c9f-46b2-bba4-c90b6e25ff69,2026-04-23,day,9.0
317e9be3-083c-4911-912e-3f8cfbe823ce,2d66e083-3c9f-46b2-bba4-c90b6e25ff69,2026-04-24,day,8.0
72cc2c72-6556-4fd3-8057-664f5d4d6f7c,2d66e083-3c9f-46b2-bba4-c90b6e25ff69,2026-04-26,night,10.0
483a74bd-13ff-4815-b2d1-2efd79f5a4a8,2d66e083-3c9f-46b2-bba4-c90b6e25ff69,2026-04-27,day,8.0
3f46c77d-14f6-457d-b585-ad9135d684fd,2d66e083-3c9f-46b2-bba4-c90b6e25ff69,2026-04-28,day,8.0
de5827ad-393a-4996-a470-f2cd915d2311,2d66e083-3c9f-46b2-bba4-c90b6e25ff69,2026-04-29,day,8.5
569e2650-d12e-444d-a8de-428a64541d11,2d66e083-3c9f-46b2-bba4-c90b6e25ff69,2026-04-30,night,10.0
63ea2b51-55d8-4d5e-8528-129dcdc5070e,2d66e083-3c9f-46b2-bba4-c90b6e25ff69,2026-05-01,night,10.5
5b299e7f-bf4e-49fc-86d9-3d3e8e4847e7,2d66e083-3c9f-46b2-bba4-c90b6e25ff69,2026-05-03,day,8.0
91eeaae3-0a0e-467a-85fa-53a17c773b7a,2d66e083-3c9f-46b2-bba4-c90b6e25ff69,2026-05-04,day,8.0
3e8cc9b9-37e2-441d-a7b9-dc19f15f5abb,2d66e083-3c9f-46b2-bba4-c90b6e25ff69,2026-05-05,day,9.5
49d648cd-b5d5-4907-baf5-2052cb13df97,2d66e083-3c9f-46b2-bba4-c90b6e25ff69,2026-05-06,day,8.5
f245a174-27a5-4d2d-b880-9f6cd057b5ad,2d66e083-3c9f-46b2-bba4-c90b6e25ff69,2026-05-07,day,8.0
05192b93-332c-458d-b35c-321827e8dcb3,2d66e083-3c9f-46b2-bba4-c90b6e25ff69,2026-05-08,day,9.0
bef56712-9b1d-4a3e-818d-8a55f26c8cfe,2d66e083-3c9f-46b2-bba4-c90b6e25ff69,2026-05-10,day,8.5
6c881512-4dc2-4be5-99cb-76d2ea731ed6,2d66e083-3c9f-46b2-bba4-c90b6e25ff69,2026-05-11,day,9.0
ca016b26-9259-403f-a381-d76850ec175b,2d66e083-3c9f-46b2-bba4-c90b6e25ff69,2026-05-12,day,8.0
25898f24-8869-41bf-ace0-46067f65ae8a,2d66e083-3c9f-46b2-bba4-c90b6e25ff69,2026-05-13,night,10.0
dca7f6c1-7422-4c8d-adc2-b0ead73c65df,2d66e083-3c9f-46b2-bba4-c90b6e25ff69,2026-05-14,day,8.5
98675330-4bb8-4f60-b3e8-d5fed820e538,2d66e083-3c9f-46b2-bba4-c90b6e25ff69,2026-05-15,day,8.0
72155c5a-924c-42d8-b2d4-ffc520c27f3a,2d66e083-3c9f-46b2-bba4-c90b6e25ff69,2026-05-18,day,9.0
48428161-79b1-433b-994c-8a3322432ce9,2d66e083-3c9f-46b2-bba4-c90b6e25ff69,2026-05-19,day,8.0
4f4c1345-a3f0-404c-b93f-cf2b0faa5641,2d66e083-3c9f-46b2-bba4-c90b6e25ff69,2026-05-20,day,9.0
a4995ad1-2eff-432c-b082-b9144bf4332e,2d66e083-3c9f-46b2-bba4-c90b6e25ff69,2026-05-21,day,8.5
ae86e8bb-e5de-4ee4-b3ac-549d9e5e51a3,2d66e083-3c9f-46b2-bba4-c90b6e25ff69,2026-05-22,extended,14.4
05595ddf-428b-43eb-8304-d614181d9094,2d66e083-3c9f-46b2-bba4-c90b6e25ff69,2026-05-25,day,9.0
3247ae12-69d5-4ffd-a981-f1788f7a1c2d,2d66e083-3c9f-46b2-bba4-c90b6e25ff69,2026-05-26,extended,13.6
9a99a5ac-c6cd-4672-aeb5-bf3b52ec1df0,2d66e083-3c9f-46b2-bba4-c90b6e25ff69,2026-05-27,day,8.0
85179094-5c18-4718-aa62-8e02080e14de,2d66e083-3c9f-46b2-bba4-c90b6e25ff69,2026-05-28,day,8.0
6eff29b1-bf81-4890-a5fd-a9cf098c1d5f,2d66e083-3c9f-46b2-bba4-c90b6e25ff69,2026-05-29,day,8.0
c4bd78a9-e83c-408f-b4f5-2c61284af557,2d66e083-3c9f-46b2-bba4-c90b6e25ff69,2026-06-01,extended,15.0
8d229acc-bd58-498a-8931-1f93021e11b0,2d66e083-3c9f-46b2-bba4-c90b6e25ff69,2026-06-02,day,8.0
365e28a3-38ce-463e-983b-1cac1b7927d7,2d66e083-3c9f-46b2-bba4-c90b6e25ff69,2026-06-03,day,8.5
92cd815c-b49c-4f08-839d-79f762a87eb2,2d66e083-3c9f-46b2-bba4-c90b6e25ff69,2026-06-04,day,9.0
14b853b7-9f21-47e7-aa5b-54f2942d0bd1,2d66e083-3c9f-46b2-bba4-c90b6e25ff69,2026-06-05,night,11.0
5cb87f9d-818c-45b5-af3c-55cd0c82760f,2d66e083-3c9f-46b2-bba4-c90b6e25ff69,2026-06-08,day,8.5
b36cf1ab-d45d-4f28-abf5-10b57b06bdc1,2d66e083-3c9f-46b2-bba4-c90b6e25ff69,2026-06-09,day,8.0
476c377c-691e-4652-bf04-dade3f6df77c,2d66e083-3c9f-46b2-bba4-c90b6e25ff69,2026-06-10,day,9.0
0c7b7054-14f3-4a28-9187-bdde9f47fbf8,2d66e083-3c9f-46b2-bba4-c90b6e25ff69,2026-06-11,day,8.0
92c80a83-1e1c-404c-98f6-40f86d5bf5c2,2d66e083-3c9f-46b2-bba4-c90b6e25ff69,2026-06-12,extended,13.9
16f19a31-47dc-4d62-a5d6-a96ac4e2b14c,2d66e083-3c9f-46b2-bba4-c90b6e25ff69,2026-06-14,day,8.0
e5d7edb5-78ff-4868-837c-63748dcb5ecc,2d66e083-3c9f-46b2-bba4-c90b6e25ff69,2026-06-15,day,8.5
77e94af8-0fe6-4bfa-830c-af6135847efe,2d66e083-3c9f-46b2-bba4-c90b6e25ff69,2026-06-16,day,8.0
c22d19cf-b10c-4fa7-85b3-99d77a23cda2,2d66e083-3c9f-46b2-bba4-c90b6e25ff69,2026-06-17,day,9.5
e346726e-87b7-4a86-a734-9ccd52ceb1fc,2d66e083-3c9f-46b2-bba4-c90b6e25ff69,2026-06-18,night,10.5
80118d43-7d91-420e-9d40-4f5c2354f412,2d66e083-3c9f-46b2-bba4-c90b6e25ff69,2026-06-19,day,8.0
bfd38c89-96f0-45f4-b094-dc96fbd9879e,2d66e083-3c9f-46b2-bba4-c90b6e25ff69,2026-06-20,day,8.0
453a2e64-5b4f-45de-be1f-8c725f31a6aa,2d66e083-3c9f-46b2-bba4-c90b6e25ff69,2026-06-21,day,9.5
9790745c-1c81-44be-9d71-c7ed65319105,2d66e083-3c9f-46b2-bba4-c90b6e25ff69,2026-06-22,extended,14.0
a8479214-8065-43f9-b20e-dd6f7ad3588a,2d66e083-3c9f-46b2-bba4-c90b6e25ff69,2026-06-23,night,10.5
199214ed-43e5-4107-be47-c863d9ea9e8e,2d66e083-3c9f-46b2-bba4-c90b6e25ff69,2026-06-24,night,10.5
c9215500-c2f3-4ea4-9ff2-ba42a932c7ab,2d66e083-3c9f-46b2-bba4-c90b6e25ff69,2026-06-25,day,8.0
e36d2167-083d-4394-bc48-bc78d33c47ed,2d66e083-3c9f-46b2-bba4-c90b6e25ff69,2026-06-26,night,10.5
87e24483-9ffd-420b-b953-187510f5519b,2d66e083-3c9f-46b2-bba4-c90b6e25ff69,2026-06-27,extended,15.4
beece102-097f-47e8-8b59-4c0b97f71b98,2d66e083-3c9f-46b2-bba4-c90b6e25ff69,2026-06-29,night,10.0
ce1b51a8-0ad8-43dd-ac6a-67e92dd68801,dbe21ba4-04ee-4691-bc23-2819ce740b9d,2026-01-01,day,8.5
25472f4b-3508-4a9f-a5a7-680bacba32c4,dbe21ba4-04ee-4691-bc23-2819ce740b9d,2026-01-02,day,9.0
2d7c4504-7357-43ae-86d0-847ae20faf70,dbe21ba4-04ee-4691-bc23-2819ce740b9d,2026-01-05,night,10.5
d3da214b-0cad-4f1d-95a6-a6c5ffb8e981,dbe21ba4-04ee-4691-bc23-2819ce740b9d,2026-01-06,day,9.0
9fb99b84-d296-48fc-b96c-c46e2d5d722e,dbe21ba4-04ee-4691-bc23-2819ce740b9d,2026-01-07,night,10.0
bdc6e8f0-507d-4254-8b64-1549b8ced390,dbe21ba4-04ee-4691-bc23-2819ce740b9d,2026-01-08,day,8.0
9c7e9ffe-0aef-47eb-a0c6-e0812c963dff,dbe21ba4-04ee-4691-bc23-2819ce740b9d,2026-01-09,day,8.0
6f9e4b7c-8c2f-4bc1-87d4-49d107deb2a3,dbe21ba4-04ee-4691-bc23-2819ce740b9d,2026-01-10,day,8.0
14897ce6-213b-4885-b483-932b2ce01ccc,dbe21ba4-04ee-4691-bc23-2819ce740b9d,2026-01-11,day,9.0
a5e7f46b-972b-4f8a-a4e3-ac47a727b27f,dbe21ba4-04ee-4691-bc23-2819ce740b9d,2026-01-12,day,8.0
22d6ff07-9489-45a8-b0fa-e820625ba91c,dbe21ba4-04ee-4691-bc23-2819ce740b9d,2026-01-13,night,12.0
72ce4ef7-d68e-4d69-a266-c0d8ef01be32,dbe21ba4-04ee-4691-bc23-2819ce740b9d,2026-01-14,day,8.0
8925be73-0d86-4446-bbc6-3b30925b23be,dbe21ba4-04ee-4691-bc23-2819ce740b9d,2026-01-15,day,8.0
9fcf48b4-26c1-4eee-b444-7bd77047c0fc,dbe21ba4-04ee-4691-bc23-2819ce740b9d,2026-01-16,night,10.0
9ebb2ea2-67e1-47cd-b8cd-02c10d09d338,dbe21ba4-04ee-4691-bc23-2819ce740b9d,2026-01-18,day,8.0
59c7bc0e-f8ab-41b8-878d-2485723dbd70,dbe21ba4-04ee-4691-bc23-2819ce740b9d,2026-01-19,night,10.0
69e02f70-eed2-4f1a-98be-119d65cdcc58,dbe21ba4-04ee-4691-bc23-2819ce740b9d,2026-01-20,day,9.0
d5e219e1-59cd-4411-a1e3-44dcbc8ebb27,dbe21ba4-04ee-4691-bc23-2819ce740b9d,2026-01-21,night,10.5
13c56b49-eeee-4713-aa9b-669ff34b81e5,dbe21ba4-04ee-4691-bc23-2819ce740b9d,2026-01-22,day,8.5
ed3b9903-57a6-4601-a76e-b85c9444884a,dbe21ba4-04ee-4691-bc23-2819ce740b9d,2026-01-23,day,8.0
476cdd7f-92ba-443f-842c-6c945b210bca,dbe21ba4-04ee-4691-bc23-2819ce740b9d,2026-01-25,night,11.0
7045c91c-9157-4426-bd4f-dc60b233c34e,dbe21ba4-04ee-4691-bc23-2819ce740b9d,2026-01-26,day,9.0
94ee2a5b-0320-427d-bef7-5e10c3e907d2,dbe21ba4-04ee-4691-bc23-2819ce740b9d,2026-01-27,day,8.0
40def86e-10dd-400c-9152-58e5e354a97e,dbe21ba4-04ee-4691-bc23-2819ce740b9d,2026-01-28,night,10.0
6acfd5c8-9a67-4190-90b6-c6355c071a35,dbe21ba4-04ee-4691-bc23-2819ce740b9d,2026-01-29,night,10.5
0ddbae1d-22f2-48a8-80a2-3008cc8121e3,dbe21ba4-04ee-4691-bc23-2819ce740b9d,2026-01-30,night,10.0
b5a32202-41d2-4d21-9716-e5ad15f0f19a,dbe21ba4-04ee-4691-bc23-2819ce740b9d,2026-02-02,day,9.0
84a3cd00-ee95-4b3a-85a4-b0ed316fd53d,dbe21ba4-04ee-4691-bc23-2819ce740b9d,2026-02-03,night,10.0
53a59ab8-0964-463e-a4c6-1cf8aaee5b95,dbe21ba4-04ee-4691-bc23-2819ce740b9d,2026-02-04,day,8.0
f7d6a133-1c45-4fef-a743-9ceedae7bda6,dbe21ba4-04ee-4691-bc23-2819ce740b9d,2026-02-05,day,8.0
41f5c42f-e975-4371-8609-1fff91f49884,dbe21ba4-04ee-4691-bc23-2819ce740b9d,2026-02-06,day,8.0
04b4cdec-6060-46b2-afdd-868c92a9140e,dbe21ba4-04ee-4691-bc23-2819ce740b9d,2026-02-08,day,8.0
e50216ee-e89d-4372-bacc-bd1f959ea53e,dbe21ba4-04ee-4691-bc23-2819ce740b9d,2026-02-09,day,8.0
c6719985-51cc-43f2-9c76-62a054cf1ef8,dbe21ba4-04ee-4691-bc23-2819ce740b9d,2026-02-10,day,9.0
8479fbd7-d6cf-4fef-acfd-4674be147e54,dbe21ba4-04ee-4691-bc23-2819ce740b9d,2026-02-11,day,8.0
919943c0-bbe2-4281-9466-f0ba130122e2,dbe21ba4-04ee-4691-bc23-2819ce740b9d,2026-02-12,night,10.5
48a5166c-940b-42d9-abae-d1ffb48a2f2e,dbe21ba4-04ee-4691-bc23-2819ce740b9d,2026-02-13,day,9.0
c9757477-491c-4af7-9df8-d6a9b92738fa,dbe21ba4-04ee-4691-bc23-2819ce740b9d,2026-02-16,night,10.5
cf98623e-b5e1-49d5-b2c3-579b00a70cbc,dbe21ba4-04ee-4691-bc23-2819ce740b9d,2026-02-17,day,9.0
04a7ee30-7a5f-4743-b75d-756b30087169,dbe21ba4-04ee-4691-bc23-2819ce740b9d,2026-02-18,day,8.0
a2c762eb-d275-43f5-b2c7-a84812cfff41,dbe21ba4-04ee-4691-bc23-2819ce740b9d,2026-02-19,day,8.5
4bf407d1-ae3d-476d-ab8c-e19de694860d,dbe21ba4-04ee-4691-bc23-2819ce740b9d,2026-02-20,extended,14.2
4c33a36e-80ec-4b9a-ad00-fef3cab3331e,dbe21ba4-04ee-4691-bc23-2819ce740b9d,2026-02-23,day,8.0
37cf4ecf-e288-46c6-b47a-9c6bf14fbbf6,dbe21ba4-04ee-4691-bc23-2819ce740b9d,2026-02-24,day,8.0
82dc4eef-bdd3-4762-9af9-540cdcca3c0e,dbe21ba4-04ee-4691-bc23-2819ce740b9d,2026-02-25,day,8.0
6a7370f9-a059-4c9a-9c6a-0fb65e307f1a,dbe21ba4-04ee-4691-bc23-2819ce740b9d,2026-02-26,day,8.5
85534523-a777-48a4-b754-0898c9010e07,dbe21ba4-04ee-4691-bc23-2819ce740b9d,2026-02-27,day,8.0
ff3af5d0-1ece-4894-90ae-294d0f5217bd,dbe21ba4-04ee-4691-bc23-2819ce740b9d,2026-03-02,day,8.0
379d756e-2378-4a92-9ee2-c1993feb1c60,dbe21ba4-04ee-4691-bc23-2819ce740b9d,2026-03-03,day,8.0
79bc3b4a-3764-4c4d-9cfa-121123c619b1,dbe21ba4-04ee-4691-bc23-2819ce740b9d,2026-03-04,day,8.0
f935c58a-9cce-4f84-a2ea-899eab668ea1,dbe21ba4-04ee-4691-bc23-2819ce740b9d,2026-03-05,day,8.0
8fb38fa1-cde6-4c6d-a63c-6fbdf4e93da1,dbe21ba4-04ee-4691-bc23-2819ce740b9d,2026-03-06,day,9.5
88570c7c-81ba-4ff1-a79e-79ba8764d8f3,dbe21ba4-04ee-4691-bc23-2819ce740b9d,2026-03-09,extended,14.1
e7aef01a-5588-4840-9184-e74d3b199371,dbe21ba4-04ee-4691-bc23-2819ce740b9d,2026-03-10,day,9.0
e511cecc-899f-483e-b1b1-45ebc8ffebfc,dbe21ba4-04ee-4691-bc23-2819ce740b9d,2026-03-11,day,8.0
d216818c-9c2c-4600-b496-96a041b5341b,dbe21ba4-04ee-4691-bc23-2819ce740b9d,2026-03-12,day,9.0
b0c47250-aea3-4bf0-b6fa-9daf3ad9deb6,dbe21ba4-04ee-4691-bc23-2819ce740b9d,2026-03-13,day,8.5
2ebdaf8f-6c9b-461a-b1e1-c6a28d2bc596,dbe21ba4-04ee-4691-bc23-2819ce740b9d,2026-03-16,extended,15.2
d50744f3-4eb7-483d-b349-45408b62dfba,dbe21ba4-04ee-4691-bc23-2819ce740b9d,2026-03-17,night,10.0
c493fe63-ce96-4a77-8710-5c17e938ed0d,dbe21ba4-04ee-4691-bc23-2819ce740b9d,2026-03-18,day,8.0
d4dd0a1e-4761-4bc0-85a8-c3fc982f7adb,dbe21ba4-04ee-4691-bc23-2819ce740b9d,2026-03-19,day,8.5
9c15768b-f92d-4c0f-ad5a-e9a25782405c,dbe21ba4-04ee-4691-bc23-2819ce740b9d,2026-03-20,night,11.0
97674cfd-c723-4023-84a2-c5bfbc6d6d8c,dbe21ba4-04ee-4691-bc23-2819ce740b9d,2026-03-22,day,8.0
e49b6459-8d5b-4883-85fc-7d76e7e7ff98,dbe21ba4-04ee-4691-bc23-2819ce740b9d,2026-03-23,day,8.0
d16d805b-d411-4db8-8d11-ea2eb6bce7bf,dbe21ba4-04ee-4691-bc23-2819ce740b9d,2026-03-24,day,9.0
adeb9cd3-2769-4804-94fb-1bea4619035b,dbe21ba4-04ee-4691-bc23-2819ce740b9d,2026-03-25,day,8.0
5fce9d3e-1779-4b6e-8872-a968bd9ffb9d,dbe21ba4-04ee-4691-bc23-2819ce740b9d,2026-03-26,night,11.0
6dbd16ab-45d5-4944-bb8b-0f1d3121069d,dbe21ba4-04ee-4691-bc23-2819ce740b9d,2026-03-27,extended,13.9
f50205b3-3133-4d13-a4b7-7217d0e363ce,dbe21ba4-04ee-4691-bc23-2819ce740b9d,2026-03-30,night,11.0
f72423b7-82fd-4421-8975-166ce79f659f,dbe21ba4-04ee-4691-bc23-2819ce740b9d,2026-03-31,night,10.0
07ca6a58-cfe5-43e6-8a5c-3e9e57cc9426,dbe21ba4-04ee-4691-bc23-2819ce740b9d,2026-04-01,day,8.5
b44332a2-5a65-42a2-9875-e9f25c9e58aa,dbe21ba4-04ee-4691-bc23-2819ce740b9d,2026-04-02,day,8.0
bf5da4b1-e7a8-4e67-b939-944447a74f74,dbe21ba4-04ee-4691-bc23-2819ce740b9d,2026-04-03,day,8.0
edaca971-7571-482e-9f64-2db825bead39,dbe21ba4-04ee-4691-bc23-2819ce740b9d,2026-04-06,night,10.5
3cafb8b2-908e-48bb-95ab-c172463ff8f6,dbe21ba4-04ee-4691-bc23-2819ce740b9d,2026-04-07,night,10.0
793599aa-dab7-4d7f-a4b3-5ff87c94143c,dbe21ba4-04ee-4691-bc23-2819ce740b9d,2026-04-08,day,9.0
aca86a18-95a3-43da-93d3-0ee2753049d5,dbe21ba4-04ee-4691-bc23-2819ce740b9d,2026-04-09,extended,15.8
c6495ddb-3e70-497a-8f32-13c8272243b9,dbe21ba4-04ee-4691-bc23-2819ce740b9d,2026-04-10,day,8.0
12b06139-263e-4d77-9479-a85cdf77e188,dbe21ba4-04ee-4691-bc23-2819ce740b9d,2026-04-13,day,8.0
846c0a18-2599-4b9b-87d2-5a38a7ca950e,dbe21ba4-04ee-4691-bc23-2819ce740b9d,2026-04-14,day,9.5
0ac75004-d9e3-49ef-a2f6-b5c95f11bffd,dbe21ba4-04ee-4691-bc23-2819ce740b9d,2026-04-15,day,8.0
88bc50bb-0ee7-4b63-881a-51a6110b4667,dbe21ba4-04ee-4691-bc23-2819ce740b9d,2026-04-16,day,9.0
9654f39e-d3a7-413c-87dc-5e359f9b7f09,dbe21ba4-04ee-4691-bc23-2819ce740b9d,2026-04-17,day,8.0
e19c1442-1665-4706-a9f7-34c2218228bf,dbe21ba4-04ee-4691-bc23-2819ce740b9d,2026-04-18,night,10.0
0bacafaa-f687-4438-8b9b-bff48f1eab1d,dbe21ba4-04ee-4691-bc23-2819ce740b9d,2026-04-20,night,11.0
db9ac23e-3e46-45d4-af4c-77d1942d8843,dbe21ba4-04ee-4691-bc23-2819ce740b9d,2026-04-21,extended,14.1
8db76e24-2248-429b-9e1a-6cd81e198505,dbe21ba4-04ee-4691-bc23-2819ce740b9d,2026-04-22,day,8.0
e12e8aa7-866e-4154-b511-973b28115459,dbe21ba4-04ee-4691-bc23-2819ce740b9d,2026-04-23,night,10.5
0d3d1210-c332-4a15-bb24-3e3b6c14d9da,dbe21ba4-04ee-4691-bc23-2819ce740b9d,2026-04-24,night,11.0
da317994-8ece-4f0c-9211-b9a9ccc28746,dbe21ba4-04ee-4691-bc23-2819ce740b9d,2026-04-27,night,10.0
73bed445-e8d5-47c6-9db2-f5b93fd8cc03,dbe21ba4-04ee-4691-bc23-2819ce740b9d,2026-04-28,day,8.0
d9fb1b68-4fab-47ac-9c06-28a3b7973bf9,dbe21ba4-04ee-4691-bc23-2819ce740b9d,2026-04-29,day,8.0
1123f806-32d3-42ee-acfc-127d661e8984,dbe21ba4-04ee-4691-bc23-2819ce740b9d,2026-04-30,day,8.0
6104a9ad-00eb-43ab-a07f-7754092f22b4,dbe21ba4-04ee-4691-bc23-2819ce740b9d,2026-05-01,day,8.0
d0959933-b104-498f-b7c1-6b7caee7b1cc,dbe21ba4-04ee-4691-bc23-2819ce740b9d,2026-05-02,day,9.0
da34f807-c294-470b-9110-bb92ab209ef3,dbe21ba4-04ee-4691-bc23-2819ce740b9d,2026-05-03,day,8.0
93c65125-9d0a-43d0-8473-abdfe1907275,dbe21ba4-04ee-4691-bc23-2819ce740b9d,2026-05-04,day,8.0
7df93682-1dcd-4225-9bd5-bcb55f6cba55,dbe21ba4-04ee-4691-bc23-2819ce740b9d,2026-05-05,day,8.0
35c30fdc-cdef-4807-980b-b542defd3e5b,dbe21ba4-04ee-4691-bc23-2819ce740b9d,2026-05-06,night,10.0
89e0fec8-d1af-43f2-974a-297583a43a4c,dbe21ba4-04ee-4691-bc23-2819ce740b9d,2026-05-07,day,8.5
5b100e34-eba4-45ee-88e5-97fdda5e2efe,dbe21ba4-04ee-4691-bc23-2819ce740b9d,2026-05-08,extended,15.6
bf89608f-4586-400f-b6ec-82de19e831e1,dbe21ba4-04ee-4691-bc23-2819ce740b9d,2026-05-09,extended,14.7
656c96eb-0f8a-42c3-a396-7ad433b5a1fc,dbe21ba4-04ee-4691-bc23-2819ce740b9d,2026-05-10,night,10.5
859e9ce5-b745-464f-86a2-351279478c76,dbe21ba4-04ee-4691-bc23-2819ce740b9d,2026-05-11,day,8.5
7c6d4c44-3212-400a-ad93-e63021bee851,dbe21ba4-04ee-4691-bc23-2819ce740b9d,2026-05-12,day,9.0
19eea2b7-7d67-4805-9f3d-b0e78a092df4,dbe21ba4-04ee-4691-bc23-2819ce740b9d,2026-05-13,day,9.0
75d339a9-acb4-4617-a441-3a1bf984ecce,dbe21ba4-04ee-4691-bc23-2819ce740b9d,2026-05-14,day,8.0
1b9de3cd-1c30-4c4a-9b26-79bd915238ce,dbe21ba4-04ee-4691-bc23-2819ce740b9d,2026-05-15,night,10.5
fb1d22d3-2c2e-4a96-8bf8-921df576398e,dbe21ba4-04ee-4691-bc23-2819ce740b9d,2026-05-18,day,8.0
25999003-33b3-4332-9f98-9e6ac811f30b,dbe21ba4-04ee-4691-bc23-2819ce740b9d,2026-05-19,day,8.5
aabb9e0b-3556-44cc-87c2-1482fbc58d5b,dbe21ba4-04ee-4691-bc23-2819ce740b9d,2026-05-20,extended,15.0
8e34c188-2117-49aa-99c3-2c52642a7f9b,dbe21ba4-04ee-4691-bc23-2819ce740b9d,2026-05-21,day,8.0
c97ccb8b-34fb-476a-a2de-c3a319908d40,dbe21ba4-04ee-4691-bc23-2819ce740b9d,2026-05-22,night,10.0
c7064711-6ddc-4992-90d6-09de37542acb,dbe21ba4-04ee-4691-bc23-2819ce740b9d,2026-05-25,day,8.0
c200e870-ef7d-49b0-968b-dbd0afba7a5b,dbe21ba4-04ee-4691-bc23-2819ce740b9d,2026-05-26,extended,14.6
2f8b70e4-82dc-4bd4-8cd0-7cfdc1503294,dbe21ba4-04ee-4691-bc23-2819ce740b9d,2026-05-27,night,11.0
5456f331-2a87-4f29-a00d-f9f8d2aa5b11,dbe21ba4-04ee-4691-bc23-2819ce740b9d,2026-05-28,extended,15.8
5353bac9-d1ad-47f6-bd3d-2d27e0d2a137,dbe21ba4-04ee-4691-bc23-2819ce740b9d,2026-05-29,day,8.0
1f990ab2-99bc-4010-a437-f6f020d6f778,dbe21ba4-04ee-4691-bc23-2819ce740b9d,2026-05-31,day,8.5
fb3f6cf9-ae04-4a7b-a551-1d83119020e1,dbe21ba4-04ee-4691-bc23-2819ce740b9d,2026-06-01,day,8.0
2128d4f7-fd77-4056-be88-f704b8499f89,dbe21ba4-04ee-4691-bc23-2819ce740b9d,2026-06-02,day,9.0
401d88fd-99dc-4772-89ec-cb8f7c904423,dbe21ba4-04ee-4691-bc23-2819ce740b9d,2026-06-03,night,10.0
8babf751-9b77-48ca-8df6-05e04b962b23,dbe21ba4-04ee-4691-bc23-2819ce740b9d,2026-06-04,day,8.0
f4556559-b257-4170-9003-4d166d26acfa,dbe21ba4-04ee-4691-bc23-2819ce740b9d,2026-06-05,day,8.5
3e038053-3395-4112-a240-d881d7c4370c,dbe21ba4-04ee-4691-bc23-2819ce740b9d,2026-06-07,day,9.0
d06014dc-d54b-4041-a3f6-f8180cd5d204,dbe21ba4-04ee-4691-bc23-2819ce740b9d,2026-06-08,day,8.5
e28a2ad0-d217-4ab0-b8b5-f291baf857b3,dbe21ba4-04ee-4691-bc23-2819ce740b9d,2026-06-09,day,8.5
8cf3856c-cc2e-45be-bada-5a9d6c0dcf8b,dbe21ba4-04ee-4691-bc23-2819ce740b9d,2026-06-10,day,8.0
a4233577-480f-42df-b06b-e615b86ee343,dbe21ba4-04ee-4691-bc23-2819ce740b9d,2026-06-11,day,8.0
f4457100-ff5d-4a8a-847b-824577f98171,dbe21ba4-04ee-4691-bc23-2819ce740b9d,2026-06-12,day,8.0
09bcfa14-f8df-4992-ace6-e7949c0a9bf2,dbe21ba4-04ee-4691-bc23-2819ce740b9d,2026-06-15,day,8.0
837be629-b051-48d1-9f54-a980d7da4bde,dbe21ba4-04ee-4691-bc23-2819ce740b9d,2026-06-16,night,10.0
709ba33f-4771-4d7b-bd91-92e7b064d6dc,dbe21ba4-04ee-4691-bc23-2819ce740b9d,2026-06-17,extended,14.0
06bf5e76-2321-46c0-8f8d-6d9aa086ebf9,dbe21ba4-04ee-4691-bc23-2819ce740b9d,2026-06-18,extended,15.1
cdfcd87f-d174-462d-b7c1-be974cdbedcb,dbe21ba4-04ee-4691-bc23-2819ce740b9d,2026-06-19,day,8.0
4b339b3c-a3d7-47f9-bb2d-c5afea162efd,dbe21ba4-04ee-4691-bc23-2819ce740b9d,2026-06-21,extended,15.1
f5fe72e7-0fc5-4cf6-b793-38d4582e62b5,dbe21ba4-04ee-4691-bc23-2819ce740b9d,2026-06-22,day,8.0
896c628d-ffab-4294-b164-79610d4b163a,dbe21ba4-04ee-4691-bc23-2819ce740b9d,2026-06-23,day,8.5
01bf7dc3-60d1-4a6b-bf0b-4d7ea5180bf7,dbe21ba4-04ee-4691-bc23-2819ce740b9d,2026-06-24,day,9.0
4ee70317-8fa4-4947-8551-13160107be78,dbe21ba4-04ee-4691-bc23-2819ce740b9d,2026-06-25,night,10.0
05d8b503-9511-4726-84c1-a31d174efee4,dbe21ba4-04ee-4691-bc23-2819ce740b9d,2026-06-26,day,8.5
4f86f352-f49f-4f54-8370-069c8ed3bd90,dbe21ba4-04ee-4691-bc23-2819ce740b9d,2026-06-27,day,8.0
4abbbd1e-89ce-4207-bab1-707b3ae36d5c,dbe21ba4-04ee-4691-bc23-2819ce740b9d,2026-06-28,day,9.5
0b78517a-41e4-4155-920e-0d56c0068690,dbe21ba4-04ee-4691-bc23-2819ce740b9d,2026-06-29,day,9.0
c62f8d42-d656-4e1d-986a-14b1d295898d,16feb681-c445-4288-b994-d95d814f7b25,2026-01-01,night,12.0
8298e9a4-988e-4478-b806-18602cdd8d5e,16feb681-c445-4288-b994-d95d814f7b25,2026-01-02,day,8.5
eb34fccf-c0b9-41b2-a519-0001c783537b,16feb681-c445-4288-b994-d95d814f7b25,2026-01-05,day,8.0
dbc531c2-099c-45ee-bf3a-3861ac57e9ea,16feb681-c445-4288-b994-d95d814f7b25,2026-01-06,night,10.0
5c697c45-afd4-43b4-b628-d4a3f1916d5c,16feb681-c445-4288-b994-d95d814f7b25,2026-01-07,day,9.5
adcb6adb-b37f-416f-bf5c-991a34ece51f,16feb681-c445-4288-b994-d95d814f7b25,2026-01-08,night,10.5
f611aceb-2d00-45d9-8984-b7235b8dd281,16feb681-c445-4288-b994-d95d814f7b25,2026-01-09,day,8.0
506e5698-4f18-45db-af8d-63c5d663fe40,16feb681-c445-4288-b994-d95d814f7b25,2026-01-10,day,8.0
66261bfd-3c00-4eed-9b7e-49c5a84a0b82,16feb681-c445-4288-b994-d95d814f7b25,2026-01-12,day,8.5
c2191270-3423-4365-b71d-4077cfbd5575,16feb681-c445-4288-b994-d95d814f7b25,2026-01-13,extended,12.8
491ee971-b51e-4c08-bcee-77c6610c9289,16feb681-c445-4288-b994-d95d814f7b25,2026-01-14,day,8.5
a015c613-ea7d-4fcf-857a-ed184206f09a,16feb681-c445-4288-b994-d95d814f7b25,2026-01-15,night,11.0
6f683f65-2950-473d-b815-4827c03e93fb,16feb681-c445-4288-b994-d95d814f7b25,2026-01-16,day,8.0
7225f823-dae6-4332-aa49-178c047834c0,16feb681-c445-4288-b994-d95d814f7b25,2026-01-18,day,8.0
0130846c-1cff-4c83-9212-97a29f67044c,16feb681-c445-4288-b994-d95d814f7b25,2026-01-19,day,8.0
d9d05322-bc0a-483c-a2bc-8f1f0d46c5f8,16feb681-c445-4288-b994-d95d814f7b25,2026-01-20,day,8.0
96e1e297-f6e8-48c2-9b76-b2f071cb038a,16feb681-c445-4288-b994-d95d814f7b25,2026-01-21,day,9.0
012df197-3f11-42b7-a1db-b51218923ab8,16feb681-c445-4288-b994-d95d814f7b25,2026-01-22,day,8.0
d48ba8d2-6ac2-4a8f-b720-e6677bbff7b8,16feb681-c445-4288-b994-d95d814f7b25,2026-01-23,night,10.0
2afa799d-4b31-46cf-98e3-039b65b80f76,16feb681-c445-4288-b994-d95d814f7b25,2026-01-24,day,8.0
1c27ba71-56b1-4352-a8b7-0748d6f1c5c2,16feb681-c445-4288-b994-d95d814f7b25,2026-01-26,night,10.0
35e0680a-7506-4c19-b1e0-47a5141422c2,16feb681-c445-4288-b994-d95d814f7b25,2026-01-27,night,10.0
95766656-4ed5-4a92-a6f7-81533f305ab1,16feb681-c445-4288-b994-d95d814f7b25,2026-01-28,day,9.0
a570e057-135a-43e4-bcd3-5d6cb5f0fd72,16feb681-c445-4288-b994-d95d814f7b25,2026-01-29,day,8.0
b95da5bb-1a2a-47d1-a1d0-ddec1ecda1b2,16feb681-c445-4288-b994-d95d814f7b25,2026-01-30,day,9.0
49a63b7f-c86f-43f9-9e94-bf56526284f9,16feb681-c445-4288-b994-d95d814f7b25,2026-02-02,extended,14.1
98dcf74a-541b-49c6-982d-79d0ffebe152,16feb681-c445-4288-b994-d95d814f7b25,2026-02-03,night,10.5
a5b6b865-8b34-4595-8f83-1a4ca41f9161,16feb681-c445-4288-b994-d95d814f7b25,2026-02-04,night,10.5
6c884b6f-c596-40d0-afbf-563386865e29,16feb681-c445-4288-b994-d95d814f7b25,2026-02-05,day,8.0
ada13fb9-a41b-43be-8a0b-18b3ae8ea2fa,16feb681-c445-4288-b994-d95d814f7b25,2026-02-06,day,8.0
a3dbc455-978a-4fd0-8392-9e5a52d56b4a,16feb681-c445-4288-b994-d95d814f7b25,2026-02-09,extended,13.1
3fb4b2a9-f1d8-49e9-8ba2-1ecbd0c5bd9b,16feb681-c445-4288-b994-d95d814f7b25,2026-02-10,night,10.5
9c0c6b52-b9c3-4bcb-a9cb-7ee49cf6fdc5,16feb681-c445-4288-b994-d95d814f7b25,2026-02-11,night,10.0
cb51ab4d-4f13-4bf8-ada1-1839cfdf274a,16feb681-c445-4288-b994-d95d814f7b25,2026-02-12,extended,15.2
c28244ee-f050-478e-8c18-f78a8fa0a642,16feb681-c445-4288-b994-d95d814f7b25,2026-02-13,day,9.0
b9f2200d-f3ae-4e31-9f90-694440250e5f,16feb681-c445-4288-b994-d95d814f7b25,2026-02-16,night,11.0
b51d9ebf-3a57-4eb3-aa98-706566bdbb53,16feb681-c445-4288-b994-d95d814f7b25,2026-02-17,night,10.0
cb6d3573-85ad-404f-bf88-5f7962957593,16feb681-c445-4288-b994-d95d814f7b25,2026-02-18,day,8.0
aaa486e0-2c83-4e38-8c75-fcb109275434,16feb681-c445-4288-b994-d95d814f7b25,2026-02-19,night,12.0
c2126765-0667-4425-a744-b1b6064a0ce2,16feb681-c445-4288-b994-d95d814f7b25,2026-02-20,day,9.0
f2c6813b-318e-4462-a648-54431dab2489,16feb681-c445-4288-b994-d95d814f7b25,2026-02-21,day,8.5
44615751-e5c1-46cd-a013-4da201f29319,16feb681-c445-4288-b994-d95d814f7b25,2026-02-23,day,8.0
627257e9-f773-4697-9ac5-cb5000bd5186,16feb681-c445-4288-b994-d95d814f7b25,2026-02-24,day,8.5
90054470-fe59-426a-af2f-3d14f8b0a762,16feb681-c445-4288-b994-d95d814f7b25,2026-02-25,day,8.5
3383b25d-8d2e-416c-b5e0-e29e7961954f,16feb681-c445-4288-b994-d95d814f7b25,2026-02-26,night,10.0
c04a6654-278e-41f3-bb71-1c9c1d4023bd,16feb681-c445-4288-b994-d95d814f7b25,2026-02-27,day,8.0
f2145b9e-e647-4416-b11b-3bd8377ed942,16feb681-c445-4288-b994-d95d814f7b25,2026-03-02,day,8.0
c0136fc0-1490-4489-8888-2e5cc4aad91c,16feb681-c445-4288-b994-d95d814f7b25,2026-03-03,night,12.0
8f407ed8-1cb8-4e4c-b5c2-150f9f863fc9,16feb681-c445-4288-b994-d95d814f7b25,2026-03-04,day,9.0
7e449a42-ba22-4c63-8377-00014f976079,16feb681-c445-4288-b994-d95d814f7b25,2026-03-05,day,9.0
f917a9cb-914f-4bb1-b72e-c13a58917cfc,16feb681-c445-4288-b994-d95d814f7b25,2026-03-06,day,8.5
5c8159c8-70fb-4e73-877c-bdced70082a5,16feb681-c445-4288-b994-d95d814f7b25,2026-03-16,night,11.0
1a883ac4-1c0e-41ab-9ddd-5c9ae3b0bf19,16feb681-c445-4288-b994-d95d814f7b25,2026-03-17,extended,14.3
1966120f-516d-453c-89f6-3ee8e9f0e3d3,16feb681-c445-4288-b994-d95d814f7b25,2026-03-18,day,8.0
f7c425ce-089a-4459-9ace-0854698f5c67,16feb681-c445-4288-b994-d95d814f7b25,2026-03-19,extended,14.5
4440ba76-56e5-46b0-a634-c33ce8d03187,16feb681-c445-4288-b994-d95d814f7b25,2026-03-20,night,10.5
69bcf79c-4c8c-4c04-829e-0042e38d4383,16feb681-c445-4288-b994-d95d814f7b25,2026-03-22,day,8.0
032b22f0-df7d-4bd9-8e87-bdb2889cf030,16feb681-c445-4288-b994-d95d814f7b25,2026-03-23,day,8.0
cf7f07da-b34a-4fde-95bb-2ed3f200a264,16feb681-c445-4288-b994-d95d814f7b25,2026-03-24,extended,15.2
2b5c158e-410d-4a96-9ea8-c655cdf267a2,16feb681-c445-4288-b994-d95d814f7b25,2026-03-25,day,8.0
5494333f-dc2d-4b23-bdb4-e534997311e2,16feb681-c445-4288-b994-d95d814f7b25,2026-03-26,extended,14.9
21e7ad08-ad1d-458f-b9c9-013d3eb5412b,16feb681-c445-4288-b994-d95d814f7b25,2026-03-27,night,10.0
b6adde20-4969-49a8-99f6-40ec0c5c98db,16feb681-c445-4288-b994-d95d814f7b25,2026-03-28,day,9.5
eb519ebd-72ef-4fad-b95c-ce2c7eaf39a6,16feb681-c445-4288-b994-d95d814f7b25,2026-03-30,night,10.0
efbf3d74-4729-4c99-97ab-7017789a9df6,16feb681-c445-4288-b994-d95d814f7b25,2026-03-31,extended,14.9
60edca9f-481f-4351-8029-e87c109aaaf7,16feb681-c445-4288-b994-d95d814f7b25,2026-04-01,day,8.5
06063f78-e16d-4451-8489-4cf6c94ca93a,16feb681-c445-4288-b994-d95d814f7b25,2026-04-02,night,10.0
c1d614ad-fe5a-4b01-a10d-2354e4a7c27b,16feb681-c445-4288-b994-d95d814f7b25,2026-04-03,night,10.0
f0372787-3054-435b-bb90-1ab873502ac8,16feb681-c445-4288-b994-d95d814f7b25,2026-04-06,day,9.5
5dc8e128-3f47-4cc7-bae5-9717cac2b932,16feb681-c445-4288-b994-d95d814f7b25,2026-04-07,night,10.0
8946c4c4-6b94-45e2-8a9f-0edaeedfb54d,16feb681-c445-4288-b994-d95d814f7b25,2026-04-08,day,8.0
638bbbaf-773f-4910-ad9f-7213500880bb,16feb681-c445-4288-b994-d95d814f7b25,2026-04-09,day,8.5
4f38d3c6-6207-42ed-8cc0-4b5065605ebd,16feb681-c445-4288-b994-d95d814f7b25,2026-04-10,night,10.0
da54c757-19c6-4586-992f-25514c164b7d,16feb681-c445-4288-b994-d95d814f7b25,2026-04-11,day,8.0
35bf58b8-3fd4-4430-a9b4-7d2e0a5deba8,16feb681-c445-4288-b994-d95d814f7b25,2026-04-12,day,8.0
0fad96bb-9f5a-4b9c-a7e1-ac8a98e03c8a,16feb681-c445-4288-b994-d95d814f7b25,2026-04-13,day,9.0
3d68ce7f-f4d5-48b4-a519-140f46fcea55,16feb681-c445-4288-b994-d95d814f7b25,2026-04-14,night,10.5
61c90cca-144f-459a-b6ee-1c0fa53f1bb7,16feb681-c445-4288-b994-d95d814f7b25,2026-04-15,night,10.5
43d98b3c-11b5-419c-be1e-20bb46e98b6a,16feb681-c445-4288-b994-d95d814f7b25,2026-04-16,night,11.0
6434ff8c-aade-4be5-b3e0-1a830a0ced64,16feb681-c445-4288-b994-d95d814f7b25,2026-04-17,day,8.0
c67ece06-f325-42e5-8ebb-d3e1b7269e59,16feb681-c445-4288-b994-d95d814f7b25,2026-04-20,night,10.5
7e166eed-1097-4ac3-b850-0ad46d611cb6,16feb681-c445-4288-b994-d95d814f7b25,2026-04-21,day,8.5
867c6f7b-5326-4c53-9abb-ad1d82a8dfed,16feb681-c445-4288-b994-d95d814f7b25,2026-04-22,day,8.0
15b41e12-b018-445b-84aa-aeae247e7ce9,16feb681-c445-4288-b994-d95d814f7b25,2026-04-23,night,11.0
91731098-1270-43ed-b76a-04ae45dc3bbf,16feb681-c445-4288-b994-d95d814f7b25,2026-04-24,night,10.0
0ffe30e1-738d-442c-bf53-16d9eccc459d,16feb681-c445-4288-b994-d95d814f7b25,2026-04-26,night,12.0
36ff4c78-ba46-4706-87ab-71c84bfa5aaa,16feb681-c445-4288-b994-d95d814f7b25,2026-04-27,day,9.0
dc846172-27fc-4664-9a12-f878283c43df,16feb681-c445-4288-b994-d95d814f7b25,2026-04-28,day,8.0
b05b8367-ded9-496e-be07-5f6414a90122,16feb681-c445-4288-b994-d95d814f7b25,2026-04-29,day,8.0
ece32c78-84ee-44c2-b060-5b5569ac8698,16feb681-c445-4288-b994-d95d814f7b25,2026-04-30,day,8.0
5cad0ea0-f181-4ee3-aef7-b4e2c5d16fc6,16feb681-c445-4288-b994-d95d814f7b25,2026-05-01,day,8.0
3c53a987-fbbd-46f7-b35c-ca2d95ceb3dc,16feb681-c445-4288-b994-d95d814f7b25,2026-05-02,day,8.0
97510c0a-0b42-4cea-8a4e-7f51913e744c,16feb681-c445-4288-b994-d95d814f7b25,2026-05-03,day,8.0
a35baf99-d2a0-430b-a31b-6236a87b0eea,16feb681-c445-4288-b994-d95d814f7b25,2026-05-04,extended,15.5
732639f1-707d-47d1-964e-da267c27db5c,16feb681-c445-4288-b994-d95d814f7b25,2026-05-05,day,9.5
06b92e98-ee85-47cb-bf56-f6c89b69ff33,16feb681-c445-4288-b994-d95d814f7b25,2026-05-06,day,8.0
bf20868c-12c0-43a3-ad13-165d5b8cf50e,16feb681-c445-4288-b994-d95d814f7b25,2026-05-07,day,8.0
b3bd5ef0-93bf-4d59-bfba-916fd981a04a,16feb681-c445-4288-b994-d95d814f7b25,2026-05-08,day,8.0
b7b56802-6392-43de-a4b1-12acd7b58db1,16feb681-c445-4288-b994-d95d814f7b25,2026-05-09,night,11.0
53f94717-8bf8-4a6a-8f41-4bd25b0435e0,16feb681-c445-4288-b994-d95d814f7b25,2026-05-10,day,8.5
b14f75e7-46f1-40e4-b846-139e35d59b31,16feb681-c445-4288-b994-d95d814f7b25,2026-05-11,night,10.5
37c8b52f-685c-40a1-9c88-96d2ee6a23cc,16feb681-c445-4288-b994-d95d814f7b25,2026-05-12,day,8.5
35018c7c-c932-440e-96ee-50f08a132c3f,16feb681-c445-4288-b994-d95d814f7b25,2026-05-13,night,10.0
deb65639-7f35-4401-9260-83c4542481e0,16feb681-c445-4288-b994-d95d814f7b25,2026-05-14,day,8.0
e43c69e3-2b85-432c-a3fc-06707febd771,16feb681-c445-4288-b994-d95d814f7b25,2026-05-15,day,9.0
7f6c60bc-3844-4f4d-861b-6de75749a5f4,16feb681-c445-4288-b994-d95d814f7b25,2026-05-16,day,8.0
050520ae-ded3-4535-9a2c-af334b8c59d4,16feb681-c445-4288-b994-d95d814f7b25,2026-05-17,extended,14.6
65d20e2a-38ce-4f68-84a4-e8c73643ccf0,16feb681-c445-4288-b994-d95d814f7b25,2026-05-18,day,8.0
3be73ada-e303-40e4-911a-f4a7b45a970c,16feb681-c445-4288-b994-d95d814f7b25,2026-05-19,extended,14.5
282759bc-7df7-4646-ba06-4cf06b21048f,16feb681-c445-4288-b994-d95d814f7b25,2026-05-20,day,9.0
cbace9ef-5e32-403a-ab86-cc7b709c34e5,16feb681-c445-4288-b994-d95d814f7b25,2026-05-21,day,8.0
95ebb128-7b81-4c5b-bb1d-6a44ca7b854c,16feb681-c445-4288-b994-d95d814f7b25,2026-05-22,day,8.5
46e4aa4f-df5d-417c-b5c0-6422e924c57e,16feb681-c445-4288-b994-d95d814f7b25,2026-05-23,day,8.5
bc9068f4-bff4-4854-9d03-e58c4400f82d,16feb681-c445-4288-b994-d95d814f7b25,2026-05-24,extended,14.7
1c9601a4-eb4a-4ed3-aafe-62d65593afd4,16feb681-c445-4288-b994-d95d814f7b25,2026-05-25,day,8.0
77cea0e4-cb46-4977-88f5-19a701559679,16feb681-c445-4288-b994-d95d814f7b25,2026-05-26,day,8.5
c617e227-d1d4-4a45-bdff-5c7a83fb1d64,16feb681-c445-4288-b994-d95d814f7b25,2026-05-27,day,8.5
b8108301-f0b8-46a3-a312-9ddb48d3f272,16feb681-c445-4288-b994-d95d814f7b25,2026-05-28,day,8.0
120c0541-3392-4c57-bc15-c36a459e77b3,16feb681-c445-4288-b994-d95d814f7b25,2026-05-29,night,10.5
802ce5bb-9154-45e2-91aa-78635e2d7186,16feb681-c445-4288-b994-d95d814f7b25,2026-05-30,day,8.5
120dfe4f-2556-4866-98ea-4613d0a22e9a,16feb681-c445-4288-b994-d95d814f7b25,2026-05-31,night,10.0
6c8108fb-9ee8-45cf-92e4-271d55dac9dc,16feb681-c445-4288-b994-d95d814f7b25,2026-06-01,day,8.0
7179a277-1226-4d2e-9570-e5dbff652ea5,16feb681-c445-4288-b994-d95d814f7b25,2026-06-02,extended,15.5
7257cb35-b594-45e1-9b15-0fe5c660622a,16feb681-c445-4288-b994-d95d814f7b25,2026-06-03,night,10.0
60a3bf6f-a0ad-4b8d-9213-6262a6c716fd,16feb681-c445-4288-b994-d95d814f7b25,2026-06-04,day,8.5
bb2f3d64-2039-447a-bd37-05c2c13b609c,16feb681-c445-4288-b994-d95d814f7b25,2026-06-05,night,10.5
9c4ac778-61e9-4456-8d02-ffb02c573879,16feb681-c445-4288-b994-d95d814f7b25,2026-06-06,extended,14.6
073b1341-1d72-4a55-bbc0-c3ee4d5ff39b,16feb681-c445-4288-b994-d95d814f7b25,2026-06-07,extended,13.9
5b1a5b37-8a44-4edc-b3ad-85dfd82f8459,16feb681-c445-4288-b994-d95d814f7b25,2026-06-08,night,10.0
628e8a19-8106-4de4-9537-f7f959337da0,16feb681-c445-4288-b994-d95d814f7b25,2026-06-09,day,8.5
6585ff8f-0ba5-4b58-8613-130d1add9050,16feb681-c445-4288-b994-d95d814f7b25,2026-06-10,night,10.0
31051890-5fb0-4e24-b6fa-099d66d7eff9,16feb681-c445-4288-b994-d95d814f7b25,2026-06-11,extended,13.9
364dd83b-d102-480c-bc73-fceff94b9bc3,16feb681-c445-4288-b994-d95d814f7b25,2026-06-12,day,8.5
149736e2-ef90-4b12-8c47-b72790d74819,16feb681-c445-4288-b994-d95d814f7b25,2026-06-15,night,10.0
10a74597-2b39-4686-a7db-4879450102a3,16feb681-c445-4288-b994-d95d814f7b25,2026-06-16,day,8.5
7793f651-39ce-41af-aace-27013a6c4011,16feb681-c445-4288-b994-d95d814f7b25,2026-06-17,day,8.0
a9e0fa92-8967-4e7b-aaa9-c031e228cc1d,16feb681-c445-4288-b994-d95d814f7b25,2026-06-18,day,8.0
117f4285-c34e-4f2a-88cf-6c88f8449836,16feb681-c445-4288-b994-d95d814f7b25,2026-06-19,day,9.0
7ad0de71-2a43-4ef9-aafb-bf356d3eb80d,16feb681-c445-4288-b994-d95d814f7b25,2026-06-21,day,8.0
d1631a76-450d-494c-a319-1b9b65916968,16feb681-c445-4288-b994-d95d814f7b25,2026-06-22,day,8.0
110bd5c7-51b6-4f70-a544-fd832f588bbb,16feb681-c445-4288-b994-d95d814f7b25,2026-06-23,day,9.0
92ee398d-57e4-4c62-9784-7fa2a2d354f7,16feb681-c445-4288-b994-d95d814f7b25,2026-06-24,day,8.5
df568959-1f72-467d-9c28-c58c89cfc1b4,16feb681-c445-4288-b994-d95d814f7b25,2026-06-25,day,8.5
fd6500e0-32ea-4fb1-8c71-7b647a216f90,16feb681-c445-4288-b994-d95d814f7b25,2026-06-26,night,10.0
18f71724-3471-49d7-b4e0-8e1c8fc10e15,16feb681-c445-4288-b994-d95d814f7b25,2026-06-28,extended,14.3
76bfec5b-32bf-417a-ac3c-eb40321885ad,16feb681-c445-4288-b994-d95d814f7b25,2026-06-29,day,8.0
8eacbfa7-8823-4bc9-873b-635656fa8b01,c39fb669-dddb-460e-bc62-875415402c11,2026-01-01,extended,15.3
bf13edd0-f217-4f78-94d2-e323618935c8,c39fb669-dddb-460e-bc62-875415402c11,2026-01-02,night,10.0
1c944dea-78fb-4d3e-962e-234c3609d02b,c39fb669-dddb-460e-bc62-875415402c11,2026-01-05,extended,14.6
2b342908-5ebc-4500-9d5a-fa5bb7a3e7de,c39fb669-dddb-460e-bc62-875415402c11,2026-01-06,night,12.0
8c3b8e88-51cb-4c99-9b1c-e41a83c959e2,c39fb669-dddb-460e-bc62-875415402c11,2026-01-07,day,8.0
400288dd-37b9-46c5-a1ae-395b3f542d94,c39fb669-dddb-460e-bc62-875415402c11,2026-01-08,day,9.5
73190084-f067-4964-bfed-cea9516b8537,c39fb669-dddb-460e-bc62-875415402c11,2026-01-09,day,8.5
9c20bb85-0cbf-4d50-8d24-827a4983ac14,c39fb669-dddb-460e-bc62-875415402c11,2026-01-12,extended,13.6
cb951388-ce1b-4b9e-962c-8d640333f39c,c39fb669-dddb-460e-bc62-875415402c11,2026-01-13,night,12.0
39a5e4d6-9358-4824-88cb-4ffa4cf27b6a,c39fb669-dddb-460e-bc62-875415402c11,2026-01-14,day,9.0
60950f4d-8a1c-468a-ac9c-4d74e5aa188c,c39fb669-dddb-460e-bc62-875415402c11,2026-01-15,day,9.0
27182ba3-3293-41f9-b137-6171fa29465b,c39fb669-dddb-460e-bc62-875415402c11,2026-01-16,day,8.0
6639e610-fe5c-41b6-ac34-fbe2ac56e9f5,c39fb669-dddb-460e-bc62-875415402c11,2026-01-19,night,12.0
880fed12-173b-41e5-8dc5-ddb1761a2ac0,c39fb669-dddb-460e-bc62-875415402c11,2026-01-20,day,8.0
ee1f36b2-d06a-4d52-8966-0102124ad12d,c39fb669-dddb-460e-bc62-875415402c11,2026-01-21,day,8.0
9a72a35b-9e32-4db2-900e-8431fea928f9,c39fb669-dddb-460e-bc62-875415402c11,2026-01-22,day,8.0
9a44f773-c59f-417b-8130-b66507248bbb,c39fb669-dddb-460e-bc62-875415402c11,2026-01-23,night,11.0
a1ee5cc9-035b-4929-bfda-648ce4e478b6,c39fb669-dddb-460e-bc62-875415402c11,2026-01-26,day,8.0
be36c7ee-1ecf-4abc-adba-922defb2a764,c39fb669-dddb-460e-bc62-875415402c11,2026-01-27,day,9.5
7f3d961a-0364-4c44-9e38-93932b55af50,c39fb669-dddb-460e-bc62-875415402c11,2026-01-28,extended,14.7
21a5082c-e4ab-4692-a6f5-64dacbf7011a,c39fb669-dddb-460e-bc62-875415402c11,2026-01-29,day,8.0
5132273c-50f4-4cd5-85d8-c432c37a9c7c,c39fb669-dddb-460e-bc62-875415402c11,2026-01-30,night,10.0
6b8e50dd-2e7f-4144-8a89-8009265f122f,c39fb669-dddb-460e-bc62-875415402c11,2026-02-01,extended,13.2
d18b1a9a-470f-45f0-86cd-43452c374b1b,c39fb669-dddb-460e-bc62-875415402c11,2026-02-02,day,8.0
2b74d580-d209-416b-961c-b24b36e89e43,c39fb669-dddb-460e-bc62-875415402c11,2026-02-03,day,8.5
166432ad-58e5-4d92-90b1-97910ba93950,c39fb669-dddb-460e-bc62-875415402c11,2026-02-04,day,8.0
088497b9-2ceb-4713-8480-8b19fbab49f0,c39fb669-dddb-460e-bc62-875415402c11,2026-02-05,extended,14.2
adcd3d09-3530-452f-b726-fafbed10184c,c39fb669-dddb-460e-bc62-875415402c11,2026-02-06,day,9.5
94e7f60d-9d19-4865-92e1-ac0ad3522825,c39fb669-dddb-460e-bc62-875415402c11,2026-02-08,day,8.5
9a841bb5-d568-405a-9f37-fa1bc41d5b2e,c39fb669-dddb-460e-bc62-875415402c11,2026-02-09,extended,15.1
eb6c40e7-b4d2-4622-8a74-2a5ef2736cba,c39fb669-dddb-460e-bc62-875415402c11,2026-02-10,extended,14.8
8c8fe8ed-64f3-40dc-b88f-2887efa12548,c39fb669-dddb-460e-bc62-875415402c11,2026-02-11,day,8.0
5831157f-1523-4569-acb0-c6422f84a039,c39fb669-dddb-460e-bc62-875415402c11,2026-02-12,day,9.5
5c317353-afc6-4b17-aa6a-9d61b48c21d0,c39fb669-dddb-460e-bc62-875415402c11,2026-02-13,night,10.5
33f34c4e-f8e8-48d5-a54c-8f51f6d9c24b,c39fb669-dddb-460e-bc62-875415402c11,2026-02-14,extended,15.3
f91bd714-5079-4f29-9d2e-1c4bcd44194d,c39fb669-dddb-460e-bc62-875415402c11,2026-02-16,day,8.5
3388a76b-7a9d-4230-a902-93d79a6e0d66,c39fb669-dddb-460e-bc62-875415402c11,2026-02-17,day,8.0
c17e87f7-878b-4d2a-a841-c52756f53510,c39fb669-dddb-460e-bc62-875415402c11,2026-02-18,day,8.5
3a2dfda2-102f-4a0d-84ae-fad1b85568a4,c39fb669-dddb-460e-bc62-875415402c11,2026-02-19,day,8.0
b812c268-0b89-4767-b072-717527388079,c39fb669-dddb-460e-bc62-875415402c11,2026-02-20,day,8.5
947721b9-0099-4a28-a79f-8fa416bfbd8c,c39fb669-dddb-460e-bc62-875415402c11,2026-02-21,day,9.0
7aa6f7e3-d5c2-4bfc-a458-8895166e7938,c39fb669-dddb-460e-bc62-875415402c11,2026-02-23,extended,13.1
b17cfc8e-1505-4d1e-830f-b44547a7c665,c39fb669-dddb-460e-bc62-875415402c11,2026-02-24,day,8.5
82383240-0ba4-43cd-84e0-5847b48ed67f,c39fb669-dddb-460e-bc62-875415402c11,2026-02-25,day,8.0
c0be599b-b3ac-4da8-a96f-05ef16f3b844,c39fb669-dddb-460e-bc62-875415402c11,2026-02-26,day,8.0
8aed3831-0009-4d5f-988c-77189d913c0e,c39fb669-dddb-460e-bc62-875415402c11,2026-02-27,day,8.5
732d03da-4aea-4340-bb00-13508987c388,c39fb669-dddb-460e-bc62-875415402c11,2026-03-02,day,9.0
be2dbca8-38b5-44eb-92ca-1f8f9be65d86,c39fb669-dddb-460e-bc62-875415402c11,2026-03-03,day,8.5
78813c12-08cc-444b-9489-8dae7a183e21,c39fb669-dddb-460e-bc62-875415402c11,2026-03-04,day,8.5
a15ae485-762b-442d-a8ce-41d4da00c5e4,c39fb669-dddb-460e-bc62-875415402c11,2026-03-05,day,8.0
426fc2ff-6860-4eae-8ad4-d6843c22bc25,c39fb669-dddb-460e-bc62-875415402c11,2026-03-06,day,9.0
8caf9398-58c3-403b-9859-12e25e2d83f8,c39fb669-dddb-460e-bc62-875415402c11,2026-03-07,day,8.5
b9676973-7a0c-4745-932c-988706a67855,c39fb669-dddb-460e-bc62-875415402c11,2026-03-09,day,8.0
71bfca2c-0d9a-4496-b074-0a106b7170e5,c39fb669-dddb-460e-bc62-875415402c11,2026-03-10,day,9.0
f2165c4c-1382-4da4-8060-35c2ab20ca59,c39fb669-dddb-460e-bc62-875415402c11,2026-03-11,extended,14.6
190fcb3e-9818-4fbf-9298-dc9161d4d0dd,c39fb669-dddb-460e-bc62-875415402c11,2026-03-12,day,8.0
85a48849-f59c-45d0-a5de-88ab449b76f9,c39fb669-dddb-460e-bc62-875415402c11,2026-03-13,day,8.0
a1803828-6555-406d-a80f-25b14551ba6d,c39fb669-dddb-460e-bc62-875415402c11,2026-03-16,extended,13.9
f95eec28-893d-4da9-a338-c7d358990a6a,c39fb669-dddb-460e-bc62-875415402c11,2026-03-17,extended,13.6
b9f9319e-305d-4ed1-a70f-395dcd820645,c39fb669-dddb-460e-bc62-875415402c11,2026-03-18,day,8.5
d5247f80-67ef-44af-b439-7118229ef8c7,c39fb669-dddb-460e-bc62-875415402c11,2026-03-19,day,9.5
49c70d0c-5d6b-4608-981f-353be61c624b,c39fb669-dddb-460e-bc62-875415402c11,2026-03-20,day,8.0
862f47f9-1032-4929-82f5-bce44f9a9b58,c39fb669-dddb-460e-bc62-875415402c11,2026-03-21,day,8.0
3866d967-1b1b-4e24-b8a5-2fac818bcb15,c39fb669-dddb-460e-bc62-875415402c11,2026-03-22,day,8.0
23d4b94e-9d60-428e-9000-c16f32e5f3ca,c39fb669-dddb-460e-bc62-875415402c11,2026-03-23,extended,13.8
70c6c31d-fb5b-4a27-99b0-83b68c481128,c39fb669-dddb-460e-bc62-875415402c11,2026-03-24,day,8.0
988eacb8-1f45-4f02-961e-108529238445,c39fb669-dddb-460e-bc62-875415402c11,2026-03-25,day,9.0
15b7fd1e-c1ec-45c0-a553-da98385d5970,c39fb669-dddb-460e-bc62-875415402c11,2026-03-26,day,8.5
43889034-9b0a-4f5b-b841-f47c68a1d2b3,c39fb669-dddb-460e-bc62-875415402c11,2026-03-27,day,8.0
3f5c07d4-d236-4b15-848e-6e19c4377c12,c39fb669-dddb-460e-bc62-875415402c11,2026-03-29,night,12.0
e6043de6-e14e-471d-aed8-f36834dcfa6c,c39fb669-dddb-460e-bc62-875415402c11,2026-03-30,day,8.0
357df17c-62be-4efa-9e39-0a8f78f027d4,c39fb669-dddb-460e-bc62-875415402c11,2026-03-31,night,10.0
4dc1550f-1d36-4d9d-a3af-5c461990af27,c39fb669-dddb-460e-bc62-875415402c11,2026-04-01,day,8.0
8a4bd406-9fad-416a-84b2-8718c71ea563,c39fb669-dddb-460e-bc62-875415402c11,2026-04-02,day,8.0
3231a3e4-d227-4d4c-ae5e-5834bfdc8e7a,c39fb669-dddb-460e-bc62-875415402c11,2026-04-03,day,8.5
bb763200-a369-4ee0-9a04-4fb2ceb11461,c39fb669-dddb-460e-bc62-875415402c11,2026-04-06,day,8.0
8395a9e1-5bea-4808-a8c5-44f056cc973d,c39fb669-dddb-460e-bc62-875415402c11,2026-04-07,night,11.0
661127af-7fdf-4ada-b7a2-f64f0cf12804,c39fb669-dddb-460e-bc62-875415402c11,2026-04-08,day,9.0
cdce94ff-b085-4288-9e9f-2520c7dfd7a9,c39fb669-dddb-460e-bc62-875415402c11,2026-04-09,day,8.5
c4b89114-1091-4017-bd3c-db2253f282de,c39fb669-dddb-460e-bc62-875415402c11,2026-04-10,day,8.0
1e2042e4-5a4d-4d2e-9f0b-4c79acf3464b,c39fb669-dddb-460e-bc62-875415402c11,2026-04-13,day,8.0
64037f5e-1483-4496-9b71-6ecb6c4c5c06,c39fb669-dddb-460e-bc62-875415402c11,2026-04-14,night,11.0
7a99e181-0f40-4bba-847e-41f4c74ea07d,c39fb669-dddb-460e-bc62-875415402c11,2026-04-15,day,8.5
cbcccc5b-5b85-4e8e-a773-02a146c793e6,c39fb669-dddb-460e-bc62-875415402c11,2026-04-16,day,9.0
cf3b069a-cee0-4582-8160-1b94d3d7d065,c39fb669-dddb-460e-bc62-875415402c11,2026-04-17,night,10.0
071768df-cf73-4432-b27d-325fc8501a68,c39fb669-dddb-460e-bc62-875415402c11,2026-04-18,day,8.0
6c6cb419-3493-4089-81a2-4c7c87d896b7,c39fb669-dddb-460e-bc62-875415402c11,2026-04-20,day,8.5
a0855dfb-1558-44a0-951a-e66dfeb4daa4,c39fb669-dddb-460e-bc62-875415402c11,2026-04-21,extended,15.4
348d6294-4c34-4246-a2df-c633724a0ccd,c39fb669-dddb-460e-bc62-875415402c11,2026-04-22,extended,14.7
214e0c9f-a8b4-4b48-923a-8938467a5343,c39fb669-dddb-460e-bc62-875415402c11,2026-04-23,extended,14.9
56d3bd7a-5c20-4773-9d63-b03c5b7bcb73,c39fb669-dddb-460e-bc62-875415402c11,2026-04-24,night,10.0
35bacff5-996a-42ec-97dd-feef89a3f43d,c39fb669-dddb-460e-bc62-875415402c11,2026-04-27,day,8.5
f2a0b5ea-5b35-4fa1-8e13-3b9f2f552183,c39fb669-dddb-460e-bc62-875415402c11,2026-04-28,night,11.0
2a574870-4259-4058-b9bd-6b1781856c5c,c39fb669-dddb-460e-bc62-875415402c11,2026-04-29,day,8.0
bffca938-e59e-4dd2-9419-29a31f4bedbb,c39fb669-dddb-460e-bc62-875415402c11,2026-04-30,night,10.5
c308cfa0-8f8d-49ba-82c4-bdf471a34b88,c39fb669-dddb-460e-bc62-875415402c11,2026-05-01,day,9.5
b81c683f-0be1-48d2-ab91-97b833ebd504,c39fb669-dddb-460e-bc62-875415402c11,2026-05-04,day,8.5
75b22c2a-505c-4626-9487-f1d56df89281,c39fb669-dddb-460e-bc62-875415402c11,2026-05-05,day,8.0
4d7c6a98-e478-47d9-a4a2-84dadffbc4c0,c39fb669-dddb-460e-bc62-875415402c11,2026-05-06,day,9.0
302e24c2-6559-46fb-b084-5c7edd1bfe5a,c39fb669-dddb-460e-bc62-875415402c11,2026-05-07,day,8.0
0cfddd3c-1708-40c5-8e64-b91a10eb00a7,c39fb669-dddb-460e-bc62-875415402c11,2026-05-08,day,9.0
353978bf-ec8a-4a90-b142-7b1ceff73343,c39fb669-dddb-460e-bc62-875415402c11,2026-05-10,night,12.0
42031935-2406-4c8a-a3be-328adbec323e,c39fb669-dddb-460e-bc62-875415402c11,2026-05-11,day,8.0
dbe43884-a930-4da6-aae4-e6bf48e50f3f,c39fb669-dddb-460e-bc62-875415402c11,2026-05-12,day,8.0
6672d08f-11dc-4250-beba-58633ec8c6aa,c39fb669-dddb-460e-bc62-875415402c11,2026-05-13,day,8.0
14f8f2ca-1d67-44e7-96ad-f17a93f63149,c39fb669-dddb-460e-bc62-875415402c11,2026-05-14,day,8.0
f3eab5b2-fa70-4584-8c26-6d082b098fda,c39fb669-dddb-460e-bc62-875415402c11,2026-05-15,day,8.0
bb1135e9-3dbe-4021-a1b1-883ecb020e20,c39fb669-dddb-460e-bc62-875415402c11,2026-05-18,night,10.5
4ca66e2f-a3dd-4a23-b1cd-528e0e008b11,c39fb669-dddb-460e-bc62-875415402c11,2026-05-19,day,8.0
8947e326-76df-4fbe-9190-f26bb6daac93,c39fb669-dddb-460e-bc62-875415402c11,2026-05-20,extended,13.4
70120ff9-0599-4f5f-8c4e-4116fec6bd4d,c39fb669-dddb-460e-bc62-875415402c11,2026-05-21,day,9.5
0ca874a2-edfb-4ccd-8a22-930a47fedc2e,c39fb669-dddb-460e-bc62-875415402c11,2026-05-22,day,8.0
7c952737-a049-46c0-b125-5e0d6768b413,c39fb669-dddb-460e-bc62-875415402c11,2026-05-24,day,8.0
1d8cc9e2-0006-4d72-8406-24893acfd88b,c39fb669-dddb-460e-bc62-875415402c11,2026-05-25,night,10.5
f21e90f0-3ab7-4356-9c9c-8eb1d908b277,c39fb669-dddb-460e-bc62-875415402c11,2026-05-26,day,9.0
ed3cf114-c0af-4bf1-9092-0cca272c63fb,c39fb669-dddb-460e-bc62-875415402c11,2026-05-27,extended,15.1
fca7d690-4fef-4e0b-b022-3382918154aa,c39fb669-dddb-460e-bc62-875415402c11,2026-05-28,night,11.0
670a2ef5-407a-436a-9acc-895c0277b6a8,c39fb669-dddb-460e-bc62-875415402c11,2026-05-29,day,8.0
6afc6a10-6300-44ba-aa76-ee669d22fa0f,c39fb669-dddb-460e-bc62-875415402c11,2026-05-30,day,8.0
872948e4-3c40-4fda-a7e5-282e0c3ee6b9,c39fb669-dddb-460e-bc62-875415402c11,2026-05-31,extended,13.7
1677add4-70cc-4b92-893e-f36f16018a5f,c39fb669-dddb-460e-bc62-875415402c11,2026-06-01,day,9.5
cdd11c25-a817-4168-ba53-082f4a497874,c39fb669-dddb-460e-bc62-875415402c11,2026-06-02,extended,14.2
f66d6847-b0da-405a-b265-d4b05b63e2c9,c39fb669-dddb-460e-bc62-875415402c11,2026-06-03,day,8.0
25209fce-2b24-4441-bcf7-8b89a2a3e3ea,c39fb669-dddb-460e-bc62-875415402c11,2026-06-04,day,9.0
3e9ea181-b12e-493f-b012-126943318724,c39fb669-dddb-460e-bc62-875415402c11,2026-06-05,extended,13.5
c3a317eb-8ef3-4c2e-9054-091ec774c520,c39fb669-dddb-460e-bc62-875415402c11,2026-06-06,day,9.5
14b3ba46-e78c-48d5-b973-eb1db9b660d0,c39fb669-dddb-460e-bc62-875415402c11,2026-06-08,day,8.0
76eacff8-d5f3-47aa-a684-dfb9778668e1,c39fb669-dddb-460e-bc62-875415402c11,2026-06-09,night,11.0
b9d69b9f-5a16-4219-8f13-cf0412c8eb07,c39fb669-dddb-460e-bc62-875415402c11,2026-06-10,day,8.5
08837b6b-14fb-4458-b19d-fc7206959341,c39fb669-dddb-460e-bc62-875415402c11,2026-06-11,day,9.0
65df4157-581d-431c-b451-e9a917f7e1ba,c39fb669-dddb-460e-bc62-875415402c11,2026-06-12,day,8.0
2be0b0e0-ab0e-40d1-8945-0088917dc354,c39fb669-dddb-460e-bc62-875415402c11,2026-06-15,extended,15.4
9b7d2b18-5b04-4c0f-9a22-362a20e079ea,c39fb669-dddb-460e-bc62-875415402c11,2026-06-16,day,8.0
92a5999a-f2bb-4385-a9cd-bef452c9855c,c39fb669-dddb-460e-bc62-875415402c11,2026-06-17,day,8.0
04990b6a-ea79-4d94-b756-a76151f03394,c39fb669-dddb-460e-bc62-875415402c11,2026-06-18,day,8.5
d983b0b5-54a2-4ec9-8b67-ec8388c9e50d,c39fb669-dddb-460e-bc62-875415402c11,2026-06-19,day,8.0
186df8cc-9713-441c-9006-b4e824e09a5b,c39fb669-dddb-460e-bc62-875415402c11,2026-06-22,extended,13.7
0fd08d90-f78c-420e-b697-70f3a602ad86,c39fb669-dddb-460e-bc62-875415402c11,2026-06-23,day,8.5
0775a5ab-18bc-4139-bf46-0f25f1fee6a6,c39fb669-dddb-460e-bc62-875415402c11,2026-06-24,day,8.5
28d3f704-cf19-446d-a927-ed856b056d34,c39fb669-dddb-460e-bc62-875415402c11,2026-06-25,day,8.0
91f12e41-5356-40c7-a93e-ee76d0fff300,c39fb669-dddb-460e-bc62-875415402c11,2026-06-26,day,8.0
08458322-9156-45e5-98a0-d8a59dc9f8c3,c39fb669-dddb-460e-bc62-875415402c11,2026-06-29,extended,15.1
643ebc26-f86f-42fb-859c-114a7f62c12c,ee2aa31c-3546-4f76-a06c-68900beffd68,2026-01-01,day,8.0
b5990ade-eabf-4bb3-a8d7-fc29304cc8e6,ee2aa31c-3546-4f76-a06c-68900beffd68,2026-01-02,night,10.0
af7b555d-27cc-41fc-ac39-345d05201c08,ee2aa31c-3546-4f76-a06c-68900beffd68,2026-01-05,day,8.5
0f096f60-9025-497b-a557-2006fef9e386,ee2aa31c-3546-4f76-a06c-68900beffd68,2026-01-06,night,11.0
f4505b99-b662-4c66-83c6-4446ea7cd00c,ee2aa31c-3546-4f76-a06c-68900beffd68,2026-01-07,night,10.0
2a0919e5-200d-4942-aee2-0d655a5f028d,ee2aa31c-3546-4f76-a06c-68900beffd68,2026-01-08,night,10.0
a7422b6e-2865-40e1-b618-825bc89163cf,ee2aa31c-3546-4f76-a06c-68900beffd68,2026-01-09,night,12.0
21ab8df5-2bc1-4f44-bf92-bf6bf1078644,ee2aa31c-3546-4f76-a06c-68900beffd68,2026-01-10,night,12.0
1d68d813-b3bf-482a-b7ef-6687e76e943f,ee2aa31c-3546-4f76-a06c-68900beffd68,2026-01-12,day,8.0
990f4573-c28f-48fb-9c3b-a3de7fee02f7,ee2aa31c-3546-4f76-a06c-68900beffd68,2026-01-13,extended,13.6
f2bbb2bf-8ecb-4947-8399-10bb1f4be6e9,ee2aa31c-3546-4f76-a06c-68900beffd68,2026-01-14,day,8.0
bc79af0a-bdac-4096-b5af-0fd86123a8bc,ee2aa31c-3546-4f76-a06c-68900beffd68,2026-01-15,day,9.0
f3da4489-ac4a-452f-9fa4-c7c2ee13c472,ee2aa31c-3546-4f76-a06c-68900beffd68,2026-01-16,day,8.0
587e6f4f-f30b-46d0-81d0-0c3ab15b2cac,ee2aa31c-3546-4f76-a06c-68900beffd68,2026-01-18,night,10.5
4ae793dd-3f51-459e-a910-9f09ea87c636,ee2aa31c-3546-4f76-a06c-68900beffd68,2026-01-19,night,10.0
f4527785-70cd-40e4-b9d1-dd27926dc680,ee2aa31c-3546-4f76-a06c-68900beffd68,2026-01-20,day,8.0
5fc16c6c-95d9-4239-ab4b-af6c5b1c8307,ee2aa31c-3546-4f76-a06c-68900beffd68,2026-01-21,day,9.5
f0d3f595-49f5-4cea-910e-e078e7c62146,ee2aa31c-3546-4f76-a06c-68900beffd68,2026-01-22,extended,13.6
edcf10d8-e25f-403c-b949-95278571d315,ee2aa31c-3546-4f76-a06c-68900beffd68,2026-01-23,day,8.5
2e472622-e9c5-4949-8cc0-89e44dbf6e78,ee2aa31c-3546-4f76-a06c-68900beffd68,2026-01-25,day,8.0
27642b91-7bb8-4a24-9a28-01ca209e884c,ee2aa31c-3546-4f76-a06c-68900beffd68,2026-01-26,day,8.0
2925d534-0401-4f99-bdc1-a0a1d020a4f6,ee2aa31c-3546-4f76-a06c-68900beffd68,2026-01-27,day,8.0
ed1123a4-ddd2-4d47-bf9e-b4d9a526da62,ee2aa31c-3546-4f76-a06c-68900beffd68,2026-01-28,extended,14.9
b7101248-2516-4723-a4bd-4603facd2ff8,ee2aa31c-3546-4f76-a06c-68900beffd68,2026-01-29,day,8.0
118c6b95-fecd-41be-b43b-e6ac0e06ee3f,ee2aa31c-3546-4f76-a06c-68900beffd68,2026-01-30,day,8.0
4577632f-495a-4b06-8d8b-ba185c8f64df,ee2aa31c-3546-4f76-a06c-68900beffd68,2026-02-02,day,8.5
75af54a2-7c05-4274-911e-708a68cdb8b6,ee2aa31c-3546-4f76-a06c-68900beffd68,2026-02-03,extended,15.3
759e146a-ebbc-4bf3-93c1-665371fa87c5,ee2aa31c-3546-4f76-a06c-68900beffd68,2026-02-04,night,10.0
ea1b864a-39da-438f-bdd1-e694f2c9f68b,ee2aa31c-3546-4f76-a06c-68900beffd68,2026-02-05,day,9.0
1b8e823b-cc4f-4374-8668-c82baf015aac,ee2aa31c-3546-4f76-a06c-68900beffd68,2026-02-06,day,8.5
6f0a9aa8-1d74-4f34-aba5-7b5dee512ba5,ee2aa31c-3546-4f76-a06c-68900beffd68,2026-02-08,day,8.0
7a144b0b-1286-4bc2-9dd5-fa2ea16e76ce,ee2aa31c-3546-4f76-a06c-68900beffd68,2026-02-09,day,8.0
fca440c3-4baf-418b-8ea3-060502b01dca,ee2aa31c-3546-4f76-a06c-68900beffd68,2026-02-10,day,8.0
0fa9d5a4-829e-47bb-88d8-ea81c85dd07d,ee2aa31c-3546-4f76-a06c-68900beffd68,2026-02-11,day,8.0
464ad0aa-d6c9-40a4-b36a-f39043f2592c,ee2aa31c-3546-4f76-a06c-68900beffd68,2026-02-12,day,8.0
260a1042-3e1a-423f-8ee1-ad44a47cb4b6,ee2aa31c-3546-4f76-a06c-68900beffd68,2026-02-13,night,10.5
d5395bae-b79f-4560-be11-3aa92961cf14,ee2aa31c-3546-4f76-a06c-68900beffd68,2026-02-16,day,8.5
7cec689a-2a20-4f97-b983-d8e9ce778e3f,ee2aa31c-3546-4f76-a06c-68900beffd68,2026-02-17,day,9.0
f43aecc2-5ccb-439b-b29a-6a1e4c783d4a,ee2aa31c-3546-4f76-a06c-68900beffd68,2026-02-18,day,8.0
0c726b64-06c1-47b8-8075-43339a45586d,ee2aa31c-3546-4f76-a06c-68900beffd68,2026-02-19,day,9.0
363a34c4-a224-408e-8b6e-c71decd6bfce,ee2aa31c-3546-4f76-a06c-68900beffd68,2026-02-20,day,8.5
390da4fc-a24d-4c01-8f64-3f77a11e7ba6,ee2aa31c-3546-4f76-a06c-68900beffd68,2026-02-23,day,9.5
dc77240c-74a3-43bc-a15e-c581726a215d,ee2aa31c-3546-4f76-a06c-68900beffd68,2026-02-24,day,8.0
8fbb6f55-d3e1-4aec-b23e-415610c35996,ee2aa31c-3546-4f76-a06c-68900beffd68,2026-02-25,day,8.5
f7089420-fc2d-4824-aa19-4f430502ab81,ee2aa31c-3546-4f76-a06c-68900beffd68,2026-02-26,day,9.0
bdb5936c-4071-411d-9363-871f4ee7d8a4,ee2aa31c-3546-4f76-a06c-68900beffd68,2026-02-27,day,8.5
88b174f8-c1ce-4b6a-aa87-2ce177379cc4,ee2aa31c-3546-4f76-a06c-68900beffd68,2026-02-28,day,8.0
eefd1fa8-4dde-441d-a074-a41bb87869ed,ee2aa31c-3546-4f76-a06c-68900beffd68,2026-03-01,day,8.0
788e2948-0964-42eb-898e-42a1a97d8757,ee2aa31c-3546-4f76-a06c-68900beffd68,2026-03-02,day,8.0
2178f4db-871b-486a-9ccb-4bb57929bfcc,ee2aa31c-3546-4f76-a06c-68900beffd68,2026-03-03,day,8.0
52371a68-dbec-49bf-97f1-58790ce444d3,ee2aa31c-3546-4f76-a06c-68900beffd68,2026-03-04,extended,15.6
0c5b6029-b53e-40dc-891b-6e4660ce1a0d,ee2aa31c-3546-4f76-a06c-68900beffd68,2026-03-05,day,8.5
f3f54dd0-5c35-4ddb-9053-a4ce0484c485,ee2aa31c-3546-4f76-a06c-68900beffd68,2026-03-06,day,8.0
efe58912-316c-439d-a609-4dd1966454a1,ee2aa31c-3546-4f76-a06c-68900beffd68,2026-03-09,day,8.0
7d79480f-e46a-4427-9a37-78d04ba8160e,ee2aa31c-3546-4f76-a06c-68900beffd68,2026-03-10,day,9.5
a4f44db2-5163-4c02-b651-ea46b664d95c,ee2aa31c-3546-4f76-a06c-68900beffd68,2026-03-11,day,9.0
9031fd7f-ffc2-4675-aba4-6bff6429cf24,ee2aa31c-3546-4f76-a06c-68900beffd68,2026-03-12,night,10.5
1283fe30-92c0-461a-8ec2-f59057e98096,ee2aa31c-3546-4f76-a06c-68900beffd68,2026-03-13,day,9.0
76550ed8-e67c-4900-950a-7af6c057e573,ee2aa31c-3546-4f76-a06c-68900beffd68,2026-03-16,day,8.5
a03ed6c4-a800-47fb-84b2-8beb4bc34422,ee2aa31c-3546-4f76-a06c-68900beffd68,2026-03-17,day,9.0
ddf4bb4d-aa62-42c4-8579-a072735fc3eb,ee2aa31c-3546-4f76-a06c-68900beffd68,2026-03-18,day,8.0
3bbd1df1-2344-424e-a94a-d626677a3266,ee2aa31c-3546-4f76-a06c-68900beffd68,2026-03-19,day,8.0
6d471e01-42b7-4fae-84cb-5dddfea34106,ee2aa31c-3546-4f76-a06c-68900beffd68,2026-03-20,day,8.0
a116e63f-4b95-4399-895b-5f0705f9fb44,ee2aa31c-3546-4f76-a06c-68900beffd68,2026-03-22,day,8.0
b3ff5822-ec4e-48c3-9939-7595ec9b0880,ee2aa31c-3546-4f76-a06c-68900beffd68,2026-03-23,day,8.5
d5146571-8cc7-4aee-a304-d0c5492eb263,ee2aa31c-3546-4f76-a06c-68900beffd68,2026-03-24,night,10.0
b872504e-732e-4d37-8d40-dee9894dd2b2,ee2aa31c-3546-4f76-a06c-68900beffd68,2026-03-25,day,8.5
c1dc1924-b5e7-4a47-836c-3fbe53e37fec,ee2aa31c-3546-4f76-a06c-68900beffd68,2026-03-26,extended,13.2
d984696e-2b3f-49f0-82d9-832445fa88e9,ee2aa31c-3546-4f76-a06c-68900beffd68,2026-03-27,extended,13.2
8df5860f-5eda-4880-8127-6fefb1c62554,ee2aa31c-3546-4f76-a06c-68900beffd68,2026-03-28,day,9.5
3b5275f2-997c-4c0b-a500-8ce8bf6d9f3c,ee2aa31c-3546-4f76-a06c-68900beffd68,2026-03-29,day,9.0
1095c35e-b8fc-4636-a87f-ce93813da5b0,ee2aa31c-3546-4f76-a06c-68900beffd68,2026-03-30,day,8.0
f3134d5d-05a8-4087-b4d5-f154646cddca,ee2aa31c-3546-4f76-a06c-68900beffd68,2026-03-31,extended,13.2
1f65e065-145f-465a-9d16-f0425ab3efde,ee2aa31c-3546-4f76-a06c-68900beffd68,2026-04-01,day,8.0
ee86273b-2121-4dc2-8972-60efdf59be34,ee2aa31c-3546-4f76-a06c-68900beffd68,2026-04-02,day,9.0
b3da61f5-6399-41e4-b998-af30d7890343,ee2aa31c-3546-4f76-a06c-68900beffd68,2026-04-03,night,10.5
fe407d6b-4fc0-4c64-b4b4-594928330b9e,ee2aa31c-3546-4f76-a06c-68900beffd68,2026-04-05,day,9.5
20b7e4dd-94d2-47a8-807d-0f1f272a8479,ee2aa31c-3546-4f76-a06c-68900beffd68,2026-04-06,day,8.0
7282c67d-d4ff-48d5-8c87-d5d5b81fae22,ee2aa31c-3546-4f76-a06c-68900beffd68,2026-04-07,day,8.5
3e5cf03f-3cf7-40ad-a1e9-d2696dc1015e,ee2aa31c-3546-4f76-a06c-68900beffd68,2026-04-08,night,10.0
3e15ed2a-38c1-43c0-94ec-324d58cd57d7,ee2aa31c-3546-4f76-a06c-68900beffd68,2026-04-09,day,8.0
be2467cf-90c0-498e-8ba4-d7854d5fb720,ee2aa31c-3546-4f76-a06c-68900beffd68,2026-04-20,extended,15.1
62ab7820-daf7-4870-891d-274bc88f719b,ee2aa31c-3546-4f76-a06c-68900beffd68,2026-04-21,extended,14.4
ce623c1e-4495-4683-9e13-c5467dea8cb7,ee2aa31c-3546-4f76-a06c-68900beffd68,2026-04-22,day,8.5
fbd8d1ee-623e-4896-85f4-90c95923b8e4,ee2aa31c-3546-4f76-a06c-68900beffd68,2026-04-23,day,8.0
76d2a170-783f-4a4f-9179-8dea5c85a993,ee2aa31c-3546-4f76-a06c-68900beffd68,2026-04-24,night,10.5
494a9def-33c2-4784-823f-6630d0e77c35,ee2aa31c-3546-4f76-a06c-68900beffd68,2026-04-25,day,8.0
cd303ec5-afcd-4393-ba67-4fa9442affc5,ee2aa31c-3546-4f76-a06c-68900beffd68,2026-04-27,extended,13.9
9a771dc0-7c2c-4989-9e23-c941c1d3afa5,ee2aa31c-3546-4f76-a06c-68900beffd68,2026-04-28,day,8.0
94008198-a4ac-4dc0-baf2-2ea55cbb0e2a,ee2aa31c-3546-4f76-a06c-68900beffd68,2026-04-29,day,9.0
3fd510ed-f674-47fc-9f6a-6fcf29e9228d,ee2aa31c-3546-4f76-a06c-68900beffd68,2026-04-30,day,8.0
30e4d977-9891-4f75-96fc-a9e09d8070eb,ee2aa31c-3546-4f76-a06c-68900beffd68,2026-05-01,day,8.5
3fd15cba-f47a-4bd7-aa86-c744ed870f3f,ee2aa31c-3546-4f76-a06c-68900beffd68,2026-05-03,night,10.5
f7de841a-23e4-44c8-90a7-b139b8f061cc,ee2aa31c-3546-4f76-a06c-68900beffd68,2026-05-04,day,8.0
84e0611b-8f20-4a39-b5a7-96c085e0ab7e,ee2aa31c-3546-4f76-a06c-68900beffd68,2026-05-05,day,8.0
50554a84-f563-4b8d-8dc8-ef65cb38b284,ee2aa31c-3546-4f76-a06c-68900beffd68,2026-05-06,day,8.0
6b06a842-c3dc-4892-82a8-2c9208c0565f,ee2aa31c-3546-4f76-a06c-68900beffd68,2026-05-07,day,8.0
232c25b2-e991-4ba6-b3f7-c4be99658cc2,ee2aa31c-3546-4f76-a06c-68900beffd68,2026-05-08,day,8.0
a661182d-8fad-4267-b14e-54227d6ca124,ee2aa31c-3546-4f76-a06c-68900beffd68,2026-05-09,night,12.0
093c7366-f156-4810-8b30-08b7d7ac868f,ee2aa31c-3546-4f76-a06c-68900beffd68,2026-05-11,day,8.5
7939ab19-6220-4f3a-9f9d-d2ab2cec7e1b,ee2aa31c-3546-4f76-a06c-68900beffd68,2026-05-12,day,8.0
e1f96c99-46ef-4e06-b01e-17a273e918ad,ee2aa31c-3546-4f76-a06c-68900beffd68,2026-05-13,day,8.0
8733e8cf-90a4-415e-8691-090afb56260e,ee2aa31c-3546-4f76-a06c-68900beffd68,2026-05-14,day,8.0
a1a48c74-7f52-4044-bc0b-216e913427f1,ee2aa31c-3546-4f76-a06c-68900beffd68,2026-05-15,day,8.0
272c99b0-dabd-4991-b753-2768b56b6703,ee2aa31c-3546-4f76-a06c-68900beffd68,2026-05-17,day,9.0
4bf2503b-8612-443f-98ea-cbdbf34cb2e2,ee2aa31c-3546-4f76-a06c-68900beffd68,2026-05-18,day,8.0
4c1b9ce4-896d-4c34-9739-119dcdb2086b,ee2aa31c-3546-4f76-a06c-68900beffd68,2026-05-19,night,10.0
84dffd63-af67-4f9e-a951-de4d32d19d65,ee2aa31c-3546-4f76-a06c-68900beffd68,2026-05-20,day,8.0
f45972ef-2cc1-4fdc-b594-1e16697773d2,ee2aa31c-3546-4f76-a06c-68900beffd68,2026-05-21,day,8.0
cd8954e2-c237-4f3c-976e-2824beede274,ee2aa31c-3546-4f76-a06c-68900beffd68,2026-05-22,extended,14.1
a9ed723e-9b77-48e5-a49e-97c940cfe416,ee2aa31c-3546-4f76-a06c-68900beffd68,2026-05-25,extended,15.2
eba1dd32-6f92-4bc7-833c-e119ce9867c5,ee2aa31c-3546-4f76-a06c-68900beffd68,2026-05-26,day,8.0
47efdc6b-b894-4489-a2ab-03a1d368f945,ee2aa31c-3546-4f76-a06c-68900beffd68,2026-05-27,day,9.0
343d8753-8a00-4d6e-82a6-299fe2b544be,ee2aa31c-3546-4f76-a06c-68900beffd68,2026-05-28,night,11.0
e52dd3a5-5397-47e0-aed2-ae555d153f67,ee2aa31c-3546-4f76-a06c-68900beffd68,2026-05-29,night,10.0
97d44042-84b0-483e-94ce-d603c8527ed0,ee2aa31c-3546-4f76-a06c-68900beffd68,2026-05-30,extended,13.5
d8a20729-4a6a-488b-a3c8-3cc94ffe6572,ee2aa31c-3546-4f76-a06c-68900beffd68,2026-05-31,day,8.0
05515d50-e5af-4627-b89f-555fe6bbbc10,ee2aa31c-3546-4f76-a06c-68900beffd68,2026-06-01,day,8.0
69ed8c08-7202-41c6-ab3b-a5490bfd29b1,ee2aa31c-3546-4f76-a06c-68900beffd68,2026-06-02,day,8.5
31310e52-1977-499b-99e0-230662403c1d,ee2aa31c-3546-4f76-a06c-68900beffd68,2026-06-03,day,9.0
46bac0fc-51c8-4c3a-92b8-2bcfb10a4d60,ee2aa31c-3546-4f76-a06c-68900beffd68,2026-06-04,day,9.5
aea3bc09-98a9-4bd8-9f40-9129f7149ffc,ee2aa31c-3546-4f76-a06c-68900beffd68,2026-06-05,day,8.0
6b6d0f50-d454-4e82-9355-1b9d66011ef4,ee2aa31c-3546-4f76-a06c-68900beffd68,2026-06-08,day,8.0
876be44c-c75f-4379-9ae1-cce622bd21de,ee2aa31c-3546-4f76-a06c-68900beffd68,2026-06-09,day,8.0
5a496d84-6fcc-4d67-9f07-853e9f164f05,ee2aa31c-3546-4f76-a06c-68900beffd68,2026-06-10,extended,13.6
ac9ba2f3-f3e1-4697-ac64-cc964c19644a,ee2aa31c-3546-4f76-a06c-68900beffd68,2026-06-11,day,9.0
bdc0ebcc-8a2a-43e4-bfce-17b5e2279582,ee2aa31c-3546-4f76-a06c-68900beffd68,2026-06-12,day,8.0
97b4a9ab-5696-439e-b876-d0fb136c3b55,ee2aa31c-3546-4f76-a06c-68900beffd68,2026-06-15,day,8.0
7471e1a6-69b4-45be-a16c-1c2f6144b165,ee2aa31c-3546-4f76-a06c-68900beffd68,2026-06-16,night,10.5
f74beee2-5e30-4ffd-95e7-9a0176fb1b93,ee2aa31c-3546-4f76-a06c-68900beffd68,2026-06-17,day,9.0
752b5519-7f5b-4abd-9fac-8b1a95a5cf6b,ee2aa31c-3546-4f76-a06c-68900beffd68,2026-06-18,night,10.0
4bdc845c-e39b-4737-9ae4-3e3b06cadcff,ee2aa31c-3546-4f76-a06c-68900beffd68,2026-06-19,extended,13.3
e6ff2e81-4f09-4ec5-aca2-95bde38036a5,ee2aa31c-3546-4f76-a06c-68900beffd68,2026-06-22,night,12.0
57390f31-b7f6-4659-bcef-c4e7ab8ad04e,ee2aa31c-3546-4f76-a06c-68900beffd68,2026-06-23,night,10.5
2cce5856-9c5e-44b5-82d5-a2f1c5d28fef,ee2aa31c-3546-4f76-a06c-68900beffd68,2026-06-24,night,10.0
c953eb4f-94af-43f0-b75c-29a06f676f31,ee2aa31c-3546-4f76-a06c-68900beffd68,2026-06-25,day,9.0
f5961bb5-44e6-42de-83a9-2424e97d39a3,ee2aa31c-3546-4f76-a06c-68900beffd68,2026-06-26,night,10.0
9091794e-090e-46b6-b56e-70a80d34009d,ee2aa31c-3546-4f76-a06c-68900beffd68,2026-06-28,day,9.0
e07c96ac-e2d4-47b6-886f-6129a76ec663,ee2aa31c-3546-4f76-a06c-68900beffd68,2026-06-29,day,9.0
165e88c3-9882-4f6b-a299-f8dec478bd32,20d8aaf0-5b95-4804-8c75-9a93518ca3ec,2026-01-01,day,9.0
6799f548-44c5-4ecf-a9a4-cdf341b653d1,20d8aaf0-5b95-4804-8c75-9a93518ca3ec,2026-01-02,day,8.0
bb9fe05b-187c-4320-bda7-859210aeec3c,20d8aaf0-5b95-4804-8c75-9a93518ca3ec,2026-01-04,day,9.0
199ccdc1-896e-403c-8bbd-1e17389572c4,20d8aaf0-5b95-4804-8c75-9a93518ca3ec,2026-01-05,night,10.0
fb784f6a-1432-4888-9e0e-a7d3fa4353a2,20d8aaf0-5b95-4804-8c75-9a93518ca3ec,2026-01-06,day,8.5
46e178c8-3bc4-4392-b518-6c8a62c6bcb0,20d8aaf0-5b95-4804-8c75-9a93518ca3ec,2026-01-07,night,10.0
f0d36979-8e9a-43b7-af10-539fb75ed41f,20d8aaf0-5b95-4804-8c75-9a93518ca3ec,2026-01-08,day,8.0
4b4f27a7-be9a-4ac2-9f20-3f763e6690a6,20d8aaf0-5b95-4804-8c75-9a93518ca3ec,2026-01-09,extended,15.7
e3a2e52f-2d99-43e6-ae4f-9f0286d5e394,20d8aaf0-5b95-4804-8c75-9a93518ca3ec,2026-01-12,extended,14.2
fc28d08c-6acb-4eb9-9755-87a80c5039cb,20d8aaf0-5b95-4804-8c75-9a93518ca3ec,2026-01-13,day,8.0
77220228-972c-4fd8-bc8f-8889f8c991a2,20d8aaf0-5b95-4804-8c75-9a93518ca3ec,2026-01-14,night,10.0
8722a802-edd7-4f0b-a775-49af98540168,20d8aaf0-5b95-4804-8c75-9a93518ca3ec,2026-01-15,day,8.0
aeedcb3c-e0e3-4de9-8967-f988d856abc1,20d8aaf0-5b95-4804-8c75-9a93518ca3ec,2026-01-16,day,8.5
fc9ce28b-cbe2-40b5-94bc-7fd317d587e3,20d8aaf0-5b95-4804-8c75-9a93518ca3ec,2026-01-18,day,8.5
b0d48171-8906-457e-be17-9265759d5ef0,20d8aaf0-5b95-4804-8c75-9a93518ca3ec,2026-01-19,day,8.0
140cba32-ce77-490e-8043-17baa484664f,20d8aaf0-5b95-4804-8c75-9a93518ca3ec,2026-01-20,night,10.5
b69f46d9-3f68-4d69-b4af-3fb02a31e25f,20d8aaf0-5b95-4804-8c75-9a93518ca3ec,2026-01-21,night,10.0
2e72bc47-7c3d-4388-9b84-29f6dc813672,20d8aaf0-5b95-4804-8c75-9a93518ca3ec,2026-01-22,night,10.5
a7b1ce81-8a6c-4e3c-9385-84c335d37090,20d8aaf0-5b95-4804-8c75-9a93518ca3ec,2026-01-23,day,9.5
9d4eb529-f321-42ac-93fe-14593eff5ef7,20d8aaf0-5b95-4804-8c75-9a93518ca3ec,2026-01-26,night,10.0
b8c68efd-cfc7-44d8-a52f-087b01d59e01,20d8aaf0-5b95-4804-8c75-9a93518ca3ec,2026-01-27,day,8.0
cac824c5-e12b-489a-a873-6a846b7ec9e1,20d8aaf0-5b95-4804-8c75-9a93518ca3ec,2026-01-28,night,10.0
d68d21e7-4099-4696-807b-67807ab44b28,20d8aaf0-5b95-4804-8c75-9a93518ca3ec,2026-01-29,day,9.0
1b3f91eb-1c9e-48ba-a4b7-d444ab469bab,20d8aaf0-5b95-4804-8c75-9a93518ca3ec,2026-01-30,day,8.0
37b2fbcd-a8b8-4b19-951d-f8c89020bba6,20d8aaf0-5b95-4804-8c75-9a93518ca3ec,2026-02-01,day,9.0
4c7df0fb-3a3e-4091-8bd0-1393874f8d2a,20d8aaf0-5b95-4804-8c75-9a93518ca3ec,2026-02-02,day,9.0
9b9addb5-4d7e-430d-9c63-af5351c1fa14,20d8aaf0-5b95-4804-8c75-9a93518ca3ec,2026-02-03,day,9.0
8ab237b2-49d6-47c2-86c2-b3cb8280d2ff,20d8aaf0-5b95-4804-8c75-9a93518ca3ec,2026-02-04,day,9.0
daddcd57-5a62-4618-a790-e3885b18fa5b,20d8aaf0-5b95-4804-8c75-9a93518ca3ec,2026-02-05,night,10.0
fcb04787-8ea1-487a-aa6e-af31c9b5799e,20d8aaf0-5b95-4804-8c75-9a93518ca3ec,2026-02-06,night,11.0
371ee6b6-93d6-44e4-b5d9-29a465cc7b05,20d8aaf0-5b95-4804-8c75-9a93518ca3ec,2026-02-09,day,8.0
cdc69bf5-d44e-45b6-bcc4-5d4112de9641,20d8aaf0-5b95-4804-8c75-9a93518ca3ec,2026-02-10,day,9.0
d19f7acd-9000-48c7-acf4-e794bac328f2,20d8aaf0-5b95-4804-8c75-9a93518ca3ec,2026-02-11,day,8.0
82df0794-7854-4d69-bad4-cd608a606d05,20d8aaf0-5b95-4804-8c75-9a93518ca3ec,2026-02-12,extended,15.2
ffa8e031-5864-402d-bc35-3735b86cad09,20d8aaf0-5b95-4804-8c75-9a93518ca3ec,2026-02-13,night,10.0
1abc6186-1e76-46c3-ad80-3698ae9659c2,20d8aaf0-5b95-4804-8c75-9a93518ca3ec,2026-02-15,night,10.5
92810052-46c0-440f-a35b-44dbf6a3aa21,20d8aaf0-5b95-4804-8c75-9a93518ca3ec,2026-02-16,night,10.0
88de215c-ee94-40d6-986a-6313feb3b082,20d8aaf0-5b95-4804-8c75-9a93518ca3ec,2026-02-17,day,9.5
aee06b42-53de-4b20-ab2e-221f831d7083,20d8aaf0-5b95-4804-8c75-9a93518ca3ec,2026-02-18,day,8.0
5fc15ac9-1f6d-4595-974d-90cf21e3bf46,20d8aaf0-5b95-4804-8c75-9a93518ca3ec,2026-02-19,day,8.0
f9b0ee8e-0315-469c-8645-1ea26582401a,20d8aaf0-5b95-4804-8c75-9a93518ca3ec,2026-02-20,day,8.0
55519832-7251-40cc-844c-3ed80f5e9fec,20d8aaf0-5b95-4804-8c75-9a93518ca3ec,2026-02-23,day,8.0
600bb591-e7b7-4eae-a6ef-243f5ccc2a63,20d8aaf0-5b95-4804-8c75-9a93518ca3ec,2026-02-24,day,8.5
69048560-b3db-446d-9214-2f857d6608c0,20d8aaf0-5b95-4804-8c75-9a93518ca3ec,2026-02-25,day,8.5
2ff0a20c-fee6-4385-8324-92f6745bfc06,20d8aaf0-5b95-4804-8c75-9a93518ca3ec,2026-02-26,extended,14.7
a87a35a1-bb38-498e-8f8a-3fdc4979ed17,20d8aaf0-5b95-4804-8c75-9a93518ca3ec,2026-02-27,day,9.5
cf816411-2bca-4d47-b21b-7f9db07c783d,20d8aaf0-5b95-4804-8c75-9a93518ca3ec,2026-02-28,day,8.0
99172d26-cdca-4a4a-b51d-c15773bdeafd,20d8aaf0-5b95-4804-8c75-9a93518ca3ec,2026-03-01,extended,14.5
36b698fa-26f9-4285-a27c-6b3f6b390176,20d8aaf0-5b95-4804-8c75-9a93518ca3ec,2026-03-02,day,9.0
fe80cdea-05b3-4bdb-a65a-3386e6efbd90,20d8aaf0-5b95-4804-8c75-9a93518ca3ec,2026-03-03,day,9.0
c47451be-7ad9-4016-a940-6176c0fa3174,20d8aaf0-5b95-4804-8c75-9a93518ca3ec,2026-03-04,day,9.0
c6819db6-fb95-4113-ae4d-d771cbdc6fcd,20d8aaf0-5b95-4804-8c75-9a93518ca3ec,2026-03-05,extended,13.9
6892ff00-557f-4b6a-b4f3-ac562eb6233f,20d8aaf0-5b95-4804-8c75-9a93518ca3ec,2026-03-06,night,10.5
5a6f19e6-4bb5-4251-93b8-87ed555623ce,20d8aaf0-5b95-4804-8c75-9a93518ca3ec,2026-03-07,day,8.0
54c3785d-8709-4ef2-8d1e-e5f669b0a79d,20d8aaf0-5b95-4804-8c75-9a93518ca3ec,2026-03-08,day,8.0
ebb1151f-d704-4229-8301-9f016df5f691,20d8aaf0-5b95-4804-8c75-9a93518ca3ec,2026-03-09,day,8.0
025b65c1-4f43-406a-86ca-c5853b4cbea0,20d8aaf0-5b95-4804-8c75-9a93518ca3ec,2026-03-10,day,8.0
057b4219-e3f8-4683-ade5-cc4c65b12bca,20d8aaf0-5b95-4804-8c75-9a93518ca3ec,2026-03-11,extended,14.5
21226d5f-b516-4c4e-966a-39b00dda25ad,20d8aaf0-5b95-4804-8c75-9a93518ca3ec,2026-03-12,extended,13.7
73ed6f49-7f2c-4317-b8f1-6a6ac2f003be,20d8aaf0-5b95-4804-8c75-9a93518ca3ec,2026-03-13,day,8.0
a8b770d4-ef76-4c0b-89c4-2607416a8874,20d8aaf0-5b95-4804-8c75-9a93518ca3ec,2026-03-16,night,10.0
09cc4079-38f6-4867-99d9-5db26a85a43e,20d8aaf0-5b95-4804-8c75-9a93518ca3ec,2026-03-17,day,8.5
dbd32f3b-95bf-42a5-b644-7bd2f832078d,20d8aaf0-5b95-4804-8c75-9a93518ca3ec,2026-03-18,night,10.0
d637342c-7de8-49b6-9337-ea2123340887,20d8aaf0-5b95-4804-8c75-9a93518ca3ec,2026-03-19,extended,15.4
5f9eb857-59e1-4ddf-9d3e-8c5c32e4dce6,20d8aaf0-5b95-4804-8c75-9a93518ca3ec,2026-03-20,night,10.0
acaf3c16-2507-4263-b874-529f7a8d844a,20d8aaf0-5b95-4804-8c75-9a93518ca3ec,2026-03-22,night,10.0
5438c1d3-85a8-413a-85b0-33b81b4b1283,20d8aaf0-5b95-4804-8c75-9a93518ca3ec,2026-03-23,day,8.0
28f301b5-3eb5-4a45-aa01-38914e45c5d2,20d8aaf0-5b95-4804-8c75-9a93518ca3ec,2026-03-24,night,10.5
40377def-4b43-45a0-8065-75c657722864,20d8aaf0-5b95-4804-8c75-9a93518ca3ec,2026-03-25,extended,15.1
dfe6b87e-c113-431b-832a-74d57904f232,20d8aaf0-5b95-4804-8c75-9a93518ca3ec,2026-03-26,day,9.0
e635d5a6-9610-444e-a92e-450503142e30,20d8aaf0-5b95-4804-8c75-9a93518ca3ec,2026-03-27,day,9.0
8ca90b1a-2618-4596-a05d-210f7edcf0dd,20d8aaf0-5b95-4804-8c75-9a93518ca3ec,2026-03-28,extended,14.7
9a64156d-8c5e-4a2a-9a47-499e472f04c3,20d8aaf0-5b95-4804-8c75-9a93518ca3ec,2026-03-30,day,8.5
4d68c1d4-fa9e-49ad-91e2-f6a04fa1273e,20d8aaf0-5b95-4804-8c75-9a93518ca3ec,2026-03-31,day,9.0
0e8de8bf-8f74-491e-90c9-abe12b61b733,20d8aaf0-5b95-4804-8c75-9a93518ca3ec,2026-04-01,day,8.0
99d45bde-d48c-486e-a44b-fa3bbc1c7bbe,20d8aaf0-5b95-4804-8c75-9a93518ca3ec,2026-04-02,night,11.0
47c58a81-458b-4436-b2b3-51a1611f1d12,20d8aaf0-5b95-4804-8c75-9a93518ca3ec,2026-04-03,night,10.0
fcb7a526-303e-4d65-9a8d-b6472a2ae14e,20d8aaf0-5b95-4804-8c75-9a93518ca3ec,2026-04-04,day,8.0
a77ee1bb-6e9f-4444-ae15-fe95cae7c080,20d8aaf0-5b95-4804-8c75-9a93518ca3ec,2026-04-06,day,8.0
9d7a2c43-1a51-4ea2-8a0e-3073acc0f787,20d8aaf0-5b95-4804-8c75-9a93518ca3ec,2026-04-07,day,8.0
f8d06cfd-fedd-49f2-8a74-3a571b2c36db,20d8aaf0-5b95-4804-8c75-9a93518ca3ec,2026-04-08,day,9.5
7477a1c9-1eab-4f91-99d5-15f100e9689c,20d8aaf0-5b95-4804-8c75-9a93518ca3ec,2026-04-09,day,9.0
7ef8cdb5-1754-4397-98cb-e463f3d27080,20d8aaf0-5b95-4804-8c75-9a93518ca3ec,2026-04-10,night,10.0
cb2aab40-74f0-461c-a639-1e51c1ae9d75,20d8aaf0-5b95-4804-8c75-9a93518ca3ec,2026-04-13,night,10.0
f47b2090-d14b-4426-8b97-4609d717dd09,20d8aaf0-5b95-4804-8c75-9a93518ca3ec,2026-04-14,extended,16.1
5bc50f2b-508e-4591-aa35-570f0c8470ab,20d8aaf0-5b95-4804-8c75-9a93518ca3ec,2026-04-15,extended,13.9
90aa380c-ff01-4cec-95d3-4777044c499a,20d8aaf0-5b95-4804-8c75-9a93518ca3ec,2026-04-16,night,10.0
d2fd325c-e432-4892-8380-ddb38c5b5e53,20d8aaf0-5b95-4804-8c75-9a93518ca3ec,2026-04-17,day,8.0
f3868575-2ea8-4797-9c4b-8b9aa8aa532b,20d8aaf0-5b95-4804-8c75-9a93518ca3ec,2026-04-19,extended,13.9
eb0f20eb-4690-4beb-b7fa-b8517020d262,20d8aaf0-5b95-4804-8c75-9a93518ca3ec,2026-04-20,day,8.0
2a14ee4d-8cde-417d-aee7-bfa8a825a219,20d8aaf0-5b95-4804-8c75-9a93518ca3ec,2026-04-21,day,9.0
916627a3-e9d8-4482-9b0f-9b8f2575a5bb,20d8aaf0-5b95-4804-8c75-9a93518ca3ec,2026-04-22,extended,15.0
179e59c5-c9ab-418a-aa35-a50eda167729,20d8aaf0-5b95-4804-8c75-9a93518ca3ec,2026-04-23,night,10.0
6416e694-fc66-482e-b3af-fbb1e6dffef3,20d8aaf0-5b95-4804-8c75-9a93518ca3ec,2026-04-24,day,8.5
d38587ce-6419-4cc2-9a5d-ba465b0e2571,20d8aaf0-5b95-4804-8c75-9a93518ca3ec,2026-04-27,night,12.0
c09c6d52-35a9-4b07-b111-290691527158,20d8aaf0-5b95-4804-8c75-9a93518ca3ec,2026-04-28,day,8.5
f0b76f1d-2a29-4689-a5a1-97568301f3c4,20d8aaf0-5b95-4804-8c75-9a93518ca3ec,2026-04-29,night,10.0
5fe56b91-63e8-4b89-bae9-f61e8b3507ed,20d8aaf0-5b95-4804-8c75-9a93518ca3ec,2026-04-30,day,8.5
4e083d8c-270b-4314-9b64-f7dac58faa3b,20d8aaf0-5b95-4804-8c75-9a93518ca3ec,2026-05-01,extended,13.8
b2f9601e-1c5d-4c54-b283-3068d27632d9,20d8aaf0-5b95-4804-8c75-9a93518ca3ec,2026-05-04,day,8.5
7d84d1e1-fc5a-4c6e-b9ee-b5dce91a756d,20d8aaf0-5b95-4804-8c75-9a93518ca3ec,2026-05-05,day,8.0
c3549b94-e90d-4578-96c0-331e57734b3e,20d8aaf0-5b95-4804-8c75-9a93518ca3ec,2026-05-06,night,10.0
8bfc0afc-0a5d-4278-a63f-0bf560429d40,20d8aaf0-5b95-4804-8c75-9a93518ca3ec,2026-05-07,night,11.0
2a4bbbf2-c52f-4711-b2ed-c57a163c775a,20d8aaf0-5b95-4804-8c75-9a93518ca3ec,2026-05-08,day,9.0
bb879722-6d91-4a00-a985-e501a7d7e1e7,20d8aaf0-5b95-4804-8c75-9a93518ca3ec,2026-05-09,night,11.0
a35df8be-ecb4-4f2a-aafe-04652198370f,20d8aaf0-5b95-4804-8c75-9a93518ca3ec,2026-05-10,extended,14.7
966c6458-aeb8-4415-ba32-0b67010f0d77,20d8aaf0-5b95-4804-8c75-9a93518ca3ec,2026-05-11,day,8.0
2a8794b9-66c2-4aff-bfbc-666fe54725cb,20d8aaf0-5b95-4804-8c75-9a93518ca3ec,2026-05-12,day,9.5
204d5650-af1c-4454-8212-b9cc0691caf0,20d8aaf0-5b95-4804-8c75-9a93518ca3ec,2026-05-13,day,8.0
0bba6672-1b12-4437-a1ca-d58d7fdd4cec,20d8aaf0-5b95-4804-8c75-9a93518ca3ec,2026-05-14,day,8.0
44c40da8-d001-418c-b89d-66dd4cb26386,20d8aaf0-5b95-4804-8c75-9a93518ca3ec,2026-05-15,day,8.0
503be6a9-4ca8-4949-b98d-f1f1ae6a6362,20d8aaf0-5b95-4804-8c75-9a93518ca3ec,2026-05-16,extended,14.7
c7068179-3332-4065-b3e1-b0ced0a4e86c,20d8aaf0-5b95-4804-8c75-9a93518ca3ec,2026-05-18,night,12.0
18d8f0d3-4f9f-4684-952d-0209ea3c3e03,20d8aaf0-5b95-4804-8c75-9a93518ca3ec,2026-05-19,day,8.0
e04c7160-e974-4eb9-a7c7-913b25dcfa00,20d8aaf0-5b95-4804-8c75-9a93518ca3ec,2026-05-20,day,8.0
7d9acbca-eaf3-48b7-b255-51faa4ebcfc2,20d8aaf0-5b95-4804-8c75-9a93518ca3ec,2026-05-21,day,8.5
46e25f1c-975c-40cd-b2cd-e2d5261a3eeb,20d8aaf0-5b95-4804-8c75-9a93518ca3ec,2026-05-22,day,8.5
bab08cc3-380a-49b4-b077-d94d237f9511,20d8aaf0-5b95-4804-8c75-9a93518ca3ec,2026-05-25,day,8.5
0aed9cab-a783-47c0-982a-3f04ff1d5726,20d8aaf0-5b95-4804-8c75-9a93518ca3ec,2026-05-26,night,10.5
2eedeb1f-9bfb-4fea-ad51-f9e10719e184,20d8aaf0-5b95-4804-8c75-9a93518ca3ec,2026-05-27,night,12.0
97499351-1306-490c-a91e-2e692d21ffa1,20d8aaf0-5b95-4804-8c75-9a93518ca3ec,2026-05-28,day,8.0
1fc07558-80f4-4c94-9e11-e603391b0d89,20d8aaf0-5b95-4804-8c75-9a93518ca3ec,2026-05-29,day,8.0
4b9bc126-1ebc-41d7-b87c-4976723d4ef9,20d8aaf0-5b95-4804-8c75-9a93518ca3ec,2026-05-30,day,8.5
0f6f4f6e-242e-4207-8789-061f5f100bab,20d8aaf0-5b95-4804-8c75-9a93518ca3ec,2026-06-01,day,8.0
0af2820e-41ca-4467-8032-0b8fde694af5,20d8aaf0-5b95-4804-8c75-9a93518ca3ec,2026-06-02,day,9.0
26976d92-92c7-4fa2-bd47-59c7d72ce44f,20d8aaf0-5b95-4804-8c75-9a93518ca3ec,2026-06-03,day,8.0
b177b6ae-8ae1-4622-a0a5-4b23fb7844c6,20d8aaf0-5b95-4804-8c75-9a93518ca3ec,2026-06-04,day,8.0
481ff7c6-c980-4cf5-ba96-323a3567be9c,20d8aaf0-5b95-4804-8c75-9a93518ca3ec,2026-06-05,day,8.0
0b4ae79a-f242-4a2a-9b00-04916b53f7d1,20d8aaf0-5b95-4804-8c75-9a93518ca3ec,2026-06-07,day,9.0
481a92e3-ddb4-4ad5-a173-ba63549d51be,20d8aaf0-5b95-4804-8c75-9a93518ca3ec,2026-06-08,day,9.0
b3bb6c38-7d53-4546-bbaf-0d0a4472f5c5,20d8aaf0-5b95-4804-8c75-9a93518ca3ec,2026-06-09,day,8.0
c42f5682-7b1d-45ad-86ee-e3228d11522e,20d8aaf0-5b95-4804-8c75-9a93518ca3ec,2026-06-10,day,8.0
e01c1e87-6655-449e-a01a-298145deb197,20d8aaf0-5b95-4804-8c75-9a93518ca3ec,2026-06-11,extended,14.5
f1357f4e-1a29-428a-bf43-6e9fbfca476c,20d8aaf0-5b95-4804-8c75-9a93518ca3ec,2026-06-12,day,8.0
ee46eeaa-53c6-42fe-80dd-9e03252df34c,20d8aaf0-5b95-4804-8c75-9a93518ca3ec,2026-06-13,day,8.0
8e939c9b-c205-48fc-8ebf-095744477e5f,20d8aaf0-5b95-4804-8c75-9a93518ca3ec,2026-06-15,day,9.0
4134c994-b775-4ada-8382-acdf78b6c99c,20d8aaf0-5b95-4804-8c75-9a93518ca3ec,2026-06-16,day,8.0
1d54514d-31d2-4b36-a2b5-29a14fff2c61,20d8aaf0-5b95-4804-8c75-9a93518ca3ec,2026-06-17,day,9.5
a282fd6f-6300-43d4-9f42-f0ac4602f6b0,20d8aaf0-5b95-4804-8c75-9a93518ca3ec,2026-06-18,day,8.0
91745b0f-ac8a-4819-8487-b36365ae5ab4,20d8aaf0-5b95-4804-8c75-9a93518ca3ec,2026-06-19,day,8.0
4d85e881-bcc8-4255-b18e-ed3697d85108,20d8aaf0-5b95-4804-8c75-9a93518ca3ec,2026-06-22,day,9.0
c5932581-6e11-4f63-a3ce-8afcb83f7ed3,20d8aaf0-5b95-4804-8c75-9a93518ca3ec,2026-06-23,day,8.0
43c9b9e9-8a31-4737-8fd0-4d03a9725958,20d8aaf0-5b95-4804-8c75-9a93518ca3ec,2026-06-24,day,9.0
2c8e091f-e910-4110-97c2-4b2d2424c7cf,20d8aaf0-5b95-4804-8c75-9a93518ca3ec,2026-06-25,night,10.5
5f47acf5-3ea6-4a4b-9c71-8381e837f44a,20d8aaf0-5b95-4804-8c75-9a93518ca3ec,2026-06-26,day,8.0
663e781c-47ac-49dc-b15b-eb42607b7cdc,20d8aaf0-5b95-4804-8c75-9a93518ca3ec,2026-06-29,day,8.0
4c842485-6e31-4f39-8e9a-089d45e21fad,eb8f4698-d0ac-481a-9824-3996cd99e595,2026-01-01,day,8.5
a0bc6392-9228-407b-a43a-9cf9bf409b43,eb8f4698-d0ac-481a-9824-3996cd99e595,2026-01-02,day,8.0
e6ea2637-cb3a-4d46-887c-169f8ebffb88,eb8f4698-d0ac-481a-9824-3996cd99e595,2026-01-05,night,11.0
034a59ee-51a9-4439-8471-85e6f601be57,eb8f4698-d0ac-481a-9824-3996cd99e595,2026-01-06,night,10.0
48179aca-5bbe-483c-9700-1e36b41148e4,eb8f4698-d0ac-481a-9824-3996cd99e595,2026-01-07,day,8.0
cc1c67d4-3d31-4b69-97ab-fd5190d15b23,eb8f4698-d0ac-481a-9824-3996cd99e595,2026-01-08,day,9.5
fffb42f8-9db8-4e8d-880d-57eceae93a50,eb8f4698-d0ac-481a-9824-3996cd99e595,2026-01-09,night,12.0
3073f183-6360-49a7-8df9-17d00acef993,eb8f4698-d0ac-481a-9824-3996cd99e595,2026-01-12,night,10.0
3b0c2cfd-9943-4bdc-ae7d-b0e5d7959f29,eb8f4698-d0ac-481a-9824-3996cd99e595,2026-01-13,day,8.0
23ac764b-c724-442a-8be4-3cec050c74d5,eb8f4698-d0ac-481a-9824-3996cd99e595,2026-01-14,day,8.5
49a3ccfd-f645-4411-a9c9-f7cf1f879b53,eb8f4698-d0ac-481a-9824-3996cd99e595,2026-01-15,day,9.0
f871bdc1-3b8f-4845-abe0-73afc9859932,eb8f4698-d0ac-481a-9824-3996cd99e595,2026-01-16,day,8.0
d5ab2eb7-c67e-477f-af33-34b830e21e1f,eb8f4698-d0ac-481a-9824-3996cd99e595,2026-01-19,day,9.0
ce81b472-69fd-407c-92f4-acdcb9dfad82,eb8f4698-d0ac-481a-9824-3996cd99e595,2026-01-20,day,9.0
08f42b22-c15c-4b13-a2b9-e5aebc070bf4,eb8f4698-d0ac-481a-9824-3996cd99e595,2026-01-21,day,8.0
f79e84d2-592a-459f-81a9-6324f52630eb,eb8f4698-d0ac-481a-9824-3996cd99e595,2026-01-22,day,8.0
6a56b9b9-d010-400a-8817-eae51a8e6860,eb8f4698-d0ac-481a-9824-3996cd99e595,2026-01-23,extended,14.0
5a1f1153-8b50-4169-bc91-32a18323c78b,eb8f4698-d0ac-481a-9824-3996cd99e595,2026-01-25,day,8.0
46765708-0643-488e-b79b-15c6e887a348,eb8f4698-d0ac-481a-9824-3996cd99e595,2026-01-26,day,8.0
d7120a68-f728-4c02-9f73-73c528c7947d,eb8f4698-d0ac-481a-9824-3996cd99e595,2026-01-27,night,11.0
f644d89f-6480-46cb-8635-0b2e2d2158fd,eb8f4698-d0ac-481a-9824-3996cd99e595,2026-01-28,night,12.0
6660bb4c-6cf8-4da0-b19b-50d1324de115,eb8f4698-d0ac-481a-9824-3996cd99e595,2026-01-29,night,12.0
03305f10-6074-4529-8883-ccb2ce081dd2,eb8f4698-d0ac-481a-9824-3996cd99e595,2026-01-30,night,10.5
4d4c6fe6-98d3-4e06-a5f6-c6c5e84263bd,eb8f4698-d0ac-481a-9824-3996cd99e595,2026-01-31,night,11.0
54c529ca-0cb3-47f8-826c-0c95de691f11,eb8f4698-d0ac-481a-9824-3996cd99e595,2026-02-01,day,8.0
e42d7891-d897-4a8d-a715-8b3b412a9135,eb8f4698-d0ac-481a-9824-3996cd99e595,2026-02-02,night,10.0
58dde057-4a1f-4ba8-a418-2335ed66320e,eb8f4698-d0ac-481a-9824-3996cd99e595,2026-02-03,day,9.0
7fc37f10-8876-432b-aaa2-62315588473e,eb8f4698-d0ac-481a-9824-3996cd99e595,2026-02-04,day,9.5
9e2a2265-6db4-4873-ac47-a7b698ac28a3,eb8f4698-d0ac-481a-9824-3996cd99e595,2026-02-05,day,8.0
46b27ab3-c989-42c5-91d0-f0e9e4091659,eb8f4698-d0ac-481a-9824-3996cd99e595,2026-02-06,day,8.0
b2514ea2-1572-46f1-a60d-bb1bcf1ce65b,eb8f4698-d0ac-481a-9824-3996cd99e595,2026-02-09,day,8.0
59a85a35-93b1-42d3-948d-86dd5eb343c5,eb8f4698-d0ac-481a-9824-3996cd99e595,2026-02-10,day,9.0
e69c6441-c97a-4127-b554-b431d6918066,eb8f4698-d0ac-481a-9824-3996cd99e595,2026-02-11,night,12.0
6f662036-071a-4517-ae8d-e0117684b485,eb8f4698-d0ac-481a-9824-3996cd99e595,2026-02-12,night,11.0
87feb584-1a74-4747-aa5c-18ddedad3999,eb8f4698-d0ac-481a-9824-3996cd99e595,2026-02-13,day,8.0
54247990-7bdb-4064-956f-85589ffae9b7,eb8f4698-d0ac-481a-9824-3996cd99e595,2026-02-16,day,9.0
183ea5bf-8d2c-4a03-b7a7-1807ea6eca7a,eb8f4698-d0ac-481a-9824-3996cd99e595,2026-02-17,day,9.5
373a2daa-ee59-4d46-aeba-6079c14db99e,eb8f4698-d0ac-481a-9824-3996cd99e595,2026-02-18,day,8.0
eb90d0cd-00e2-46da-89d2-64d9fdcf5499,eb8f4698-d0ac-481a-9824-3996cd99e595,2026-02-19,night,11.0
d394a301-0da9-4364-97f2-17a8a7f1f96d,eb8f4698-d0ac-481a-9824-3996cd99e595,2026-02-20,night,12.0
cd4c0a60-c4ba-47a1-be7a-743e044231c8,eb8f4698-d0ac-481a-9824-3996cd99e595,2026-02-23,day,8.0
405c0d2b-1e82-4441-9fae-442862ef4284,eb8f4698-d0ac-481a-9824-3996cd99e595,2026-02-24,night,10.0
60fa0a89-33a3-4a22-a0a5-a8fc4e42d307,eb8f4698-d0ac-481a-9824-3996cd99e595,2026-02-25,day,8.0
7950ac9d-74b5-4809-8df0-075abf670970,eb8f4698-d0ac-481a-9824-3996cd99e595,2026-02-26,day,9.0
45bf8722-b7c8-499e-8f68-76781f17f7e4,eb8f4698-d0ac-481a-9824-3996cd99e595,2026-02-27,day,8.0
a195c618-c660-432e-b383-515be3cc88fd,eb8f4698-d0ac-481a-9824-3996cd99e595,2026-03-02,extended,14.9
2373596d-112e-4f27-b082-04a53f7d2bfe,eb8f4698-d0ac-481a-9824-3996cd99e595,2026-03-03,night,12.0
56bf3d39-1c5f-4555-9d15-d73c9a323dc2,eb8f4698-d0ac-481a-9824-3996cd99e595,2026-03-04,day,8.0
d120c52c-2c66-4842-ab89-6e689a69d87e,eb8f4698-d0ac-481a-9824-3996cd99e595,2026-03-05,day,8.5
2d2c804b-dc39-4e25-b76d-d9771083d885,eb8f4698-d0ac-481a-9824-3996cd99e595,2026-03-06,day,8.0
5cd696d8-4c58-4d45-a2bc-8f0a10b3898e,eb8f4698-d0ac-481a-9824-3996cd99e595,2026-03-09,day,8.0
453086ee-080c-4fdd-b010-7752ed52296a,eb8f4698-d0ac-481a-9824-3996cd99e595,2026-03-10,day,8.0
fa5822ee-a624-4325-b106-93286bda47da,eb8f4698-d0ac-481a-9824-3996cd99e595,2026-03-11,day,8.5
f386f213-7797-4548-a0e9-779955ce3b02,eb8f4698-d0ac-481a-9824-3996cd99e595,2026-03-12,night,10.0
b6e7ed46-bb0b-45d5-86fa-3965d1796bc2,eb8f4698-d0ac-481a-9824-3996cd99e595,2026-03-13,day,8.0
1c4f2fe1-5e41-44db-a2d3-532cd0b2320e,eb8f4698-d0ac-481a-9824-3996cd99e595,2026-03-14,day,8.0
583386d0-db81-4126-be3d-b14620beeb57,eb8f4698-d0ac-481a-9824-3996cd99e595,2026-03-16,extended,14.3
780153a0-5075-42db-b37b-143ae60a60ea,eb8f4698-d0ac-481a-9824-3996cd99e595,2026-03-17,day,8.0
4693a7b7-3c15-4dc2-a9ba-977a9d8afc7e,eb8f4698-d0ac-481a-9824-3996cd99e595,2026-03-18,day,8.0
31f1fc6b-8f5a-46c2-a8f0-96161d5de8b8,eb8f4698-d0ac-481a-9824-3996cd99e595,2026-03-19,day,8.5
0a1ac953-3f58-4596-9073-e2e18be71308,eb8f4698-d0ac-481a-9824-3996cd99e595,2026-03-20,day,8.0
ad8e4607-5a73-41e3-9fdf-7c2cbe538a2d,eb8f4698-d0ac-481a-9824-3996cd99e595,2026-03-22,day,8.0
0f97de17-b0ea-4a68-a084-f4324fb42bae,eb8f4698-d0ac-481a-9824-3996cd99e595,2026-03-23,day,8.0
f7fa85b2-105a-41bc-b051-b9f55c2767e0,eb8f4698-d0ac-481a-9824-3996cd99e595,2026-03-24,day,8.0
967a1bdd-7d0d-4b89-a35a-f1d045c28b72,eb8f4698-d0ac-481a-9824-3996cd99e595,2026-03-25,day,8.0
7668a2d2-850b-459b-acea-5f1c407af6b8,eb8f4698-d0ac-481a-9824-3996cd99e595,2026-03-26,day,8.0
fd5e2ca9-dc07-41b3-b599-e5fca2a01841,eb8f4698-d0ac-481a-9824-3996cd99e595,2026-03-27,day,8.0
8b3c38ff-f219-4a8c-967c-6db5d709f425,eb8f4698-d0ac-481a-9824-3996cd99e595,2026-03-28,day,9.5
1127ef28-3f51-478c-8399-b8b43867e1ca,eb8f4698-d0ac-481a-9824-3996cd99e595,2026-03-30,day,8.0
25eaaf6f-20ee-41bc-8551-029e984700ac,eb8f4698-d0ac-481a-9824-3996cd99e595,2026-03-31,day,8.0
30ce8a3d-d6a4-43d5-a811-92283bc2bac6,eb8f4698-d0ac-481a-9824-3996cd99e595,2026-04-01,night,12.0
97fb06cb-e862-44f9-86ff-c16c80eacd43,eb8f4698-d0ac-481a-9824-3996cd99e595,2026-04-02,day,8.0
95f994b6-6849-42cc-9ad5-38ba94759e9b,eb8f4698-d0ac-481a-9824-3996cd99e595,2026-04-03,day,8.0
3752f760-a3f3-4cbd-8ecf-c2d79bc61ba9,eb8f4698-d0ac-481a-9824-3996cd99e595,2026-04-04,day,8.0
8b09555c-766b-4217-ad80-c6478d61b6d9,eb8f4698-d0ac-481a-9824-3996cd99e595,2026-04-05,day,8.0
a0d5ec4d-182b-46ca-a6c2-0910e14c1b2f,eb8f4698-d0ac-481a-9824-3996cd99e595,2026-04-06,night,10.5
a10a6d6a-3a8b-4e97-962d-15b8ced0b1a1,eb8f4698-d0ac-481a-9824-3996cd99e595,2026-04-07,night,10.0
66c7db3d-8019-46d4-9530-947e266585cf,eb8f4698-d0ac-481a-9824-3996cd99e595,2026-04-08,day,9.0
e1995442-2764-4ed7-825d-efb164c1c7cc,eb8f4698-d0ac-481a-9824-3996cd99e595,2026-04-09,day,8.0
7aafc820-7b5b-4d87-a4fc-c7fbfba72dce,eb8f4698-d0ac-481a-9824-3996cd99e595,2026-04-10,night,10.0
f177f54e-4a60-41ef-a041-2029dcef97bb,eb8f4698-d0ac-481a-9824-3996cd99e595,2026-04-11,extended,15.0
85ce10bb-aa09-44e5-80f2-264ea4b3bd50,eb8f4698-d0ac-481a-9824-3996cd99e595,2026-04-12,extended,13.2
5fcccc30-f7bb-45cd-9e2c-2abd44567bca,eb8f4698-d0ac-481a-9824-3996cd99e595,2026-04-13,day,8.5
57a89e50-f8b6-4942-b432-76dcac23a4d8,eb8f4698-d0ac-481a-9824-3996cd99e595,2026-04-14,day,8.0
49cd3333-56b7-4ed3-a6e5-f7994454d556,eb8f4698-d0ac-481a-9824-3996cd99e595,2026-04-15,extended,15.2
6c8d89d0-6163-4c60-bf66-0fdb9abcf4a1,eb8f4698-d0ac-481a-9824-3996cd99e595,2026-04-16,day,8.0
6e7ea08f-969f-4bee-8e15-cc3c516a48e3,eb8f4698-d0ac-481a-9824-3996cd99e595,2026-04-17,night,10.0
620c5171-4cd1-4b1c-9829-61cf382c7c35,eb8f4698-d0ac-481a-9824-3996cd99e595,2026-04-20,night,10.0
664586cb-2c9b-4b0d-963b-f548014ae717,eb8f4698-d0ac-481a-9824-3996cd99e595,2026-04-21,day,8.0
ac521894-2cd1-4b9e-a290-004270cb883f,eb8f4698-d0ac-481a-9824-3996cd99e595,2026-04-22,night,10.5
1b283f3a-b61f-4c25-88a6-b8b0b978cebf,eb8f4698-d0ac-481a-9824-3996cd99e595,2026-04-23,day,8.5
b672938a-8638-430f-9a78-8e88549ce2ee,eb8f4698-d0ac-481a-9824-3996cd99e595,2026-04-24,extended,15.5
d355a745-be97-4160-96c5-a7a400745d4c,eb8f4698-d0ac-481a-9824-3996cd99e595,2026-04-25,extended,14.8
acd2cf29-174a-403e-9109-ecd8822cab0c,eb8f4698-d0ac-481a-9824-3996cd99e595,2026-04-26,day,8.5
3ddb253d-2478-4723-ac7c-1d068464a333,eb8f4698-d0ac-481a-9824-3996cd99e595,2026-04-27,night,10.0
aabdebff-8e6e-4573-9744-fb38c1478337,eb8f4698-d0ac-481a-9824-3996cd99e595,2026-04-28,day,8.0
d40a5b0d-068d-470e-b83b-b4d28697b325,eb8f4698-d0ac-481a-9824-3996cd99e595,2026-04-29,day,8.0
d181bc50-e747-41f0-9094-39e72f731b29,eb8f4698-d0ac-481a-9824-3996cd99e595,2026-04-30,day,8.0
aa037ce1-7e04-41c5-b87e-2d059bbfc670,eb8f4698-d0ac-481a-9824-3996cd99e595,2026-05-01,day,8.5
0cbcb6d0-1efd-4f4d-a403-2f22370a0b5e,eb8f4698-d0ac-481a-9824-3996cd99e595,2026-05-04,day,8.0
f1701e09-9778-4b47-8e94-61b5fe93b84d,eb8f4698-d0ac-481a-9824-3996cd99e595,2026-05-05,day,8.5
0901bfe3-3912-4291-ba54-8a1e994b22de,eb8f4698-d0ac-481a-9824-3996cd99e595,2026-05-06,night,12.0
49712223-546d-49ba-9b48-c758e3ed21c2,eb8f4698-d0ac-481a-9824-3996cd99e595,2026-05-07,day,9.0
d30df35d-95fc-465b-a4e7-ef6e463724a4,eb8f4698-d0ac-481a-9824-3996cd99e595,2026-05-08,night,11.0
6cce7a90-8f64-49e0-8e58-f5393dbe3f16,eb8f4698-d0ac-481a-9824-3996cd99e595,2026-05-10,day,8.0
63093d27-994a-4fbb-b45d-ea6390d6f48b,eb8f4698-d0ac-481a-9824-3996cd99e595,2026-05-11,day,8.0
3a08d004-db77-4f3a-9075-55c7624fb92e,eb8f4698-d0ac-481a-9824-3996cd99e595,2026-05-12,day,8.0
309ba138-7d20-496d-9729-0232892c200a,eb8f4698-d0ac-481a-9824-3996cd99e595,2026-05-13,extended,15.6
831c2a66-d069-40a7-87fe-b29d7573182b,eb8f4698-d0ac-481a-9824-3996cd99e595,2026-05-14,day,9.0
a5696ff4-27e8-4e56-9d46-ee04364ec994,eb8f4698-d0ac-481a-9824-3996cd99e595,2026-05-15,day,9.0
eb4d4b06-331d-4508-8a8a-cfed5e9ad8f6,eb8f4698-d0ac-481a-9824-3996cd99e595,2026-05-16,extended,14.5
b6d7ea85-c617-402a-b31e-dc70891637eb,eb8f4698-d0ac-481a-9824-3996cd99e595,2026-05-18,day,8.0
f9b0097a-97fe-4b16-bb55-0a9aad74f715,eb8f4698-d0ac-481a-9824-3996cd99e595,2026-05-19,day,8.5
3d7fb656-9d44-455a-afed-8348a406ca48,eb8f4698-d0ac-481a-9824-3996cd99e595,2026-05-20,day,8.0
8353af21-df29-4f2a-8cb2-c6089c2de544,eb8f4698-d0ac-481a-9824-3996cd99e595,2026-05-21,day,8.0
fe4e784f-dfd8-4e9a-b4ae-0f2a555e0220,eb8f4698-d0ac-481a-9824-3996cd99e595,2026-05-22,extended,13.7
45372a51-1ebb-446e-ae45-6d7819294bab,eb8f4698-d0ac-481a-9824-3996cd99e595,2026-05-24,night,10.0
2b904128-26b2-4ccb-bb75-262bc1fbd127,eb8f4698-d0ac-481a-9824-3996cd99e595,2026-05-25,night,10.0
0e50dd5c-78dd-4a2a-b7f4-ae72f8f9b734,eb8f4698-d0ac-481a-9824-3996cd99e595,2026-05-26,day,8.5
a564106c-47ad-4680-bfc4-cac40bf5857c,eb8f4698-d0ac-481a-9824-3996cd99e595,2026-05-27,day,8.0
c8a49c03-80b4-4521-a82c-ece82bc60cf1,eb8f4698-d0ac-481a-9824-3996cd99e595,2026-05-28,day,8.0
295f57c1-876e-428a-bc49-a7b101cf632f,eb8f4698-d0ac-481a-9824-3996cd99e595,2026-05-29,night,10.0
d0b6507e-35b3-4a81-a7a1-bbe73993f90b,eb8f4698-d0ac-481a-9824-3996cd99e595,2026-06-01,day,8.0
23f666df-4cfd-4e6c-94f1-566aba00a2a6,eb8f4698-d0ac-481a-9824-3996cd99e595,2026-06-02,day,8.0
a6bdf9d5-da13-44be-893f-35e3deb53ee4,eb8f4698-d0ac-481a-9824-3996cd99e595,2026-06-03,day,8.0
0ad3dc8b-ea7e-42ee-8c8d-01f2e8efa0d3,eb8f4698-d0ac-481a-9824-3996cd99e595,2026-06-04,day,8.0
c2a2282a-c46d-4d5a-a529-fe38bc2888c4,eb8f4698-d0ac-481a-9824-3996cd99e595,2026-06-05,day,8.0
9ff713b5-f203-4807-8c96-b5f88e6d1f1d,eb8f4698-d0ac-481a-9824-3996cd99e595,2026-06-08,night,10.5
a83d5bfe-7752-4bf1-abca-d16727e2d2f0,eb8f4698-d0ac-481a-9824-3996cd99e595,2026-06-09,day,8.0
70a68ec1-9bc6-496b-84f8-075b6b1c7ae8,eb8f4698-d0ac-481a-9824-3996cd99e595,2026-06-10,night,10.5
ed89474f-e51c-48dc-807a-664dab034d0d,eb8f4698-d0ac-481a-9824-3996cd99e595,2026-06-11,day,8.0
f3ef4164-bd5f-4fe7-bf97-48cee8a85150,eb8f4698-d0ac-481a-9824-3996cd99e595,2026-06-12,day,8.0
9bd832dc-8ea8-4717-91ce-7bb1f632c62a,eb8f4698-d0ac-481a-9824-3996cd99e595,2026-06-13,day,9.0
047e7585-9bf6-4dfd-80c1-f19e0cefd24a,eb8f4698-d0ac-481a-9824-3996cd99e595,2026-06-14,extended,14.7
56675da5-3c82-4ddb-9d62-ca04875c8277,eb8f4698-d0ac-481a-9824-3996cd99e595,2026-06-15,day,8.5
d89e686a-2111-4819-b927-e2abd9505f23,eb8f4698-d0ac-481a-9824-3996cd99e595,2026-06-16,extended,13.6
b3bd2da8-0bd7-44fd-a558-56eea28e6027,eb8f4698-d0ac-481a-9824-3996cd99e595,2026-06-17,day,8.0
b919d0c8-e3c9-4b9e-b288-5b2b8d6a4d13,eb8f4698-d0ac-481a-9824-3996cd99e595,2026-06-18,night,10.0
014434bb-3541-4952-83f8-80c162e0a900,eb8f4698-d0ac-481a-9824-3996cd99e595,2026-06-19,day,8.0
eb547ea6-f5e7-4c19-bd3d-3afd03d68ace,eb8f4698-d0ac-481a-9824-3996cd99e595,2026-06-22,extended,15.8
4c65a447-d248-494b-9385-5fd1388c6eb3,eb8f4698-d0ac-481a-9824-3996cd99e595,2026-06-23,extended,15.0
931fd709-b5af-487c-b7af-06838efeb7dd,eb8f4698-d0ac-481a-9824-3996cd99e595,2026-06-24,day,9.0
60736691-b005-4410-8662-6c6a079b7998,eb8f4698-d0ac-481a-9824-3996cd99e595,2026-06-25,night,11.0
f7a85a09-d3bb-45ad-85ed-378b09d3d42f,eb8f4698-d0ac-481a-9824-3996cd99e595,2026-06-26,day,8.5
add03417-2a98-4f2f-b2a2-d07ee5a6d64d,eb8f4698-d0ac-481a-9824-3996cd99e595,2026-06-29,day,8.5
4285eddf-da17-461c-bce8-9adfee0532cc,9f2888f9-c444-4ed7-8d3c-4f754ac00b01,2026-01-01,day,8.0
455444de-30bf-4c48-aca1-2a75fada116c,9f2888f9-c444-4ed7-8d3c-4f754ac00b01,2026-01-02,day,8.0
ff03f8a6-1f7d-4334-804d-7aa58cd89009,9f2888f9-c444-4ed7-8d3c-4f754ac00b01,2026-01-04,night,10.0
de527c6d-1897-4c3a-9a5f-552c5a54b1df,9f2888f9-c444-4ed7-8d3c-4f754ac00b01,2026-01-05,night,11.0
6e032d15-b4ac-4dc3-a356-afbfc4422ac5,9f2888f9-c444-4ed7-8d3c-4f754ac00b01,2026-01-06,day,8.0
04656f2d-b56b-4061-aaca-0b171f7e3d19,9f2888f9-c444-4ed7-8d3c-4f754ac00b01,2026-01-07,day,8.5
82d114d0-13b1-4315-864f-174986fc5970,9f2888f9-c444-4ed7-8d3c-4f754ac00b01,2026-01-08,day,8.0
58c834b8-1ec4-4d37-96f1-df0ae5752ab2,9f2888f9-c444-4ed7-8d3c-4f754ac00b01,2026-01-09,night,10.5
da1ec7fb-958d-41c4-9a95-07ce218bfa33,9f2888f9-c444-4ed7-8d3c-4f754ac00b01,2026-01-10,day,9.0
d320dcfb-573b-48c3-bf65-3c1c85925f52,9f2888f9-c444-4ed7-8d3c-4f754ac00b01,2026-01-11,day,8.0
b6ff742d-c3b2-4a22-a717-19fd1d49f8b2,9f2888f9-c444-4ed7-8d3c-4f754ac00b01,2026-01-12,night,10.0
789ccf10-67be-4a22-9e30-189fbc5c838d,9f2888f9-c444-4ed7-8d3c-4f754ac00b01,2026-01-13,day,8.0
3d859434-c69b-4df2-a240-6caf60214dca,9f2888f9-c444-4ed7-8d3c-4f754ac00b01,2026-01-14,day,8.0
cd807334-3f29-419e-998d-0f8d4c4002cd,9f2888f9-c444-4ed7-8d3c-4f754ac00b01,2026-01-15,night,10.0
1584790b-9f6e-4629-b467-3693a20d31e4,9f2888f9-c444-4ed7-8d3c-4f754ac00b01,2026-01-16,day,8.5
035f54d9-9bed-4f2a-b7c8-c67fa85ab81f,9f2888f9-c444-4ed7-8d3c-4f754ac00b01,2026-01-19,day,8.5
cabb736e-88b8-44d2-8d16-2af70c96ab40,9f2888f9-c444-4ed7-8d3c-4f754ac00b01,2026-01-20,night,11.0
97c083d8-f726-4cf0-9bcc-929d8b481e0a,9f2888f9-c444-4ed7-8d3c-4f754ac00b01,2026-01-21,day,8.0
bba3b5c3-b91e-48f2-a8ab-244a437aa038,9f2888f9-c444-4ed7-8d3c-4f754ac00b01,2026-01-22,night,10.0
363cc9ca-c8e7-4b36-a0a7-a1e844af6a6e,9f2888f9-c444-4ed7-8d3c-4f754ac00b01,2026-01-23,day,8.0
3e09768c-2c5c-440e-92d6-aa3afd3f67bf,9f2888f9-c444-4ed7-8d3c-4f754ac00b01,2026-01-24,day,8.0
fd0509f1-1d10-4a0b-af15-7ee16e6d06a4,9f2888f9-c444-4ed7-8d3c-4f754ac00b01,2026-01-26,night,10.5
0a194099-e018-4f0a-8b27-a524643a1d4c,9f2888f9-c444-4ed7-8d3c-4f754ac00b01,2026-01-27,night,11.0
9a46f971-a776-4f2c-91b7-439a4d08e265,9f2888f9-c444-4ed7-8d3c-4f754ac00b01,2026-01-28,day,8.0
345cc8e7-96a0-416a-850f-bd2c3e649772,9f2888f9-c444-4ed7-8d3c-4f754ac00b01,2026-01-29,day,8.0
c9d9e9fc-073b-4027-a234-462b08cea8ea,9f2888f9-c444-4ed7-8d3c-4f754ac00b01,2026-01-30,night,10.0
09c14c64-0dc2-4ce6-b6a5-e0241d7b6219,9f2888f9-c444-4ed7-8d3c-4f754ac00b01,2026-01-31,day,8.5
37bce965-b43b-4e13-a60d-17d3a2c91efb,9f2888f9-c444-4ed7-8d3c-4f754ac00b01,2026-02-01,day,8.0
d47537fd-d428-4db4-9c4b-a92c4a7cc93d,9f2888f9-c444-4ed7-8d3c-4f754ac00b01,2026-02-02,day,8.0
66d89824-3693-41a4-9797-a07234585914,9f2888f9-c444-4ed7-8d3c-4f754ac00b01,2026-02-03,day,8.0
3a524c39-e960-4f98-a8d1-0605b6a0300b,9f2888f9-c444-4ed7-8d3c-4f754ac00b01,2026-02-04,night,11.0
f133a693-084c-4669-aa96-112164dc9fc3,9f2888f9-c444-4ed7-8d3c-4f754ac00b01,2026-02-05,day,8.0
7b0d4c39-0985-45d4-8cc5-730cfbdf2e7b,9f2888f9-c444-4ed7-8d3c-4f754ac00b01,2026-02-06,day,8.5
fdc33cbe-de9a-4ef5-8ee4-befdb3796ced,9f2888f9-c444-4ed7-8d3c-4f754ac00b01,2026-02-09,day,9.0
10bb5dca-9d59-492a-b5d1-c407ef86c7a1,9f2888f9-c444-4ed7-8d3c-4f754ac00b01,2026-02-10,night,10.5
47dc65e1-441d-4e80-a46a-60065538b682,9f2888f9-c444-4ed7-8d3c-4f754ac00b01,2026-02-11,day,8.5
c559de3c-161d-43ac-a64d-56193aa4ffa6,9f2888f9-c444-4ed7-8d3c-4f754ac00b01,2026-02-12,day,8.5
4863540c-7158-4167-ade4-b6688660b850,9f2888f9-c444-4ed7-8d3c-4f754ac00b01,2026-02-13,night,10.0
23b9e0a1-cdda-4f0b-81f4-31d73d500ece,9f2888f9-c444-4ed7-8d3c-4f754ac00b01,2026-02-16,day,8.0
c2639fd9-8899-40b3-8ea1-b16d57a01513,9f2888f9-c444-4ed7-8d3c-4f754ac00b01,2026-02-17,night,10.0
31bef96b-04f5-4fbf-b3b7-7b45c65b7603,9f2888f9-c444-4ed7-8d3c-4f754ac00b01,2026-02-18,night,10.0
ba6d6e41-000f-4b80-905e-53ab207276b1,9f2888f9-c444-4ed7-8d3c-4f754ac00b01,2026-02-19,night,10.0
28a3ffe2-c410-49c3-8c65-f9513cbc2314,9f2888f9-c444-4ed7-8d3c-4f754ac00b01,2026-02-20,day,8.0
88d71556-55eb-4f81-97f5-c574f11bbee1,9f2888f9-c444-4ed7-8d3c-4f754ac00b01,2026-02-22,day,8.5
270d8e6f-b67f-46af-b39b-8e51971f6247,9f2888f9-c444-4ed7-8d3c-4f754ac00b01,2026-02-23,day,8.0
61cd7012-6d6b-42f4-9c13-03998c84d575,9f2888f9-c444-4ed7-8d3c-4f754ac00b01,2026-02-24,night,11.0
7023363a-a4c1-4709-988c-9f465a11ffd6,9f2888f9-c444-4ed7-8d3c-4f754ac00b01,2026-02-25,day,8.5
208ae5f5-e142-45d1-9dc0-f046f49c8c60,9f2888f9-c444-4ed7-8d3c-4f754ac00b01,2026-02-26,extended,13.7
349e163b-95fa-443a-86a9-8ab2e15c66ae,9f2888f9-c444-4ed7-8d3c-4f754ac00b01,2026-02-27,day,8.0
8796856e-60c4-470b-a0ce-cc186aee118c,9f2888f9-c444-4ed7-8d3c-4f754ac00b01,2026-03-01,day,8.5
ff0f058e-2986-48ad-b8e6-a4426095b29f,9f2888f9-c444-4ed7-8d3c-4f754ac00b01,2026-03-02,night,10.0
324d0b20-9860-454d-b082-fcf538fd781f,9f2888f9-c444-4ed7-8d3c-4f754ac00b01,2026-03-03,extended,13.8
2b87c6a5-b99b-469f-b91a-c6f4ca4ce75f,9f2888f9-c444-4ed7-8d3c-4f754ac00b01,2026-03-04,day,8.0
64733e82-c5f4-4dd2-af61-4aeaea08ce81,9f2888f9-c444-4ed7-8d3c-4f754ac00b01,2026-03-05,day,8.0
f63bf2e2-20d9-457f-8762-8607e9ed5e1e,9f2888f9-c444-4ed7-8d3c-4f754ac00b01,2026-03-06,day,8.0
392638f4-dea1-4964-9485-81189a4b164b,9f2888f9-c444-4ed7-8d3c-4f754ac00b01,2026-03-08,day,8.0
1a9d54a4-424b-4cf1-b4de-09aa302ebae6,9f2888f9-c444-4ed7-8d3c-4f754ac00b01,2026-03-09,night,10.0
ae5dc3d0-0db1-4251-aa9d-ea8df2f054d6,9f2888f9-c444-4ed7-8d3c-4f754ac00b01,2026-03-10,night,10.0
8a56c5ec-7f29-4e0f-bdc4-87714ece81f7,9f2888f9-c444-4ed7-8d3c-4f754ac00b01,2026-03-11,day,8.0
45acec8e-c625-4885-9ec4-850b74e9912a,9f2888f9-c444-4ed7-8d3c-4f754ac00b01,2026-03-12,day,8.0
371b8d7f-a7a9-4169-bc12-7e970c110e46,9f2888f9-c444-4ed7-8d3c-4f754ac00b01,2026-03-13,day,8.0
1f86fc4c-9761-41d8-8e22-0acc1711ebc5,9f2888f9-c444-4ed7-8d3c-4f754ac00b01,2026-03-16,day,8.0
f39f09b9-f07d-4d59-a818-c36562d8eca7,9f2888f9-c444-4ed7-8d3c-4f754ac00b01,2026-03-17,day,8.0
cfdb5642-5b86-4430-a17a-f71817d51738,9f2888f9-c444-4ed7-8d3c-4f754ac00b01,2026-03-18,day,8.5
92207094-c047-4131-9f42-98d9fadb8922,9f2888f9-c444-4ed7-8d3c-4f754ac00b01,2026-03-19,night,11.0
b612671a-a28a-41ab-a3bc-fbe3a1576652,9f2888f9-c444-4ed7-8d3c-4f754ac00b01,2026-03-20,day,8.0
32dc3f52-b916-4504-8650-1b22397f9dd9,9f2888f9-c444-4ed7-8d3c-4f754ac00b01,2026-03-23,day,8.0
e5784959-a3bc-41dc-8864-63d82811b749,9f2888f9-c444-4ed7-8d3c-4f754ac00b01,2026-03-24,day,8.0
37695f7e-cfac-43a7-9042-5bbb66c21af6,9f2888f9-c444-4ed7-8d3c-4f754ac00b01,2026-03-25,night,10.0
adac6545-3e58-499c-ae7a-4070f46a9adc,9f2888f9-c444-4ed7-8d3c-4f754ac00b01,2026-03-26,day,8.0
e60fcf74-92c2-4aef-a90f-d38dc6d79e6d,9f2888f9-c444-4ed7-8d3c-4f754ac00b01,2026-03-27,night,11.0
6dceaa07-b2c7-4202-aeae-efc4ccd19828,9f2888f9-c444-4ed7-8d3c-4f754ac00b01,2026-03-30,extended,14.9
6a352f68-5844-4dd7-9997-dcb32dc3b291,9f2888f9-c444-4ed7-8d3c-4f754ac00b01,2026-03-31,day,9.0
7bb2c3b6-ff0f-4003-82d3-cbe1b7271dda,9f2888f9-c444-4ed7-8d3c-4f754ac00b01,2026-04-01,day,9.0
120b79a7-b6be-450b-8863-933b45be0a65,9f2888f9-c444-4ed7-8d3c-4f754ac00b01,2026-04-02,day,8.0
e9173316-2a08-486d-867a-fde191099105,9f2888f9-c444-4ed7-8d3c-4f754ac00b01,2026-04-03,day,9.0
5ee2618e-de0f-4e6c-94f1-d1455eff7651,9f2888f9-c444-4ed7-8d3c-4f754ac00b01,2026-04-05,night,10.0
ef6a8e29-be5d-4c8d-8ee8-c8054a9617d8,9f2888f9-c444-4ed7-8d3c-4f754ac00b01,2026-04-06,day,8.0
0cd81959-2a23-4302-ad80-d5eb2d7fbd11,9f2888f9-c444-4ed7-8d3c-4f754ac00b01,2026-04-07,day,8.0
34202108-5d24-4ef4-b78d-b32958d05f66,9f2888f9-c444-4ed7-8d3c-4f754ac00b01,2026-04-08,night,10.5
18973c95-50dc-40f0-bd1e-4691f9ee3c8a,9f2888f9-c444-4ed7-8d3c-4f754ac00b01,2026-04-09,day,8.0
b7a321fe-df75-4424-b031-492fd0e2a721,9f2888f9-c444-4ed7-8d3c-4f754ac00b01,2026-04-10,extended,13.3
0e9af560-6e73-4750-8f45-ca4f79f9a157,9f2888f9-c444-4ed7-8d3c-4f754ac00b01,2026-04-13,day,8.5
a1f6582c-449c-49b2-8a7a-41f69b95d70e,9f2888f9-c444-4ed7-8d3c-4f754ac00b01,2026-04-14,extended,13.7
54883d85-00df-45c7-bbc0-8620afc54605,9f2888f9-c444-4ed7-8d3c-4f754ac00b01,2026-04-15,day,8.5
d109bf81-3df7-4f1a-a57d-7dba562e1237,9f2888f9-c444-4ed7-8d3c-4f754ac00b01,2026-04-16,day,8.0
08167965-8109-41bc-bef9-344a691904e0,9f2888f9-c444-4ed7-8d3c-4f754ac00b01,2026-04-17,extended,13.1
274e24ef-735e-450b-8c8b-7d741055c64b,9f2888f9-c444-4ed7-8d3c-4f754ac00b01,2026-04-20,day,8.0
e409d40f-98fa-46c0-9ab6-bc8d9ad96642,9f2888f9-c444-4ed7-8d3c-4f754ac00b01,2026-04-21,day,8.0
c8818b26-ada5-4b18-93ca-ba2dcc488185,9f2888f9-c444-4ed7-8d3c-4f754ac00b01,2026-04-22,day,8.0
6807c419-c037-4b1d-aec6-bca07e5951b7,9f2888f9-c444-4ed7-8d3c-4f754ac00b01,2026-04-23,night,10.0
cf3642e0-bead-43e5-812c-4f4828dd8edd,9f2888f9-c444-4ed7-8d3c-4f754ac00b01,2026-04-24,day,9.5
bdf81bdd-b605-4708-ab17-efd08be98000,9f2888f9-c444-4ed7-8d3c-4f754ac00b01,2026-04-26,day,8.0
7104e325-cf48-4c71-a84e-3135d1da84e8,9f2888f9-c444-4ed7-8d3c-4f754ac00b01,2026-04-27,day,8.0
b219598b-07c2-4c48-83b8-038a3cbfab0c,9f2888f9-c444-4ed7-8d3c-4f754ac00b01,2026-04-28,day,9.0
e5f4eaf2-dbe0-4743-8500-fcc6e3a38913,9f2888f9-c444-4ed7-8d3c-4f754ac00b01,2026-04-29,day,8.0
5be2d7f3-89ee-4f5b-9105-2a7b3f45e5e7,9f2888f9-c444-4ed7-8d3c-4f754ac00b01,2026-04-30,night,10.5
02d6557a-0847-4461-b733-902772a14e82,9f2888f9-c444-4ed7-8d3c-4f754ac00b01,2026-05-01,day,8.0
f89655e7-7187-4a56-9ff5-11d48f823354,9f2888f9-c444-4ed7-8d3c-4f754ac00b01,2026-05-04,day,8.0
11e36464-fd31-48cf-a3fc-221a9fd9b510,9f2888f9-c444-4ed7-8d3c-4f754ac00b01,2026-05-05,day,8.0
655bff72-8403-410e-8b5d-c6970403f0d3,9f2888f9-c444-4ed7-8d3c-4f754ac00b01,2026-05-06,day,8.0
4f4f7d57-30f8-4328-b7b1-9d4b6f55be3d,9f2888f9-c444-4ed7-8d3c-4f754ac00b01,2026-05-07,day,9.5
a70ed5d4-caa2-4a71-afd0-ac2137b14cec,9f2888f9-c444-4ed7-8d3c-4f754ac00b01,2026-05-08,day,8.0
8526066d-efb0-4d7d-aa9c-87c6767c8495,9f2888f9-c444-4ed7-8d3c-4f754ac00b01,2026-05-11,night,10.0
dcafefa8-f1f6-4c1a-97ca-376f3884170b,9f2888f9-c444-4ed7-8d3c-4f754ac00b01,2026-05-12,day,9.5
8a6802d3-b87b-423b-bbf3-f1f8a054790e,9f2888f9-c444-4ed7-8d3c-4f754ac00b01,2026-05-13,day,8.0
73b25d20-8071-4b79-bbc5-5b3618c7eb53,9f2888f9-c444-4ed7-8d3c-4f754ac00b01,2026-05-14,extended,13.4
ad59912f-6ace-42e1-b78b-8c1d6900db91,9f2888f9-c444-4ed7-8d3c-4f754ac00b01,2026-05-15,night,10.0
1cff128c-2228-41f5-93f7-ab23bfc968fa,9f2888f9-c444-4ed7-8d3c-4f754ac00b01,2026-05-18,day,9.0
fa04bc59-638c-4db6-b570-3bda00dce804,9f2888f9-c444-4ed7-8d3c-4f754ac00b01,2026-05-19,day,8.5
d890d87b-f66d-4770-8ba9-6220bfa7f356,9f2888f9-c444-4ed7-8d3c-4f754ac00b01,2026-05-20,night,10.0
a46fbec4-7752-4ccc-9e0c-15cf99eaf1b5,9f2888f9-c444-4ed7-8d3c-4f754ac00b01,2026-05-21,night,10.5
e3004a9f-214e-44b2-b133-7cc7d14ce1a1,9f2888f9-c444-4ed7-8d3c-4f754ac00b01,2026-05-22,day,8.5
c03ecd79-8daf-4c46-bc0e-f77a9c8c1e76,9f2888f9-c444-4ed7-8d3c-4f754ac00b01,2026-05-24,day,8.0
e2b61b4f-6f92-4932-b8cb-09c9a8a17944,9f2888f9-c444-4ed7-8d3c-4f754ac00b01,2026-05-25,night,10.5
33ab7c15-03b1-4ac3-b3dc-98e2fd219269,9f2888f9-c444-4ed7-8d3c-4f754ac00b01,2026-05-26,night,10.5
be6147c7-e0b1-4736-b202-0836c6cb8882,9f2888f9-c444-4ed7-8d3c-4f754ac00b01,2026-05-27,day,8.0
a1417f6e-1b6f-4fe6-896f-1f940812dcca,9f2888f9-c444-4ed7-8d3c-4f754ac00b01,2026-05-28,day,8.0
8883c038-fdd4-4978-9cd2-7accd15ef26c,9f2888f9-c444-4ed7-8d3c-4f754ac00b01,2026-05-29,night,11.0
1131642a-6865-4345-8718-7e9fd9a87f8b,9f2888f9-c444-4ed7-8d3c-4f754ac00b01,2026-05-30,night,10.0
7c6530b0-4566-4e28-bc86-ab38499d5b4b,9f2888f9-c444-4ed7-8d3c-4f754ac00b01,2026-06-01,day,8.5
f09cc7b1-4eaf-4a3d-8150-3ad802f1958a,9f2888f9-c444-4ed7-8d3c-4f754ac00b01,2026-06-02,day,9.0
e744fca5-c7f6-4c98-9954-58eecc28f1fe,9f2888f9-c444-4ed7-8d3c-4f754ac00b01,2026-06-03,night,10.0
14a5e20d-1df2-4307-a2a8-01489c0cac4e,9f2888f9-c444-4ed7-8d3c-4f754ac00b01,2026-06-04,day,8.0
ea3edc9b-f727-4e7a-8a11-c0f5bc10da05,9f2888f9-c444-4ed7-8d3c-4f754ac00b01,2026-06-05,day,8.0
db6ce712-4d89-494d-849c-3e3a1d1aab85,9f2888f9-c444-4ed7-8d3c-4f754ac00b01,2026-06-07,day,8.0
1f459d87-7516-4606-a44b-52992458a3f3,9f2888f9-c444-4ed7-8d3c-4f754ac00b01,2026-06-08,day,8.0
7112a690-1c01-447b-a9fb-2d13a7fc8004,9f2888f9-c444-4ed7-8d3c-4f754ac00b01,2026-06-09,day,8.0
ec31747e-4f80-4711-a0b7-c00e4f072375,9f2888f9-c444-4ed7-8d3c-4f754ac00b01,2026-06-10,day,8.0
b7dba524-c8e1-4e55-a305-2d55bc36206c,9f2888f9-c444-4ed7-8d3c-4f754ac00b01,2026-06-11,day,8.0
dd10568b-4451-4fbb-bcad-f41d5af2c281,9f2888f9-c444-4ed7-8d3c-4f754ac00b01,2026-06-12,day,8.0
ca40fb2b-c4ab-4f25-ad7d-75532ba6b653,9f2888f9-c444-4ed7-8d3c-4f754ac00b01,2026-06-14,day,9.0
e99647bf-10a5-46b4-bb71-66c19d113232,9f2888f9-c444-4ed7-8d3c-4f754ac00b01,2026-06-15,day,9.0
a76e5790-e65c-4bff-b3c4-cf2e53648c69,9f2888f9-c444-4ed7-8d3c-4f754ac00b01,2026-06-16,night,10.5
6fd3b4d1-4c76-4bf0-8e19-717cfbbde52d,9f2888f9-c444-4ed7-8d3c-4f754ac00b01,2026-06-17,night,10.0
227398b9-c75a-40df-bd00-24a67de81d93,9f2888f9-c444-4ed7-8d3c-4f754ac00b01,2026-06-18,night,10.5
1c1245d2-5d59-4138-8b68-7aaf1dff2371,9f2888f9-c444-4ed7-8d3c-4f754ac00b01,2026-06-19,day,8.0
c3eb018b-baa0-4028-befb-c7856ec2b4a8,9f2888f9-c444-4ed7-8d3c-4f754ac00b01,2026-06-20,day,8.0
61df8973-fdc0-4258-bd16-da8cf2e59380,9f2888f9-c444-4ed7-8d3c-4f754ac00b01,2026-06-21,day,8.0
af194f51-1f15-49a7-9bcc-5e686b26f595,9f2888f9-c444-4ed7-8d3c-4f754ac00b01,2026-06-22,night,11.0
b2ec544e-d6a2-4065-b82d-8197e9ce8ed7,9f2888f9-c444-4ed7-8d3c-4f754ac00b01,2026-06-23,night,10.5
56e00fa6-16e4-4aa8-8d82-eb14551ac31c,9f2888f9-c444-4ed7-8d3c-4f754ac00b01,2026-06-24,day,8.0
b69c3fd7-f5d2-47f9-9db2-8e590b33b2c3,9f2888f9-c444-4ed7-8d3c-4f754ac00b01,2026-06-25,day,8.0
e1ca6fc0-da31-47f9-b44c-b62618f5cada,9f2888f9-c444-4ed7-8d3c-4f754ac00b01,2026-06-26,day,8.0
324713ca-dcc1-44aa-a5ef-480a9ea40421,9f2888f9-c444-4ed7-8d3c-4f754ac00b01,2026-06-28,day,8.5
387ef59f-da74-4f9e-ac82-4ee9d4e21146,9f2888f9-c444-4ed7-8d3c-4f754ac00b01,2026-06-29,day,8.0
bc769f69-3b10-4472-8a6f-5ea529951355,fbad27f5-5c0f-4828-8e5b-d93830474787,2026-01-01,day,9.0
7adfa5b7-d366-4fba-bf54-76c22f216b1b,fbad27f5-5c0f-4828-8e5b-d93830474787,2026-01-02,day,9.0
294b5cbe-f5bb-4339-9d96-fed71f861eda,fbad27f5-5c0f-4828-8e5b-d93830474787,2026-01-04,day,8.0
f4235e64-5912-42c5-9d0e-6205c8598358,fbad27f5-5c0f-4828-8e5b-d93830474787,2026-01-05,day,8.5
f4898f6a-321c-4f29-9e2f-6e6c9b378fda,fbad27f5-5c0f-4828-8e5b-d93830474787,2026-01-06,night,10.0
7a987922-a4c3-45ed-9ac5-5ae661646ad8,fbad27f5-5c0f-4828-8e5b-d93830474787,2026-01-07,day,8.0
3ffa3cd2-cfbf-4262-94ad-168e6a0b5988,fbad27f5-5c0f-4828-8e5b-d93830474787,2026-01-08,night,11.0
97ce465d-3135-40ff-b518-386cf491473e,fbad27f5-5c0f-4828-8e5b-d93830474787,2026-01-09,night,10.0
f37b60bc-22d0-423b-854d-b572cf6442fd,fbad27f5-5c0f-4828-8e5b-d93830474787,2026-01-10,day,8.0
3016fcb4-a247-460f-8be1-3a29e6a619bc,fbad27f5-5c0f-4828-8e5b-d93830474787,2026-01-11,day,8.5
df5b4549-b3e8-4aa4-8aff-fb63819cf2f7,fbad27f5-5c0f-4828-8e5b-d93830474787,2026-01-12,day,8.0
a3ec2eb6-545d-457a-8542-a47b1938671b,fbad27f5-5c0f-4828-8e5b-d93830474787,2026-01-13,day,8.5
6ce19ed3-bc1a-412a-ac45-668e7d1798ea,fbad27f5-5c0f-4828-8e5b-d93830474787,2026-01-14,night,10.0
64c91c0e-4bf8-4d13-9a38-2336aa98db21,fbad27f5-5c0f-4828-8e5b-d93830474787,2026-01-15,day,9.5
9de00a67-3486-4844-80e6-47c74e32951f,fbad27f5-5c0f-4828-8e5b-d93830474787,2026-01-16,day,8.0
2b890f04-c54b-4205-8c87-15e79642cb70,fbad27f5-5c0f-4828-8e5b-d93830474787,2026-01-18,night,10.0
4b5172ec-25b4-4329-b8af-2c5522de2022,fbad27f5-5c0f-4828-8e5b-d93830474787,2026-01-19,day,8.0
1e84701e-f8f2-4086-82e2-e6a2dfbbfed0,fbad27f5-5c0f-4828-8e5b-d93830474787,2026-01-20,night,10.0
fc6a74be-2481-4140-b233-745127fd200d,fbad27f5-5c0f-4828-8e5b-d93830474787,2026-01-21,day,8.0
ddc68fc0-ea3a-48fa-8923-bed402691f5c,fbad27f5-5c0f-4828-8e5b-d93830474787,2026-01-22,day,9.0
6d479a67-6bc7-43cb-8abf-fae4a8ee0a7c,fbad27f5-5c0f-4828-8e5b-d93830474787,2026-01-23,day,8.0
cc6ffccc-49fc-4ccd-8a78-b0f000856751,fbad27f5-5c0f-4828-8e5b-d93830474787,2026-01-24,night,12.0
c74b4b51-107e-4d98-bf0c-70e352206f9c,fbad27f5-5c0f-4828-8e5b-d93830474787,2026-01-26,extended,14.7
30d389f6-f45a-4ff6-b180-c1cf523586b5,fbad27f5-5c0f-4828-8e5b-d93830474787,2026-01-27,day,8.0
274aa1a4-ce96-4492-b824-fa1f0f24a66e,fbad27f5-5c0f-4828-8e5b-d93830474787,2026-01-28,day,8.0
56efc566-d3b1-4039-bda7-1fa31b72acf5,fbad27f5-5c0f-4828-8e5b-d93830474787,2026-01-29,day,8.5
4c7066e3-41ca-4df6-9398-f5190b466f1b,fbad27f5-5c0f-4828-8e5b-d93830474787,2026-01-30,day,8.0
f7cd9f25-dcb5-466e-82db-401622ceb4bc,fbad27f5-5c0f-4828-8e5b-d93830474787,2026-02-01,day,8.5
3208e432-9872-4c1b-b082-0567bfb055c1,fbad27f5-5c0f-4828-8e5b-d93830474787,2026-02-02,day,8.5
4847db7c-cb6e-4c85-96ab-cae3ab81fc39,fbad27f5-5c0f-4828-8e5b-d93830474787,2026-02-03,day,8.0
54ed073d-dce4-413d-b5d9-6a228cc7f688,fbad27f5-5c0f-4828-8e5b-d93830474787,2026-02-04,day,8.0
fcbf1671-bba5-42c2-8762-46dac1f6d9ff,fbad27f5-5c0f-4828-8e5b-d93830474787,2026-02-05,day,8.0
ac55bddb-ff03-41aa-95fd-f1a43ef71100,fbad27f5-5c0f-4828-8e5b-d93830474787,2026-02-06,day,8.0
cb074911-c16c-4c2b-afa6-5bbcd4198782,fbad27f5-5c0f-4828-8e5b-d93830474787,2026-02-07,day,8.5
01ff85d0-1f65-41aa-8423-b74940a3c292,fbad27f5-5c0f-4828-8e5b-d93830474787,2026-02-09,day,8.0
34d565e5-d748-4bc5-9a9a-cfa3d0e1d4c4,fbad27f5-5c0f-4828-8e5b-d93830474787,2026-02-10,night,10.5
30cf3cdd-92a5-4140-ba48-d500f215f655,fbad27f5-5c0f-4828-8e5b-d93830474787,2026-02-11,day,8.5
efa25398-1426-44db-acaa-6f69026e9614,fbad27f5-5c0f-4828-8e5b-d93830474787,2026-02-12,day,8.5
e5aba794-d9f6-4f35-8050-b0e5b15ea17c,fbad27f5-5c0f-4828-8e5b-d93830474787,2026-02-13,day,9.0
8622779d-a763-4eca-a30b-de846040cf67,fbad27f5-5c0f-4828-8e5b-d93830474787,2026-02-14,day,8.0
82cc06cf-36cf-4cb8-be6f-7820da4aa98f,fbad27f5-5c0f-4828-8e5b-d93830474787,2026-02-15,night,11.0
2e11326f-ea87-4336-8da0-6a96c72d33b7,fbad27f5-5c0f-4828-8e5b-d93830474787,2026-02-16,day,8.0
3fa0e3c2-c796-48ba-b059-125999257eb8,fbad27f5-5c0f-4828-8e5b-d93830474787,2026-02-17,day,8.0
ae0667bb-ea8c-401f-8b0b-af31fb3e7992,fbad27f5-5c0f-4828-8e5b-d93830474787,2026-02-18,day,8.0
ae1cad3b-ccd8-4d4c-b98e-177fdacb1b6c,fbad27f5-5c0f-4828-8e5b-d93830474787,2026-02-19,night,10.0
07256601-80c7-4f15-ae50-db8f8626a779,fbad27f5-5c0f-4828-8e5b-d93830474787,2026-02-20,day,8.5
3bd759ee-cbd6-45c7-bcbf-1353c43c8c64,fbad27f5-5c0f-4828-8e5b-d93830474787,2026-02-22,night,10.5
8f76bb15-2a37-4974-ad71-f2cabcafb139,fbad27f5-5c0f-4828-8e5b-d93830474787,2026-02-23,night,10.5
e9de1d4d-867c-455b-af0b-366d48ebde88,fbad27f5-5c0f-4828-8e5b-d93830474787,2026-02-24,night,10.5
643e4415-f7fa-4a64-b673-20175333346d,fbad27f5-5c0f-4828-8e5b-d93830474787,2026-02-25,day,8.0
367da4ec-f11d-4705-bcf1-3cacb0e30c69,fbad27f5-5c0f-4828-8e5b-d93830474787,2026-02-26,day,8.0
50c3a290-fa64-49d5-a7e0-97512c1a71fe,fbad27f5-5c0f-4828-8e5b-d93830474787,2026-02-27,day,8.0
cbf79875-0634-416e-aff7-aa641158306e,fbad27f5-5c0f-4828-8e5b-d93830474787,2026-03-01,day,8.0
c616d53f-1fa5-4a5a-9697-5afc4b9254a1,fbad27f5-5c0f-4828-8e5b-d93830474787,2026-03-02,night,10.0
a48d4b2e-e789-45b0-af4f-52a59e189753,fbad27f5-5c0f-4828-8e5b-d93830474787,2026-03-03,day,8.0
0729ed3d-0dab-43c7-8a10-67e3ac44ae8b,fbad27f5-5c0f-4828-8e5b-d93830474787,2026-03-04,night,12.0
4eec50b4-cf5c-44ac-b48d-66f06a4f022c,fbad27f5-5c0f-4828-8e5b-d93830474787,2026-03-05,extended,13.2
afe8a454-3987-4217-8106-82400b9acd1f,fbad27f5-5c0f-4828-8e5b-d93830474787,2026-03-06,day,8.0
730b0e97-8f83-4a4b-912c-194b69e831e9,fbad27f5-5c0f-4828-8e5b-d93830474787,2026-03-07,day,8.5
b5634672-f0af-4c53-9185-9cfdfdf2906e,fbad27f5-5c0f-4828-8e5b-d93830474787,2026-03-09,day,9.0
b43d1437-1070-427f-899e-7e8c8712c91e,fbad27f5-5c0f-4828-8e5b-d93830474787,2026-03-10,day,9.0
c6d2c4bf-5481-46fa-bec6-5659e33d85ee,fbad27f5-5c0f-4828-8e5b-d93830474787,2026-03-11,day,8.0
fb6ebb01-d648-4b24-ae15-0e20368135d2,fbad27f5-5c0f-4828-8e5b-d93830474787,2026-03-12,night,10.0
ed9a7c40-28c0-4ca6-91be-c4947181d845,fbad27f5-5c0f-4828-8e5b-d93830474787,2026-03-13,extended,13.0
022c1524-901b-4951-a7ac-3d473b44c68c,fbad27f5-5c0f-4828-8e5b-d93830474787,2026-03-15,extended,15.3
5ec1c1a9-b152-44c0-b8aa-6c79c29e11b7,fbad27f5-5c0f-4828-8e5b-d93830474787,2026-03-16,night,10.0
c23c7b84-bf24-4698-8831-6e6b820341ff,fbad27f5-5c0f-4828-8e5b-d93830474787,2026-03-17,day,8.0
a110a7da-3207-43a4-9657-0c116aa3af8b,fbad27f5-5c0f-4828-8e5b-d93830474787,2026-03-18,extended,13.1
9da00ced-8396-42eb-9c82-62806ffddca9,fbad27f5-5c0f-4828-8e5b-d93830474787,2026-03-19,night,10.5
144e45bb-dc6b-4e14-86c5-ce43fae8cdd6,fbad27f5-5c0f-4828-8e5b-d93830474787,2026-03-20,night,11.0
82de9b63-7965-48fd-8d3b-0de94f8b7e99,fbad27f5-5c0f-4828-8e5b-d93830474787,2026-03-21,day,8.5
be28db3b-6df4-49a5-b543-0d5b2ed11917,fbad27f5-5c0f-4828-8e5b-d93830474787,2026-03-22,day,8.0
2506b772-5418-4bf7-a6ac-695ed6428eaf,fbad27f5-5c0f-4828-8e5b-d93830474787,2026-03-23,day,8.5
2e332512-b1c6-43e1-a549-345225a62e1c,fbad27f5-5c0f-4828-8e5b-d93830474787,2026-03-24,night,10.0
4a0af86a-4d9b-4b3f-a776-6b3ce28f3bac,fbad27f5-5c0f-4828-8e5b-d93830474787,2026-03-25,extended,13.9
c3fca384-6b51-4b07-8135-58a80a455efd,fbad27f5-5c0f-4828-8e5b-d93830474787,2026-03-26,day,8.0
f4f4d3f3-363b-4ac4-979e-5aa811d65899,fbad27f5-5c0f-4828-8e5b-d93830474787,2026-03-27,day,9.5
00b9bad8-0b16-40e1-98ad-f6707b335e67,fbad27f5-5c0f-4828-8e5b-d93830474787,2026-03-29,day,9.0
a1bcc63b-5fcc-4aff-9cce-0a96481dee56,fbad27f5-5c0f-4828-8e5b-d93830474787,2026-03-30,day,8.0
629339ed-d831-46d7-9af3-b7d327089266,fbad27f5-5c0f-4828-8e5b-d93830474787,2026-03-31,day,8.0
0ee68b97-de47-4e8e-a36c-df55bf5985fa,fbad27f5-5c0f-4828-8e5b-d93830474787,2026-04-01,day,9.5
a9224ba3-cded-430b-ab09-beb591511775,fbad27f5-5c0f-4828-8e5b-d93830474787,2026-04-02,night,10.0
63f11ec6-94c9-40fb-963c-851fa121ad8d,fbad27f5-5c0f-4828-8e5b-d93830474787,2026-04-03,day,8.0
9a0992a1-117e-4883-bd51-e2f7eca20094,fbad27f5-5c0f-4828-8e5b-d93830474787,2026-04-06,night,10.5
15e009d3-2174-424c-be85-799a3d92a8e4,fbad27f5-5c0f-4828-8e5b-d93830474787,2026-04-07,night,10.0
39100f1c-cefd-4c74-a81f-396a0c97a6ff,fbad27f5-5c0f-4828-8e5b-d93830474787,2026-04-08,extended,12.9
674e9321-0fc6-4178-9641-170f8692bc55,fbad27f5-5c0f-4828-8e5b-d93830474787,2026-04-09,day,8.0
4633e500-35ea-49be-b62d-72a55942725d,fbad27f5-5c0f-4828-8e5b-d93830474787,2026-04-10,day,8.5
60b07ac2-c55c-4c3b-b1bb-789daed12801,fbad27f5-5c0f-4828-8e5b-d93830474787,2026-04-13,extended,14.8
aef94c61-1a2a-4823-8fea-8d85f5af9e94,fbad27f5-5c0f-4828-8e5b-d93830474787,2026-04-14,night,12.0
90724495-f17c-4e4d-a162-184d12af06ec,fbad27f5-5c0f-4828-8e5b-d93830474787,2026-04-15,day,8.0
1e40e2a2-1263-4cc8-abc5-25d5a4985611,fbad27f5-5c0f-4828-8e5b-d93830474787,2026-04-16,day,8.0
f3df36dc-c8a3-45a2-9126-1a9712fc9c41,fbad27f5-5c0f-4828-8e5b-d93830474787,2026-04-17,day,8.0
7cdf1d33-95b6-4287-a572-cf8d17035fa7,fbad27f5-5c0f-4828-8e5b-d93830474787,2026-04-20,day,9.0
59df1d14-891a-481a-adac-760339421710,fbad27f5-5c0f-4828-8e5b-d93830474787,2026-04-21,day,8.0
39eb11aa-e26d-42fe-b9a4-2769dc56b2fd,fbad27f5-5c0f-4828-8e5b-d93830474787,2026-04-22,day,8.5
80f0819e-5e0c-48e4-ba9e-697705654f2d,fbad27f5-5c0f-4828-8e5b-d93830474787,2026-04-23,day,8.0
17d8913b-89c6-4dbc-9230-b5961618ef2a,fbad27f5-5c0f-4828-8e5b-d93830474787,2026-04-24,day,8.0
32846460-a5ef-4640-b659-d6e2e239f67a,fbad27f5-5c0f-4828-8e5b-d93830474787,2026-04-26,day,8.5
dbff3a80-cb60-478f-9b9c-488665bbc186,fbad27f5-5c0f-4828-8e5b-d93830474787,2026-04-27,night,11.0
3ab54a5b-cb2e-42de-94df-4a8f9a914b8e,fbad27f5-5c0f-4828-8e5b-d93830474787,2026-04-28,day,8.5
9cbfc01e-5c45-4f3b-9f72-9af1af4e6f8e,fbad27f5-5c0f-4828-8e5b-d93830474787,2026-04-29,day,8.0
b4785491-6a03-451b-8ea7-db62f698fb4c,fbad27f5-5c0f-4828-8e5b-d93830474787,2026-04-30,day,8.5
7fadd031-e28b-490d-95e6-fbab0be10b38,fbad27f5-5c0f-4828-8e5b-d93830474787,2026-05-01,day,8.0
a1fa9c61-3510-4e28-82aa-b71eef70cc7f,fbad27f5-5c0f-4828-8e5b-d93830474787,2026-05-02,day,8.0
03e14186-1080-42c2-a62d-61e2ad760b97,fbad27f5-5c0f-4828-8e5b-d93830474787,2026-05-04,day,8.0
0d5df714-0fa9-47f6-924c-1208b4e79b1a,fbad27f5-5c0f-4828-8e5b-d93830474787,2026-05-05,day,8.0
8d6041fc-009c-494a-8cac-1388c5319660,fbad27f5-5c0f-4828-8e5b-d93830474787,2026-05-06,day,8.0
34f9b3f3-af66-43d5-af0d-6cd850a6f7f8,fbad27f5-5c0f-4828-8e5b-d93830474787,2026-05-07,day,8.5
7194995e-a5ee-446d-9eb9-25b256f8f856,fbad27f5-5c0f-4828-8e5b-d93830474787,2026-05-08,day,8.0
dfadb583-549f-4d8d-b57c-6b1500a0ba29,fbad27f5-5c0f-4828-8e5b-d93830474787,2026-05-10,day,8.0
bf8267c2-aa58-4efc-80dc-b6dc6056d886,fbad27f5-5c0f-4828-8e5b-d93830474787,2026-05-11,extended,13.5
dfc06732-8a33-4733-81cc-24039c493c8d,fbad27f5-5c0f-4828-8e5b-d93830474787,2026-05-12,night,10.0
08a2f0d0-ff6c-4ff5-b854-515c77c2c4de,fbad27f5-5c0f-4828-8e5b-d93830474787,2026-05-13,day,8.0
af342b14-502d-4995-9928-41160d4b8b03,fbad27f5-5c0f-4828-8e5b-d93830474787,2026-05-14,extended,13.2
3a570386-d3b9-4426-8bcc-972f83bfb81d,fbad27f5-5c0f-4828-8e5b-d93830474787,2026-05-15,day,8.0
67a3c7e9-0037-4cdd-a92f-ec4b2f4f114d,fbad27f5-5c0f-4828-8e5b-d93830474787,2026-05-17,day,8.0
eadde28e-c68b-4dd8-b5cb-68ab19fe2329,fbad27f5-5c0f-4828-8e5b-d93830474787,2026-05-18,night,10.5
53010a48-df1e-45c0-963b-adf0318ebe50,fbad27f5-5c0f-4828-8e5b-d93830474787,2026-05-19,day,8.0
5367cf3c-1909-4998-a92e-d3895c8d590a,fbad27f5-5c0f-4828-8e5b-d93830474787,2026-05-20,day,8.0
5b31d784-1569-46ec-8b93-0092e07c0aa7,fbad27f5-5c0f-4828-8e5b-d93830474787,2026-05-21,day,8.0
6903578d-a927-4c65-8a58-7e8161cc4718,fbad27f5-5c0f-4828-8e5b-d93830474787,2026-05-22,day,9.0
683247b2-a92a-4602-9aea-0bc1d98aaa8b,fbad27f5-5c0f-4828-8e5b-d93830474787,2026-05-25,night,11.0
562bb368-0d02-43d8-a829-17ce384c65c7,fbad27f5-5c0f-4828-8e5b-d93830474787,2026-05-26,day,8.0
b9d2b317-93d8-43be-b356-7bc36c774efc,fbad27f5-5c0f-4828-8e5b-d93830474787,2026-05-27,day,8.0
da6ec828-29d2-41db-8aba-662be87bc7c0,fbad27f5-5c0f-4828-8e5b-d93830474787,2026-05-28,day,8.0
c66e3ddb-3cf9-4e74-98dc-23e4591d39a5,fbad27f5-5c0f-4828-8e5b-d93830474787,2026-05-29,day,9.0
6daea069-2721-46f9-adac-e4ea90efca96,fbad27f5-5c0f-4828-8e5b-d93830474787,2026-06-01,night,10.0
d6cf1296-1557-4ff1-93f1-1c44783eafad,fbad27f5-5c0f-4828-8e5b-d93830474787,2026-06-02,night,10.0
380a85cf-694b-4ca2-bfa9-295cbbcc6dce,fbad27f5-5c0f-4828-8e5b-d93830474787,2026-06-03,day,9.5
3aef5c0b-646c-4559-aea8-c9d6c5f63e03,fbad27f5-5c0f-4828-8e5b-d93830474787,2026-06-04,night,11.0
c7a18cca-74da-4ddc-92f6-8cd9d1db2bcf,fbad27f5-5c0f-4828-8e5b-d93830474787,2026-06-05,day,8.5
b9ccb0da-85db-495c-9097-721d67f19ecf,fbad27f5-5c0f-4828-8e5b-d93830474787,2026-06-06,day,8.0
ac25950a-d812-4c54-a5c8-8eb21ff81f28,fbad27f5-5c0f-4828-8e5b-d93830474787,2026-06-08,day,8.0
4cc91d6e-d58f-494a-af32-48c7d4a94bc9,fbad27f5-5c0f-4828-8e5b-d93830474787,2026-06-09,night,10.0
edff248c-193f-411c-bdb6-61d7e57e31d4,fbad27f5-5c0f-4828-8e5b-d93830474787,2026-06-10,day,8.0
e3e9cb61-84b4-4576-8067-43abca297a0e,fbad27f5-5c0f-4828-8e5b-d93830474787,2026-06-11,day,9.5
e5a494a6-8d41-4d5c-8328-fcf14f9c25e4,fbad27f5-5c0f-4828-8e5b-d93830474787,2026-06-12,day,8.0
4a14d611-55dd-48ff-8218-86e36012dae8,fbad27f5-5c0f-4828-8e5b-d93830474787,2026-06-15,day,8.0
17deecc2-de61-4ba8-a483-236ee19557c6,fbad27f5-5c0f-4828-8e5b-d93830474787,2026-06-16,day,8.0
ac3def16-1eef-4f1b-8c0c-6352a7fe53fa,fbad27f5-5c0f-4828-8e5b-d93830474787,2026-06-17,day,8.0
33c8187d-fb58-4120-b55b-48c8d74d70ea,fbad27f5-5c0f-4828-8e5b-d93830474787,2026-06-18,day,8.0
cdb6f81b-82f3-4956-a993-a26569b8b5cc,fbad27f5-5c0f-4828-8e5b-d93830474787,2026-06-19,day,8.0
4100bb44-036a-47ee-90fb-51c483ccfd14,fbad27f5-5c0f-4828-8e5b-d93830474787,2026-06-22,day,8.0
3df71ca9-8eea-4e9b-b06e-4721c6cd5c3e,fbad27f5-5c0f-4828-8e5b-d93830474787,2026-06-23,day,8.0
280871ec-9685-4e62-9fbb-1c82f46ffec7,fbad27f5-5c0f-4828-8e5b-d93830474787,2026-06-24,extended,13.6
c61b3c39-1f67-4028-9618-02ea2249df4d,fbad27f5-5c0f-4828-8e5b-d93830474787,2026-06-25,night,10.5
f0e6294a-a9b4-4e7f-baa0-78c32cbbe61e,fbad27f5-5c0f-4828-8e5b-d93830474787,2026-06-26,day,8.5
9be6fcb1-95eb-447b-8906-c628b74bf8a5,fbad27f5-5c0f-4828-8e5b-d93830474787,2026-06-27,day,8.0
02cde288-d676-4fd6-bac9-c1d7fe4b51cc,fbad27f5-5c0f-4828-8e5b-d93830474787,2026-06-29,day,8.0
b259549a-50f4-4e03-82c9-a552ae96172a,70641daa-5086-4b41-a8cb-157cf104dd4a,2026-01-01,extended,13.4
b4b852ce-9b4c-4da0-a454-8a007073cc86,70641daa-5086-4b41-a8cb-157cf104dd4a,2026-01-02,day,8.5
2e29e8f0-ce8c-4bc3-a3cb-0283a25ea04c,70641daa-5086-4b41-a8cb-157cf104dd4a,2026-01-05,extended,13.2
e3c9db53-e871-452a-9644-f24871f5685b,70641daa-5086-4b41-a8cb-157cf104dd4a,2026-01-06,extended,13.6
3dbf50ad-d198-448f-a533-b44b316782b7,70641daa-5086-4b41-a8cb-157cf104dd4a,2026-01-07,day,9.0
5ab5891e-3fe1-41c8-b107-2c24a1dc3f49,70641daa-5086-4b41-a8cb-157cf104dd4a,2026-01-08,day,8.0
dcbd2517-d617-4f11-bff6-ac4c2c581508,70641daa-5086-4b41-a8cb-157cf104dd4a,2026-01-09,night,10.5
740e85c7-fae7-4d71-8004-b6849cdecf9f,70641daa-5086-4b41-a8cb-157cf104dd4a,2026-01-11,night,10.5
5408b24f-c24f-465f-97dd-bc1ba195064d,70641daa-5086-4b41-a8cb-157cf104dd4a,2026-01-12,day,8.5
b6b62d40-bcef-47b0-9c62-3ef15100b4e9,70641daa-5086-4b41-a8cb-157cf104dd4a,2026-01-13,night,10.5
fa3cfb08-e67e-436b-aa58-03145268f2ca,70641daa-5086-4b41-a8cb-157cf104dd4a,2026-01-14,day,9.0
4f18e52f-3eeb-455c-93af-68573dc66c2f,70641daa-5086-4b41-a8cb-157cf104dd4a,2026-01-15,day,8.0
5f3e1ab2-a0ee-49df-adbe-83f6d1e5e29b,70641daa-5086-4b41-a8cb-157cf104dd4a,2026-01-16,extended,14.5
907dda60-89fd-42a9-84e2-f0d06477157a,70641daa-5086-4b41-a8cb-157cf104dd4a,2026-01-19,day,8.0
b87fe480-9149-45c9-bb4d-cdab3c3aed98,70641daa-5086-4b41-a8cb-157cf104dd4a,2026-01-20,day,8.0
1de0b8f9-8682-410d-8647-c79832d22ae0,70641daa-5086-4b41-a8cb-157cf104dd4a,2026-01-21,day,8.0
ac0d71ea-0f61-4ae3-a088-974bed5d9999,70641daa-5086-4b41-a8cb-157cf104dd4a,2026-01-22,day,8.0
77d2e346-64a5-42ef-902a-815a95426ca2,70641daa-5086-4b41-a8cb-157cf104dd4a,2026-01-23,night,10.0
eb4743a1-01ba-4065-8222-3a9550befb4f,70641daa-5086-4b41-a8cb-157cf104dd4a,2026-01-26,day,9.0
708f1977-029c-4ed3-babf-2274c87d4700,70641daa-5086-4b41-a8cb-157cf104dd4a,2026-01-27,day,9.5
dc31f5a3-0d5b-43d4-9bee-989da858635a,70641daa-5086-4b41-a8cb-157cf104dd4a,2026-01-28,extended,13.5
1e438671-2b1a-4777-90a7-23bbe5ca367a,70641daa-5086-4b41-a8cb-157cf104dd4a,2026-01-29,day,8.0
f8577196-af88-48cc-b223-afbe091dab50,70641daa-5086-4b41-a8cb-157cf104dd4a,2026-01-30,night,10.0
a17ac3ae-d51a-47fc-8b92-73bcd05ed810,70641daa-5086-4b41-a8cb-157cf104dd4a,2026-02-02,day,8.0
c4efc174-cd55-4628-a64f-60c240651335,70641daa-5086-4b41-a8cb-157cf104dd4a,2026-02-03,day,8.0
64f441c9-cc16-4c61-aec9-426d98f1885a,70641daa-5086-4b41-a8cb-157cf104dd4a,2026-02-04,day,8.0
9a7625bf-c17a-48a8-977a-250cb654834e,70641daa-5086-4b41-a8cb-157cf104dd4a,2026-02-05,extended,13.5
2cddebec-6fa3-4d74-99f4-6907385a1f77,70641daa-5086-4b41-a8cb-157cf104dd4a,2026-02-06,day,9.0
6bb540f8-c8c8-4750-8621-c52f7c13b891,70641daa-5086-4b41-a8cb-157cf104dd4a,2026-02-08,day,8.0
e2bc5397-2b44-418e-8e16-9580daa362fb,70641daa-5086-4b41-a8cb-157cf104dd4a,2026-02-09,day,9.0
9b22a5dd-240b-47a3-a28a-c7cae62ca71e,70641daa-5086-4b41-a8cb-157cf104dd4a,2026-02-10,day,9.0
83b5d64e-df8e-4d0a-9cab-cbf1bf322299,70641daa-5086-4b41-a8cb-157cf104dd4a,2026-02-11,day,8.0
4a82de10-9100-4300-9782-c9f8b306192b,70641daa-5086-4b41-a8cb-157cf104dd4a,2026-02-12,day,8.5
3d8c2de3-b1e8-4842-b9c5-ed9f16524523,70641daa-5086-4b41-a8cb-157cf104dd4a,2026-02-13,day,8.0
3778429d-e46e-445a-a2ae-4fa846b10476,70641daa-5086-4b41-a8cb-157cf104dd4a,2026-02-14,day,8.0
082c6df1-2583-4b6f-9ce3-5c00b8e99f01,70641daa-5086-4b41-a8cb-157cf104dd4a,2026-02-16,night,10.0
d0c8953f-e7bd-4c2d-a064-8287338d3b3e,70641daa-5086-4b41-a8cb-157cf104dd4a,2026-02-17,day,8.5
e73feedb-96d6-4cbb-8574-656af8e290ea,70641daa-5086-4b41-a8cb-157cf104dd4a,2026-02-18,day,8.0
a1049487-0c05-4275-9574-91fd683ae22f,70641daa-5086-4b41-a8cb-157cf104dd4a,2026-02-19,day,8.0
e0605d32-da45-4363-a629-e2a29a1f4e6b,70641daa-5086-4b41-a8cb-157cf104dd4a,2026-02-20,night,10.0
537cf983-2b08-46fa-81ca-ba260bb2bfc5,70641daa-5086-4b41-a8cb-157cf104dd4a,2026-02-21,night,10.0
6c8c902e-207c-4332-a9ae-23e849c64872,70641daa-5086-4b41-a8cb-157cf104dd4a,2026-02-23,day,8.0
e35325b1-a6a2-4243-9e2a-7579c01109c0,70641daa-5086-4b41-a8cb-157cf104dd4a,2026-02-24,day,8.0
35b1537a-1283-497a-92e4-fb8311e0ff3c,70641daa-5086-4b41-a8cb-157cf104dd4a,2026-02-25,night,10.5
202340d3-0dbf-41e8-b53a-26b57290a6ea,70641daa-5086-4b41-a8cb-157cf104dd4a,2026-02-26,day,8.0
6842d35a-8fb0-4e97-b07d-01327b251b96,70641daa-5086-4b41-a8cb-157cf104dd4a,2026-02-27,day,8.0
78f4b6ea-ed47-401c-a9bd-8282d9d712e3,70641daa-5086-4b41-a8cb-157cf104dd4a,2026-03-02,day,8.0
cfb59c8c-2d5c-4d33-9f30-9559eb4de736,70641daa-5086-4b41-a8cb-157cf104dd4a,2026-03-03,day,9.0
2e99540c-6430-456d-b60c-439311629ff5,70641daa-5086-4b41-a8cb-157cf104dd4a,2026-03-04,day,8.0
0739bf72-f5aa-4ee9-b9e5-9cdd8e2dcc22,70641daa-5086-4b41-a8cb-157cf104dd4a,2026-03-05,day,8.0
19c1ecc8-a233-4349-b058-27a3a427074d,70641daa-5086-4b41-a8cb-157cf104dd4a,2026-03-06,day,8.0
60239387-a29b-44c9-9493-0cfa6cf9b87c,70641daa-5086-4b41-a8cb-157cf104dd4a,2026-03-09,day,9.0
eda6c1eb-e693-4f9e-91f7-6aea9981fd3b,70641daa-5086-4b41-a8cb-157cf104dd4a,2026-03-10,night,10.5
134c8b1e-88b3-4511-9578-8f4016619646,70641daa-5086-4b41-a8cb-157cf104dd4a,2026-03-11,day,8.0
1c94ad93-bad4-480b-87a7-7893b93ba73a,70641daa-5086-4b41-a8cb-157cf104dd4a,2026-03-20,day,8.0
fbd17109-56b7-46cb-bcd8-19331babb9d6,70641daa-5086-4b41-a8cb-157cf104dd4a,2026-03-23,extended,13.5
223cb999-bc0b-4089-add6-8b278f55898b,70641daa-5086-4b41-a8cb-157cf104dd4a,2026-03-24,day,9.0
fa46301d-d53d-4fc7-8ac0-51335f7cbc9d,70641daa-5086-4b41-a8cb-157cf104dd4a,2026-03-25,day,8.5
c7905bcb-fd1c-4f1b-8e5f-cadf8d068946,70641daa-5086-4b41-a8cb-157cf104dd4a,2026-03-26,day,8.0
c389a92a-942b-44dc-bea5-7216ae648b63,70641daa-5086-4b41-a8cb-157cf104dd4a,2026-03-27,day,9.5
ab477e81-c26d-4b10-a74d-4b239ebd8d76,70641daa-5086-4b41-a8cb-157cf104dd4a,2026-03-29,day,8.0
9d37fb01-b889-464c-96b4-f8d0d15f7deb,70641daa-5086-4b41-a8cb-157cf104dd4a,2026-03-30,day,8.5
7131129b-c525-4ef7-a152-a39bb3283ab0,70641daa-5086-4b41-a8cb-157cf104dd4a,2026-03-31,night,12.0
20a650e1-04e6-4232-9ad8-ee7ccc3be42c,70641daa-5086-4b41-a8cb-157cf104dd4a,2026-04-01,day,8.0
bf4cf251-bff9-461f-8abb-52f653e9b5fd,70641daa-5086-4b41-a8cb-157cf104dd4a,2026-04-02,day,8.0
e02cbd8d-2075-493f-897f-00dea51674f8,70641daa-5086-4b41-a8cb-157cf104dd4a,2026-04-03,night,10.5
70af4436-c8cd-4c2d-bfb1-91eecad150f4,70641daa-5086-4b41-a8cb-157cf104dd4a,2026-04-06,night,11.0
29ff7479-a135-40d5-a2f6-05536acc57b8,70641daa-5086-4b41-a8cb-157cf104dd4a,2026-04-07,day,8.5
ef10b509-e51e-458d-b1aa-8ad747977e1b,70641daa-5086-4b41-a8cb-157cf104dd4a,2026-04-08,day,8.5
41efd21a-7ba8-4f40-9e7c-c82ed89c9e2c,70641daa-5086-4b41-a8cb-157cf104dd4a,2026-04-09,day,8.0
7e67a2dd-75d7-4ac3-937b-b87f7a275444,70641daa-5086-4b41-a8cb-157cf104dd4a,2026-04-10,day,8.0
ce98cb9e-9427-4dea-b80c-7127979ab15c,70641daa-5086-4b41-a8cb-157cf104dd4a,2026-04-11,day,8.5
59f0aedb-bcd2-4e8f-9d09-aa1a5d5ec77d,70641daa-5086-4b41-a8cb-157cf104dd4a,2026-04-12,extended,14.4
e14d5009-243d-4738-b37c-7dcfc57a75fc,70641daa-5086-4b41-a8cb-157cf104dd4a,2026-04-13,day,8.5
84dad838-d300-4449-b947-10809df05573,70641daa-5086-4b41-a8cb-157cf104dd4a,2026-04-14,day,8.5
0a5c83c4-6a88-4f98-bc66-51517eab7784,70641daa-5086-4b41-a8cb-157cf104dd4a,2026-04-15,night,10.0
870d11f8-a6e4-4860-b1e2-d1cf9c8a543c,70641daa-5086-4b41-a8cb-157cf104dd4a,2026-04-16,day,9.0
1a27bfa5-f28a-4b9e-a66b-ef8b8510fe84,70641daa-5086-4b41-a8cb-157cf104dd4a,2026-04-17,day,9.0
0e0bf188-47a3-41e5-ac14-72e721431c1a,70641daa-5086-4b41-a8cb-157cf104dd4a,2026-04-18,day,9.0
9c48ae7c-1952-4c4b-afbc-98ee25e39bf1,70641daa-5086-4b41-a8cb-157cf104dd4a,2026-04-19,extended,14.9
043418ba-1bcc-442d-82f6-82624dd23190,70641daa-5086-4b41-a8cb-157cf104dd4a,2026-04-20,day,8.5
52ed195c-92bd-4646-ad1e-100552e9ccd6,70641daa-5086-4b41-a8cb-157cf104dd4a,2026-04-21,day,9.0
4ae7ffc5-7bd1-4885-bd38-aae0f6fd587f,70641daa-5086-4b41-a8cb-157cf104dd4a,2026-04-22,night,10.0
07df9624-dd1a-40eb-8958-cfef529b4e95,70641daa-5086-4b41-a8cb-157cf104dd4a,2026-04-23,day,8.0
56492f80-767c-49d8-8ce3-0551060eb806,70641daa-5086-4b41-a8cb-157cf104dd4a,2026-04-24,day,8.0
0662c192-ee4c-46cf-a8ea-e9b053ced910,70641daa-5086-4b41-a8cb-157cf104dd4a,2026-04-26,day,9.5
6debcb6a-3664-4371-9861-75daf82f6dbd,70641daa-5086-4b41-a8cb-157cf104dd4a,2026-04-27,extended,15.1
45d511da-8e76-4b1c-9890-7e4af5543813,70641daa-5086-4b41-a8cb-157cf104dd4a,2026-04-28,day,9.0
ebc5f5f0-ed8f-4e55-9046-2c5d3eb70918,70641daa-5086-4b41-a8cb-157cf104dd4a,2026-04-29,day,8.0
a8bce158-e8cc-443a-a041-0cc1cc33655f,70641daa-5086-4b41-a8cb-157cf104dd4a,2026-04-30,day,8.0
2af45703-c607-47ed-8b6a-a45d57f500ce,70641daa-5086-4b41-a8cb-157cf104dd4a,2026-05-01,day,8.5
d5b4e2b8-6ebf-438a-85d9-32793f5a6274,70641daa-5086-4b41-a8cb-157cf104dd4a,2026-05-04,night,11.0
9fd759b1-77e2-4aaa-975b-ddf28aaf3714,70641daa-5086-4b41-a8cb-157cf104dd4a,2026-05-05,day,8.5
f3ef27cd-fcbb-475d-b942-27596c9dbf1a,70641daa-5086-4b41-a8cb-157cf104dd4a,2026-05-06,day,9.5
855877be-f762-42b7-b7de-c96c6733ccac,70641daa-5086-4b41-a8cb-157cf104dd4a,2026-05-07,day,8.0
922b0a35-ed03-4983-a037-e1a332ce8785,70641daa-5086-4b41-a8cb-157cf104dd4a,2026-05-08,day,9.5
25972a42-7833-407f-8d36-cfce34ab88b6,70641daa-5086-4b41-a8cb-157cf104dd4a,2026-05-09,day,9.0
b48fb8e2-10d6-41e5-9e2e-e2a78459fa9f,70641daa-5086-4b41-a8cb-157cf104dd4a,2026-05-10,day,8.5
f4f0f924-1390-4f1d-ab6e-87690fa603d6,70641daa-5086-4b41-a8cb-157cf104dd4a,2026-05-11,day,8.0
3667f170-5f8a-4c99-9137-15bcdcac96d9,70641daa-5086-4b41-a8cb-157cf104dd4a,2026-05-12,day,8.0
5cb96513-5b2d-4519-b08c-d55ff6ab9544,70641daa-5086-4b41-a8cb-157cf104dd4a,2026-05-13,day,8.5
20c709d1-7ada-4e2e-9944-ddf9ae93af5f,70641daa-5086-4b41-a8cb-157cf104dd4a,2026-05-14,day,8.0
b35ede95-1aaa-42da-8a86-fe76e8cd079b,70641daa-5086-4b41-a8cb-157cf104dd4a,2026-05-15,day,8.0
b561c1d9-95ce-4591-b74c-30e2cb7a5c62,70641daa-5086-4b41-a8cb-157cf104dd4a,2026-05-17,day,8.0
d9eb33fa-b86d-4a52-9c54-27a0f4dcc051,70641daa-5086-4b41-a8cb-157cf104dd4a,2026-05-18,day,8.0
e2a3e820-420e-4452-8005-803eb33bf5d8,70641daa-5086-4b41-a8cb-157cf104dd4a,2026-05-19,day,8.5
7ffe41b2-1220-48a2-8e30-8f8071ead19f,70641daa-5086-4b41-a8cb-157cf104dd4a,2026-05-20,day,8.0
32e34ad8-057c-41af-b684-c61644069155,70641daa-5086-4b41-a8cb-157cf104dd4a,2026-05-21,day,8.0
79818f1d-4a8f-40d5-a95d-0f873bc6ba03,70641daa-5086-4b41-a8cb-157cf104dd4a,2026-05-22,day,8.0
27772069-782d-4b04-a077-5299274f3f9d,70641daa-5086-4b41-a8cb-157cf104dd4a,2026-05-23,day,8.5
1c046250-0c1a-4244-95f5-a5ff8353f5dd,70641daa-5086-4b41-a8cb-157cf104dd4a,2026-05-24,night,10.0
a0839513-f0b0-4f86-8c42-93fc6cb12e66,70641daa-5086-4b41-a8cb-157cf104dd4a,2026-05-25,extended,14.9
a6c7530e-70e5-457f-971c-2994787f2c61,70641daa-5086-4b41-a8cb-157cf104dd4a,2026-05-26,day,8.0
e7c39ce1-59df-44b8-a4be-156def02ba0d,70641daa-5086-4b41-a8cb-157cf104dd4a,2026-05-27,day,9.0
22c3a6df-eb6d-4717-956c-2aef136f9af4,70641daa-5086-4b41-a8cb-157cf104dd4a,2026-05-28,day,8.0
d603ba54-e32c-46d6-8ba2-c8bca2cbf5c6,70641daa-5086-4b41-a8cb-157cf104dd4a,2026-05-29,night,11.0
9f906932-d08f-4e22-b75c-515c433dbe5a,70641daa-5086-4b41-a8cb-157cf104dd4a,2026-06-01,night,10.0
04c899b1-4887-45e3-9e2f-f90457aee91e,70641daa-5086-4b41-a8cb-157cf104dd4a,2026-06-02,night,10.0
f772b2c7-8794-4802-860e-7cbdd0f06eac,70641daa-5086-4b41-a8cb-157cf104dd4a,2026-06-03,night,10.0
3747427d-26dd-4cfc-becb-6e64c3b09ea5,70641daa-5086-4b41-a8cb-157cf104dd4a,2026-06-04,day,8.5
4c76ace0-a8c1-489e-ace3-2789d21c3792,70641daa-5086-4b41-a8cb-157cf104dd4a,2026-06-05,day,8.0
07f85b7d-cb56-49c9-928d-82ca8d2cc266,70641daa-5086-4b41-a8cb-157cf104dd4a,2026-06-06,extended,14.8
a60768f9-21c4-454f-9575-ede73c607a80,70641daa-5086-4b41-a8cb-157cf104dd4a,2026-06-07,day,8.0
2152d1a6-6704-4ff8-941c-8cbc3093459e,70641daa-5086-4b41-a8cb-157cf104dd4a,2026-06-08,day,8.0
b6f683a7-41b1-4e13-9174-318f12693b06,70641daa-5086-4b41-a8cb-157cf104dd4a,2026-06-09,day,9.5
cce247e2-432b-4a4b-aed1-562bf7aed388,70641daa-5086-4b41-a8cb-157cf104dd4a,2026-06-10,night,10.0
e9c64224-2705-4b36-8c9f-23ce0f375679,70641daa-5086-4b41-a8cb-157cf104dd4a,2026-06-11,day,9.0
2ec36363-cc4e-4d40-934c-a5882a88501d,70641daa-5086-4b41-a8cb-157cf104dd4a,2026-06-12,day,8.0
88d3f5ba-d795-4f8f-8e08-4e8ce7868d96,70641daa-5086-4b41-a8cb-157cf104dd4a,2026-06-15,extended,13.2
8daeee8e-2828-46c5-aa65-05c87ab62fb2,70641daa-5086-4b41-a8cb-157cf104dd4a,2026-06-16,day,8.0
9e6db95e-37b3-4bcb-9aa1-5b0a5626d245,70641daa-5086-4b41-a8cb-157cf104dd4a,2026-06-17,extended,14.2
0dab46a3-9991-43ce-97a8-1c47cf2a373e,70641daa-5086-4b41-a8cb-157cf104dd4a,2026-06-18,day,8.0
5a0c2319-2341-462e-8f47-31b9d660c4ce,70641daa-5086-4b41-a8cb-157cf104dd4a,2026-06-19,day,8.0
c9ea1e0d-3d03-4b4d-8b00-5be999841194,70641daa-5086-4b41-a8cb-157cf104dd4a,2026-06-20,day,8.5
21f44763-3e15-46e1-a311-f4cc0dbfb1f9,70641daa-5086-4b41-a8cb-157cf104dd4a,2026-06-21,night,10.5
18ea32f9-4856-4ccc-8c85-f55669005c18,70641daa-5086-4b41-a8cb-157cf104dd4a,2026-06-22,day,8.0
370bbc4e-e1a9-41f3-a393-1c7248d0c42a,70641daa-5086-4b41-a8cb-157cf104dd4a,2026-06-23,day,8.0
7e192cd8-9e3e-4705-839e-fe63cbf7eb46,70641daa-5086-4b41-a8cb-157cf104dd4a,2026-06-24,day,8.0
140edb32-adc8-48bd-92b4-8b585e750fe6,70641daa-5086-4b41-a8cb-157cf104dd4a,2026-06-25,day,9.0
146d9b5e-2460-4c48-89fd-2b3e276436d3,70641daa-5086-4b41-a8cb-157cf104dd4a,2026-06-26,day,8.0
81578149-d134-47d3-a29d-420250e66d63,70641daa-5086-4b41-a8cb-157cf104dd4a,2026-06-29,day,8.0
2b2305ba-e716-4b84-8f18-8313bb7b0409,070ad95e-29db-45b2-979a-1b845c3baba2,2026-01-01,day,8.0
7b3ef3c4-dbc2-41c9-8c08-4ee2ee371b3f,070ad95e-29db-45b2-979a-1b845c3baba2,2026-01-02,night,10.0
8c0d5133-5460-4692-8ae0-32be06d13cae,070ad95e-29db-45b2-979a-1b845c3baba2,2026-01-03,day,8.0
ee4154a9-fe25-44c9-a8b7-d399d0abaaf4,070ad95e-29db-45b2-979a-1b845c3baba2,2026-01-05,day,8.0
9dc45d96-a353-4fdc-b62e-618912a04838,070ad95e-29db-45b2-979a-1b845c3baba2,2026-01-06,day,8.0
4a7ae405-b160-46ec-b016-c0d0e4e4b320,070ad95e-29db-45b2-979a-1b845c3baba2,2026-01-07,night,12.0
d2d4f9cf-1c0d-4eb4-965f-f3968700f5c5,070ad95e-29db-45b2-979a-1b845c3baba2,2026-01-08,day,8.0
47476845-2b2c-49a1-bf22-e159ca407b96,070ad95e-29db-45b2-979a-1b845c3baba2,2026-01-09,day,8.0
eae97e80-8d44-4e1b-ae70-0f6ffb97cd2c,070ad95e-29db-45b2-979a-1b845c3baba2,2026-01-11,day,8.0
80a67028-2080-46ad-aaa7-a1eca358de8d,070ad95e-29db-45b2-979a-1b845c3baba2,2026-01-12,day,8.0
adf5338a-c2f0-43fe-b6f4-addba140b43e,070ad95e-29db-45b2-979a-1b845c3baba2,2026-01-13,night,10.0
63ba3d33-2c9f-47b6-a5c9-d6f120174caa,070ad95e-29db-45b2-979a-1b845c3baba2,2026-01-14,day,8.0
5bbcf58c-0638-4d19-953c-820e6e56dd1b,070ad95e-29db-45b2-979a-1b845c3baba2,2026-01-15,day,8.0
8b6c14a5-eab7-4dca-b5fe-14af0c732d3c,070ad95e-29db-45b2-979a-1b845c3baba2,2026-01-16,day,8.5
c8d9e2b8-4c33-48f9-ac1a-2524f06d2df5,070ad95e-29db-45b2-979a-1b845c3baba2,2026-01-19,extended,14.7
7ab3e0eb-30af-4c48-a2f2-974cb6380bff,070ad95e-29db-45b2-979a-1b845c3baba2,2026-01-20,day,8.0
dd794b77-16a2-4608-88b4-4234c83473b1,070ad95e-29db-45b2-979a-1b845c3baba2,2026-01-21,day,8.0
0dba8743-c692-4f39-8565-d4d4db1a50e8,070ad95e-29db-45b2-979a-1b845c3baba2,2026-01-22,night,10.0
135fc44b-334b-479a-8d21-06e5b1b0a5a2,070ad95e-29db-45b2-979a-1b845c3baba2,2026-01-23,extended,14.9
5a1c8482-ca21-4124-95bf-7d0309b028f2,070ad95e-29db-45b2-979a-1b845c3baba2,2026-01-24,day,8.0
64abf657-2553-4c51-bd71-06f39617f36b,070ad95e-29db-45b2-979a-1b845c3baba2,2026-01-26,day,9.0
836f63d8-2800-4e80-a92f-8fbc306ca65d,070ad95e-29db-45b2-979a-1b845c3baba2,2026-01-27,day,8.5
e463136f-bdfd-42b8-a36f-e755db2987aa,070ad95e-29db-45b2-979a-1b845c3baba2,2026-01-28,day,8.5
7ec5b09e-09ef-4c6b-9ddf-02fd3a863897,070ad95e-29db-45b2-979a-1b845c3baba2,2026-01-29,day,9.5
d3f30c42-3307-4754-a453-264c1bb05973,070ad95e-29db-45b2-979a-1b845c3baba2,2026-01-30,day,9.0
e29bcde4-1010-43d7-bda7-8b9fc69902b9,070ad95e-29db-45b2-979a-1b845c3baba2,2026-01-31,night,10.0
dc415618-5f83-4849-93fd-dcadb77ca62c,070ad95e-29db-45b2-979a-1b845c3baba2,2026-02-02,night,12.0
4e6ed246-eb2a-4cd6-9cf6-8f98dd1d1d9c,070ad95e-29db-45b2-979a-1b845c3baba2,2026-02-03,day,8.0
1026aefd-3a26-4495-9073-8c480602b192,070ad95e-29db-45b2-979a-1b845c3baba2,2026-02-04,day,8.0
621bff47-dad4-4b5f-949a-6ef6117c1ccc,070ad95e-29db-45b2-979a-1b845c3baba2,2026-02-05,day,8.0
5182d09d-810f-4b7f-8140-8614b6ba68f0,070ad95e-29db-45b2-979a-1b845c3baba2,2026-02-06,day,8.5
716ebf79-4263-40bb-b00d-6c674ac4cfe4,070ad95e-29db-45b2-979a-1b845c3baba2,2026-02-07,day,8.0
2bd51679-2831-49eb-95de-e4e675e0c7af,070ad95e-29db-45b2-979a-1b845c3baba2,2026-02-08,extended,13.8
92b4bfe9-5ff3-446e-875c-c1340a5e4563,070ad95e-29db-45b2-979a-1b845c3baba2,2026-02-09,day,8.5
4fadea2a-66c1-4b07-966d-d9c5f176c91a,070ad95e-29db-45b2-979a-1b845c3baba2,2026-02-10,day,8.0
7d668906-0cc4-49f7-b15f-b4870f749880,070ad95e-29db-45b2-979a-1b845c3baba2,2026-02-11,day,8.0
e3847d12-156f-44c2-9b56-179610508271,070ad95e-29db-45b2-979a-1b845c3baba2,2026-02-12,night,10.5
8e8c4672-15d2-4ad7-b26c-395e9a139e79,070ad95e-29db-45b2-979a-1b845c3baba2,2026-02-13,day,8.5
0c3e457c-3449-4c9b-8595-122b3cac3eae,070ad95e-29db-45b2-979a-1b845c3baba2,2026-02-16,night,11.0
8f79f91b-f16c-4568-8a61-06a4c79fad06,070ad95e-29db-45b2-979a-1b845c3baba2,2026-02-17,day,8.0
ce333f06-f4b2-4ec7-beb7-6598958cb887,070ad95e-29db-45b2-979a-1b845c3baba2,2026-02-18,day,9.0
67b3f7ee-afd5-4ab2-a650-c262c8b323d6,070ad95e-29db-45b2-979a-1b845c3baba2,2026-02-19,day,8.0
788c0834-7c0c-4d4f-99e6-c0f62b08a433,070ad95e-29db-45b2-979a-1b845c3baba2,2026-02-20,night,10.0
c520cba0-a32d-4252-8ef6-d22017ee1a7c,070ad95e-29db-45b2-979a-1b845c3baba2,2026-02-21,day,8.0
22cbb3af-3a3e-4259-b2b0-04d60ce8d952,070ad95e-29db-45b2-979a-1b845c3baba2,2026-02-22,day,9.0
2e0c04b4-06f7-43d2-98f7-dadbb7d442d7,070ad95e-29db-45b2-979a-1b845c3baba2,2026-02-23,extended,14.9
1c83d0fb-09f9-4d6c-a626-57d2a4ec6011,070ad95e-29db-45b2-979a-1b845c3baba2,2026-02-24,day,8.5
7e911558-b703-4b77-8a33-93b890ca17f2,070ad95e-29db-45b2-979a-1b845c3baba2,2026-02-25,day,9.0
e23eec14-0c99-4444-840e-28598746191a,070ad95e-29db-45b2-979a-1b845c3baba2,2026-02-26,day,8.0
7b839c0d-ace7-4106-9c25-34d2cdf1c2e6,070ad95e-29db-45b2-979a-1b845c3baba2,2026-02-27,day,8.0
f7b4c636-7c1a-45bf-b28b-77181a6c11fe,070ad95e-29db-45b2-979a-1b845c3baba2,2026-03-02,night,10.0
56b7955c-ea6d-4876-aaa9-3f27ce5ccbe0,070ad95e-29db-45b2-979a-1b845c3baba2,2026-03-03,day,8.0
f7d1f210-c862-4066-93ab-e9caf96862c9,070ad95e-29db-45b2-979a-1b845c3baba2,2026-03-04,day,9.0
85e2d35f-81c6-4a4f-a2fe-1a06f886c6ce,070ad95e-29db-45b2-979a-1b845c3baba2,2026-03-05,day,8.0
689f818c-f8fe-4ebd-b0e2-9212c813d5a1,070ad95e-29db-45b2-979a-1b845c3baba2,2026-03-06,day,9.5
81e8da30-8782-4970-8ad5-d73b9f135162,070ad95e-29db-45b2-979a-1b845c3baba2,2026-03-07,day,8.0
b24cdbe7-a9ab-4794-9b9f-ef8b720f6a96,070ad95e-29db-45b2-979a-1b845c3baba2,2026-03-09,day,8.0
289a5036-1e69-48d9-b3d3-a8ea76a95cc6,070ad95e-29db-45b2-979a-1b845c3baba2,2026-03-10,day,9.0
85c338ed-a890-4008-807e-5d9b0617f0ee,070ad95e-29db-45b2-979a-1b845c3baba2,2026-03-11,night,11.0
d103d1ef-498c-4f39-a682-060a9c464525,070ad95e-29db-45b2-979a-1b845c3baba2,2026-03-12,day,8.5
345d4705-9ec7-4ebd-8dfb-cb6619d1a9bf,070ad95e-29db-45b2-979a-1b845c3baba2,2026-03-13,night,11.0
de830448-34c3-4a4e-957c-edb6ffb66a90,070ad95e-29db-45b2-979a-1b845c3baba2,2026-03-14,day,8.5
9e3defb6-7176-4530-a838-ed0af90e646d,070ad95e-29db-45b2-979a-1b845c3baba2,2026-03-15,day,9.0
81a6211b-cd1d-439c-8018-c6627c3dc142,070ad95e-29db-45b2-979a-1b845c3baba2,2026-03-16,day,8.0
77e3167b-bd10-457c-92de-689916b91ae7,070ad95e-29db-45b2-979a-1b845c3baba2,2026-03-17,extended,14.6
5226e832-cd72-4fc1-ac52-a36a96cda48c,070ad95e-29db-45b2-979a-1b845c3baba2,2026-03-18,extended,14.8
8fa65bf8-c9a6-4560-8b3e-1238daca9137,070ad95e-29db-45b2-979a-1b845c3baba2,2026-03-19,day,8.0
f653baf9-e47e-40d1-af03-36c161952a3d,070ad95e-29db-45b2-979a-1b845c3baba2,2026-03-20,day,8.0
30a8c592-b9e9-4b65-a1f4-7c316cc31bbf,070ad95e-29db-45b2-979a-1b845c3baba2,2026-03-21,night,10.0
8e7af6a8-38da-48e8-b14a-eee70946e21c,070ad95e-29db-45b2-979a-1b845c3baba2,2026-03-22,extended,13.5
0b7060e7-c1f6-462e-8896-3d5f3f75928c,070ad95e-29db-45b2-979a-1b845c3baba2,2026-03-23,day,9.5
2d2179fa-1f3d-4adb-a2f9-6e21c43584ab,070ad95e-29db-45b2-979a-1b845c3baba2,2026-03-24,day,9.5
c6ff3592-dc8e-43fb-b072-d4f4957defd8,070ad95e-29db-45b2-979a-1b845c3baba2,2026-03-25,day,8.5
5c8ef087-11c9-4c68-a947-d0538585f06d,070ad95e-29db-45b2-979a-1b845c3baba2,2026-03-26,day,8.0
f5ca43e0-0ecd-48f2-89c9-6923f274aba1,070ad95e-29db-45b2-979a-1b845c3baba2,2026-03-27,night,10.5
8654b12e-852f-46f4-9ecd-6c4656bb74c5,070ad95e-29db-45b2-979a-1b845c3baba2,2026-03-28,day,8.0
996402ea-a2b2-4a8f-b4ca-6d04a88b3d39,070ad95e-29db-45b2-979a-1b845c3baba2,2026-03-29,day,8.0
a1ae8b42-ec91-4d9e-a542-6b927d7b9b58,070ad95e-29db-45b2-979a-1b845c3baba2,2026-03-30,day,8.5
3aaa7661-c4a6-49c8-846c-945c55bd447c,070ad95e-29db-45b2-979a-1b845c3baba2,2026-03-31,extended,13.8
49bf926a-2110-4986-ba78-8dcae6276232,070ad95e-29db-45b2-979a-1b845c3baba2,2026-04-01,day,8.0
1dedca66-0ef8-413a-81fe-4e1630f34fb3,070ad95e-29db-45b2-979a-1b845c3baba2,2026-04-02,night,10.5
afabe168-4660-4123-8f31-33b54cf6c9e1,070ad95e-29db-45b2-979a-1b845c3baba2,2026-04-03,day,8.0
173db406-3c58-4445-9156-402f371dd0a0,070ad95e-29db-45b2-979a-1b845c3baba2,2026-04-04,day,8.0
ff69ab8e-e517-4de7-a9e9-8801456fbd4c,070ad95e-29db-45b2-979a-1b845c3baba2,2026-04-05,night,10.0
cae6244a-f678-4124-ae87-fea2b3f71445,070ad95e-29db-45b2-979a-1b845c3baba2,2026-04-06,day,8.5
ca74c807-307d-4080-a80e-f9b8384cd93c,070ad95e-29db-45b2-979a-1b845c3baba2,2026-04-07,extended,14.3
b401d5d7-5152-4c83-9e84-7763f8a88a11,070ad95e-29db-45b2-979a-1b845c3baba2,2026-04-08,day,8.0
c9cb2a92-1a8c-40f7-8bd0-ae42509f0e65,070ad95e-29db-45b2-979a-1b845c3baba2,2026-04-09,day,8.5
40c9e03b-b9a0-461d-8f66-a49c785f4023,070ad95e-29db-45b2-979a-1b845c3baba2,2026-04-10,day,8.0
306a3b84-46fa-4361-8a2f-b2c46de1dcd6,070ad95e-29db-45b2-979a-1b845c3baba2,2026-04-11,night,11.0
bea7db77-cecf-47cd-8331-b1803a4fd1ab,070ad95e-29db-45b2-979a-1b845c3baba2,2026-04-12,day,8.0
67ff5267-5def-474f-a163-927cf3e8e701,070ad95e-29db-45b2-979a-1b845c3baba2,2026-04-13,night,10.0
c5f50444-f87d-4e8f-8635-36e19c81eecb,070ad95e-29db-45b2-979a-1b845c3baba2,2026-04-14,day,8.5
31f98e75-9e19-4ba7-873f-233d9bcb5a80,070ad95e-29db-45b2-979a-1b845c3baba2,2026-04-15,day,8.5
18b9cf3e-24c6-405e-9da5-d832e86c2f96,070ad95e-29db-45b2-979a-1b845c3baba2,2026-04-16,extended,15.1
23e273f2-d626-426a-b388-1358617cb35e,070ad95e-29db-45b2-979a-1b845c3baba2,2026-04-17,night,10.5
2246ad83-a1ca-43f7-9cc0-5ec711ec6310,070ad95e-29db-45b2-979a-1b845c3baba2,2026-04-18,day,8.0
3edab6cf-e9d0-475f-85ff-d12d0ba71b29,070ad95e-29db-45b2-979a-1b845c3baba2,2026-04-19,day,8.0
65fe81b2-4efc-4c64-b38a-9ca05cdbf6f9,070ad95e-29db-45b2-979a-1b845c3baba2,2026-04-20,day,8.0
0a5c954e-b799-4980-adb4-917c58973565,070ad95e-29db-45b2-979a-1b845c3baba2,2026-04-21,night,11.0
44e5c101-817f-47a0-97e5-23108258bf4f,070ad95e-29db-45b2-979a-1b845c3baba2,2026-04-22,day,8.0
2a539620-3ee4-459d-b911-6d06c72815cb,070ad95e-29db-45b2-979a-1b845c3baba2,2026-04-23,day,9.0
d43c12af-c113-4b7a-9797-0f52dc77df2b,070ad95e-29db-45b2-979a-1b845c3baba2,2026-04-24,day,8.5
55391c4f-6e76-4fe3-b2af-6f048f0f2285,070ad95e-29db-45b2-979a-1b845c3baba2,2026-04-25,night,10.0
6f4d2339-1465-4761-835e-675551de864a,070ad95e-29db-45b2-979a-1b845c3baba2,2026-04-26,day,8.0
e0ee1bf1-cfdb-49e6-978c-35c43049d40b,070ad95e-29db-45b2-979a-1b845c3baba2,2026-04-27,day,8.0
f095e1e2-b3f6-42af-bd84-fdbd9fdf02e1,070ad95e-29db-45b2-979a-1b845c3baba2,2026-04-28,day,8.5
043bff64-6047-4ef9-8f64-a1fad12c3932,070ad95e-29db-45b2-979a-1b845c3baba2,2026-04-29,day,9.0
e90ebf75-1d40-4afa-877a-7b06a0b25d8c,070ad95e-29db-45b2-979a-1b845c3baba2,2026-04-30,day,8.0
c2a6ff13-f972-451a-8cd0-79c850233745,070ad95e-29db-45b2-979a-1b845c3baba2,2026-05-01,night,12.0
b479235b-e05b-4a1a-a2c9-3ff591b65cbe,070ad95e-29db-45b2-979a-1b845c3baba2,2026-05-04,night,10.0
7918ca6b-3faa-4d91-b34f-c4cf0c0e52fb,070ad95e-29db-45b2-979a-1b845c3baba2,2026-05-05,day,8.0
c66107e6-ef63-4f0e-aa43-982b0dbb81c8,070ad95e-29db-45b2-979a-1b845c3baba2,2026-05-06,day,8.0
7520a1d4-6362-4618-9e23-ed67313bf3ad,070ad95e-29db-45b2-979a-1b845c3baba2,2026-05-07,day,8.0
9cbce040-279d-49c3-bdf9-a4444179d981,070ad95e-29db-45b2-979a-1b845c3baba2,2026-05-08,day,8.0
12d1d569-58f8-4ba8-a138-b9d265be001a,070ad95e-29db-45b2-979a-1b845c3baba2,2026-05-09,day,8.0
317e649b-4746-44a2-987c-ead6f4a62419,070ad95e-29db-45b2-979a-1b845c3baba2,2026-05-10,night,10.5
0a6b1fd1-2169-4ef1-a5f2-a78c66522682,070ad95e-29db-45b2-979a-1b845c3baba2,2026-05-11,day,8.0
e9737495-9756-41db-ad99-7e6ad305955e,070ad95e-29db-45b2-979a-1b845c3baba2,2026-05-12,day,8.0
45f9a368-aaac-42f0-80e9-f85dbc2b8622,070ad95e-29db-45b2-979a-1b845c3baba2,2026-05-13,day,8.0
51fd6cee-abfb-438a-9daa-3bce9523b8f7,070ad95e-29db-45b2-979a-1b845c3baba2,2026-05-14,day,8.5
197be3cc-d025-4632-a2e8-184ae3ecdc85,070ad95e-29db-45b2-979a-1b845c3baba2,2026-05-15,day,9.0
2ce679b6-8326-4b53-bc39-bb968a0c1448,070ad95e-29db-45b2-979a-1b845c3baba2,2026-05-17,day,8.0
079646bc-6cc6-4ed3-b6de-4eadf3782d41,070ad95e-29db-45b2-979a-1b845c3baba2,2026-05-18,day,8.0
213bf646-189f-4b0f-b861-14fd6cfd6bd5,070ad95e-29db-45b2-979a-1b845c3baba2,2026-05-19,day,9.0
8e2492d1-63eb-41b9-a225-d2c39635eaa5,070ad95e-29db-45b2-979a-1b845c3baba2,2026-05-20,day,8.0
855c071d-018c-4179-b31b-d3a4fa5fcfa0,070ad95e-29db-45b2-979a-1b845c3baba2,2026-05-21,day,8.5
dcbabd7f-4c78-40d2-9888-8d297aeca381,070ad95e-29db-45b2-979a-1b845c3baba2,2026-05-22,day,8.5
9ace3e01-e3eb-43c7-8864-7904f983c46f,070ad95e-29db-45b2-979a-1b845c3baba2,2026-05-25,extended,14.1
9dbeeec2-8af3-4b05-abb9-dfebe4fd43ef,070ad95e-29db-45b2-979a-1b845c3baba2,2026-05-26,day,8.0
ca118570-fd0a-4683-b6ed-f8ccdb4233f3,070ad95e-29db-45b2-979a-1b845c3baba2,2026-05-27,day,8.0
a561e876-b097-4aa0-9f5f-218cc15a9e12,070ad95e-29db-45b2-979a-1b845c3baba2,2026-05-28,day,8.0
fd06bf08-261f-4ca4-98b3-52c96dc32118,070ad95e-29db-45b2-979a-1b845c3baba2,2026-05-29,night,10.0
5c945cb4-2a65-4f22-9474-799224213671,070ad95e-29db-45b2-979a-1b845c3baba2,2026-05-31,day,8.0
15906b72-129c-47dc-b96b-7fc9f403ef16,070ad95e-29db-45b2-979a-1b845c3baba2,2026-06-01,day,8.0
54d65b6c-827f-486f-816d-f319db525e75,070ad95e-29db-45b2-979a-1b845c3baba2,2026-06-02,extended,13.6
82810459-dc10-4617-a4b5-62e13d6e681e,070ad95e-29db-45b2-979a-1b845c3baba2,2026-06-03,day,9.0
bc329122-9725-45f6-935b-3b0fc6cd0c27,070ad95e-29db-45b2-979a-1b845c3baba2,2026-06-04,night,10.0
611f780e-b05c-480d-ab18-7afe37c7172c,070ad95e-29db-45b2-979a-1b845c3baba2,2026-06-05,day,9.0
17e6fe7b-4a50-4173-a6b8-0065957405ed,070ad95e-29db-45b2-979a-1b845c3baba2,2026-06-07,day,8.0
c384146a-7596-4e56-b88e-53170b70a939,070ad95e-29db-45b2-979a-1b845c3baba2,2026-06-08,night,10.0
a7cdb452-6192-4bd4-97b3-57a2297e3e48,070ad95e-29db-45b2-979a-1b845c3baba2,2026-06-09,night,10.0
25f1c86f-3585-417a-a7ef-ce44e1ef98aa,070ad95e-29db-45b2-979a-1b845c3baba2,2026-06-10,extended,15.0
e01e0d46-b5a6-4d06-abdb-ae3f6a8e8c97,070ad95e-29db-45b2-979a-1b845c3baba2,2026-06-11,day,8.0
73334df4-10d8-4be8-8ac6-bac4de2ba4fe,070ad95e-29db-45b2-979a-1b845c3baba2,2026-06-12,night,10.5
da643b5a-8d0d-4d37-86c5-65d5f35b1e5b,070ad95e-29db-45b2-979a-1b845c3baba2,2026-06-15,day,8.0
ffd42b6f-787f-436b-95ba-3d329e69884c,070ad95e-29db-45b2-979a-1b845c3baba2,2026-06-16,night,10.0
ab6ff9d4-3c95-4f76-8099-7450fd666d1f,070ad95e-29db-45b2-979a-1b845c3baba2,2026-06-17,day,8.0
f02b1972-4da4-4727-a9b2-e1995852a849,070ad95e-29db-45b2-979a-1b845c3baba2,2026-06-18,day,9.0
4998a91e-5885-4a40-b96b-f12033c044b1,070ad95e-29db-45b2-979a-1b845c3baba2,2026-06-19,night,10.0
e2a25803-bc82-4e0e-8b8f-cc32d920cce0,070ad95e-29db-45b2-979a-1b845c3baba2,2026-06-22,day,8.5
c1208390-a15d-40d9-b416-36f3f75abb20,070ad95e-29db-45b2-979a-1b845c3baba2,2026-06-23,day,8.5
8dba1f35-e4c0-4d73-b3d3-fb98e9cf0692,070ad95e-29db-45b2-979a-1b845c3baba2,2026-06-24,day,8.5
ea884024-6b17-4a27-85ee-3ae3a08bfcda,070ad95e-29db-45b2-979a-1b845c3baba2,2026-06-25,day,9.0
90186d00-e8c5-43a8-9dbf-fb68e5adb5dd,070ad95e-29db-45b2-979a-1b845c3baba2,2026-06-26,day,8.0
43eb5dea-6a33-4c5b-aa82-c3a5023ae869,070ad95e-29db-45b2-979a-1b845c3baba2,2026-06-27,day,8.0
30d4eb46-0e48-4361-85d3-6e58bd23af71,070ad95e-29db-45b2-979a-1b845c3baba2,2026-06-29,day,8.0
f1caa586-f938-4c33-9986-94e1db931d08,fe24136f-9985-4b90-899d-73513a5de4a9,2026-01-01,day,8.0
47c281bb-6dc4-4093-b551-7e91c03deb98,fe24136f-9985-4b90-899d-73513a5de4a9,2026-01-02,extended,14.9
dd9c368f-319c-4a4e-92fc-22c93e1040c1,fe24136f-9985-4b90-899d-73513a5de4a9,2026-01-03,day,9.5
43811131-84f1-4f42-b08c-cecf26e60f95,fe24136f-9985-4b90-899d-73513a5de4a9,2026-01-05,extended,14.3
6ae68251-65a7-402b-a8ba-70ae430dbe51,fe24136f-9985-4b90-899d-73513a5de4a9,2026-01-06,night,10.0
909e3ea4-5bc4-4747-8f29-c1399f33a194,fe24136f-9985-4b90-899d-73513a5de4a9,2026-01-07,day,8.0
03639eae-04e0-46a2-a0a8-7f08a5a72c1e,fe24136f-9985-4b90-899d-73513a5de4a9,2026-01-08,day,8.0
67887539-9e2f-4810-a671-232bd14f62f2,fe24136f-9985-4b90-899d-73513a5de4a9,2026-01-09,day,9.0
295c7543-79e3-451d-a8b9-f02c752c79df,fe24136f-9985-4b90-899d-73513a5de4a9,2026-01-12,day,8.0
554399d1-c448-4f3b-b849-2c57f2002aca,fe24136f-9985-4b90-899d-73513a5de4a9,2026-01-13,day,8.0
41fa981a-2c6e-4d09-8227-6cef44fe37e9,fe24136f-9985-4b90-899d-73513a5de4a9,2026-01-14,night,10.5
f16d3fea-69b6-4d1f-a42f-1bdb4274db4a,fe24136f-9985-4b90-899d-73513a5de4a9,2026-01-15,night,10.0
f7907e1f-ec18-4f9b-aed2-0d99b74aca37,fe24136f-9985-4b90-899d-73513a5de4a9,2026-01-16,night,10.0
80e31202-f26b-41a1-85d3-a0270baabd8c,fe24136f-9985-4b90-899d-73513a5de4a9,2026-01-19,night,11.0
dd8479a4-7675-4a70-bec0-8603e2bb58f2,fe24136f-9985-4b90-899d-73513a5de4a9,2026-01-20,day,8.0
b5cb856b-d7cc-4c6c-b946-f44fb064252e,fe24136f-9985-4b90-899d-73513a5de4a9,2026-01-21,night,11.0
a5f3c8cd-1c39-483c-a71d-6cdfc36572c1,fe24136f-9985-4b90-899d-73513a5de4a9,2026-01-22,extended,15.0
b4da1e6b-0d1f-4711-b87c-d7d10e1bd265,fe24136f-9985-4b90-899d-73513a5de4a9,2026-01-23,day,8.0
0980189c-e437-42ae-8805-94fedd9badc1,fe24136f-9985-4b90-899d-73513a5de4a9,2026-01-26,extended,15.6
2dac8fe2-fc21-4368-9451-c66d26d13956,fe24136f-9985-4b90-899d-73513a5de4a9,2026-01-27,day,8.0
78f7c426-194c-4744-adc8-5f065e4c1525,fe24136f-9985-4b90-899d-73513a5de4a9,2026-01-28,day,8.5
f9cd769c-962c-4c5a-8924-489dc17569d3,fe24136f-9985-4b90-899d-73513a5de4a9,2026-01-29,extended,13.6
4462a8cb-f0a0-4fcb-b773-69fdac16fd21,fe24136f-9985-4b90-899d-73513a5de4a9,2026-01-30,night,10.0
46b0f6f4-d5aa-458d-b469-e4f591d30b2f,fe24136f-9985-4b90-899d-73513a5de4a9,2026-01-31,day,8.5
e3557d26-9a93-4639-b495-f30401aeac14,fe24136f-9985-4b90-899d-73513a5de4a9,2026-02-01,night,11.0
bcea18d9-2dcf-4c08-9837-1c51c536e088,fe24136f-9985-4b90-899d-73513a5de4a9,2026-02-02,night,10.0
c5587cab-8937-4e9c-b127-33c43b78815d,fe24136f-9985-4b90-899d-73513a5de4a9,2026-02-03,day,8.5
4ff4f439-36d7-46a7-a006-1f2ed445945d,fe24136f-9985-4b90-899d-73513a5de4a9,2026-02-04,day,8.0
63b15828-5bd0-4a6c-a347-0c09232e9eaf,fe24136f-9985-4b90-899d-73513a5de4a9,2026-02-05,day,8.0
41c6e66c-d995-408f-8b24-9fdc81646e89,fe24136f-9985-4b90-899d-73513a5de4a9,2026-02-06,day,8.0
6b3c525e-083a-4608-a72f-30a041442e6b,fe24136f-9985-4b90-899d-73513a5de4a9,2026-02-09,day,8.0
1d51cc52-fdee-4b87-8ad3-d236d5e1993b,fe24136f-9985-4b90-899d-73513a5de4a9,2026-02-10,day,9.0
2c43241e-56eb-4941-bc76-7d13620884e1,fe24136f-9985-4b90-899d-73513a5de4a9,2026-02-11,night,12.0
fa8296b7-0041-4f7e-8d54-37f49d5642d2,fe24136f-9985-4b90-899d-73513a5de4a9,2026-02-12,night,10.5
7d536322-4732-41e4-a3a6-11b655489feb,fe24136f-9985-4b90-899d-73513a5de4a9,2026-02-13,extended,13.5
9e920f9b-6beb-4b58-ace6-6ad2cbb687da,fe24136f-9985-4b90-899d-73513a5de4a9,2026-02-14,day,8.0
fc1a187c-90c9-42e9-9445-12a4e416f2ee,fe24136f-9985-4b90-899d-73513a5de4a9,2026-02-16,night,10.5
eaf2b7de-5f9e-461e-93a1-9e989759df28,fe24136f-9985-4b90-899d-73513a5de4a9,2026-02-17,day,8.5
6a5c89b7-b85b-447f-b386-6868e62d404d,fe24136f-9985-4b90-899d-73513a5de4a9,2026-02-18,day,9.5
4034958e-9d61-4a7c-989f-29a099725029,fe24136f-9985-4b90-899d-73513a5de4a9,2026-02-19,day,8.0
479f60fd-eb1c-4391-8912-3963c5224e96,fe24136f-9985-4b90-899d-73513a5de4a9,2026-02-20,night,11.0
5dbc6a06-7adb-4020-aa5d-e649913fd358,fe24136f-9985-4b90-899d-73513a5de4a9,2026-02-23,day,8.0
f904732d-421e-4ebd-adbf-2920b6cf3704,fe24136f-9985-4b90-899d-73513a5de4a9,2026-02-24,day,8.5
4ff6e25e-87ea-4edc-beb6-77e0320e46bf,fe24136f-9985-4b90-899d-73513a5de4a9,2026-02-25,day,8.0
d9093a6e-591c-4704-99a5-99c39a76d221,fe24136f-9985-4b90-899d-73513a5de4a9,2026-02-26,day,8.5
a19e3f42-1b2c-4f36-8d4c-21d6c2b18dac,fe24136f-9985-4b90-899d-73513a5de4a9,2026-02-27,day,8.0
906f0c98-6c06-40b3-ac0a-e41455552a34,fe24136f-9985-4b90-899d-73513a5de4a9,2026-02-28,night,11.0
f38ff763-b319-43da-96f3-4c57e508fcf3,fe24136f-9985-4b90-899d-73513a5de4a9,2026-03-02,day,8.0
c87320b9-6deb-4ac8-ab4d-9121c2a5c94c,fe24136f-9985-4b90-899d-73513a5de4a9,2026-03-03,day,9.0
21213f77-98ef-4f39-aa5a-37f063ce5a96,fe24136f-9985-4b90-899d-73513a5de4a9,2026-03-04,night,10.5
d6dab0f9-c1de-4755-9ebe-b3e3db214343,fe24136f-9985-4b90-899d-73513a5de4a9,2026-03-05,night,11.0
62853907-8b7a-4ad2-b172-fcc3d3402ff7,fe24136f-9985-4b90-899d-73513a5de4a9,2026-03-06,day,8.5
6c1b88c0-f804-4af3-b0aa-eed5a9e8af74,fe24136f-9985-4b90-899d-73513a5de4a9,2026-03-08,day,8.0
2f36bce8-0eed-46af-9729-cdd874bf6ae1,fe24136f-9985-4b90-899d-73513a5de4a9,2026-03-09,day,8.5
3c832e2e-b672-4a37-8a4e-e2541a31bd59,fe24136f-9985-4b90-899d-73513a5de4a9,2026-03-10,day,8.0
9652c1fb-eaf7-4813-a6b7-1daf6542a2f3,fe24136f-9985-4b90-899d-73513a5de4a9,2026-03-11,night,11.0
89741c27-64d3-494a-8e29-25ff75550e27,fe24136f-9985-4b90-899d-73513a5de4a9,2026-03-12,day,8.5
3c1dca9f-a5ff-4560-b533-2ab9e1cae040,fe24136f-9985-4b90-899d-73513a5de4a9,2026-03-13,day,8.0
95f4e942-01db-4921-858d-a3e4ffa9683c,fe24136f-9985-4b90-899d-73513a5de4a9,2026-03-16,day,8.0
0fff0214-528b-4e29-a0ef-fc592f20bf76,fe24136f-9985-4b90-899d-73513a5de4a9,2026-03-17,day,8.0
e6cc20a9-47fb-4b65-a7cc-1324f87f7b55,fe24136f-9985-4b90-899d-73513a5de4a9,2026-03-18,day,9.0
de6280c7-3859-4a4d-b05a-a81dd78d746e,fe24136f-9985-4b90-899d-73513a5de4a9,2026-03-19,day,9.0
e9ce45a7-b29c-47fb-af33-2a444594663d,fe24136f-9985-4b90-899d-73513a5de4a9,2026-03-20,day,8.0
e8155f64-d377-42e5-9bb4-acf3d8f4d771,fe24136f-9985-4b90-899d-73513a5de4a9,2026-03-23,night,10.0
b41be154-4733-49b3-9895-d7e6fd242ccc,fe24136f-9985-4b90-899d-73513a5de4a9,2026-03-24,night,10.5
a087cc12-6921-48c5-9543-ca14268545c8,fe24136f-9985-4b90-899d-73513a5de4a9,2026-03-25,day,9.0
c697b95f-d3e1-47d6-8997-79af6f4d6b80,fe24136f-9985-4b90-899d-73513a5de4a9,2026-03-26,day,9.5
636d22db-2bb6-4951-98b3-3c4af2af27ba,fe24136f-9985-4b90-899d-73513a5de4a9,2026-03-27,day,8.0
da4d0449-4d59-4770-aa5c-1015561bf1d2,fe24136f-9985-4b90-899d-73513a5de4a9,2026-03-30,day,8.0
bc14e4d6-92b0-4e22-bfe0-96c45aa915a6,fe24136f-9985-4b90-899d-73513a5de4a9,2026-03-31,night,12.0
839ebb98-a543-4450-873a-95f98d28249a,fe24136f-9985-4b90-899d-73513a5de4a9,2026-04-01,night,10.0
0da20d4d-b7f9-41a2-9cc8-444da3625dab,fe24136f-9985-4b90-899d-73513a5de4a9,2026-04-02,day,8.0
c7fef16f-2e53-4c4d-a1fe-0c2b97f70401,fe24136f-9985-4b90-899d-73513a5de4a9,2026-04-03,night,10.0
7bae3461-5ed1-4893-b45c-c64cb1f86f66,fe24136f-9985-4b90-899d-73513a5de4a9,2026-04-06,day,8.0
407f1ffe-32ec-46c3-8f86-19840717f648,fe24136f-9985-4b90-899d-73513a5de4a9,2026-04-07,night,12.0
190d2893-d8fc-4e31-be2e-8053acdefeb9,fe24136f-9985-4b90-899d-73513a5de4a9,2026-04-08,extended,14.5
127b75d9-2c1f-499d-ac47-3fa3640dd8a3,fe24136f-9985-4b90-899d-73513a5de4a9,2026-04-09,day,8.0
1f179a9a-652c-4df1-8126-f9db270d055c,fe24136f-9985-4b90-899d-73513a5de4a9,2026-04-10,night,10.0
aa5c2a6c-d535-4f6e-80a6-eed44bb79505,fe24136f-9985-4b90-899d-73513a5de4a9,2026-04-11,extended,13.9
c4924a70-255e-4f33-8336-675a715ae856,fe24136f-9985-4b90-899d-73513a5de4a9,2026-04-13,night,10.5
48266d21-877c-45e9-83f2-e1302ca7e1ee,fe24136f-9985-4b90-899d-73513a5de4a9,2026-04-27,day,8.0
5945543b-b709-438e-8a1f-f6d384c1628b,fe24136f-9985-4b90-899d-73513a5de4a9,2026-04-28,extended,15.1
67837806-0a46-42b3-a021-f8b45418fb49,fe24136f-9985-4b90-899d-73513a5de4a9,2026-04-29,extended,13.3
e812c8af-c98f-4493-b876-9164e584fec2,fe24136f-9985-4b90-899d-73513a5de4a9,2026-04-30,day,8.5
0da43feb-2496-4bd4-88c4-c731f0090ba3,fe24136f-9985-4b90-899d-73513a5de4a9,2026-05-01,night,10.5
531d8ab1-7ab1-41af-8a67-7577e57710ae,fe24136f-9985-4b90-899d-73513a5de4a9,2026-05-03,day,8.0
beaa9a0c-7532-4c76-a253-30a5d1591e0c,fe24136f-9985-4b90-899d-73513a5de4a9,2026-05-04,day,8.5
e8024913-2316-47f8-a061-29296b8df685,fe24136f-9985-4b90-899d-73513a5de4a9,2026-05-05,day,8.0
9987b328-0a21-4c1f-a0f7-1e8ce703f0e2,fe24136f-9985-4b90-899d-73513a5de4a9,2026-05-06,day,8.5
96040433-0315-4dcd-bfcd-c4b3d655bac2,fe24136f-9985-4b90-899d-73513a5de4a9,2026-05-07,day,8.0
4b96acaa-2623-4f48-a941-b2f5a0adfa73,fe24136f-9985-4b90-899d-73513a5de4a9,2026-05-08,day,8.0
f17f240c-5aa8-4bff-8cb8-0592e9c3fe12,fe24136f-9985-4b90-899d-73513a5de4a9,2026-05-09,night,12.0
94bd8cf2-d510-42ab-a7d3-c82edad5b73e,fe24136f-9985-4b90-899d-73513a5de4a9,2026-05-11,night,10.0
f6b15fe4-07ee-4753-8884-5db4a5320c24,fe24136f-9985-4b90-899d-73513a5de4a9,2026-05-12,day,9.0
576e42c5-8989-4e2d-8d50-51a7a748f412,fe24136f-9985-4b90-899d-73513a5de4a9,2026-05-13,day,9.0
4b6b28d0-9735-4c51-9838-9737db7d3cb8,fe24136f-9985-4b90-899d-73513a5de4a9,2026-05-14,extended,15.3
97445eb9-ee09-48aa-a244-26b66ed379a5,fe24136f-9985-4b90-899d-73513a5de4a9,2026-05-15,day,8.0
2a25359c-68da-4a5c-91d8-5e5c72d88891,fe24136f-9985-4b90-899d-73513a5de4a9,2026-05-16,day,9.5
ebb7e7b4-b59a-402d-b13e-04ee455e11a1,fe24136f-9985-4b90-899d-73513a5de4a9,2026-05-18,day,8.5
796d1609-ef3c-4acd-acd7-c90657621099,fe24136f-9985-4b90-899d-73513a5de4a9,2026-05-19,extended,13.8
50198774-2dd3-4b6f-aaa8-166602bdf8fe,fe24136f-9985-4b90-899d-73513a5de4a9,2026-05-20,day,8.5
1d1ae533-e304-4de1-8464-77aee3cfc1fd,fe24136f-9985-4b90-899d-73513a5de4a9,2026-05-21,day,8.0
1ca6cb21-03e5-429c-8e58-3f7e6ff7dc53,fe24136f-9985-4b90-899d-73513a5de4a9,2026-05-22,night,10.0
22dfd726-e0fd-41b4-be49-b5286e94e9e6,fe24136f-9985-4b90-899d-73513a5de4a9,2026-05-25,day,8.0
d7dfd4f0-8064-40fc-9e9f-88a4073fb241,fe24136f-9985-4b90-899d-73513a5de4a9,2026-05-26,extended,14.1
2c8bc03a-fdc7-4ce1-ac2e-418d7dd2bf49,fe24136f-9985-4b90-899d-73513a5de4a9,2026-05-27,day,8.0
104c9dd7-6d18-42bd-a4ec-c65a9047e3c3,fe24136f-9985-4b90-899d-73513a5de4a9,2026-05-28,day,8.5
1e25cb20-90d6-4483-afc8-b1ba587f4574,fe24136f-9985-4b90-899d-73513a5de4a9,2026-05-29,night,10.5
5d01833a-9e10-49a3-9d96-0a3654af6157,fe24136f-9985-4b90-899d-73513a5de4a9,2026-05-31,day,8.0
3e20663e-d904-4727-94db-a95a6f31d5fa,fe24136f-9985-4b90-899d-73513a5de4a9,2026-06-01,day,8.0
31a295d7-d7aa-42ee-846f-c2aad5162548,fe24136f-9985-4b90-899d-73513a5de4a9,2026-06-02,night,10.5
c2799037-4688-4c9c-b8ed-886543223695,fe24136f-9985-4b90-899d-73513a5de4a9,2026-06-03,extended,14.8
3fe81c19-bb63-482e-b70a-77e465c1e7b5,fe24136f-9985-4b90-899d-73513a5de4a9,2026-06-04,extended,15.2
868f5efc-c6cd-49ba-a06b-0ad33d0e03a4,fe24136f-9985-4b90-899d-73513a5de4a9,2026-06-05,night,10.5
02306f9f-7999-433c-b403-c51c06f72356,fe24136f-9985-4b90-899d-73513a5de4a9,2026-06-08,night,10.5
28001c3a-8817-46bb-ae3a-bdd7999b2165,fe24136f-9985-4b90-899d-73513a5de4a9,2026-06-09,day,8.5
51bdc4a2-cf3b-46d1-97f6-cdd2693f73e0,fe24136f-9985-4b90-899d-73513a5de4a9,2026-06-10,day,8.0
db47c9a7-fdd5-4ee9-bbd9-8eb40ed3e87a,fe24136f-9985-4b90-899d-73513a5de4a9,2026-06-11,day,8.5
1abca187-988c-44d6-a260-6fb10869407d,fe24136f-9985-4b90-899d-73513a5de4a9,2026-06-12,day,8.0
b97dbad1-c343-4416-b916-76f148b64247,fe24136f-9985-4b90-899d-73513a5de4a9,2026-06-14,day,8.0
60777ba8-db01-4569-a099-04191b20bc4a,fe24136f-9985-4b90-899d-73513a5de4a9,2026-06-15,day,8.0
b0c92c65-6d28-494f-be54-351ae4620e14,fe24136f-9985-4b90-899d-73513a5de4a9,2026-06-16,day,8.0
d45d2fca-aa77-4d9e-a2d9-d10950996d76,fe24136f-9985-4b90-899d-73513a5de4a9,2026-06-17,day,9.0
aab6dbb2-05cc-4348-9e99-16fa0a796d85,fe24136f-9985-4b90-899d-73513a5de4a9,2026-06-18,extended,13.7
358014be-1e84-491b-aff7-8dd675f4a848,fe24136f-9985-4b90-899d-73513a5de4a9,2026-06-19,extended,13.1
31de764a-6495-45f2-b3d7-ee50e166ca2d,fe24136f-9985-4b90-899d-73513a5de4a9,2026-06-20,day,8.5
a500f699-b2f9-40c9-ae29-1f2182fd80f7,fe24136f-9985-4b90-899d-73513a5de4a9,2026-06-22,day,9.0
bf0210d5-876c-4ff5-ade7-bff422744ce1,fe24136f-9985-4b90-899d-73513a5de4a9,2026-06-23,day,8.0
f54df1b2-8753-4c06-b3da-ac62c9f259c2,fe24136f-9985-4b90-899d-73513a5de4a9,2026-06-24,day,8.0
96692b26-47e6-4c52-a1d6-59a04341c3dd,fe24136f-9985-4b90-899d-73513a5de4a9,2026-06-25,day,8.5
5856f27e-cd95-436a-9873-67a97ad1d89f,fe24136f-9985-4b90-899d-73513a5de4a9,2026-06-26,day,8.5
95b60ef4-0ab5-4b9c-8639-d55f783b4049,fe24136f-9985-4b90-899d-73513a5de4a9,2026-06-29,day,8.0
a3044ca7-5947-408a-b05a-e4db83911d83,77437ffd-ca89-452c-8b2a-72e6b2edd2f8,2026-01-01,night,12.0
10fc3ac4-df62-4386-99e8-bae583567a5f,77437ffd-ca89-452c-8b2a-72e6b2edd2f8,2026-01-02,night,10.0
267f0b80-8dd7-447e-86b3-89f5abc1c027,77437ffd-ca89-452c-8b2a-72e6b2edd2f8,2026-01-03,night,10.0
8449531c-d743-45bd-ba95-78262313728e,77437ffd-ca89-452c-8b2a-72e6b2edd2f8,2026-01-05,day,8.0
71f69cad-7bb8-4225-894d-fa43442eec12,77437ffd-ca89-452c-8b2a-72e6b2edd2f8,2026-01-06,extended,13.6
f04de41d-608b-4598-96c2-ee6dbe4cf29d,77437ffd-ca89-452c-8b2a-72e6b2edd2f8,2026-01-07,night,10.5
29d4bfd5-e071-4a48-994f-3b554ffc485d,77437ffd-ca89-452c-8b2a-72e6b2edd2f8,2026-01-08,day,9.0
16b3939c-991a-4c08-ac3c-6e356b3e6137,77437ffd-ca89-452c-8b2a-72e6b2edd2f8,2026-01-09,day,8.0
1949572e-bb97-406a-a193-9f38e0227916,77437ffd-ca89-452c-8b2a-72e6b2edd2f8,2026-01-10,day,8.0
dabe9267-38cb-460a-95d9-cc4d631bc65d,77437ffd-ca89-452c-8b2a-72e6b2edd2f8,2026-01-12,night,10.0
53314068-bf18-4418-bd25-cd78394d119a,77437ffd-ca89-452c-8b2a-72e6b2edd2f8,2026-01-13,day,8.0
cd513d21-13d6-45d3-b9f1-b3356c750e17,77437ffd-ca89-452c-8b2a-72e6b2edd2f8,2026-01-14,night,10.0
24fb5dbb-285c-43c9-a7cb-ab09f7e4ef38,77437ffd-ca89-452c-8b2a-72e6b2edd2f8,2026-01-15,day,8.5
929e3d31-a8d3-4844-9ebe-45fc1a5a8844,77437ffd-ca89-452c-8b2a-72e6b2edd2f8,2026-01-16,day,8.5
61b691e4-d2bb-4ffe-9e97-cc256a3b0a13,77437ffd-ca89-452c-8b2a-72e6b2edd2f8,2026-01-18,day,8.0
2d89ad43-751d-424d-b02a-31ff813580b5,77437ffd-ca89-452c-8b2a-72e6b2edd2f8,2026-01-19,day,8.0
c29490b4-e7eb-407b-ae6b-008ba90c4d9f,77437ffd-ca89-452c-8b2a-72e6b2edd2f8,2026-01-20,day,8.5
3cca69d6-9eea-4242-a48c-5e9e7ba30f93,77437ffd-ca89-452c-8b2a-72e6b2edd2f8,2026-01-21,night,10.0
28cffeca-a4d5-43cc-9317-503227e2f2e1,77437ffd-ca89-452c-8b2a-72e6b2edd2f8,2026-01-22,day,9.0
7494ff5f-8476-4342-9685-cc1721fe1c69,77437ffd-ca89-452c-8b2a-72e6b2edd2f8,2026-01-23,day,8.0
2ff14968-0dcf-435f-a5e5-884f761cefb3,77437ffd-ca89-452c-8b2a-72e6b2edd2f8,2026-01-24,day,9.0
456d0aa8-d447-4ac7-bf67-41cc243372a7,77437ffd-ca89-452c-8b2a-72e6b2edd2f8,2026-01-26,day,8.0
7e282f49-a3e2-4191-8ea8-6f5daffe7537,77437ffd-ca89-452c-8b2a-72e6b2edd2f8,2026-01-27,day,9.0
cce67690-fb64-46c1-b9e6-f192122f7cd6,77437ffd-ca89-452c-8b2a-72e6b2edd2f8,2026-01-28,night,10.0
9ab852b5-bd4e-421d-b583-21364f0796cd,77437ffd-ca89-452c-8b2a-72e6b2edd2f8,2026-01-29,day,8.0
9118995c-4f0c-4ca5-b371-840eb851a8b6,77437ffd-ca89-452c-8b2a-72e6b2edd2f8,2026-01-30,extended,14.2
70c2a3b5-6297-4088-a71f-f6dcd9fbdd6a,77437ffd-ca89-452c-8b2a-72e6b2edd2f8,2026-02-02,extended,15.4
18f79df8-e2f9-4cb4-a284-45fe26d28ea9,77437ffd-ca89-452c-8b2a-72e6b2edd2f8,2026-02-03,night,10.0
7dbc0e17-ce41-4a9c-a36b-eb2f7dee466a,77437ffd-ca89-452c-8b2a-72e6b2edd2f8,2026-02-04,day,8.0
6295385d-01cd-4af6-9086-d2b0da4be087,77437ffd-ca89-452c-8b2a-72e6b2edd2f8,2026-02-05,day,8.5
94a969df-0e27-4c87-8919-1cdff8be1802,77437ffd-ca89-452c-8b2a-72e6b2edd2f8,2026-02-06,day,9.0
20874133-e84e-4a37-b233-3bb7d01c76d2,77437ffd-ca89-452c-8b2a-72e6b2edd2f8,2026-02-09,day,8.0
a0eba119-9575-41ad-93b2-1acd5b4a50c5,77437ffd-ca89-452c-8b2a-72e6b2edd2f8,2026-02-10,day,8.5
a54ccad5-7c1c-48d6-bf91-e7cdd546459e,77437ffd-ca89-452c-8b2a-72e6b2edd2f8,2026-02-11,day,8.0
9556d0cb-e864-47d6-92d6-23ae589957b0,77437ffd-ca89-452c-8b2a-72e6b2edd2f8,2026-02-12,day,8.0
0fd6284e-8f54-47f7-a544-82fda1aa5386,77437ffd-ca89-452c-8b2a-72e6b2edd2f8,2026-02-13,day,8.0
1e26e9d8-238a-49e2-8c54-a43eea4bc3f9,77437ffd-ca89-452c-8b2a-72e6b2edd2f8,2026-02-16,day,8.5
655f93da-53e6-4cdc-9e3c-aeb8a1be1c20,77437ffd-ca89-452c-8b2a-72e6b2edd2f8,2026-02-17,day,9.0
2c3e9aea-ed81-4fa2-bbfe-8de19e4a4d88,77437ffd-ca89-452c-8b2a-72e6b2edd2f8,2026-02-18,day,8.5
2c93f1d3-6a9b-41f3-a2e3-b9d7a79cf55a,77437ffd-ca89-452c-8b2a-72e6b2edd2f8,2026-02-19,day,9.5
28ca242c-435b-4c57-9730-951a7846d248,77437ffd-ca89-452c-8b2a-72e6b2edd2f8,2026-02-20,day,8.0
9db55f9a-86b6-413c-a76f-fc6d893391b8,77437ffd-ca89-452c-8b2a-72e6b2edd2f8,2026-02-23,day,8.0
9370b8ca-84b8-4357-9000-47f15b9b79a5,77437ffd-ca89-452c-8b2a-72e6b2edd2f8,2026-02-24,day,8.0
3506c343-7860-429f-9630-da5d897bf21f,77437ffd-ca89-452c-8b2a-72e6b2edd2f8,2026-02-25,day,9.5
10bc1c72-90dc-4f89-9b5b-03a5eb5536fd,77437ffd-ca89-452c-8b2a-72e6b2edd2f8,2026-02-26,day,9.0
776a9097-b320-45d9-99b7-a9f0cc246694,77437ffd-ca89-452c-8b2a-72e6b2edd2f8,2026-02-27,extended,14.7
9c56a39c-1b2f-47b9-98df-3acb9d40d267,77437ffd-ca89-452c-8b2a-72e6b2edd2f8,2026-03-02,night,10.0
7ec09d31-c55c-4819-b651-28672b66c55a,77437ffd-ca89-452c-8b2a-72e6b2edd2f8,2026-03-03,day,8.0
1a952e74-357d-427a-b7fa-701cb33f8a2d,77437ffd-ca89-452c-8b2a-72e6b2edd2f8,2026-03-04,extended,13.2
9d336f73-c15f-4a26-8468-b19f1d0f4dd3,77437ffd-ca89-452c-8b2a-72e6b2edd2f8,2026-03-05,day,8.0
bab9bd09-39ec-420e-b7d9-f61500e3d56d,77437ffd-ca89-452c-8b2a-72e6b2edd2f8,2026-03-06,day,8.5
4bb6bca0-c1f5-4019-89a4-19ffe9150547,77437ffd-ca89-452c-8b2a-72e6b2edd2f8,2026-03-07,day,8.5
31563a49-4ccd-4461-a337-34a6321317c1,77437ffd-ca89-452c-8b2a-72e6b2edd2f8,2026-03-08,night,11.0
f6b228fa-f3ee-4c8d-866d-d609a2359b3e,77437ffd-ca89-452c-8b2a-72e6b2edd2f8,2026-03-09,day,8.0
8cb82b66-427c-45c8-b7cc-b120a4c1f0f1,77437ffd-ca89-452c-8b2a-72e6b2edd2f8,2026-03-10,day,8.0
251d57a4-ab2c-46b7-84af-b32c8b1f342f,77437ffd-ca89-452c-8b2a-72e6b2edd2f8,2026-03-11,day,8.0
5a59dcda-8b96-4046-8148-c28fba780fc5,77437ffd-ca89-452c-8b2a-72e6b2edd2f8,2026-03-12,night,12.0
29ede907-cf03-4f22-baf0-94d39ece180f,77437ffd-ca89-452c-8b2a-72e6b2edd2f8,2026-03-13,day,8.0
40782048-e400-4e1b-a15f-14cf26205872,77437ffd-ca89-452c-8b2a-72e6b2edd2f8,2026-03-16,day,9.0
c5ef1c0e-dff7-4446-9c46-b8f6a4c6e0e9,77437ffd-ca89-452c-8b2a-72e6b2edd2f8,2026-03-17,day,8.0
a1b4d123-2380-4c75-b43d-27772aef76a4,77437ffd-ca89-452c-8b2a-72e6b2edd2f8,2026-03-18,night,10.0
3255e3ac-d4f2-4401-89be-8cca82c021f2,77437ffd-ca89-452c-8b2a-72e6b2edd2f8,2026-03-19,extended,13.7
9b5f028a-08b1-4c26-8fc4-3a616b895416,77437ffd-ca89-452c-8b2a-72e6b2edd2f8,2026-03-20,day,8.0
42b0aeb5-064e-443d-bd89-3468b5183d19,77437ffd-ca89-452c-8b2a-72e6b2edd2f8,2026-03-23,night,12.0
78621f7d-5ecc-40b8-b59e-5290f2cf19a6,77437ffd-ca89-452c-8b2a-72e6b2edd2f8,2026-03-24,day,9.5
b98c4296-6e3a-4d96-a006-45eb7dbad3eb,77437ffd-ca89-452c-8b2a-72e6b2edd2f8,2026-03-25,extended,13.2
ecc3129f-871e-465d-827e-79abc6ae7308,77437ffd-ca89-452c-8b2a-72e6b2edd2f8,2026-03-26,night,11.0
c30c5310-306f-4ad9-bd51-5e3f1e711440,77437ffd-ca89-452c-8b2a-72e6b2edd2f8,2026-03-27,night,11.0
1c2e98f9-c986-4cde-a31a-189e3f6907e2,77437ffd-ca89-452c-8b2a-72e6b2edd2f8,2026-03-30,extended,14.7
7b5e1542-105d-47df-ae64-35d8cdec699a,77437ffd-ca89-452c-8b2a-72e6b2edd2f8,2026-03-31,day,8.0
2f2ae536-faca-4ed0-9b94-65edb815e090,77437ffd-ca89-452c-8b2a-72e6b2edd2f8,2026-04-01,day,8.0
95e9aa19-3f45-48fb-9bdd-224656c4cfc5,77437ffd-ca89-452c-8b2a-72e6b2edd2f8,2026-04-02,day,8.5
6ad255d1-9403-4677-aa4d-e2ea529ea6c4,77437ffd-ca89-452c-8b2a-72e6b2edd2f8,2026-04-03,day,8.5
ec66070c-a1ae-48b0-9731-c3072ed2660a,77437ffd-ca89-452c-8b2a-72e6b2edd2f8,2026-04-04,day,8.5
bb3c0db7-4cfa-44be-8b75-a656c2d34cec,77437ffd-ca89-452c-8b2a-72e6b2edd2f8,2026-04-06,day,8.5
d57d623e-6e00-4b6f-b4ef-df7ff2c62b99,77437ffd-ca89-452c-8b2a-72e6b2edd2f8,2026-04-07,extended,14.7
4554e70c-2e98-4c51-862a-928c269a76bd,77437ffd-ca89-452c-8b2a-72e6b2edd2f8,2026-04-08,day,8.5
8e6415c9-ee8f-4c42-824b-f21ec13ed981,77437ffd-ca89-452c-8b2a-72e6b2edd2f8,2026-04-09,day,8.0
3cdff0c6-864f-49a3-bb85-7f312333108d,77437ffd-ca89-452c-8b2a-72e6b2edd2f8,2026-04-10,night,10.0
a0cfc6bd-cd24-4b26-bdfd-7396bcec8315,77437ffd-ca89-452c-8b2a-72e6b2edd2f8,2026-04-12,extended,15.4
5b42619b-c3d3-4292-9269-3577c2afef41,77437ffd-ca89-452c-8b2a-72e6b2edd2f8,2026-04-13,night,11.0
0ee7b1f7-9972-47eb-8b26-62330f2bfd73,77437ffd-ca89-452c-8b2a-72e6b2edd2f8,2026-04-14,day,8.0
5bd7c38a-3538-413e-9a66-dc7c14da2c1b,77437ffd-ca89-452c-8b2a-72e6b2edd2f8,2026-04-15,day,8.5
3521b6e9-32d5-448b-9bd9-eeb84c4e87f2,77437ffd-ca89-452c-8b2a-72e6b2edd2f8,2026-04-16,day,9.0
6969649c-c558-4ef2-aa33-1748522c820c,77437ffd-ca89-452c-8b2a-72e6b2edd2f8,2026-04-17,day,8.0
24ba34c9-3f32-4dc0-adb6-7ea168153715,77437ffd-ca89-452c-8b2a-72e6b2edd2f8,2026-04-19,day,8.0
3d70d474-c8db-4805-ac5b-cb3c4c725c39,77437ffd-ca89-452c-8b2a-72e6b2edd2f8,2026-04-20,day,8.5
4141cf2f-4ef4-49e0-a8ae-65e86df8846c,77437ffd-ca89-452c-8b2a-72e6b2edd2f8,2026-04-21,day,9.0
820aa9dd-004f-4a68-aaf3-74b00af7ab44,77437ffd-ca89-452c-8b2a-72e6b2edd2f8,2026-04-22,day,8.0
825ced07-0baf-4d67-b02f-f1ce00deb5d8,77437ffd-ca89-452c-8b2a-72e6b2edd2f8,2026-04-23,night,10.0
01f26148-9bb2-4212-9756-918e3ca3c91d,77437ffd-ca89-452c-8b2a-72e6b2edd2f8,2026-04-24,night,12.0
df3c0410-2888-4096-86d9-1fe7c5244683,77437ffd-ca89-452c-8b2a-72e6b2edd2f8,2026-04-25,day,8.0
262fd66c-9b18-4c5f-addd-87fbaa27a763,77437ffd-ca89-452c-8b2a-72e6b2edd2f8,2026-04-26,day,8.0
56be859b-6e94-45f9-a748-71d1fd0099d0,77437ffd-ca89-452c-8b2a-72e6b2edd2f8,2026-04-27,day,9.5
c0f94b05-9efb-4472-a8a7-ec3a6d416cb5,77437ffd-ca89-452c-8b2a-72e6b2edd2f8,2026-04-28,day,8.5
748503f3-8793-4e8a-b568-338747d6476c,77437ffd-ca89-452c-8b2a-72e6b2edd2f8,2026-04-29,day,8.0
f526887b-7ffe-471f-8ac3-0f17ea381e51,77437ffd-ca89-452c-8b2a-72e6b2edd2f8,2026-04-30,day,8.5
f978a28f-512d-44da-ba37-eed592a7da9f,77437ffd-ca89-452c-8b2a-72e6b2edd2f8,2026-05-01,day,8.5
b7d5888e-62f1-4b5f-a090-2146df7f5903,77437ffd-ca89-452c-8b2a-72e6b2edd2f8,2026-05-02,day,8.0
66bbf3bc-0854-42e5-abf7-ced5a6ac8e32,77437ffd-ca89-452c-8b2a-72e6b2edd2f8,2026-05-04,day,8.0
1f5c2347-1c72-45a5-ae9d-94f249b0c15a,77437ffd-ca89-452c-8b2a-72e6b2edd2f8,2026-05-05,day,8.5
0f00fcc1-cdfc-41b7-bf44-9c7f73904c9c,77437ffd-ca89-452c-8b2a-72e6b2edd2f8,2026-05-06,day,8.5
4ff98d47-62b4-4799-8f62-af7b84677182,77437ffd-ca89-452c-8b2a-72e6b2edd2f8,2026-05-07,day,8.0
66315a32-1ca2-4d17-bf78-2ac951b097df,77437ffd-ca89-452c-8b2a-72e6b2edd2f8,2026-05-08,extended,14.9
cd44fe71-bd20-497b-b042-04bc2b5322bf,77437ffd-ca89-452c-8b2a-72e6b2edd2f8,2026-05-09,day,8.5
54958c58-69d5-49b3-9abb-03a2b8fdcce1,77437ffd-ca89-452c-8b2a-72e6b2edd2f8,2026-05-10,night,12.0
71339971-1fdc-4a66-a4a8-cc95aa334190,77437ffd-ca89-452c-8b2a-72e6b2edd2f8,2026-05-11,night,11.0
4f8e5364-39c4-487e-a83f-3a9b836a2599,77437ffd-ca89-452c-8b2a-72e6b2edd2f8,2026-05-12,extended,13.7
fdefc5d8-c7bc-41ee-a6ae-0f78872bd5f8,77437ffd-ca89-452c-8b2a-72e6b2edd2f8,2026-05-13,day,8.0
d1b810a2-012e-47ca-bdb3-1207f0e316a2,77437ffd-ca89-452c-8b2a-72e6b2edd2f8,2026-05-14,day,9.5
ecd8c761-1c0b-417a-b32b-cffce9931762,77437ffd-ca89-452c-8b2a-72e6b2edd2f8,2026-05-15,day,9.0
7173ce5f-ca0d-40e9-94a8-c81c8f2b62f1,77437ffd-ca89-452c-8b2a-72e6b2edd2f8,2026-05-17,extended,13.7
6c120d23-1ca1-471c-891b-ba31b53201c4,77437ffd-ca89-452c-8b2a-72e6b2edd2f8,2026-05-18,day,8.0
7f455363-3982-4ccc-b705-52a4c1d6d727,77437ffd-ca89-452c-8b2a-72e6b2edd2f8,2026-05-19,day,8.5
71820710-8366-4717-92e1-3182a80ae92b,77437ffd-ca89-452c-8b2a-72e6b2edd2f8,2026-05-20,day,8.0
f11125c6-ebbf-4aaa-9553-c6b7862cdcaa,77437ffd-ca89-452c-8b2a-72e6b2edd2f8,2026-05-21,day,8.5
911a56ba-c848-4598-aa98-67e77001d853,77437ffd-ca89-452c-8b2a-72e6b2edd2f8,2026-05-22,day,8.0
204f425e-2c71-4130-a052-f46e17491c0f,77437ffd-ca89-452c-8b2a-72e6b2edd2f8,2026-05-25,extended,14.0
6e9a983e-937d-480a-a2fe-9c411b799eff,77437ffd-ca89-452c-8b2a-72e6b2edd2f8,2026-05-26,day,8.0
3922c392-52e2-4360-9325-bebae340448e,77437ffd-ca89-452c-8b2a-72e6b2edd2f8,2026-05-27,day,8.0
f51aac67-c245-4b31-b948-7295448070a6,77437ffd-ca89-452c-8b2a-72e6b2edd2f8,2026-05-28,day,8.0
39e16ff0-a9a7-494a-91e7-edcc30bc661d,77437ffd-ca89-452c-8b2a-72e6b2edd2f8,2026-05-29,day,8.0
d827fa1b-5071-4078-9197-5490485ea304,77437ffd-ca89-452c-8b2a-72e6b2edd2f8,2026-05-30,day,8.0
51dab5bb-e8c2-4705-9438-5a8b8dcac1a8,77437ffd-ca89-452c-8b2a-72e6b2edd2f8,2026-05-31,extended,13.5
50f63330-1d48-4caa-b963-c623c9be4763,77437ffd-ca89-452c-8b2a-72e6b2edd2f8,2026-06-01,extended,14.2
afc2ef02-1edb-4b47-a59e-d5a8e7c5c621,77437ffd-ca89-452c-8b2a-72e6b2edd2f8,2026-06-02,night,10.5
8e5219c1-14c7-4076-88fb-ac4781fd34b4,77437ffd-ca89-452c-8b2a-72e6b2edd2f8,2026-06-03,day,8.5
60d27387-acee-46bb-88bd-5937e0ca23e2,77437ffd-ca89-452c-8b2a-72e6b2edd2f8,2026-06-04,day,8.5
312f9c66-2af7-4381-89d9-c681b559820a,77437ffd-ca89-452c-8b2a-72e6b2edd2f8,2026-06-05,day,8.0
a0b17587-fab2-44e8-b115-2b4af50a8c11,77437ffd-ca89-452c-8b2a-72e6b2edd2f8,2026-06-08,day,8.0
0cd26d42-df66-4b40-a77a-540526e07b9f,77437ffd-ca89-452c-8b2a-72e6b2edd2f8,2026-06-09,night,11.0
7d3fa534-1312-4869-91cb-fce061a76177,77437ffd-ca89-452c-8b2a-72e6b2edd2f8,2026-06-10,day,9.0
400c151c-3aaa-48df-97d3-d761c917ba2d,77437ffd-ca89-452c-8b2a-72e6b2edd2f8,2026-06-11,day,8.0
28a53789-190e-4f52-aaff-b88b6735b5f7,77437ffd-ca89-452c-8b2a-72e6b2edd2f8,2026-06-12,day,8.0
c857be76-7690-4017-befe-f209b6c4d89f,77437ffd-ca89-452c-8b2a-72e6b2edd2f8,2026-06-13,day,8.0
2f1859da-1b82-4918-bfd3-53345027f33b,77437ffd-ca89-452c-8b2a-72e6b2edd2f8,2026-06-14,night,11.0
b88c3f7c-36a7-4dd4-9ff1-65d8f59bf8b7,77437ffd-ca89-452c-8b2a-72e6b2edd2f8,2026-06-15,day,9.0
9fcacc23-3ff2-4bd2-8d54-bd9e8d083fd9,77437ffd-ca89-452c-8b2a-72e6b2edd2f8,2026-06-16,day,8.0
9a4ced4a-af3f-4e81-9bb6-86de913389d4,77437ffd-ca89-452c-8b2a-72e6b2edd2f8,2026-06-17,day,9.0
df13282c-d1e0-43fa-a7f2-43e0252c2194,77437ffd-ca89-452c-8b2a-72e6b2edd2f8,2026-06-18,day,8.0
f6d150cf-dfc3-4b0b-99c2-37c30c78de97,77437ffd-ca89-452c-8b2a-72e6b2edd2f8,2026-06-19,extended,14.9
6f4f9255-9abe-400d-8960-bd11f594c52b,77437ffd-ca89-452c-8b2a-72e6b2edd2f8,2026-06-20,day,8.5
69af361c-20cc-4f52-9ec9-777abc58bb89,77437ffd-ca89-452c-8b2a-72e6b2edd2f8,2026-06-22,extended,13.9
ed4b8bbe-688d-46ca-8e41-b6c5babe05a2,77437ffd-ca89-452c-8b2a-72e6b2edd2f8,2026-06-23,day,8.0
72284355-e02e-4ac0-8f0f-c5bf4fdbd567,77437ffd-ca89-452c-8b2a-72e6b2edd2f8,2026-06-24,day,9.5
799f2501-2e21-4d30-b8f4-d107f3b3e27b,77437ffd-ca89-452c-8b2a-72e6b2edd2f8,2026-06-25,day,8.0
0fb7d624-3409-4e19-abd7-3614fb4ff0ab,77437ffd-ca89-452c-8b2a-72e6b2edd2f8,2026-06-26,day,9.0
204dbc0a-99ca-4bff-aa8e-aee24a3b55ad,77437ffd-ca89-452c-8b2a-72e6b2edd2f8,2026-06-27,day,8.0
7a635413-9a1b-4086-9c25-770104610e08,77437ffd-ca89-452c-8b2a-72e6b2edd2f8,2026-06-29,night,12.0
70f86b78-477b-4ddb-b638-527282e34f89,d6fb430f-d101-4dc7-bd94-a22e3f26658a,2026-01-01,day,8.5
14845c1b-d1cd-45ac-b0e8-89610c59cc39,d6fb430f-d101-4dc7-bd94-a22e3f26658a,2026-01-02,day,9.0
19d9d171-568e-45c7-92b2-5b24c2121483,d6fb430f-d101-4dc7-bd94-a22e3f26658a,2026-01-03,day,8.0
8fcc5122-2912-463c-8df9-c8f14fd585f0,d6fb430f-d101-4dc7-bd94-a22e3f26658a,2026-01-05,extended,14.3
bb9930ed-7210-4135-b0b1-4aba045770ac,d6fb430f-d101-4dc7-bd94-a22e3f26658a,2026-01-06,day,8.5
69293725-70f8-41c8-ae23-3adfe84b3d1a,d6fb430f-d101-4dc7-bd94-a22e3f26658a,2026-01-07,night,10.0
c44aa415-ecb1-43f0-9b82-db521f98ff96,d6fb430f-d101-4dc7-bd94-a22e3f26658a,2026-01-08,day,8.5
f59f6218-2a9f-4ef5-ae85-00f743bfc606,d6fb430f-d101-4dc7-bd94-a22e3f26658a,2026-01-09,night,10.0
be902b4d-0b5d-4db8-9f1a-85f6deb5500a,d6fb430f-d101-4dc7-bd94-a22e3f26658a,2026-01-10,day,8.0
4f0bfe99-6f6c-4338-913e-237bbc6e5803,d6fb430f-d101-4dc7-bd94-a22e3f26658a,2026-01-12,day,8.0
f0e455ae-d84f-468a-be35-2af9d8fc6c7e,d6fb430f-d101-4dc7-bd94-a22e3f26658a,2026-01-13,extended,13.6
d98055a5-fdd5-4d5b-a23c-f012852f0f3d,d6fb430f-d101-4dc7-bd94-a22e3f26658a,2026-01-14,night,10.0
d9806d1f-1640-44c8-b886-470eee88df20,d6fb430f-d101-4dc7-bd94-a22e3f26658a,2026-01-15,night,10.0
79e0ab1c-1db8-4380-ac5e-8803c73a0b05,d6fb430f-d101-4dc7-bd94-a22e3f26658a,2026-01-16,day,8.5
678bb15a-a2ff-4b70-a596-677662b98133,d6fb430f-d101-4dc7-bd94-a22e3f26658a,2026-01-18,day,8.0
153b368b-525f-4830-8f1c-799cb6e8b01f,d6fb430f-d101-4dc7-bd94-a22e3f26658a,2026-01-19,extended,15.2
a1445935-5ee4-4ede-b568-bf20614ecb95,d6fb430f-d101-4dc7-bd94-a22e3f26658a,2026-01-20,day,8.0
9f28ef95-a4a1-4ba5-8119-b5949946c0b5,d6fb430f-d101-4dc7-bd94-a22e3f26658a,2026-01-21,extended,13.4
f8b1d894-8c58-4aa1-a276-99944f8eceea,d6fb430f-d101-4dc7-bd94-a22e3f26658a,2026-01-22,day,8.0
95d37c47-84a0-4f1d-a6fe-e297f3dceb16,d6fb430f-d101-4dc7-bd94-a22e3f26658a,2026-01-23,day,8.0
5b2d4028-14fb-49bd-b10b-9bc5c8967e81,d6fb430f-d101-4dc7-bd94-a22e3f26658a,2026-01-24,day,8.0
8e1ae632-9aa2-4b19-a4ab-f84863523d74,d6fb430f-d101-4dc7-bd94-a22e3f26658a,2026-01-26,day,8.0
47d61400-f81d-41a9-8c8e-0a201be84f59,d6fb430f-d101-4dc7-bd94-a22e3f26658a,2026-01-27,day,8.0
96c4f7ee-b4b6-4f6b-b420-86a74078ab54,d6fb430f-d101-4dc7-bd94-a22e3f26658a,2026-01-28,day,8.0
7efabd3e-ce36-44fc-b335-cc1c7742b276,d6fb430f-d101-4dc7-bd94-a22e3f26658a,2026-01-29,night,10.0
4b61c58b-9df7-4747-b803-3a7abef1d825,d6fb430f-d101-4dc7-bd94-a22e3f26658a,2026-01-30,day,8.5
81b2aa80-49f3-4226-84c3-82d88284ca82,d6fb430f-d101-4dc7-bd94-a22e3f26658a,2026-02-02,extended,14.5
8e07f279-2a42-4a56-a416-d2a2035651d8,d6fb430f-d101-4dc7-bd94-a22e3f26658a,2026-02-03,day,8.0
61a4d0cf-de97-49c4-89e7-9360b5b889a9,d6fb430f-d101-4dc7-bd94-a22e3f26658a,2026-02-04,night,12.0
c96cd7da-2b23-4aa8-8bab-5bbfea2faca9,d6fb430f-d101-4dc7-bd94-a22e3f26658a,2026-02-05,night,10.0
c358c488-b9b0-49cd-9af5-a3ac30054e0f,d6fb430f-d101-4dc7-bd94-a22e3f26658a,2026-02-06,night,10.5
3e756bd6-ba5e-49d1-8e76-bd2197141786,d6fb430f-d101-4dc7-bd94-a22e3f26658a,2026-02-07,day,9.0
6f441fc9-a2e5-4d72-b7b4-1418c005773c,d6fb430f-d101-4dc7-bd94-a22e3f26658a,2026-02-08,day,8.0
bf3cb43e-8dec-4ede-8df0-301f1139b59d,d6fb430f-d101-4dc7-bd94-a22e3f26658a,2026-02-09,extended,14.1
741623b9-3f17-413e-afa0-a62545840abd,d6fb430f-d101-4dc7-bd94-a22e3f26658a,2026-02-10,day,8.0
077e5345-b55f-487a-b0ca-fe55f91f4960,d6fb430f-d101-4dc7-bd94-a22e3f26658a,2026-02-11,day,8.0
c5e94c8d-579b-4a66-9072-ea0886e8a7f8,d6fb430f-d101-4dc7-bd94-a22e3f26658a,2026-02-12,day,8.5
0c3553b6-35b2-430e-b1a4-084a00e96e37,d6fb430f-d101-4dc7-bd94-a22e3f26658a,2026-02-13,day,8.0
612df831-37da-4eb2-bd60-0be66f3d4316,d6fb430f-d101-4dc7-bd94-a22e3f26658a,2026-02-16,day,8.0
2caf4fec-8c14-4450-a2d9-011c8d4f3d62,d6fb430f-d101-4dc7-bd94-a22e3f26658a,2026-02-17,day,8.0
b970f546-98c2-42e5-86ac-6e28a0c854dd,d6fb430f-d101-4dc7-bd94-a22e3f26658a,2026-02-18,day,8.0
ef567c80-6c22-4345-b83c-17def2e2b2ad,d6fb430f-d101-4dc7-bd94-a22e3f26658a,2026-02-19,extended,15.2
a05dc739-508c-4f67-bb1c-180f34e71825,d6fb430f-d101-4dc7-bd94-a22e3f26658a,2026-02-20,night,10.0
db6acc57-8e77-46c2-951d-1702f5295113,d6fb430f-d101-4dc7-bd94-a22e3f26658a,2026-02-23,night,12.0
35a1c6d7-f107-4c1d-8629-d90fd387333d,d6fb430f-d101-4dc7-bd94-a22e3f26658a,2026-02-24,day,9.0
5220ec17-1225-4ae3-8e3e-eb08db975d60,d6fb430f-d101-4dc7-bd94-a22e3f26658a,2026-02-25,day,8.0
81feaa83-3b02-4e80-885e-b960ffd0ae0a,d6fb430f-d101-4dc7-bd94-a22e3f26658a,2026-02-26,day,9.0
b70313f0-d3be-4bf2-ae51-fca3687c8aae,d6fb430f-d101-4dc7-bd94-a22e3f26658a,2026-02-27,night,10.0
0e0c48e9-0c8d-485c-a58b-162f351b9a23,d6fb430f-d101-4dc7-bd94-a22e3f26658a,2026-03-12,day,8.0
4c0e1212-2d8d-446f-b2bd-10377b769281,d6fb430f-d101-4dc7-bd94-a22e3f26658a,2026-03-13,day,8.0
cdb31f8e-1c4a-4e9d-b767-56032e3294b6,d6fb430f-d101-4dc7-bd94-a22e3f26658a,2026-03-15,day,8.5
bc968861-26b8-4c07-9240-da283577de49,d6fb430f-d101-4dc7-bd94-a22e3f26658a,2026-03-16,day,8.0
40c1cf0e-a89f-47b9-95a9-749a057310a0,d6fb430f-d101-4dc7-bd94-a22e3f26658a,2026-03-17,extended,14.2
afa480b1-e5d6-475d-afaa-72ff725e8827,d6fb430f-d101-4dc7-bd94-a22e3f26658a,2026-03-18,day,9.0
6e700c58-bd21-4e74-9def-00154f90e9bb,d6fb430f-d101-4dc7-bd94-a22e3f26658a,2026-03-19,day,9.0
173c781f-c2e1-4fdc-8496-5567286aa2ca,d6fb430f-d101-4dc7-bd94-a22e3f26658a,2026-03-20,extended,14.2
c6ccff30-ae64-4a8a-a0dc-22500da15dfb,d6fb430f-d101-4dc7-bd94-a22e3f26658a,2026-03-23,night,10.0
ad3d5301-3a88-44df-ac91-ad0a755e98da,d6fb430f-d101-4dc7-bd94-a22e3f26658a,2026-03-24,day,8.0
33fb1fce-6d7d-4f74-bee5-ac9f74d91f1b,d6fb430f-d101-4dc7-bd94-a22e3f26658a,2026-03-25,day,8.0
f74b5185-daf0-4054-ac51-917d6eeb91d8,d6fb430f-d101-4dc7-bd94-a22e3f26658a,2026-03-26,day,8.0
dd23e743-a98d-42c4-afc2-20e5ca909a97,d6fb430f-d101-4dc7-bd94-a22e3f26658a,2026-03-27,day,9.0
c0507396-64a3-46a3-94f1-d04e8cf9718c,d6fb430f-d101-4dc7-bd94-a22e3f26658a,2026-03-29,day,9.0
f793efa3-7489-4d0a-881f-dda6c01d3f04,d6fb430f-d101-4dc7-bd94-a22e3f26658a,2026-03-30,day,8.0
39b663f1-5bbd-4f0f-b121-5afb0857e9d6,d6fb430f-d101-4dc7-bd94-a22e3f26658a,2026-03-31,day,8.0
7f822cb9-a700-4e6b-a964-219cf605bd99,d6fb430f-d101-4dc7-bd94-a22e3f26658a,2026-04-01,day,9.0
85fb1b55-0079-4137-b566-cee8c2a4525b,d6fb430f-d101-4dc7-bd94-a22e3f26658a,2026-04-02,day,8.5
ab997a16-4cf4-4cbe-a7b7-62170041b80c,d6fb430f-d101-4dc7-bd94-a22e3f26658a,2026-04-03,day,8.5
18a70e84-8294-469c-b6bb-52ace00d5d01,d6fb430f-d101-4dc7-bd94-a22e3f26658a,2026-04-05,extended,14.8
e6df5a69-66c3-4a9b-9b16-8d38a371e24f,d6fb430f-d101-4dc7-bd94-a22e3f26658a,2026-04-06,day,9.0
b86b9ecb-93e5-4bf1-a949-95518d2f2b0b,d6fb430f-d101-4dc7-bd94-a22e3f26658a,2026-04-07,day,8.0
7df85331-dc1c-4a29-9288-a318ca1d7064,d6fb430f-d101-4dc7-bd94-a22e3f26658a,2026-04-08,day,8.5
37232e1a-7d0d-4a3b-855c-d1549fd6a9f5,d6fb430f-d101-4dc7-bd94-a22e3f26658a,2026-04-09,day,9.5
ee7562b3-c1d6-418b-864f-af79922d7617,d6fb430f-d101-4dc7-bd94-a22e3f26658a,2026-04-10,night,10.5
86ea01cd-0ebe-4f42-a000-80c1f2cb2ce6,d6fb430f-d101-4dc7-bd94-a22e3f26658a,2026-04-11,extended,13.6
7de5f1a3-3258-453e-a62a-3ca7ce8a16c8,d6fb430f-d101-4dc7-bd94-a22e3f26658a,2026-04-13,day,8.5
37847b22-6811-44a5-bea0-dd4aaf448d5f,d6fb430f-d101-4dc7-bd94-a22e3f26658a,2026-04-14,day,8.0
8b6a068a-e7c3-43f8-8519-00d1ad5930f6,d6fb430f-d101-4dc7-bd94-a22e3f26658a,2026-04-15,day,8.0
654399e0-b97f-4277-8a2c-aa2a1620bbd0,d6fb430f-d101-4dc7-bd94-a22e3f26658a,2026-04-16,day,8.0
a765d79a-2dda-4ce7-a90a-1d289d10937f,d6fb430f-d101-4dc7-bd94-a22e3f26658a,2026-04-17,day,8.5
8ac72598-a003-47e1-80d2-f456f95ff424,d6fb430f-d101-4dc7-bd94-a22e3f26658a,2026-04-20,night,10.5
92706fec-cc3f-4666-8c27-42a559b27527,d6fb430f-d101-4dc7-bd94-a22e3f26658a,2026-04-21,day,8.0
19d3f679-3a4d-4e2a-8dc6-2f14bd645aed,d6fb430f-d101-4dc7-bd94-a22e3f26658a,2026-04-22,day,8.0
0d1cd8eb-847d-4dcc-bc3e-ebd246effb93,d6fb430f-d101-4dc7-bd94-a22e3f26658a,2026-04-23,night,10.0
4a90d87d-0179-4c86-a665-e8a49df7a1f8,d6fb430f-d101-4dc7-bd94-a22e3f26658a,2026-04-24,night,10.0
7c841c4e-5971-4f63-9bb0-59d3b194d3e5,d6fb430f-d101-4dc7-bd94-a22e3f26658a,2026-04-26,night,10.5
3bfb2cbe-5184-4c98-ba20-0043268def8f,d6fb430f-d101-4dc7-bd94-a22e3f26658a,2026-04-27,day,8.0
7bce7048-19dc-4807-99f0-c55e061a499b,d6fb430f-d101-4dc7-bd94-a22e3f26658a,2026-04-28,night,10.0
63b466f1-0c51-4046-b8fb-04e487b54e77,d6fb430f-d101-4dc7-bd94-a22e3f26658a,2026-04-29,day,8.0
a0fabc22-37b1-444f-b741-69f77b1cf1d1,d6fb430f-d101-4dc7-bd94-a22e3f26658a,2026-04-30,extended,15.0
9f8999dc-a8ca-4ad4-bcde-d5b27028a433,d6fb430f-d101-4dc7-bd94-a22e3f26658a,2026-05-01,night,11.0
0ab65ef4-0673-42a0-9152-af13098f3500,d6fb430f-d101-4dc7-bd94-a22e3f26658a,2026-05-03,day,8.5
26a2a6e3-45d3-4457-8207-ba844fa1bacf,d6fb430f-d101-4dc7-bd94-a22e3f26658a,2026-05-04,day,8.5
0dd322d7-a369-4484-8ced-c863dfbb4ac2,d6fb430f-d101-4dc7-bd94-a22e3f26658a,2026-05-05,day,8.0
d2899cb3-8ec8-45d0-971b-b28eaaa949a6,d6fb430f-d101-4dc7-bd94-a22e3f26658a,2026-05-06,night,10.5
a30f18b2-70f8-4d9a-9c12-514b20561216,d6fb430f-d101-4dc7-bd94-a22e3f26658a,2026-05-07,day,8.0
03098324-27d9-49b2-8cc2-0ff811159081,d6fb430f-d101-4dc7-bd94-a22e3f26658a,2026-05-08,day,9.5
fdf110c1-4b28-426e-bf64-6f9060384c51,d6fb430f-d101-4dc7-bd94-a22e3f26658a,2026-05-09,day,8.0
11166651-002b-48f8-bd65-de6584d615af,d6fb430f-d101-4dc7-bd94-a22e3f26658a,2026-05-10,day,8.5
beb23dca-6042-46e2-9f42-fe9362010c72,d6fb430f-d101-4dc7-bd94-a22e3f26658a,2026-05-11,extended,14.5
e04805f5-8656-4ed0-98ee-f9271306aa8f,d6fb430f-d101-4dc7-bd94-a22e3f26658a,2026-05-12,day,9.0
287d55ae-0fef-4a19-a647-5ed5c3326e70,d6fb430f-d101-4dc7-bd94-a22e3f26658a,2026-05-13,day,9.0
16424454-33e6-4387-83fd-916213edff1f,d6fb430f-d101-4dc7-bd94-a22e3f26658a,2026-05-14,extended,15.1
2d0d9e0d-51c3-4314-9ee6-01ee0d8a98b3,d6fb430f-d101-4dc7-bd94-a22e3f26658a,2026-05-15,night,10.0
57b3ffd8-bb77-41dc-b764-6255ea0d0c0d,d6fb430f-d101-4dc7-bd94-a22e3f26658a,2026-05-18,extended,13.4
c6059fdf-cc6b-4dc0-b5bd-26d393ec8919,d6fb430f-d101-4dc7-bd94-a22e3f26658a,2026-05-19,day,8.5
c30bee1b-88fe-4ce1-9a8c-abcab3519bf6,d6fb430f-d101-4dc7-bd94-a22e3f26658a,2026-05-20,day,8.5
541ba944-a257-4fae-9d6c-7223a8dfdc9c,d6fb430f-d101-4dc7-bd94-a22e3f26658a,2026-05-21,day,8.0
fe0291dc-42ab-42c4-ae1f-945b61104f2a,d6fb430f-d101-4dc7-bd94-a22e3f26658a,2026-05-22,night,10.5
80f5693b-fce2-4ec9-8082-12370df22588,d6fb430f-d101-4dc7-bd94-a22e3f26658a,2026-05-25,day,8.0
595cbfb9-db2d-415c-a343-5d01fe4177ee,d6fb430f-d101-4dc7-bd94-a22e3f26658a,2026-05-26,day,9.0
78fefcba-d265-476f-a7cc-7df6ffca97d3,d6fb430f-d101-4dc7-bd94-a22e3f26658a,2026-05-27,extended,15.9
1b0e5072-8307-4e1e-8642-25f8d4d12c25,d6fb430f-d101-4dc7-bd94-a22e3f26658a,2026-05-28,night,12.0
7792764c-9411-4917-b604-bc4af5007f6c,d6fb430f-d101-4dc7-bd94-a22e3f26658a,2026-05-29,night,11.0
f397dae6-eb13-4f2a-882f-1d1da3d84b6b,d6fb430f-d101-4dc7-bd94-a22e3f26658a,2026-05-30,night,10.0
a9d132a4-8e7d-45a9-b270-bfedd1d2611c,d6fb430f-d101-4dc7-bd94-a22e3f26658a,2026-06-01,day,8.0
50b98262-4bae-42b4-8cfb-6a60e8d9dda8,d6fb430f-d101-4dc7-bd94-a22e3f26658a,2026-06-02,night,10.5
acdef24c-5d47-4932-bb0b-c7e43ac208c1,d6fb430f-d101-4dc7-bd94-a22e3f26658a,2026-06-03,extended,15.3
6b714789-c565-4b0e-b09e-8d027b772870,d6fb430f-d101-4dc7-bd94-a22e3f26658a,2026-06-04,day,8.5
015db440-6f48-4f2e-b9fd-5df093528dcc,d6fb430f-d101-4dc7-bd94-a22e3f26658a,2026-06-05,day,8.5
93fae285-9a97-4e9d-b9af-80f71dac8c8f,d6fb430f-d101-4dc7-bd94-a22e3f26658a,2026-06-06,day,9.0
b1d6294f-3ec4-4792-993e-7b5e8788d05b,d6fb430f-d101-4dc7-bd94-a22e3f26658a,2026-06-08,day,8.5
96bbc88e-3531-4a8d-92e3-8a6bde8856c6,d6fb430f-d101-4dc7-bd94-a22e3f26658a,2026-06-09,extended,14.0
7bc11ae1-34ef-4f85-9932-6bbfdfa9568c,d6fb430f-d101-4dc7-bd94-a22e3f26658a,2026-06-10,day,8.0
07877421-00c1-45c6-9a77-bcab3446d1a7,d6fb430f-d101-4dc7-bd94-a22e3f26658a,2026-06-11,day,8.5
670d3265-0785-4fac-869e-60ae6224312b,d6fb430f-d101-4dc7-bd94-a22e3f26658a,2026-06-12,day,8.5
91b5be56-fbf6-48e7-b9c4-49a7ef66adec,d6fb430f-d101-4dc7-bd94-a22e3f26658a,2026-06-15,day,9.0
36b90592-b172-4475-8f49-6644467e97f7,d6fb430f-d101-4dc7-bd94-a22e3f26658a,2026-06-16,night,10.0
5257fbd5-d09a-4a1a-b0c5-cafde8ff00c3,d6fb430f-d101-4dc7-bd94-a22e3f26658a,2026-06-17,day,8.0
7fc9afa0-91e9-4498-a045-7dbaaea18a1f,d6fb430f-d101-4dc7-bd94-a22e3f26658a,2026-06-18,day,9.0
a5002694-bcfd-44f1-b689-aa793caed7ed,d6fb430f-d101-4dc7-bd94-a22e3f26658a,2026-06-19,day,8.0
5a5fffdd-a6d4-4af4-9a1a-eea3b6c1ef46,d6fb430f-d101-4dc7-bd94-a22e3f26658a,2026-06-21,extended,13.1
c4e41e04-71bb-4f5d-9422-8cd5a1db6475,d6fb430f-d101-4dc7-bd94-a22e3f26658a,2026-06-22,day,8.0
28310b36-f7b3-47ec-bdd8-d44734d8e495,d6fb430f-d101-4dc7-bd94-a22e3f26658a,2026-06-23,extended,13.5
f5757913-bcd4-42ef-8ef7-e6bac12da172,d6fb430f-d101-4dc7-bd94-a22e3f26658a,2026-06-24,day,8.5
c8f8ebe3-b8f9-49af-92a6-052b7539b366,d6fb430f-d101-4dc7-bd94-a22e3f26658a,2026-06-25,day,9.0
2ae1f9d0-c988-43a9-8a33-2fc89ea0ed29,d6fb430f-d101-4dc7-bd94-a22e3f26658a,2026-06-26,day,9.0
12548184-a45c-4fcc-a7c7-778ac81bb235,d6fb430f-d101-4dc7-bd94-a22e3f26658a,2026-06-27,day,8.0
5bc1d989-6c3b-4ef3-8d01-ab2cbb5f7c37,d6fb430f-d101-4dc7-bd94-a22e3f26658a,2026-06-29,night,11.0
d7a2d9d4-9776-439a-9d94-b5e924811e95,7add9c6d-c8f7-414b-a5f2-959e72f6c1e5,2026-01-01,day,9.0
1ec6e1b0-fc8c-4a27-8f3d-47ce17c145e0,7add9c6d-c8f7-414b-a5f2-959e72f6c1e5,2026-01-02,night,10.0
44ef88f1-4e51-4b61-8e6e-211806ba29b9,7add9c6d-c8f7-414b-a5f2-959e72f6c1e5,2026-01-05,day,8.5
20dac4c4-27be-4d74-9283-39621db1b0b3,7add9c6d-c8f7-414b-a5f2-959e72f6c1e5,2026-01-06,day,9.0
1e48b5d0-f528-4af4-b130-80c0503174d9,7add9c6d-c8f7-414b-a5f2-959e72f6c1e5,2026-01-07,day,8.0
a25182fb-4614-425d-84dc-7e1f3a77651f,7add9c6d-c8f7-414b-a5f2-959e72f6c1e5,2026-01-08,day,8.0
86f550e2-5072-424e-a5c3-11e801321c1b,7add9c6d-c8f7-414b-a5f2-959e72f6c1e5,2026-01-09,day,8.0
4e574595-9691-46e9-8b6a-722be4d26225,7add9c6d-c8f7-414b-a5f2-959e72f6c1e5,2026-01-12,day,8.0
b3ddcd4d-d4dc-4646-ab85-68f75bbed9fe,7add9c6d-c8f7-414b-a5f2-959e72f6c1e5,2026-01-13,day,8.5
71707913-c508-4ff6-9197-259acd62e8cb,7add9c6d-c8f7-414b-a5f2-959e72f6c1e5,2026-01-14,day,9.5
937ca9f9-cc0a-4cd6-81ca-2bf1fdeba781,7add9c6d-c8f7-414b-a5f2-959e72f6c1e5,2026-01-15,day,9.5
09020e98-595a-4cb4-82da-2f693fec66f1,7add9c6d-c8f7-414b-a5f2-959e72f6c1e5,2026-01-16,day,8.5
cdaf74db-b4d4-4e33-8adf-d4e35dfab4ef,7add9c6d-c8f7-414b-a5f2-959e72f6c1e5,2026-01-17,day,8.0
259ee476-0da8-438d-86b1-18b1395902f0,7add9c6d-c8f7-414b-a5f2-959e72f6c1e5,2026-01-19,day,8.0
06596938-5ef0-4e46-af62-e270d0f50c01,7add9c6d-c8f7-414b-a5f2-959e72f6c1e5,2026-01-20,day,8.0
d5212da6-bcf5-470b-a707-aa9e705b16df,7add9c6d-c8f7-414b-a5f2-959e72f6c1e5,2026-01-21,day,8.5
280b8423-b1b5-447a-9eee-d13ce552e967,7add9c6d-c8f7-414b-a5f2-959e72f6c1e5,2026-01-22,day,8.0
7a989ab9-a2b7-4544-8fd9-88a3f5817772,7add9c6d-c8f7-414b-a5f2-959e72f6c1e5,2026-01-23,day,8.5
a2d31407-12a3-4135-a607-a426f7dcf098,7add9c6d-c8f7-414b-a5f2-959e72f6c1e5,2026-01-26,day,8.0
61e68ecd-84b8-482c-a0d4-bf873694bcd1,7add9c6d-c8f7-414b-a5f2-959e72f6c1e5,2026-01-27,day,8.0
797112a5-9930-43a6-92c6-49f5a8c5cf42,7add9c6d-c8f7-414b-a5f2-959e72f6c1e5,2026-01-28,night,11.0
085a51a2-8c65-4a95-943d-c15060312777,7add9c6d-c8f7-414b-a5f2-959e72f6c1e5,2026-01-29,day,9.5
6c91c7b7-e490-40bb-aff9-e4fa8aa99a0d,7add9c6d-c8f7-414b-a5f2-959e72f6c1e5,2026-01-30,day,8.0
ba00030d-14c5-4ab9-9e28-1cf189d630d1,7add9c6d-c8f7-414b-a5f2-959e72f6c1e5,2026-01-31,day,8.0
b371fec8-8e85-4910-b8d0-d0e3163733f4,7add9c6d-c8f7-414b-a5f2-959e72f6c1e5,2026-02-01,extended,15.4
2bf431c1-9bde-473f-a6dd-5d8283ee6e33,7add9c6d-c8f7-414b-a5f2-959e72f6c1e5,2026-02-02,night,10.5
cf830381-7ebf-4299-ba18-98f48abcea37,7add9c6d-c8f7-414b-a5f2-959e72f6c1e5,2026-02-03,day,8.0
697d3883-2a1f-4104-9408-612a311827db,7add9c6d-c8f7-414b-a5f2-959e72f6c1e5,2026-02-04,day,8.5
1579b6ef-c992-48a4-8cd0-fafa4035c3c2,7add9c6d-c8f7-414b-a5f2-959e72f6c1e5,2026-02-05,day,8.0
e27f7d0e-6a8d-4eed-b4ca-996fe6e4c4d2,7add9c6d-c8f7-414b-a5f2-959e72f6c1e5,2026-02-06,night,11.0
e674fb7b-20db-45b2-9a8e-cffba732262d,7add9c6d-c8f7-414b-a5f2-959e72f6c1e5,2026-02-18,day,8.5
90d33dd1-4f23-49e4-902e-8057e4ac61e5,7add9c6d-c8f7-414b-a5f2-959e72f6c1e5,2026-02-19,day,8.5
e4c39827-c4f8-4b8d-bf35-178dba92cc64,7add9c6d-c8f7-414b-a5f2-959e72f6c1e5,2026-02-20,night,10.0
cb88c91a-4084-459f-b2e8-9ccc4e34bb54,7add9c6d-c8f7-414b-a5f2-959e72f6c1e5,2026-02-23,day,8.0
0ca2bb43-d903-47c4-aa08-108522e90f2e,7add9c6d-c8f7-414b-a5f2-959e72f6c1e5,2026-02-24,night,10.0
bc62195b-d842-4dc4-adf8-393a30be2f09,7add9c6d-c8f7-414b-a5f2-959e72f6c1e5,2026-02-25,day,9.5
7ed02739-82fa-4839-b820-8eb2a51271bf,7add9c6d-c8f7-414b-a5f2-959e72f6c1e5,2026-02-26,extended,14.5
b3ee8ef5-5168-4d68-9ea9-fb5e42c667ec,7add9c6d-c8f7-414b-a5f2-959e72f6c1e5,2026-02-27,night,12.0
25e282e4-f900-49e9-a8f7-6c27a0dea6b0,7add9c6d-c8f7-414b-a5f2-959e72f6c1e5,2026-03-02,day,8.0
f5c992e1-759f-4a6b-bb8f-244ad9fd6bdc,7add9c6d-c8f7-414b-a5f2-959e72f6c1e5,2026-03-03,extended,15.7
9a805413-0ab6-4c59-a949-26e1e6dc83eb,7add9c6d-c8f7-414b-a5f2-959e72f6c1e5,2026-03-04,night,10.0
21ad3ecc-b5cd-4218-b36c-6f4c015ec7e6,7add9c6d-c8f7-414b-a5f2-959e72f6c1e5,2026-03-05,day,8.5
3ab22277-7711-4e5e-b8f2-5387ddff5af5,7add9c6d-c8f7-414b-a5f2-959e72f6c1e5,2026-03-06,day,8.0
fd8e3ac0-14c7-48d7-a2e4-0dae923575d5,7add9c6d-c8f7-414b-a5f2-959e72f6c1e5,2026-03-07,night,10.0
8b2c3985-793d-4347-8b2f-b13c9a98379d,7add9c6d-c8f7-414b-a5f2-959e72f6c1e5,2026-03-09,extended,13.8
d2a05f47-093a-4da1-ac68-3ca84e6a7f57,7add9c6d-c8f7-414b-a5f2-959e72f6c1e5,2026-03-10,day,8.5
5263fafb-1196-4a3d-9db4-239cd33e56e0,7add9c6d-c8f7-414b-a5f2-959e72f6c1e5,2026-03-11,night,11.0
6bc9fa9b-00b0-4fd6-9e65-a3c26a470a3a,7add9c6d-c8f7-414b-a5f2-959e72f6c1e5,2026-03-12,day,8.5
0638d174-ba39-49b9-aaf7-4ba878cb758c,7add9c6d-c8f7-414b-a5f2-959e72f6c1e5,2026-03-13,day,8.0
69b2c418-38ae-4ce4-8098-e84b55cf1a19,7add9c6d-c8f7-414b-a5f2-959e72f6c1e5,2026-03-14,night,12.0
dab47337-e692-4e62-a311-b8674cf45011,7add9c6d-c8f7-414b-a5f2-959e72f6c1e5,2026-03-16,night,10.5
80369ab1-4c52-4c2b-8de8-cfa878afdf17,7add9c6d-c8f7-414b-a5f2-959e72f6c1e5,2026-03-17,day,8.0
4dafa6fd-043f-4fb0-ab09-06455749fa43,7add9c6d-c8f7-414b-a5f2-959e72f6c1e5,2026-03-18,extended,13.6
f791d3a4-df24-40ac-838a-e668a79715c7,7add9c6d-c8f7-414b-a5f2-959e72f6c1e5,2026-03-19,extended,14.5
25a0cde1-8d87-457f-b95a-79224222ca04,7add9c6d-c8f7-414b-a5f2-959e72f6c1e5,2026-03-20,day,9.0
901b5146-8d0e-44b3-bb22-ff7517935698,7add9c6d-c8f7-414b-a5f2-959e72f6c1e5,2026-03-21,day,8.5
39dcf103-3842-4263-b1b3-7cafa999b4d2,7add9c6d-c8f7-414b-a5f2-959e72f6c1e5,2026-03-22,day,8.0
6c2a3e71-3b1b-4294-bdf8-cdb7f1276ccb,7add9c6d-c8f7-414b-a5f2-959e72f6c1e5,2026-03-23,day,8.0
e8fcd61a-7cb3-43ba-a284-2cd84704d161,7add9c6d-c8f7-414b-a5f2-959e72f6c1e5,2026-03-24,day,8.5
9842e79c-3dda-4cf3-941a-d89dc6995d1f,7add9c6d-c8f7-414b-a5f2-959e72f6c1e5,2026-03-25,day,8.5
94c0825e-2989-415d-bc4a-849e607a8680,7add9c6d-c8f7-414b-a5f2-959e72f6c1e5,2026-03-26,extended,15.5
a7109a20-8f3e-4d29-9a19-9cec37b1ac75,7add9c6d-c8f7-414b-a5f2-959e72f6c1e5,2026-03-27,day,9.0
408e4c21-3cc1-40a7-8724-b36728270c08,7add9c6d-c8f7-414b-a5f2-959e72f6c1e5,2026-03-28,extended,15.9
83db452d-5b55-4ad1-8a71-ea634f071810,7add9c6d-c8f7-414b-a5f2-959e72f6c1e5,2026-03-29,day,8.5
33933cbc-7b1a-4935-9fa1-aaa4095a9cee,7add9c6d-c8f7-414b-a5f2-959e72f6c1e5,2026-03-30,day,9.5
d14fa22c-fac0-4c73-8536-2f0252f20693,7add9c6d-c8f7-414b-a5f2-959e72f6c1e5,2026-03-31,night,10.0
2fe5d3ad-9830-4daf-b535-3e3e66ce6381,7add9c6d-c8f7-414b-a5f2-959e72f6c1e5,2026-04-01,day,8.0
154af57c-7b55-4b15-b540-6f7a2dbda19a,7add9c6d-c8f7-414b-a5f2-959e72f6c1e5,2026-04-02,night,12.0
3a31ebfe-17cb-46e7-8144-3bf14aae2c9a,7add9c6d-c8f7-414b-a5f2-959e72f6c1e5,2026-04-03,night,10.0
c522716a-de67-4ff6-b98d-257274391445,7add9c6d-c8f7-414b-a5f2-959e72f6c1e5,2026-04-04,day,8.0
a1777f9e-1daf-458b-8526-ea8e1edd5290,7add9c6d-c8f7-414b-a5f2-959e72f6c1e5,2026-04-05,night,11.0
d2b46340-efc5-4b25-9f7c-8613b80060b8,7add9c6d-c8f7-414b-a5f2-959e72f6c1e5,2026-04-06,extended,15.9
ee1ffeff-7d8f-4520-ab46-e729630235db,7add9c6d-c8f7-414b-a5f2-959e72f6c1e5,2026-04-07,extended,14.9
086d5cd0-52bb-42af-940a-d7bff655df75,7add9c6d-c8f7-414b-a5f2-959e72f6c1e5,2026-04-08,extended,15.5
b9d42338-0946-4834-9cc0-fd3865e09818,7add9c6d-c8f7-414b-a5f2-959e72f6c1e5,2026-04-09,day,9.5
e73f2750-fae5-48a1-a7bf-e90451545221,7add9c6d-c8f7-414b-a5f2-959e72f6c1e5,2026-04-10,day,8.0
ae0e51f1-0428-4af9-b1ce-3db238821f1d,7add9c6d-c8f7-414b-a5f2-959e72f6c1e5,2026-04-11,day,8.0
172338c5-14a4-4048-8ae5-99156ae94139,7add9c6d-c8f7-414b-a5f2-959e72f6c1e5,2026-04-12,day,8.0
a2664eda-d63a-49b1-a6c2-dd37125a4ace,7add9c6d-c8f7-414b-a5f2-959e72f6c1e5,2026-04-13,day,9.5
87e9a8c5-0ba6-4888-9806-bc553f427fca,7add9c6d-c8f7-414b-a5f2-959e72f6c1e5,2026-04-14,extended,15.2
fcbc7b43-20bd-44ea-bb39-0ac602676fd3,7add9c6d-c8f7-414b-a5f2-959e72f6c1e5,2026-04-15,day,8.0
7cb3b87c-d25a-4b61-a370-f757adf10ab2,7add9c6d-c8f7-414b-a5f2-959e72f6c1e5,2026-04-16,extended,14.4
0fec1a43-2f44-4104-af3c-a25a976e6392,7add9c6d-c8f7-414b-a5f2-959e72f6c1e5,2026-04-17,day,9.0
fbb9b449-c0ad-4b29-8026-275acb6f4e8a,7add9c6d-c8f7-414b-a5f2-959e72f6c1e5,2026-04-18,night,10.0
a9899328-acea-43bb-b44b-6290be9c69c9,7add9c6d-c8f7-414b-a5f2-959e72f6c1e5,2026-04-19,day,8.0
2b381b54-e883-4352-86c1-ea7aa3f2a27e,7add9c6d-c8f7-414b-a5f2-959e72f6c1e5,2026-04-20,night,10.0
9803753c-9f86-4d6e-829b-425db062d9ef,7add9c6d-c8f7-414b-a5f2-959e72f6c1e5,2026-04-21,day,8.0
44158cf0-2787-422a-804d-6d0a82a1fa26,7add9c6d-c8f7-414b-a5f2-959e72f6c1e5,2026-04-22,day,9.0
b399a6ac-bbf9-4c74-9d6e-628010a9ad8f,7add9c6d-c8f7-414b-a5f2-959e72f6c1e5,2026-04-23,day,8.5
76e6c719-0745-4c6d-81d2-36daa98ce20d,7add9c6d-c8f7-414b-a5f2-959e72f6c1e5,2026-04-24,extended,13.8
afd4a1bd-06f5-4aa3-9157-c734835b4001,7add9c6d-c8f7-414b-a5f2-959e72f6c1e5,2026-04-25,day,9.0
76d7c8e1-9f87-4cd3-bcf5-bf8eaca70bc1,7add9c6d-c8f7-414b-a5f2-959e72f6c1e5,2026-04-26,day,9.0
50ea9ac9-87be-446a-ac81-d93da4fb37c9,7add9c6d-c8f7-414b-a5f2-959e72f6c1e5,2026-04-27,night,12.0
789c8bdc-0e63-4adf-988b-c19ea4cf272c,7add9c6d-c8f7-414b-a5f2-959e72f6c1e5,2026-04-28,night,10.0
4cd17673-e208-4d34-9fcc-37df9732611f,7add9c6d-c8f7-414b-a5f2-959e72f6c1e5,2026-04-29,extended,15.6
77d7aa33-8122-4225-b33a-68014e1b08a5,7add9c6d-c8f7-414b-a5f2-959e72f6c1e5,2026-04-30,day,8.0
add12f03-50ab-4358-b2b0-32381f5e874c,7add9c6d-c8f7-414b-a5f2-959e72f6c1e5,2026-05-01,night,10.0
1950e5e4-4595-475d-ae34-84e6f739c83d,7add9c6d-c8f7-414b-a5f2-959e72f6c1e5,2026-05-02,day,8.5
21d4d08e-7594-4633-9c84-e0efbf9bfce6,7add9c6d-c8f7-414b-a5f2-959e72f6c1e5,2026-05-03,day,8.0
318c2f68-4902-4847-bf4e-57d31cfaa991,7add9c6d-c8f7-414b-a5f2-959e72f6c1e5,2026-05-04,day,8.5
cdae823f-20b8-4545-9f96-75a12211056c,7add9c6d-c8f7-414b-a5f2-959e72f6c1e5,2026-05-05,night,10.5
b1f47a02-2e07-47b2-8d70-611cd2c55893,7add9c6d-c8f7-414b-a5f2-959e72f6c1e5,2026-05-06,extended,15.5
c4cfa0e4-3d32-4e0a-81d6-ffdbf7859f8e,7add9c6d-c8f7-414b-a5f2-959e72f6c1e5,2026-05-07,day,8.0
c857270f-4578-4d21-98df-2004d6fc0ce6,7add9c6d-c8f7-414b-a5f2-959e72f6c1e5,2026-05-08,day,8.0
973f387c-54fe-4f9f-ade8-22578eaa8a99,7add9c6d-c8f7-414b-a5f2-959e72f6c1e5,2026-05-11,day,8.5
8eb8c542-34a3-406e-b33e-ca80bc4f650d,7add9c6d-c8f7-414b-a5f2-959e72f6c1e5,2026-05-12,day,9.0
47a7a343-874a-44c4-8d97-e303f826ccc5,7add9c6d-c8f7-414b-a5f2-959e72f6c1e5,2026-05-13,day,8.5
bc2979f4-dd57-4fd3-b38c-52255ec3ec97,7add9c6d-c8f7-414b-a5f2-959e72f6c1e5,2026-05-14,day,8.0
509f392d-d60e-4be3-99a4-16870765940e,7add9c6d-c8f7-414b-a5f2-959e72f6c1e5,2026-05-15,day,8.5
7c4873b0-e2fe-494c-a213-38a042097652,7add9c6d-c8f7-414b-a5f2-959e72f6c1e5,2026-05-18,night,10.5
9ef64c91-babb-427e-8710-cfeb27058f19,7add9c6d-c8f7-414b-a5f2-959e72f6c1e5,2026-05-19,day,8.0
6e3875d4-c6ca-490d-80c4-cbf4140b614f,7add9c6d-c8f7-414b-a5f2-959e72f6c1e5,2026-05-20,day,8.0
37a6bde8-f19e-4b97-84ab-220f43f523bd,7add9c6d-c8f7-414b-a5f2-959e72f6c1e5,2026-05-21,day,8.0
128106c5-1ad6-46bd-b575-ca2976d81246,7add9c6d-c8f7-414b-a5f2-959e72f6c1e5,2026-05-22,day,8.0
32471ef5-fe46-4a3e-88df-23d0b2d924d3,7add9c6d-c8f7-414b-a5f2-959e72f6c1e5,2026-05-23,day,8.0
4fa08be3-4623-4f7e-9c4d-98ad1516b6de,7add9c6d-c8f7-414b-a5f2-959e72f6c1e5,2026-05-24,day,8.0
8efdf8e0-1d68-4d46-8436-1b9b0f10b2ea,7add9c6d-c8f7-414b-a5f2-959e72f6c1e5,2026-05-25,night,10.5
a01dd06c-64e2-4667-b7b4-cdffdc7ff835,7add9c6d-c8f7-414b-a5f2-959e72f6c1e5,2026-05-26,night,10.0
3592df20-83b2-45f7-a458-2e264f76abd6,7add9c6d-c8f7-414b-a5f2-959e72f6c1e5,2026-05-27,extended,15.7
9e2003c9-b772-44ba-bfd0-049b84e2cedc,7add9c6d-c8f7-414b-a5f2-959e72f6c1e5,2026-05-28,day,8.5
f2a763d1-1c44-44e2-935a-24262e10f905,7add9c6d-c8f7-414b-a5f2-959e72f6c1e5,2026-05-29,day,9.0
e197be3e-8643-4243-b3b8-bb2757038bb8,7add9c6d-c8f7-414b-a5f2-959e72f6c1e5,2026-05-30,day,8.0
e2a58fc1-4f8b-45cd-b827-d0f3e6ac4b02,7add9c6d-c8f7-414b-a5f2-959e72f6c1e5,2026-06-01,day,8.0
c4375b12-535c-4eb5-8363-394804680530,7add9c6d-c8f7-414b-a5f2-959e72f6c1e5,2026-06-02,night,10.0
f62369a6-1dd7-4808-abdf-0bd5f38125e7,7add9c6d-c8f7-414b-a5f2-959e72f6c1e5,2026-06-03,day,8.0
397c70e1-f4dd-43c7-8fdb-ce94118679b3,7add9c6d-c8f7-414b-a5f2-959e72f6c1e5,2026-06-04,day,8.0
45915e6f-695c-46ec-9f8f-acbcadf4969f,7add9c6d-c8f7-414b-a5f2-959e72f6c1e5,2026-06-05,day,8.0
1f7d329b-bba0-4352-bf23-c2bf18514802,7add9c6d-c8f7-414b-a5f2-959e72f6c1e5,2026-06-08,night,10.0
7ecadbed-5650-401f-925f-8b9c6b3e8cb0,7add9c6d-c8f7-414b-a5f2-959e72f6c1e5,2026-06-09,day,8.0
9f24ca9f-2390-40ae-ad9d-8b0973e957e0,7add9c6d-c8f7-414b-a5f2-959e72f6c1e5,2026-06-10,day,8.0
19c6ede5-3c56-4b9d-a2e3-4ade7946e575,7add9c6d-c8f7-414b-a5f2-959e72f6c1e5,2026-06-11,day,9.0
85b3bb05-cbaf-4897-b07b-32a1545fe4c7,7add9c6d-c8f7-414b-a5f2-959e72f6c1e5,2026-06-12,day,8.0
09efbf16-4b75-4a24-ae7a-7b09bb12e3e6,7add9c6d-c8f7-414b-a5f2-959e72f6c1e5,2026-06-15,day,8.5
58f4c3c0-6d73-4594-b6c0-0a8946256edb,7add9c6d-c8f7-414b-a5f2-959e72f6c1e5,2026-06-16,day,8.0
f0dcb65f-1bd5-44fd-a23d-18894181267d,7add9c6d-c8f7-414b-a5f2-959e72f6c1e5,2026-06-17,day,8.0
25c9d222-93c8-4999-972d-03547d21530d,7add9c6d-c8f7-414b-a5f2-959e72f6c1e5,2026-06-18,extended,15.5
24095cd9-9619-4fad-a279-ed6ccd215079,7add9c6d-c8f7-414b-a5f2-959e72f6c1e5,2026-06-19,day,8.0
f8133de3-981a-43f2-8a63-db974e89e2d6,7add9c6d-c8f7-414b-a5f2-959e72f6c1e5,2026-06-20,day,9.0
6bc07360-6e8c-4ba1-a571-860276163697,7add9c6d-c8f7-414b-a5f2-959e72f6c1e5,2026-06-22,day,9.0
ad09b446-a224-4422-a75c-4a9762d9acda,7add9c6d-c8f7-414b-a5f2-959e72f6c1e5,2026-06-23,day,8.0
bd588c03-4c9b-4e96-a1a6-c568c5b3ca74,7add9c6d-c8f7-414b-a5f2-959e72f6c1e5,2026-06-24,day,8.5
9c767087-f634-46ed-8c5f-f2583811c5ea,7add9c6d-c8f7-414b-a5f2-959e72f6c1e5,2026-06-25,day,8.5
0f2be22f-ce7f-4800-9922-b88720ccdb61,7add9c6d-c8f7-414b-a5f2-959e72f6c1e5,2026-06-26,night,10.0
2ba07386-9e9c-48e4-a8ff-815afaba31a1,7add9c6d-c8f7-414b-a5f2-959e72f6c1e5,2026-06-29,extended,14.6
2990df9a-0a6e-4d9f-bb31-95520b52e526,d2fe3180-36cd-423d-8a3b-a9008080782e,2026-01-01,night,12.0
c25391d5-b2e6-406e-a8fd-bf07bf366766,d2fe3180-36cd-423d-8a3b-a9008080782e,2026-01-02,day,9.0
819f9cdf-8974-417b-803d-cab4a6982fc1,d2fe3180-36cd-423d-8a3b-a9008080782e,2026-01-04,extended,15.2
4bf86499-1282-4aab-9540-6b705c488233,d2fe3180-36cd-423d-8a3b-a9008080782e,2026-01-05,day,9.5
b32a6eee-cb0a-4fb7-b23c-89bd96bbd845,d2fe3180-36cd-423d-8a3b-a9008080782e,2026-01-06,day,8.0
f320795c-d040-48b1-9c17-e9b05ba46bc5,d2fe3180-36cd-423d-8a3b-a9008080782e,2026-01-07,day,9.0
6597a89c-c4d9-450b-922b-f2127e31bdd9,d2fe3180-36cd-423d-8a3b-a9008080782e,2026-01-08,extended,14.3
e5663788-c98c-454b-8792-8b16bb7f759f,d2fe3180-36cd-423d-8a3b-a9008080782e,2026-01-09,night,10.0
940419ce-264b-481c-9393-9ae8919888ce,d2fe3180-36cd-423d-8a3b-a9008080782e,2026-01-12,extended,13.7
dd6d794b-9805-4ac0-b115-ab3ead90fa41,d2fe3180-36cd-423d-8a3b-a9008080782e,2026-01-13,day,9.0
e7010917-734d-4be0-a224-c424f044f00b,d2fe3180-36cd-423d-8a3b-a9008080782e,2026-01-14,day,8.0
772cdf7d-0061-48cf-9ed4-1d80048a0d18,d2fe3180-36cd-423d-8a3b-a9008080782e,2026-01-15,day,8.0
e38b2c3b-7373-4d44-a576-35993f4d46a3,d2fe3180-36cd-423d-8a3b-a9008080782e,2026-01-16,day,8.0
ee0e6a1e-3e24-40c6-acad-badb39e30bd9,d2fe3180-36cd-423d-8a3b-a9008080782e,2026-01-17,day,8.0
c53adf45-5863-423b-8c18-e2e86c70b795,d2fe3180-36cd-423d-8a3b-a9008080782e,2026-01-19,night,10.0
1e42f729-c9e9-4354-83da-7ec9b4e67e12,d2fe3180-36cd-423d-8a3b-a9008080782e,2026-01-20,day,8.0
8016e725-b0d1-4800-b58e-9cef4bb7b649,d2fe3180-36cd-423d-8a3b-a9008080782e,2026-01-21,extended,13.0
ec57ff5d-b781-427c-949f-9c5ee9807dc5,d2fe3180-36cd-423d-8a3b-a9008080782e,2026-01-22,day,8.0
46aadf22-4bbe-48e9-b2eb-463736a6cc57,d2fe3180-36cd-423d-8a3b-a9008080782e,2026-01-23,day,8.0
ff7b4fe5-0e0c-40c0-a771-80b81af29c68,d2fe3180-36cd-423d-8a3b-a9008080782e,2026-01-24,day,9.0
970f1045-c476-4e09-affe-33f8c6a8f4fb,d2fe3180-36cd-423d-8a3b-a9008080782e,2026-01-26,day,8.0
005071de-bfb5-44e8-818b-5a973c00f396,d2fe3180-36cd-423d-8a3b-a9008080782e,2026-01-27,day,8.0
376123de-58ce-496d-8e57-024af959595a,d2fe3180-36cd-423d-8a3b-a9008080782e,2026-01-28,day,8.0
b5882503-0e93-4d02-9ea4-995930f5b6c4,d2fe3180-36cd-423d-8a3b-a9008080782e,2026-01-29,day,8.0
35722b18-771a-4ac7-beda-be7e52a35522,d2fe3180-36cd-423d-8a3b-a9008080782e,2026-01-30,day,8.0
26d238fd-3346-43df-b5d9-245c7187c285,d2fe3180-36cd-423d-8a3b-a9008080782e,2026-01-31,day,8.0
e61ecc69-0af3-4491-91d5-e854bfc00fe1,d2fe3180-36cd-423d-8a3b-a9008080782e,2026-02-01,day,8.0
189f7319-0e58-46ae-aaf7-0d3e5c75d477,d2fe3180-36cd-423d-8a3b-a9008080782e,2026-02-02,day,8.0
9e484e8f-12ef-4d68-9beb-a00dabf00f02,d2fe3180-36cd-423d-8a3b-a9008080782e,2026-02-03,day,8.0
0362933e-1367-4080-88aa-6ca41cd0d68c,d2fe3180-36cd-423d-8a3b-a9008080782e,2026-02-04,day,8.0
23bb4e7c-69ce-44c0-9721-4f35b53321e4,d2fe3180-36cd-423d-8a3b-a9008080782e,2026-02-05,night,10.5
079ab7fc-527c-4b1a-89f5-f7522624e21e,d2fe3180-36cd-423d-8a3b-a9008080782e,2026-02-06,night,10.0
766add78-2681-4c27-92c8-8e71a1f635d4,d2fe3180-36cd-423d-8a3b-a9008080782e,2026-02-07,extended,14.4
b140d51e-d530-42ef-acf4-3e68d0f5e84f,d2fe3180-36cd-423d-8a3b-a9008080782e,2026-02-09,day,9.0
87b5ed7b-77c5-401d-ba1f-bc62c02e4383,d2fe3180-36cd-423d-8a3b-a9008080782e,2026-02-10,day,8.0
1b202807-0d01-4d97-8f2f-712d68260805,d2fe3180-36cd-423d-8a3b-a9008080782e,2026-02-11,night,10.5
8abf9dc5-a5da-4f56-81a8-42eb085cf87f,d2fe3180-36cd-423d-8a3b-a9008080782e,2026-02-12,extended,14.7
ef07f220-1283-41d3-9751-b4de581aafba,d2fe3180-36cd-423d-8a3b-a9008080782e,2026-02-13,day,8.5
cd539feb-bcc4-44ac-8731-626e6ede93ee,d2fe3180-36cd-423d-8a3b-a9008080782e,2026-02-14,day,8.0
7c2af499-3daa-473f-9097-1dc27ce2664a,d2fe3180-36cd-423d-8a3b-a9008080782e,2026-02-16,day,8.0
68b8fb75-701e-4714-b032-d61649948255,d2fe3180-36cd-423d-8a3b-a9008080782e,2026-02-17,day,8.0
7d28855e-7c05-49ce-a49d-12500c8e4d8e,d2fe3180-36cd-423d-8a3b-a9008080782e,2026-02-18,day,8.0
6510a04a-a188-48ef-bce2-82a3c68eb6b8,d2fe3180-36cd-423d-8a3b-a9008080782e,2026-02-19,day,8.0
66915395-e7a8-41ef-bb68-55d3ff67a7a4,d2fe3180-36cd-423d-8a3b-a9008080782e,2026-02-20,day,8.0
cb60c56b-8d7f-4307-ba16-650814b29690,d2fe3180-36cd-423d-8a3b-a9008080782e,2026-02-21,day,8.0
31cd604f-238c-4afd-9aa8-b395cce8e1af,d2fe3180-36cd-423d-8a3b-a9008080782e,2026-02-22,day,8.0
e45c5c6b-0004-4e6e-8033-2e64fefbcfa6,d2fe3180-36cd-423d-8a3b-a9008080782e,2026-02-23,night,10.0
e5840bca-0d30-40da-8556-34f0cad542b6,d2fe3180-36cd-423d-8a3b-a9008080782e,2026-02-24,day,9.5
da62ee77-fa0c-4e03-8563-eba7f198a21e,d2fe3180-36cd-423d-8a3b-a9008080782e,2026-02-25,day,9.5
7aa9ea78-753e-40ed-ac4d-57c3ee01aedb,d2fe3180-36cd-423d-8a3b-a9008080782e,2026-02-26,day,8.0
35d51b6d-b0aa-4838-9f9f-a32e8b97a1b1,d2fe3180-36cd-423d-8a3b-a9008080782e,2026-02-27,night,10.0
63f44fe7-f16d-49e7-b72d-988989daaa37,d2fe3180-36cd-423d-8a3b-a9008080782e,2026-03-16,day,9.0
ba97a427-bcea-470c-b234-157c912d3348,d2fe3180-36cd-423d-8a3b-a9008080782e,2026-03-17,day,8.5
e25bc6b3-8614-4d89-9504-0da4e3ab89d4,d2fe3180-36cd-423d-8a3b-a9008080782e,2026-03-18,night,10.0
c4e25a0c-7602-4e24-916d-e1e3634e8432,d2fe3180-36cd-423d-8a3b-a9008080782e,2026-03-19,day,8.0
9ff4f8d6-d1d0-4904-8e50-828f7b3c172a,d2fe3180-36cd-423d-8a3b-a9008080782e,2026-03-20,day,8.0
1271d424-8abd-4cef-9b03-51bfea170b20,d2fe3180-36cd-423d-8a3b-a9008080782e,2026-03-22,day,8.0
0476be3d-ac3d-4635-9354-ce9c321a63a0,d2fe3180-36cd-423d-8a3b-a9008080782e,2026-03-23,day,8.0
4e66af38-a9d1-45a8-89d9-4c6635317684,d2fe3180-36cd-423d-8a3b-a9008080782e,2026-03-24,day,8.5
819aeef4-cfc8-4380-9016-624cfe4d6618,d2fe3180-36cd-423d-8a3b-a9008080782e,2026-03-25,day,8.0
7133f10d-2939-43d4-b64c-b431a42090be,d2fe3180-36cd-423d-8a3b-a9008080782e,2026-03-26,day,9.0
0f134a2b-6e70-4478-8dc5-ba939d7c7c59,d2fe3180-36cd-423d-8a3b-a9008080782e,2026-03-27,day,9.5
8fcff0ec-ed19-48d8-a06b-44b9b8ad174f,d2fe3180-36cd-423d-8a3b-a9008080782e,2026-03-30,night,10.5
aaa04aa9-6e4c-45bf-b37f-d4e52300bfd6,d2fe3180-36cd-423d-8a3b-a9008080782e,2026-03-31,extended,14.5
8fbb82e4-2a04-4a38-bc8e-a4daf7f32802,d2fe3180-36cd-423d-8a3b-a9008080782e,2026-04-01,night,10.5
0acd615e-5341-4156-923e-879ad2314b08,d2fe3180-36cd-423d-8a3b-a9008080782e,2026-04-02,day,8.0
d912c6a3-896d-427a-bc26-291698849151,d2fe3180-36cd-423d-8a3b-a9008080782e,2026-04-03,night,10.0
daab4762-aabb-4b24-8932-2c916f39dabf,d2fe3180-36cd-423d-8a3b-a9008080782e,2026-04-06,night,12.0
ae193436-05bb-49c4-a526-bbc6d66c859e,d2fe3180-36cd-423d-8a3b-a9008080782e,2026-04-07,day,9.0
39fac19c-32a2-476b-ac82-da8c7295b0a8,d2fe3180-36cd-423d-8a3b-a9008080782e,2026-04-08,day,8.0
3153cc80-0b9c-4f40-b4ea-fd35d2098c11,d2fe3180-36cd-423d-8a3b-a9008080782e,2026-04-09,day,8.0
7263e068-6d5b-4eba-9ad9-0fb8ae5a624c,d2fe3180-36cd-423d-8a3b-a9008080782e,2026-04-10,night,10.0
0c872d0a-a351-4a95-943d-a289f95842f8,d2fe3180-36cd-423d-8a3b-a9008080782e,2026-04-11,day,9.0
e99ff2ab-f673-4dea-9cef-12573491bb4e,d2fe3180-36cd-423d-8a3b-a9008080782e,2026-04-13,day,9.5
b2218757-2791-44c7-9a2f-318f122f52a7,d2fe3180-36cd-423d-8a3b-a9008080782e,2026-04-14,day,8.0
61633602-d42c-4c91-8d6c-e2d2ac461b6f,d2fe3180-36cd-423d-8a3b-a9008080782e,2026-04-15,night,10.0
1998870b-f9ec-4e16-a623-48cddc1d307d,d2fe3180-36cd-423d-8a3b-a9008080782e,2026-04-16,day,8.0
f8895cf9-e64c-4e3b-abc1-bde096e7b543,d2fe3180-36cd-423d-8a3b-a9008080782e,2026-04-17,day,9.0
58a35464-b504-4f2d-bb8f-ae346bf371df,d2fe3180-36cd-423d-8a3b-a9008080782e,2026-04-20,day,8.5
ea1d330b-be02-44f4-a8ea-af23be3159fa,d2fe3180-36cd-423d-8a3b-a9008080782e,2026-04-21,day,8.5
cbf5399b-dfe5-4e8a-b02d-11b251b87a94,d2fe3180-36cd-423d-8a3b-a9008080782e,2026-04-22,day,8.0
1c8a18a1-be4d-43d9-9db4-77f6a58bbb36,d2fe3180-36cd-423d-8a3b-a9008080782e,2026-04-23,extended,14.4
68fd6590-e9f4-41a5-995b-18b6f8a5e8cb,d2fe3180-36cd-423d-8a3b-a9008080782e,2026-04-24,extended,15.5
6b09b4a3-2e84-4d68-9367-6ebfb30403b9,d2fe3180-36cd-423d-8a3b-a9008080782e,2026-04-26,day,8.0
17b20a23-e366-45c8-a356-2129c850ca91,d2fe3180-36cd-423d-8a3b-a9008080782e,2026-04-27,day,8.0
11bd7cde-ba39-44af-858a-72afbe74fe51,d2fe3180-36cd-423d-8a3b-a9008080782e,2026-04-28,night,10.0
986bef14-59ba-46f9-8e88-bbf804f86394,d2fe3180-36cd-423d-8a3b-a9008080782e,2026-04-29,day,9.0
9a85961e-be4f-4e89-87da-a4b60f0cb748,d2fe3180-36cd-423d-8a3b-a9008080782e,2026-04-30,day,8.0
fa8deb18-e221-4418-8009-58abe3127984,d2fe3180-36cd-423d-8a3b-a9008080782e,2026-05-01,day,9.5
f11ff1cc-9d0a-4ada-a6de-7e262e436fa7,d2fe3180-36cd-423d-8a3b-a9008080782e,2026-05-02,day,8.0
bd3fc82f-e701-4c25-97d4-e390fa7b0175,d2fe3180-36cd-423d-8a3b-a9008080782e,2026-05-03,night,10.5
5cc3277a-1c7a-4ba5-8146-1bc3c7680ce9,d2fe3180-36cd-423d-8a3b-a9008080782e,2026-05-04,day,8.0
58a6e78b-cf1c-4e0c-ae31-149bc18df0bb,d2fe3180-36cd-423d-8a3b-a9008080782e,2026-05-05,day,8.0
cecc6ff5-9f18-4971-a379-63174e36f5ab,d2fe3180-36cd-423d-8a3b-a9008080782e,2026-05-06,extended,13.7
3bbd11e4-cf2e-4a6d-b52f-42ef7556d378,d2fe3180-36cd-423d-8a3b-a9008080782e,2026-05-07,day,8.5
45c045d2-c3b8-4f5a-95ad-99c1661d2897,d2fe3180-36cd-423d-8a3b-a9008080782e,2026-05-08,day,8.5
57147b99-bc8f-468f-ac88-6c1f983ea235,d2fe3180-36cd-423d-8a3b-a9008080782e,2026-05-09,day,8.0
8f9469cb-dd26-4577-8020-69a49c6e89c1,d2fe3180-36cd-423d-8a3b-a9008080782e,2026-05-10,day,8.0
c835e075-0e46-449e-bc22-9c8f037550d7,d2fe3180-36cd-423d-8a3b-a9008080782e,2026-05-11,night,10.0
0e841a5a-9b91-4eb2-9c18-f638150aa8b7,d2fe3180-36cd-423d-8a3b-a9008080782e,2026-05-12,day,8.5
c0245b4f-251c-4242-ac7e-922bfb90877b,d2fe3180-36cd-423d-8a3b-a9008080782e,2026-05-13,day,8.0
d4f07a34-74dd-4213-a9ab-b1e0801e3000,d2fe3180-36cd-423d-8a3b-a9008080782e,2026-05-14,night,10.0
af4df44c-e9af-457b-94cf-4c9cac42204b,d2fe3180-36cd-423d-8a3b-a9008080782e,2026-05-15,day,8.0
4c1ac35b-6633-4985-b902-1d7a2b208e9f,d2fe3180-36cd-423d-8a3b-a9008080782e,2026-05-16,day,8.0
c2015d26-3c84-49c3-ac52-af418163e21e,d2fe3180-36cd-423d-8a3b-a9008080782e,2026-05-17,day,9.5
11a01b12-ac01-4611-9fa7-988b57869621,d2fe3180-36cd-423d-8a3b-a9008080782e,2026-05-18,extended,13.3
e0d961ac-4e67-45b4-950b-5a428e66826f,d2fe3180-36cd-423d-8a3b-a9008080782e,2026-05-19,day,9.0
85103f25-08a9-432a-8746-9c589dc7ae66,d2fe3180-36cd-423d-8a3b-a9008080782e,2026-05-20,extended,15.0
0386a56f-0ea4-4cd4-8fa8-86e7f5de7589,d2fe3180-36cd-423d-8a3b-a9008080782e,2026-05-21,extended,15.0
a404e9c9-a98a-4ecb-a2cd-b48d496cb832,d2fe3180-36cd-423d-8a3b-a9008080782e,2026-05-22,night,11.0
a5bb77ea-f3ae-490b-af92-bb8658439533,d2fe3180-36cd-423d-8a3b-a9008080782e,2026-05-23,night,10.5
359a52e9-5ffd-4019-99de-8ea595ad3364,d2fe3180-36cd-423d-8a3b-a9008080782e,2026-05-24,day,9.0
69ca1c90-d53e-4f8e-b11f-44bb2645bc51,d2fe3180-36cd-423d-8a3b-a9008080782e,2026-05-25,night,10.0
ad270f43-a907-46fe-a94a-0ae5a4dab7ea,d2fe3180-36cd-423d-8a3b-a9008080782e,2026-05-26,day,8.0
47f1b55c-8cc4-420f-aa6f-915cf83b72c3,d2fe3180-36cd-423d-8a3b-a9008080782e,2026-05-27,day,8.0
8b64c97c-85d4-4007-8420-13cd06beb133,d2fe3180-36cd-423d-8a3b-a9008080782e,2026-05-28,day,9.0
4a31b780-de7b-47a0-ac41-ac2a29ee2ed4,d2fe3180-36cd-423d-8a3b-a9008080782e,2026-05-29,day,8.5
ddca86af-d5a1-4470-9558-d64edd003b65,d2fe3180-36cd-423d-8a3b-a9008080782e,2026-05-30,day,8.5
52d54060-64d1-4cfd-b960-6f84520b8850,d2fe3180-36cd-423d-8a3b-a9008080782e,2026-05-31,day,8.0
8085bc38-12f8-4cff-b1a1-d8303a949793,d2fe3180-36cd-423d-8a3b-a9008080782e,2026-06-01,day,8.0
71b98f53-0e89-46ae-8dc4-98cdda3df810,d2fe3180-36cd-423d-8a3b-a9008080782e,2026-06-02,day,8.0
27c57460-be44-45e9-a9e3-a8568034afb6,d2fe3180-36cd-423d-8a3b-a9008080782e,2026-06-03,day,8.0
17e4fe77-d545-4bce-97d4-7a2f692b5c2b,d2fe3180-36cd-423d-8a3b-a9008080782e,2026-06-04,day,8.5
6edac8eb-0c85-4837-bc1f-8c9530e66bfc,d2fe3180-36cd-423d-8a3b-a9008080782e,2026-06-05,day,8.0
05a899b7-ab8a-46d5-822d-bc2476d2f1cd,d2fe3180-36cd-423d-8a3b-a9008080782e,2026-06-06,day,9.0
127ad69e-ac7c-4878-9d5c-b45e96aad7c0,d2fe3180-36cd-423d-8a3b-a9008080782e,2026-06-07,extended,14.1
18efe0f9-fee1-4e4e-a56f-ebccdf8907af,d2fe3180-36cd-423d-8a3b-a9008080782e,2026-06-08,day,8.0
5ad6e831-ee29-4834-ad2b-240680f1aa30,d2fe3180-36cd-423d-8a3b-a9008080782e,2026-06-09,day,8.5
cf8d7dd5-4a05-46e9-beb0-ac262ff8172c,d2fe3180-36cd-423d-8a3b-a9008080782e,2026-06-10,day,8.0
3aec30f4-3bec-43cf-b49b-b1cb9e6de1c6,d2fe3180-36cd-423d-8a3b-a9008080782e,2026-06-11,night,11.0
026f0e6f-e9fc-4fd4-af51-2bbf44a4d7da,d2fe3180-36cd-423d-8a3b-a9008080782e,2026-06-12,day,8.0
d7b00c7d-8328-40a0-bf91-0611ecd8c0fe,d2fe3180-36cd-423d-8a3b-a9008080782e,2026-06-13,night,10.0
5f8faaa9-1354-49d2-833b-77b4c33a83d0,d2fe3180-36cd-423d-8a3b-a9008080782e,2026-06-14,night,10.0
567e57c2-139b-42e4-b0a9-807831a2ccf7,d2fe3180-36cd-423d-8a3b-a9008080782e,2026-06-15,day,8.0
960ce8d6-bb6b-4a17-b1f3-33f12cab067f,d2fe3180-36cd-423d-8a3b-a9008080782e,2026-06-16,day,8.0
66273a94-06e5-4e70-8b3f-c356504f1cc9,d2fe3180-36cd-423d-8a3b-a9008080782e,2026-06-17,night,10.0
a70d9af9-c80a-4a6a-9db4-17a930a21365,d2fe3180-36cd-423d-8a3b-a9008080782e,2026-06-18,day,8.0
e0979116-c2df-454c-b59d-eabdbe98cf85,d2fe3180-36cd-423d-8a3b-a9008080782e,2026-06-19,day,8.5
ae3b2363-6220-4f8b-b859-c463c49641b4,d2fe3180-36cd-423d-8a3b-a9008080782e,2026-06-20,day,8.0
86be0eec-5c73-4977-a362-20898530b906,d2fe3180-36cd-423d-8a3b-a9008080782e,2026-06-21,day,8.0
b7b85ba6-58c7-4f47-89cd-d2e91e467d22,d2fe3180-36cd-423d-8a3b-a9008080782e,2026-06-22,day,8.0
8d820dc1-6526-4fcf-a25f-a3c138868d88,d2fe3180-36cd-423d-8a3b-a9008080782e,2026-06-23,day,8.5
cf742b1b-2d0d-4779-9f6f-0fe329bc9ae4,d2fe3180-36cd-423d-8a3b-a9008080782e,2026-06-24,night,10.5
0e853625-ace8-4c85-9bf6-d3aef11e559d,d2fe3180-36cd-423d-8a3b-a9008080782e,2026-06-25,day,9.0
9550440e-18aa-4f6a-b90e-9e140cb07666,d2fe3180-36cd-423d-8a3b-a9008080782e,2026-06-26,day,9.0
2f11b1e5-7fdc-4d2a-9e4a-8bf2b8a89055,d2fe3180-36cd-423d-8a3b-a9008080782e,2026-06-29,night,10.5
6d4d7dc5-26fc-4b19-8641-abe011dfa65c,e8d45d93-84e1-47f1-be6e-3c5a89051023,2026-01-01,day,9.0
1ccd2f99-a8af-4ece-8329-134ef1782262,e8d45d93-84e1-47f1-be6e-3c5a89051023,2026-01-02,day,8.0
de3b0c3a-f84d-4df3-bf2e-78aa54465c87,e8d45d93-84e1-47f1-be6e-3c5a89051023,2026-01-03,night,10.5
461c6587-64bc-4efd-b0b2-61a08190c2c3,e8d45d93-84e1-47f1-be6e-3c5a89051023,2026-01-05,day,8.5
916ce57d-edc0-47a1-b98d-b9ab33719602,e8d45d93-84e1-47f1-be6e-3c5a89051023,2026-01-06,day,8.5
79531255-844e-4f3b-90f5-24cf0bc59dbb,e8d45d93-84e1-47f1-be6e-3c5a89051023,2026-01-07,night,10.5
8a627e34-2b8d-445f-ad1e-5a8597c45ff1,e8d45d93-84e1-47f1-be6e-3c5a89051023,2026-01-08,day,9.0
8db42cbd-2e35-4c0c-bf42-f6f7d194f7b3,e8d45d93-84e1-47f1-be6e-3c5a89051023,2026-01-09,day,8.0
91fed8ef-bce6-4ba7-b2fb-733873d9d6f2,e8d45d93-84e1-47f1-be6e-3c5a89051023,2026-01-12,night,10.0
2c362b38-3e9d-45db-97ab-680299dc8dca,e8d45d93-84e1-47f1-be6e-3c5a89051023,2026-01-13,extended,13.1
945b2f5b-d08e-4ec5-9c61-2ec5a3b52d65,e8d45d93-84e1-47f1-be6e-3c5a89051023,2026-01-14,day,9.0
cda02334-1fb5-430c-990b-698dee39060a,e8d45d93-84e1-47f1-be6e-3c5a89051023,2026-01-15,night,10.5
56d9e2cb-0f2f-4ba0-ac6e-55b37e6245b0,e8d45d93-84e1-47f1-be6e-3c5a89051023,2026-01-16,day,9.0
6b89afd0-e419-481b-9549-7933e5d0e58a,e8d45d93-84e1-47f1-be6e-3c5a89051023,2026-01-17,day,8.0
db6bc601-dd8c-4efc-88a9-c43938a0530b,e8d45d93-84e1-47f1-be6e-3c5a89051023,2026-01-18,day,8.0
dddacb36-beff-4875-a40e-ebac68a39d98,e8d45d93-84e1-47f1-be6e-3c5a89051023,2026-01-19,day,8.0
2adc6dfb-8d8c-40be-81f1-cd65e628498e,e8d45d93-84e1-47f1-be6e-3c5a89051023,2026-01-20,day,9.0
c0b75007-a158-40a2-b402-1c6164c4e132,e8d45d93-84e1-47f1-be6e-3c5a89051023,2026-01-21,night,10.5
9c4fab05-74b0-4105-9a39-fb57eb12f825,e8d45d93-84e1-47f1-be6e-3c5a89051023,2026-01-22,day,8.0
b9bac65f-02b5-4413-b599-c91498d41843,e8d45d93-84e1-47f1-be6e-3c5a89051023,2026-01-23,day,8.5
44757165-4394-4d9d-91af-c250db4cc171,e8d45d93-84e1-47f1-be6e-3c5a89051023,2026-01-24,day,8.5
44b93f62-4727-4a24-8ada-00c2a7014214,e8d45d93-84e1-47f1-be6e-3c5a89051023,2026-01-26,day,8.0
a4ddce1a-9a32-4805-8144-035edea974ab,e8d45d93-84e1-47f1-be6e-3c5a89051023,2026-01-27,day,8.5
1f7cb1dc-1568-4d2e-bde4-5bd67658f23a,e8d45d93-84e1-47f1-be6e-3c5a89051023,2026-01-28,day,8.0
4b7c9191-f0b8-47dd-a9ed-68bcf0d5df8f,e8d45d93-84e1-47f1-be6e-3c5a89051023,2026-01-29,day,9.0
0310d652-d603-47f7-b86f-942462aca8a4,e8d45d93-84e1-47f1-be6e-3c5a89051023,2026-01-30,night,12.0
8fa338aa-04ff-484f-aa60-91653aa4147a,e8d45d93-84e1-47f1-be6e-3c5a89051023,2026-01-31,day,8.0
028bea24-16be-4895-bec4-85960c9e869e,e8d45d93-84e1-47f1-be6e-3c5a89051023,2026-02-02,day,8.0
28d22c87-a802-483d-8d14-b748511b1cb6,e8d45d93-84e1-47f1-be6e-3c5a89051023,2026-02-03,day,8.0
9d160d0a-acfb-45a9-8c23-926a253f26d3,e8d45d93-84e1-47f1-be6e-3c5a89051023,2026-02-04,day,9.0
96a82d45-985c-44d6-a822-abdd63494111,e8d45d93-84e1-47f1-be6e-3c5a89051023,2026-02-05,night,11.0
191efabe-441c-4790-bdfa-f7105b2ea1a8,e8d45d93-84e1-47f1-be6e-3c5a89051023,2026-02-06,day,8.0
743b71e4-468a-4d19-af75-439c6cdd5d77,e8d45d93-84e1-47f1-be6e-3c5a89051023,2026-02-07,night,11.0
0fafef91-36b8-41dc-8c26-ca44e0fe5042,e8d45d93-84e1-47f1-be6e-3c5a89051023,2026-02-08,night,10.0
4808b26b-92b8-4c0d-8762-df6c51740b6f,e8d45d93-84e1-47f1-be6e-3c5a89051023,2026-02-09,day,8.0
e948ddb8-c57e-407d-949b-192542ebc11d,e8d45d93-84e1-47f1-be6e-3c5a89051023,2026-02-10,day,8.0
8badde9b-9016-456d-bc3c-b40e174a581b,e8d45d93-84e1-47f1-be6e-3c5a89051023,2026-02-11,day,9.5
b7c28dd3-3a41-4c1a-a5ad-1d7373d9e165,e8d45d93-84e1-47f1-be6e-3c5a89051023,2026-02-12,night,10.0
71a32908-c72b-45b4-aac1-c18013c7f669,e8d45d93-84e1-47f1-be6e-3c5a89051023,2026-02-13,day,8.0
371d99c8-6947-472e-81bf-010c2d521257,e8d45d93-84e1-47f1-be6e-3c5a89051023,2026-02-14,day,8.0
522198ea-4b9d-4cd9-bf19-6d7a41bc18d5,e8d45d93-84e1-47f1-be6e-3c5a89051023,2026-02-16,day,8.0
6d7eb5c8-6cd7-40e1-9651-b435795f0711,e8d45d93-84e1-47f1-be6e-3c5a89051023,2026-02-17,day,8.0
29519aef-7f9a-49e7-a2b1-5943b5cfed52,e8d45d93-84e1-47f1-be6e-3c5a89051023,2026-02-18,day,8.0
ff8ca77b-6766-4e8a-b1d1-518a028bf2ca,e8d45d93-84e1-47f1-be6e-3c5a89051023,2026-02-19,day,8.0
9e919cb8-b764-49ac-9df1-23a1cc117892,e8d45d93-84e1-47f1-be6e-3c5a89051023,2026-02-20,day,8.0
fc32ab24-42c5-4e89-b3b7-01040ab4eb59,e8d45d93-84e1-47f1-be6e-3c5a89051023,2026-02-21,night,10.5
40aa9cf1-a62e-4daf-bf66-2d56237eb1c3,e8d45d93-84e1-47f1-be6e-3c5a89051023,2026-02-23,day,8.0
b6971096-7e6d-427f-bae3-84b861606228,e8d45d93-84e1-47f1-be6e-3c5a89051023,2026-02-24,day,8.0
9182ce26-f111-4bc7-8b10-44daff25600a,e8d45d93-84e1-47f1-be6e-3c5a89051023,2026-02-25,day,8.0
eab4b006-489e-482d-bb64-77121bc5a20b,e8d45d93-84e1-47f1-be6e-3c5a89051023,2026-02-26,extended,15.1
424dccbf-2450-4a9a-8fdf-61a053349525,e8d45d93-84e1-47f1-be6e-3c5a89051023,2026-02-27,day,8.0
815cc146-1057-438e-b974-f9e9ef1f0c54,e8d45d93-84e1-47f1-be6e-3c5a89051023,2026-02-28,night,10.0
8edeb782-4f0a-4cda-826f-8c148aa7855b,e8d45d93-84e1-47f1-be6e-3c5a89051023,2026-03-02,day,8.5
df9103d3-9fd0-4ae2-b98c-50abf3ebe268,e8d45d93-84e1-47f1-be6e-3c5a89051023,2026-03-03,day,9.0
5d42807a-3a76-4864-af31-5e2a91da5730,e8d45d93-84e1-47f1-be6e-3c5a89051023,2026-03-04,day,8.0
5a537536-8960-4dc4-824c-38f320fed1b1,e8d45d93-84e1-47f1-be6e-3c5a89051023,2026-03-05,night,11.0
ee33062c-dd25-49c9-8be5-5b7308f9389f,e8d45d93-84e1-47f1-be6e-3c5a89051023,2026-03-06,extended,15.0
573249df-7e2d-479f-996b-a61552d6c1c4,e8d45d93-84e1-47f1-be6e-3c5a89051023,2026-03-08,day,8.0
c902caed-b22d-4dd9-9989-afa366b3048d,e8d45d93-84e1-47f1-be6e-3c5a89051023,2026-03-09,day,9.0
4bb4f429-7720-4795-99c3-af37c06bf529,e8d45d93-84e1-47f1-be6e-3c5a89051023,2026-03-10,night,10.0
7462c9eb-af09-4cd1-bfcc-789ed9c62880,e8d45d93-84e1-47f1-be6e-3c5a89051023,2026-03-11,night,11.0
fc722bf0-906c-4d2e-9202-c36c3ff07df2,e8d45d93-84e1-47f1-be6e-3c5a89051023,2026-03-12,day,8.0
ed865d31-418c-4a8d-aed9-53259d21b50e,e8d45d93-84e1-47f1-be6e-3c5a89051023,2026-03-13,day,8.0
8e10cfd8-bed2-492b-b75a-4bf865c91144,e8d45d93-84e1-47f1-be6e-3c5a89051023,2026-03-15,extended,14.3
5ffbc198-38ef-4867-8167-c7f5db15b651,e8d45d93-84e1-47f1-be6e-3c5a89051023,2026-03-16,night,10.5
6e086fe8-0053-437e-9641-3df445d2cfdf,e8d45d93-84e1-47f1-be6e-3c5a89051023,2026-03-17,night,12.0
eb23a965-4b48-486c-9c03-227f901d82ef,e8d45d93-84e1-47f1-be6e-3c5a89051023,2026-03-18,day,8.0
c29eeff2-d046-4316-8b1a-7a32a90ae4af,e8d45d93-84e1-47f1-be6e-3c5a89051023,2026-03-19,day,8.5
53db48e4-0d12-4de5-8867-28c789aa2e19,e8d45d93-84e1-47f1-be6e-3c5a89051023,2026-03-20,extended,12.8
615f6934-a214-4363-8fb1-a4782a7b5c6f,e8d45d93-84e1-47f1-be6e-3c5a89051023,2026-03-21,day,9.0
f1162fa7-14c3-48a3-9cad-2850cd030bac,e8d45d93-84e1-47f1-be6e-3c5a89051023,2026-03-22,day,8.0
faac13dc-ebf5-477f-aaa9-403afd9c96f3,e8d45d93-84e1-47f1-be6e-3c5a89051023,2026-03-23,day,8.0
1d68c201-b916-4402-b028-d4efc8d6b432,e8d45d93-84e1-47f1-be6e-3c5a89051023,2026-03-24,day,8.0
72cc98a5-bb93-4769-a713-fef006df0059,e8d45d93-84e1-47f1-be6e-3c5a89051023,2026-03-25,night,10.0
17191bf7-1bd6-4986-8b48-e675db22ca1d,e8d45d93-84e1-47f1-be6e-3c5a89051023,2026-03-26,day,8.0
dc5e1868-b981-498d-a1de-52d16a2c50e6,e8d45d93-84e1-47f1-be6e-3c5a89051023,2026-03-27,day,8.5
be56ef79-e6f7-4200-ad3b-87bf60a22a05,e8d45d93-84e1-47f1-be6e-3c5a89051023,2026-03-28,day,8.0
7d9096f9-7027-4de7-b20d-57060c877bb4,e8d45d93-84e1-47f1-be6e-3c5a89051023,2026-03-30,day,8.0
01ef8aaf-a2aa-4e7b-ba82-2f8b28ca1aba,e8d45d93-84e1-47f1-be6e-3c5a89051023,2026-03-31,night,10.5
2958fafd-c05c-4981-b8d5-7dbdfa3d7f9f,e8d45d93-84e1-47f1-be6e-3c5a89051023,2026-04-01,day,8.0
e0f42a1e-ab57-4d7b-acc7-6d640047fb61,e8d45d93-84e1-47f1-be6e-3c5a89051023,2026-04-02,day,8.0
729d4249-eaa7-450f-bc60-c920fc195ec7,e8d45d93-84e1-47f1-be6e-3c5a89051023,2026-04-03,day,8.0
d7d0ba17-4452-44e1-92ab-3c1c5bc90a2f,e8d45d93-84e1-47f1-be6e-3c5a89051023,2026-04-04,day,8.0
18a9434f-9b74-4cea-b4d4-62b938213c94,e8d45d93-84e1-47f1-be6e-3c5a89051023,2026-04-06,day,8.0
533b5eb8-4277-4cbb-8bc8-0374dbcd7a9e,e8d45d93-84e1-47f1-be6e-3c5a89051023,2026-04-07,night,10.0
dc6f2ddd-ec7e-4815-aea3-71d3d311e603,e8d45d93-84e1-47f1-be6e-3c5a89051023,2026-04-08,day,9.0
4aa7ac26-908f-4aaf-8f90-74ebe2b6832c,e8d45d93-84e1-47f1-be6e-3c5a89051023,2026-04-09,night,10.5
3f206fcb-26bc-4d54-ae5c-4359d18ebd88,e8d45d93-84e1-47f1-be6e-3c5a89051023,2026-04-10,night,10.0
f4aff778-6704-4b3d-b1fe-9155d1af70f4,e8d45d93-84e1-47f1-be6e-3c5a89051023,2026-04-13,day,8.0
37e3e982-5cb5-4ccc-8192-ee74efaf21af,e8d45d93-84e1-47f1-be6e-3c5a89051023,2026-04-14,night,10.5
0d13e8f4-141e-4b58-a126-ecc13929cefe,e8d45d93-84e1-47f1-be6e-3c5a89051023,2026-04-15,day,8.0
1e6459db-ae3b-4128-a47c-befadb4280d9,e8d45d93-84e1-47f1-be6e-3c5a89051023,2026-04-16,day,9.0
578b4875-2604-43fd-bd39-37351238b3e2,e8d45d93-84e1-47f1-be6e-3c5a89051023,2026-04-17,day,8.5
399d0ec3-b838-414e-94df-0e072313ce5a,e8d45d93-84e1-47f1-be6e-3c5a89051023,2026-04-19,day,8.5
339e8055-6670-42c4-bd78-0c4644852421,e8d45d93-84e1-47f1-be6e-3c5a89051023,2026-04-20,day,9.0
d5bd2f36-852a-44fa-898e-6655e4da0b98,e8d45d93-84e1-47f1-be6e-3c5a89051023,2026-04-21,night,12.0
dd4473bb-0425-4ca2-b61b-ac1b9fd7ada3,e8d45d93-84e1-47f1-be6e-3c5a89051023,2026-04-22,day,8.0
2919dc1d-6bbd-4ca9-8baa-549c9c063075,e8d45d93-84e1-47f1-be6e-3c5a89051023,2026-04-23,day,8.5
fd420591-3537-41a9-ab2d-83bc7e57c956,e8d45d93-84e1-47f1-be6e-3c5a89051023,2026-04-24,day,9.0
ed0abb62-05fa-4d83-9b78-845a1cfa0ea0,e8d45d93-84e1-47f1-be6e-3c5a89051023,2026-04-25,day,8.0
cd4f2713-7e78-4fcf-9f22-a2865eca434f,e8d45d93-84e1-47f1-be6e-3c5a89051023,2026-04-27,day,8.0
4c070a23-1ef1-4fb1-b00a-775f235bee43,e8d45d93-84e1-47f1-be6e-3c5a89051023,2026-04-28,extended,12.9
521a67ac-3793-41d2-bf39-51f9ae6f7399,e8d45d93-84e1-47f1-be6e-3c5a89051023,2026-04-29,day,9.5
e29b6e42-afd4-4987-95f2-383f6c28057f,e8d45d93-84e1-47f1-be6e-3c5a89051023,2026-04-30,day,9.0
8ba898c3-7e02-4046-ae89-c416677d3cc8,e8d45d93-84e1-47f1-be6e-3c5a89051023,2026-05-01,night,10.0
812eb59e-a82f-46b4-8449-439f686592fe,e8d45d93-84e1-47f1-be6e-3c5a89051023,2026-05-02,day,8.0
5b9e0aef-f83b-4f55-b213-f826c66b5120,e8d45d93-84e1-47f1-be6e-3c5a89051023,2026-05-03,day,9.0
f797ebf4-e798-4e30-9c1c-df24d7e85b1e,e8d45d93-84e1-47f1-be6e-3c5a89051023,2026-05-04,day,8.0
f77cafd3-c34f-41a7-adfb-4f49c0a915af,e8d45d93-84e1-47f1-be6e-3c5a89051023,2026-05-05,day,8.0
ec1d0cc9-1a12-4955-9d56-b1e54e95342d,e8d45d93-84e1-47f1-be6e-3c5a89051023,2026-05-06,night,10.0
56a7a058-90d5-4b5c-b1ef-62c857b3dd53,e8d45d93-84e1-47f1-be6e-3c5a89051023,2026-05-07,day,9.5
49ab9318-ebf7-469e-a0a0-70bfeee91ce6,e8d45d93-84e1-47f1-be6e-3c5a89051023,2026-05-08,day,9.0
d94ae1e3-a9b8-4ff4-b5e5-2c8c7b11c57f,e8d45d93-84e1-47f1-be6e-3c5a89051023,2026-05-09,day,8.5
d18c30d7-ebec-4c33-a07f-d6ea3424acf3,e8d45d93-84e1-47f1-be6e-3c5a89051023,2026-05-11,day,8.0
c5a768ea-2670-4350-b334-3d06ed71471f,e8d45d93-84e1-47f1-be6e-3c5a89051023,2026-05-12,night,10.5
4b9ff162-bb7a-4725-ba55-149240a72254,e8d45d93-84e1-47f1-be6e-3c5a89051023,2026-05-13,night,10.0
18025c4d-39a7-4012-9e0a-ec458a49b098,e8d45d93-84e1-47f1-be6e-3c5a89051023,2026-05-14,day,8.0
1da75299-1f73-466d-9268-04769caec72b,e8d45d93-84e1-47f1-be6e-3c5a89051023,2026-05-15,night,10.5
05db9d29-606e-4255-a26a-3a60ef658b8d,e8d45d93-84e1-47f1-be6e-3c5a89051023,2026-05-17,day,9.5
4602805e-9029-4b12-8072-abefa90b7f54,e8d45d93-84e1-47f1-be6e-3c5a89051023,2026-05-18,day,8.0
61178e1e-7ef3-4c8a-9307-7c8214a0724f,e8d45d93-84e1-47f1-be6e-3c5a89051023,2026-05-19,day,9.5
936ee4a5-8c80-4fff-a56d-e24711b13a87,e8d45d93-84e1-47f1-be6e-3c5a89051023,2026-05-20,day,9.5
7379673c-7f04-4bda-a599-09966d66e740,e8d45d93-84e1-47f1-be6e-3c5a89051023,2026-05-21,day,8.0
7198ea49-0686-452f-a102-8a3caaa2c1a2,e8d45d93-84e1-47f1-be6e-3c5a89051023,2026-05-22,day,8.0
2be16ed5-e769-44d7-8538-92635b36992e,e8d45d93-84e1-47f1-be6e-3c5a89051023,2026-05-23,day,8.5
438b6ddc-24fd-4fa8-bb92-2bdb263792f1,e8d45d93-84e1-47f1-be6e-3c5a89051023,2026-05-25,extended,13.7
77dcbca5-795d-4c59-b54f-d7eb0e224469,e8d45d93-84e1-47f1-be6e-3c5a89051023,2026-05-26,day,9.0
13ed2a8d-4e64-4920-b4c2-14a5b2328d22,e8d45d93-84e1-47f1-be6e-3c5a89051023,2026-05-27,day,9.0
4fb69e09-65bc-431f-aa14-0b8f03a28aaa,e8d45d93-84e1-47f1-be6e-3c5a89051023,2026-05-28,extended,13.0
2d5d5349-7ac0-4235-8848-77e73b97c426,e8d45d93-84e1-47f1-be6e-3c5a89051023,2026-05-29,day,8.0
b3394e8d-6b2a-4f7b-8507-5fbedf368728,e8d45d93-84e1-47f1-be6e-3c5a89051023,2026-05-30,night,11.0
55a9252a-c517-46dc-86fa-02418eab9b8b,e8d45d93-84e1-47f1-be6e-3c5a89051023,2026-06-01,day,8.0
5a654340-f442-4fb9-9ce9-76cd541eeb1e,e8d45d93-84e1-47f1-be6e-3c5a89051023,2026-06-02,night,10.0
21cc07ce-e745-4528-8d14-4efc9017721a,e8d45d93-84e1-47f1-be6e-3c5a89051023,2026-06-03,day,8.0
fe0d04b4-42b4-486b-bb10-fc48f3b1d40a,e8d45d93-84e1-47f1-be6e-3c5a89051023,2026-06-18,day,8.0
fb19f3a1-a1dc-4ced-8b89-3b7b80a62300,e8d45d93-84e1-47f1-be6e-3c5a89051023,2026-06-19,day,9.0
f5d0cdab-02b5-4b2b-9a0f-eed6fc515d69,e8d45d93-84e1-47f1-be6e-3c5a89051023,2026-06-21,day,8.5
6a5df25d-fac6-4c39-94a8-59ff2333e206,e8d45d93-84e1-47f1-be6e-3c5a89051023,2026-06-22,night,10.5
e3cf2df8-be80-4fa8-b376-4753ac73eb4b,e8d45d93-84e1-47f1-be6e-3c5a89051023,2026-06-23,day,8.0
8ce0134f-bd41-46bd-ba8b-6f7769665ac0,e8d45d93-84e1-47f1-be6e-3c5a89051023,2026-06-24,day,8.0
93221792-223c-4a10-ad72-bf2b7d725aa1,e8d45d93-84e1-47f1-be6e-3c5a89051023,2026-06-25,day,8.0
ff08423e-d93b-48b2-a01a-755e17f9a38c,e8d45d93-84e1-47f1-be6e-3c5a89051023,2026-06-26,day,8.0
32df6613-f4ac-44c4-85e2-e09395e86a9e,e8d45d93-84e1-47f1-be6e-3c5a89051023,2026-06-29,day,8.0
59a56efc-fefa-47d1-8cb6-dec8c7ae2883,1338d9f8-e125-460c-a7b7-b13d6ebe7b67,2026-01-01,night,10.0
005166bf-ead9-4d0d-9b9f-583660d19cb9,1338d9f8-e125-460c-a7b7-b13d6ebe7b67,2026-01-02,day,9.0
2eb9ba3b-29b8-4a32-953f-004f976c82ed,1338d9f8-e125-460c-a7b7-b13d6ebe7b67,2026-01-03,day,8.0
fc853bfb-bc8f-4c78-897e-1a110927ba7c,1338d9f8-e125-460c-a7b7-b13d6ebe7b67,2026-01-05,day,8.0
46c3aa5c-47d4-4124-af74-ed261d41ba1e,1338d9f8-e125-460c-a7b7-b13d6ebe7b67,2026-01-06,night,11.0
0e065000-35c5-4ade-a738-4f6b34433783,1338d9f8-e125-460c-a7b7-b13d6ebe7b67,2026-01-07,day,8.0
249da367-d59b-4f2d-bf50-bdacab9b909f,1338d9f8-e125-460c-a7b7-b13d6ebe7b67,2026-01-08,day,9.0
fbd32766-014c-44c9-9158-ec94f068a713,1338d9f8-e125-460c-a7b7-b13d6ebe7b67,2026-01-09,day,8.0
52bd688e-cc73-4ef5-9f31-3361285e9ac8,1338d9f8-e125-460c-a7b7-b13d6ebe7b67,2026-01-12,day,8.0
a9cddf8b-1b88-46f3-b336-c6840cbeaaf1,1338d9f8-e125-460c-a7b7-b13d6ebe7b67,2026-01-13,day,9.0
b2ec6517-ba8b-4dde-baca-8add3cc324bc,1338d9f8-e125-460c-a7b7-b13d6ebe7b67,2026-01-14,night,11.0
6c9f9dd1-0df8-41f3-b67b-e8b97fedc1b1,1338d9f8-e125-460c-a7b7-b13d6ebe7b67,2026-01-15,day,8.5
1aae5c18-de56-466e-aa3f-3ea40532a565,1338d9f8-e125-460c-a7b7-b13d6ebe7b67,2026-01-16,day,8.0
d3af6901-7d4a-4c25-b01b-89aa80a293ad,1338d9f8-e125-460c-a7b7-b13d6ebe7b67,2026-01-18,night,10.5
2e4e3d6a-22f4-4235-acbf-1141fa3da5fd,1338d9f8-e125-460c-a7b7-b13d6ebe7b67,2026-01-19,day,8.0
726bc5c7-c466-4395-8fa6-f4c8e72b7723,1338d9f8-e125-460c-a7b7-b13d6ebe7b67,2026-01-20,day,8.0
6ae10283-723b-4e1b-b27c-28d8bfb2b69b,1338d9f8-e125-460c-a7b7-b13d6ebe7b67,2026-01-21,day,8.0
80d71f5f-e603-4db8-9ac9-dda5eb05ce13,1338d9f8-e125-460c-a7b7-b13d6ebe7b67,2026-01-22,day,8.0
bc91fec7-5d2a-456b-b106-1c7898ea180a,1338d9f8-e125-460c-a7b7-b13d6ebe7b67,2026-01-23,extended,14.6
a5dbab53-0f14-4b64-a852-0b0422ab3106,1338d9f8-e125-460c-a7b7-b13d6ebe7b67,2026-01-26,day,8.5
e879225a-75e2-41df-96c8-8f4a087b4d9a,1338d9f8-e125-460c-a7b7-b13d6ebe7b67,2026-01-27,day,8.5
16e9880a-caf0-4379-a2dc-47729739536c,1338d9f8-e125-460c-a7b7-b13d6ebe7b67,2026-01-28,day,8.5
80e6cd8e-848f-4afb-8580-d0655d98f101,1338d9f8-e125-460c-a7b7-b13d6ebe7b67,2026-01-29,day,8.0
2e70f71f-5b5f-4dc8-aad7-31927ac91b89,1338d9f8-e125-460c-a7b7-b13d6ebe7b67,2026-01-30,day,8.5
89d3ac0c-93fd-4ada-b91f-4a1ae2ee6b96,1338d9f8-e125-460c-a7b7-b13d6ebe7b67,2026-02-02,day,9.5
0cadeedc-646c-4367-b38b-462f9073f6af,1338d9f8-e125-460c-a7b7-b13d6ebe7b67,2026-02-03,day,8.0
b31773f3-f8f3-4509-9e57-baf227241135,1338d9f8-e125-460c-a7b7-b13d6ebe7b67,2026-02-04,day,8.0
fafa8fbd-a710-4aa9-b94e-033136017e9b,1338d9f8-e125-460c-a7b7-b13d6ebe7b67,2026-02-05,night,10.0
82f9f33e-9640-4413-a55e-5b755584eb16,1338d9f8-e125-460c-a7b7-b13d6ebe7b67,2026-02-06,night,10.0
637cc24d-c245-48dc-8713-28e0611979cd,1338d9f8-e125-460c-a7b7-b13d6ebe7b67,2026-02-08,night,10.0
bf73d930-0d0d-4157-8531-e4b60461a66f,1338d9f8-e125-460c-a7b7-b13d6ebe7b67,2026-02-09,night,10.0
792cfdcc-a18c-409e-8ea5-ffca55fbc169,1338d9f8-e125-460c-a7b7-b13d6ebe7b67,2026-02-10,day,8.0
15fc9349-2718-479b-be17-052c75071f12,1338d9f8-e125-460c-a7b7-b13d6ebe7b67,2026-02-11,night,10.0
4467210b-0098-4b70-b29f-ef2aa5b626d0,1338d9f8-e125-460c-a7b7-b13d6ebe7b67,2026-02-12,day,8.0
e3f32a91-ee48-431b-80f4-2cada5bbe1e3,1338d9f8-e125-460c-a7b7-b13d6ebe7b67,2026-02-13,day,8.0
8ffe2f4e-5a80-49b1-aefe-accb60ba318e,1338d9f8-e125-460c-a7b7-b13d6ebe7b67,2026-02-14,day,8.0
dfed4421-b65f-4b32-af54-2250cf03946e,1338d9f8-e125-460c-a7b7-b13d6ebe7b67,2026-02-16,day,8.0
7327fb38-33c2-4a85-af7c-e7ed31ea37ad,1338d9f8-e125-460c-a7b7-b13d6ebe7b67,2026-02-17,day,8.5
2c2fa12d-bacc-4c6a-89cd-199dfd530dd2,1338d9f8-e125-460c-a7b7-b13d6ebe7b67,2026-02-18,night,10.0
9362ab26-db1d-4157-9059-617223c2474d,1338d9f8-e125-460c-a7b7-b13d6ebe7b67,2026-02-19,day,8.0
bd441cde-a519-4fda-bdb7-d3aa1c53cf5f,1338d9f8-e125-460c-a7b7-b13d6ebe7b67,2026-02-20,night,11.0
ad7773f8-ce17-4f16-a351-20ac127ab24f,1338d9f8-e125-460c-a7b7-b13d6ebe7b67,2026-02-23,day,8.0
403cda5b-b3ea-4024-8223-3c138760e222,1338d9f8-e125-460c-a7b7-b13d6ebe7b67,2026-02-24,day,8.0
a249790a-49b1-4f48-aaea-bec2705c07d7,1338d9f8-e125-460c-a7b7-b13d6ebe7b67,2026-02-25,day,9.0
9765f6c9-c488-4887-be91-40202cb54279,1338d9f8-e125-460c-a7b7-b13d6ebe7b67,2026-02-26,day,8.0
6ce5f8c1-a876-4c1d-b9c4-c0c1f0955523,1338d9f8-e125-460c-a7b7-b13d6ebe7b67,2026-02-27,day,8.0
1dd10a7d-9912-40fb-bfad-9ba0d8a88ea6,1338d9f8-e125-460c-a7b7-b13d6ebe7b67,2026-03-02,night,12.0
0f6026bc-48de-4893-a4a4-113e49159657,1338d9f8-e125-460c-a7b7-b13d6ebe7b67,2026-03-03,night,10.5
756ba253-e285-4378-80c5-2615a0d46020,1338d9f8-e125-460c-a7b7-b13d6ebe7b67,2026-03-04,day,8.0
e5070f4a-0901-4ccb-9dda-e3f3b07ae2cd,1338d9f8-e125-460c-a7b7-b13d6ebe7b67,2026-03-05,day,8.0
f99d9948-547b-43a6-9c8a-c217179a7c71,1338d9f8-e125-460c-a7b7-b13d6ebe7b67,2026-03-06,night,10.0
2013479b-da25-4ac4-8761-54a398491bb6,1338d9f8-e125-460c-a7b7-b13d6ebe7b67,2026-03-07,day,8.0
124eab65-5f3c-4c30-8f50-b8e329307344,1338d9f8-e125-460c-a7b7-b13d6ebe7b67,2026-03-08,day,9.0
91d1ead3-84dc-45be-b9dc-6c5a78f78d21,1338d9f8-e125-460c-a7b7-b13d6ebe7b67,2026-03-09,day,9.5
ec3295de-7baf-4afb-88f1-d2d84b655af1,1338d9f8-e125-460c-a7b7-b13d6ebe7b67,2026-03-10,day,8.0
c1b7ce6d-4a84-46cf-b832-9fe4e57ceb53,1338d9f8-e125-460c-a7b7-b13d6ebe7b67,2026-03-11,day,8.0
d4086845-67fb-4626-9855-449330eea02a,1338d9f8-e125-460c-a7b7-b13d6ebe7b67,2026-03-12,day,9.0
0459224f-fea0-40a9-902e-7bbdfc4a9f0b,1338d9f8-e125-460c-a7b7-b13d6ebe7b67,2026-03-13,extended,14.0
abe73452-c7e3-4d61-8dca-af37275d2902,1338d9f8-e125-460c-a7b7-b13d6ebe7b67,2026-03-14,day,9.0
822501fb-c0dd-4153-9288-bf7ac752a86a,1338d9f8-e125-460c-a7b7-b13d6ebe7b67,2026-03-16,day,8.0
b2398ffd-0fc1-4815-9048-5a962e6dc430,1338d9f8-e125-460c-a7b7-b13d6ebe7b67,2026-03-17,day,8.5
6cf47fc5-5baa-4b85-b985-38008c62c5d7,1338d9f8-e125-460c-a7b7-b13d6ebe7b67,2026-03-18,day,8.5
f564bea2-b2d2-4010-a6ab-18f196c90969,1338d9f8-e125-460c-a7b7-b13d6ebe7b67,2026-03-19,night,10.0
c2100744-3f1a-4223-b82e-7e3ffe3b39b5,1338d9f8-e125-460c-a7b7-b13d6ebe7b67,2026-03-20,day,8.0
91467bd8-9b19-4858-90d2-f64b990519b7,1338d9f8-e125-460c-a7b7-b13d6ebe7b67,2026-03-23,day,8.5
d3c91d8f-c508-49d5-8c27-0bad8c13c754,1338d9f8-e125-460c-a7b7-b13d6ebe7b67,2026-03-24,day,8.0
c8857653-f3de-460d-8140-786b5f225e77,1338d9f8-e125-460c-a7b7-b13d6ebe7b67,2026-03-25,day,8.5
75cf6581-9dde-4d14-8bb3-50ae179f312a,1338d9f8-e125-460c-a7b7-b13d6ebe7b67,2026-03-26,day,8.0
3e670c1f-b6a0-42ef-a592-3846791670f1,1338d9f8-e125-460c-a7b7-b13d6ebe7b67,2026-03-27,day,8.0
712d10a4-40cc-4814-a279-145b87e348be,1338d9f8-e125-460c-a7b7-b13d6ebe7b67,2026-03-28,day,8.0
e0979d02-825d-4ca3-8f99-b68a4f15806d,1338d9f8-e125-460c-a7b7-b13d6ebe7b67,2026-03-30,day,8.0
4cd0c091-d30e-4778-a049-f2b276fa3f4a,1338d9f8-e125-460c-a7b7-b13d6ebe7b67,2026-03-31,day,8.0
a93528f8-0ed6-4b91-990c-5af297a12498,1338d9f8-e125-460c-a7b7-b13d6ebe7b67,2026-04-01,night,10.5
f81bfab8-eeeb-4aa7-9b8f-ef66deaca0b7,1338d9f8-e125-460c-a7b7-b13d6ebe7b67,2026-04-02,day,8.5
654ef44d-4d85-4654-ad87-324e66902dd9,1338d9f8-e125-460c-a7b7-b13d6ebe7b67,2026-04-03,day,8.0
ef8687d5-b202-459a-9981-ec633e72420f,1338d9f8-e125-460c-a7b7-b13d6ebe7b67,2026-04-04,day,8.0
3ce3eb8c-3658-4683-a93a-8609e1e4d9dc,1338d9f8-e125-460c-a7b7-b13d6ebe7b67,2026-04-06,night,10.0
2e1d9f7e-32e9-4ae4-abf1-fe200be83f44,1338d9f8-e125-460c-a7b7-b13d6ebe7b67,2026-04-07,day,8.0
bd3c9eb9-1dfd-4383-a022-e564bf83099d,1338d9f8-e125-460c-a7b7-b13d6ebe7b67,2026-04-08,day,8.0
e110f40f-9ce9-4f07-92a1-b110cb23fe52,1338d9f8-e125-460c-a7b7-b13d6ebe7b67,2026-04-09,night,11.0
7a1f6c2b-4f93-4c64-83dd-07d5502a786b,1338d9f8-e125-460c-a7b7-b13d6ebe7b67,2026-04-10,day,8.5
136d6746-74a1-44e5-979f-2ac27249f15d,1338d9f8-e125-460c-a7b7-b13d6ebe7b67,2026-04-12,day,8.0
b7b76ff8-dcb6-4bdd-9cfe-e175fa421ad7,1338d9f8-e125-460c-a7b7-b13d6ebe7b67,2026-04-13,night,10.0
5aaa7beb-e44f-4ede-9e2b-639f66e7fe67,1338d9f8-e125-460c-a7b7-b13d6ebe7b67,2026-04-14,day,8.5
5a38e736-e2a9-4343-ab16-e1b85471f6c1,1338d9f8-e125-460c-a7b7-b13d6ebe7b67,2026-04-15,day,8.0
15bf2902-0316-4118-be5a-8e25c2c44a59,1338d9f8-e125-460c-a7b7-b13d6ebe7b67,2026-04-16,day,9.0
35112e0d-ae05-4f4b-8bfd-9c573148ee88,1338d9f8-e125-460c-a7b7-b13d6ebe7b67,2026-04-17,day,8.5
4f81fc6b-c1fb-4f57-b8de-b7656217abf1,1338d9f8-e125-460c-a7b7-b13d6ebe7b67,2026-04-18,night,10.5
894787f0-8ffd-4b83-95be-91b254bf9c04,1338d9f8-e125-460c-a7b7-b13d6ebe7b67,2026-04-20,day,8.0
4d4b5733-52a5-4c08-bb4e-9c69ff3d7389,1338d9f8-e125-460c-a7b7-b13d6ebe7b67,2026-04-21,night,12.0
f9e925a7-1433-4b85-ae93-389a49415a42,1338d9f8-e125-460c-a7b7-b13d6ebe7b67,2026-04-22,night,10.0
fd32fa79-1ad7-4eaa-9880-dd33f5e7d4d5,1338d9f8-e125-460c-a7b7-b13d6ebe7b67,2026-04-23,day,8.0
e3d3e05e-a853-4311-91eb-3de502654226,1338d9f8-e125-460c-a7b7-b13d6ebe7b67,2026-04-24,day,8.0
406f0200-2f8a-4c0f-a61d-98b15986f3d6,1338d9f8-e125-460c-a7b7-b13d6ebe7b67,2026-04-27,day,8.0
8b2813b8-3bc8-49d1-b64d-e00e5a737773,1338d9f8-e125-460c-a7b7-b13d6ebe7b67,2026-04-28,day,8.0
a195c48a-2f97-440f-9a77-0835b1d16004,1338d9f8-e125-460c-a7b7-b13d6ebe7b67,2026-04-29,night,10.0
f1e6d823-b7cd-4ccf-b590-28ca1d4d5483,1338d9f8-e125-460c-a7b7-b13d6ebe7b67,2026-04-30,night,10.0
adbb203c-bb6c-4fe9-acdc-9ab42033694b,1338d9f8-e125-460c-a7b7-b13d6ebe7b67,2026-05-01,extended,14.3
c9680f35-b6e6-41e2-bea7-051b3a51aad3,1338d9f8-e125-460c-a7b7-b13d6ebe7b67,2026-05-04,day,8.5
fa68224e-0a69-4916-a98a-a458b801107c,1338d9f8-e125-460c-a7b7-b13d6ebe7b67,2026-05-05,day,8.0
dda261e5-3cbd-42ac-bdcf-47b8553d51d1,1338d9f8-e125-460c-a7b7-b13d6ebe7b67,2026-05-06,night,10.0
f3075a2d-685f-4ca5-bb3f-05f1d4677739,1338d9f8-e125-460c-a7b7-b13d6ebe7b67,2026-05-07,day,8.0
a642cd1e-c5e4-4b18-840e-e3c515399f98,1338d9f8-e125-460c-a7b7-b13d6ebe7b67,2026-05-08,day,8.0
d967f50c-de7f-48d2-82f2-e52bf5f19095,1338d9f8-e125-460c-a7b7-b13d6ebe7b67,2026-05-11,extended,13.7
a8728ad5-2d36-4e84-bfca-f893312f6c08,1338d9f8-e125-460c-a7b7-b13d6ebe7b67,2026-05-12,extended,13.1
22f0e27c-7372-4f9a-b1ff-62bdcf601ded,1338d9f8-e125-460c-a7b7-b13d6ebe7b67,2026-05-13,day,8.5
0c8c45cc-d141-4432-8808-e9136f74fdc5,1338d9f8-e125-460c-a7b7-b13d6ebe7b67,2026-05-14,day,8.0
506c8777-f4cf-49ce-bbdd-1388ca821470,1338d9f8-e125-460c-a7b7-b13d6ebe7b67,2026-05-15,day,9.0
7beefd09-06fe-45f9-82f2-25e163f9779a,1338d9f8-e125-460c-a7b7-b13d6ebe7b67,2026-05-17,extended,13.3
d4076cf6-b6aa-4661-8991-71fe3a4bcb50,1338d9f8-e125-460c-a7b7-b13d6ebe7b67,2026-05-18,night,10.0
123bcc45-d567-4dfc-82ae-539de643ed6d,1338d9f8-e125-460c-a7b7-b13d6ebe7b67,2026-05-19,extended,13.8
3396fe66-bd49-4b03-9e82-b3def91cd548,1338d9f8-e125-460c-a7b7-b13d6ebe7b67,2026-05-20,day,8.0
f8837bf8-825d-4d61-8008-3f1a725602c5,1338d9f8-e125-460c-a7b7-b13d6ebe7b67,2026-05-21,day,8.0
7ee9a410-8478-4d8d-bc74-27611ce2d45b,1338d9f8-e125-460c-a7b7-b13d6ebe7b67,2026-05-22,extended,14.1
82812cb4-1f50-46ce-ad40-12172cd14823,1338d9f8-e125-460c-a7b7-b13d6ebe7b67,2026-06-04,extended,15.0
85dca113-bf04-4a06-bf82-49c6c68456dd,1338d9f8-e125-460c-a7b7-b13d6ebe7b67,2026-06-05,night,11.0
1b9908c8-6e7d-4ca5-8a5f-42cf394616de,1338d9f8-e125-460c-a7b7-b13d6ebe7b67,2026-06-06,day,8.0
e22edf1a-6709-4d2f-9de8-56e837d1d952,1338d9f8-e125-460c-a7b7-b13d6ebe7b67,2026-06-07,night,10.0
f300ccb9-ad58-46dc-b226-b9d6834b225f,1338d9f8-e125-460c-a7b7-b13d6ebe7b67,2026-06-08,day,8.5
001a83db-85fc-4290-b1a7-ddb7adc75ef6,1338d9f8-e125-460c-a7b7-b13d6ebe7b67,2026-06-09,day,9.0
8ce02d49-940b-4717-8c8b-f9748005df50,1338d9f8-e125-460c-a7b7-b13d6ebe7b67,2026-06-10,extended,14.8
32375be2-877c-4016-8c5b-f7db3922dc66,1338d9f8-e125-460c-a7b7-b13d6ebe7b67,2026-06-11,day,8.5
1e99b78b-9835-4f40-9af4-a4a6a830d8dc,1338d9f8-e125-460c-a7b7-b13d6ebe7b67,2026-06-12,day,8.0
0ab7cd2c-093b-4677-a773-91c54b36eca4,1338d9f8-e125-460c-a7b7-b13d6ebe7b67,2026-06-15,day,8.0
9b05df27-27b6-4483-9e56-b1022315d154,1338d9f8-e125-460c-a7b7-b13d6ebe7b67,2026-06-16,extended,15.4
8df94fd6-eff5-4ccf-9442-838f4b92e0d5,1338d9f8-e125-460c-a7b7-b13d6ebe7b67,2026-06-17,day,8.0
c1e18b9c-aa35-4620-b491-8112cdac8990,1338d9f8-e125-460c-a7b7-b13d6ebe7b67,2026-06-18,day,9.0
ce20b642-2c33-44d6-8cc3-bc8f67a6978c,1338d9f8-e125-460c-a7b7-b13d6ebe7b67,2026-06-19,day,8.0
25486d1b-948f-4cb7-8cef-f634b356afae,1338d9f8-e125-460c-a7b7-b13d6ebe7b67,2026-06-21,night,10.5
9c80355d-bbfa-4c2b-8bbd-33d788c7d785,1338d9f8-e125-460c-a7b7-b13d6ebe7b67,2026-06-22,day,8.5
aa0bf6ad-ec21-4641-9166-32579c7e681e,1338d9f8-e125-460c-a7b7-b13d6ebe7b67,2026-06-23,day,8.0
3c6dceff-2c7c-4e6b-a8b9-3da23dc35f27,1338d9f8-e125-460c-a7b7-b13d6ebe7b67,2026-06-24,day,8.0
e8c7cbe5-c1fe-4397-8332-b64cd8a9b65e,1338d9f8-e125-460c-a7b7-b13d6ebe7b67,2026-06-25,night,11.0
8ac44f5f-67a5-46ee-b240-fe78301938f5,1338d9f8-e125-460c-a7b7-b13d6ebe7b67,2026-06-26,day,8.5
1b9a598a-3960-48ef-bc57-f1aedc2006e8,1338d9f8-e125-460c-a7b7-b13d6ebe7b67,2026-06-29,night,10.0
b63e18b2-502b-45af-ac4e-44bf5e304403,8959e852-9786-4c00-888c-84ec0d572e4b,2026-01-01,night,10.5
e2cf230a-8aa8-489c-a33f-14b11e2e0f13,8959e852-9786-4c00-888c-84ec0d572e4b,2026-01-02,day,8.0
8abf988c-2e89-4c68-91a0-602121bcd7eb,8959e852-9786-4c00-888c-84ec0d572e4b,2026-01-03,day,9.0
4a0509bc-576e-448a-853d-21f835d20d73,8959e852-9786-4c00-888c-84ec0d572e4b,2026-01-05,day,9.0
3f301ca8-8c40-4995-aca1-6703c930019a,8959e852-9786-4c00-888c-84ec0d572e4b,2026-01-06,day,8.0
c72a54b4-348d-42ea-acc9-6511e65bee84,8959e852-9786-4c00-888c-84ec0d572e4b,2026-01-07,day,8.5
e393b742-c843-43c9-b7e4-0f5168082e6e,8959e852-9786-4c00-888c-84ec0d572e4b,2026-01-08,day,8.0
76cb13bf-4895-4074-9daf-91c33852796b,8959e852-9786-4c00-888c-84ec0d572e4b,2026-01-09,day,8.0
87994279-33e3-49c4-ad15-3e558978192e,8959e852-9786-4c00-888c-84ec0d572e4b,2026-01-10,day,9.0
26450d12-af59-4169-9d9a-9cab2e722eaf,8959e852-9786-4c00-888c-84ec0d572e4b,2026-01-11,night,10.0
14035dad-8443-46c8-a1ad-0f7d8213316b,8959e852-9786-4c00-888c-84ec0d572e4b,2026-01-12,day,8.5
e395bb6c-e525-4b38-b76f-55f0337fd205,8959e852-9786-4c00-888c-84ec0d572e4b,2026-01-13,extended,13.7
ac1fd603-c67b-49de-9b2b-db714abe5d7f,8959e852-9786-4c00-888c-84ec0d572e4b,2026-01-14,extended,15.2
b1646f07-5f14-4810-853d-5642735774e1,8959e852-9786-4c00-888c-84ec0d572e4b,2026-01-15,day,9.5
108e50f0-6644-4ee8-90fe-872fb9cfcc13,8959e852-9786-4c00-888c-84ec0d572e4b,2026-01-16,night,12.0
3c62c3ff-5f09-4853-9cf5-eacedbb6c1a5,8959e852-9786-4c00-888c-84ec0d572e4b,2026-01-17,day,8.0
cbb93d7b-6d2c-473d-a7a2-16703448b015,8959e852-9786-4c00-888c-84ec0d572e4b,2026-01-18,day,8.0
53a795b6-25c5-4429-88ff-d91fecc9946d,8959e852-9786-4c00-888c-84ec0d572e4b,2026-01-19,day,8.5
f0030f91-a224-4074-82dd-9b83beb74d14,8959e852-9786-4c00-888c-84ec0d572e4b,2026-01-20,day,8.0
b11b938c-0080-46d0-865f-4b8fedf53b1e,8959e852-9786-4c00-888c-84ec0d572e4b,2026-01-21,extended,13.7
5828ef5f-c704-478c-9f9d-1406a6cae5ab,8959e852-9786-4c00-888c-84ec0d572e4b,2026-01-22,night,10.0
151ae78e-f06a-4aec-b848-6e69337e9983,8959e852-9786-4c00-888c-84ec0d572e4b,2026-01-23,day,8.0
207ca353-0f23-4c77-99cb-e82966041cab,8959e852-9786-4c00-888c-84ec0d572e4b,2026-01-25,night,10.0
3a86a179-50b9-4824-82ce-a374daa54fb5,8959e852-9786-4c00-888c-84ec0d572e4b,2026-01-26,night,10.0
ccdacef1-e9aa-47e2-87bb-84d0f3f30091,8959e852-9786-4c00-888c-84ec0d572e4b,2026-01-27,night,10.0
cbd947fd-9177-441a-80ae-6766c4e3eb92,8959e852-9786-4c00-888c-84ec0d572e4b,2026-01-28,extended,15.7
bc35c70e-42b4-4399-80ab-6fd709937264,8959e852-9786-4c00-888c-84ec0d572e4b,2026-01-29,extended,14.5
0f45cdf9-6eee-4fc4-b9c8-ce7d8a0572ad,8959e852-9786-4c00-888c-84ec0d572e4b,2026-01-30,day,8.0
aa309855-fac7-44f4-965d-8d324e8a7740,8959e852-9786-4c00-888c-84ec0d572e4b,2026-02-02,day,9.0
dfc9600b-f93a-43c8-867a-1efc9714bb2b,8959e852-9786-4c00-888c-84ec0d572e4b,2026-02-03,day,8.0
b4d4c60d-1f86-4b8e-ad7a-580b62a03545,8959e852-9786-4c00-888c-84ec0d572e4b,2026-02-04,day,8.0
fcbfc124-a044-456d-9412-bdbf4001afdb,8959e852-9786-4c00-888c-84ec0d572e4b,2026-02-05,day,8.0
152ae6c5-8fa0-4b52-9ea6-d4b0db8b2832,8959e852-9786-4c00-888c-84ec0d572e4b,2026-02-06,day,8.0
2b9b26b9-8cf8-434b-a385-dd79fea98953,8959e852-9786-4c00-888c-84ec0d572e4b,2026-02-09,extended,15.0
cfec1591-4fd8-4826-a58a-3b7b64d1631e,8959e852-9786-4c00-888c-84ec0d572e4b,2026-02-10,night,10.5
c600df4c-9f31-48c6-83d4-f67fedcf53f0,8959e852-9786-4c00-888c-84ec0d572e4b,2026-02-11,night,10.0
6b7a247c-0b2d-43a6-8b0e-58d012d7face,8959e852-9786-4c00-888c-84ec0d572e4b,2026-02-12,day,8.0
63e7bd1a-aa70-43bd-8b1c-dcbfaf35fcbb,8959e852-9786-4c00-888c-84ec0d572e4b,2026-02-13,day,8.5
2d9460d2-f229-4e3f-96b7-94648ef85e1e,8959e852-9786-4c00-888c-84ec0d572e4b,2026-02-14,day,9.0
144f3dcb-3bb6-417c-890c-8bd01d706336,8959e852-9786-4c00-888c-84ec0d572e4b,2026-02-16,night,10.0
c2236d0f-df65-4608-b062-d675f0925180,8959e852-9786-4c00-888c-84ec0d572e4b,2026-02-17,day,8.0
40e755e8-eccd-4a0e-ab32-c231ec92c907,8959e852-9786-4c00-888c-84ec0d572e4b,2026-02-18,day,9.5
14637770-c50f-4fee-a226-d4c253d762bc,8959e852-9786-4c00-888c-84ec0d572e4b,2026-02-19,extended,15.3
0f9edf64-c036-4338-bd1d-ca3a5e6daac1,8959e852-9786-4c00-888c-84ec0d572e4b,2026-02-20,extended,14.0
ee2f16d3-5b55-41f2-8109-57e2c26cb07d,8959e852-9786-4c00-888c-84ec0d572e4b,2026-02-21,extended,15.9
03b16b82-db18-4ce9-8143-7775654e567e,8959e852-9786-4c00-888c-84ec0d572e4b,2026-02-23,day,8.5
1343408d-c7a2-4794-bd56-9e3aa868ae3f,8959e852-9786-4c00-888c-84ec0d572e4b,2026-02-24,night,10.0
41039079-ea51-49a5-82ee-5572b738f9ff,8959e852-9786-4c00-888c-84ec0d572e4b,2026-02-25,night,11.0
398f640c-5987-4226-ac2b-c58cbae96ab3,8959e852-9786-4c00-888c-84ec0d572e4b,2026-02-26,day,8.0
2a96c355-7147-43fc-88bd-d14d904e42f8,8959e852-9786-4c00-888c-84ec0d572e4b,2026-02-27,extended,13.3
2e9568a0-fe4f-40ee-8e32-0a10c8d134f1,8959e852-9786-4c00-888c-84ec0d572e4b,2026-03-02,day,8.0
cb19d377-317d-475d-9d43-512ac59bde84,8959e852-9786-4c00-888c-84ec0d572e4b,2026-03-03,day,9.5
afad5e95-172a-41b8-b7dd-feacecd7a6de,8959e852-9786-4c00-888c-84ec0d572e4b,2026-03-04,extended,14.2
880b8e86-63cf-4bb2-b880-f974993a6446,8959e852-9786-4c00-888c-84ec0d572e4b,2026-03-05,day,8.0
ba336f91-c698-42a2-a39e-ee181b49cf06,8959e852-9786-4c00-888c-84ec0d572e4b,2026-03-06,day,9.0
45a6760a-b2d3-437d-847b-01caab6167f0,8959e852-9786-4c00-888c-84ec0d572e4b,2026-03-09,day,8.0
f176d18a-3bf8-49e2-a15f-a4807f26c68d,8959e852-9786-4c00-888c-84ec0d572e4b,2026-03-10,day,9.5
38053e55-71b9-412f-b8d7-4918a300be91,8959e852-9786-4c00-888c-84ec0d572e4b,2026-03-11,night,12.0
e4518580-c711-40d8-9816-2a1ebb4eeda4,8959e852-9786-4c00-888c-84ec0d572e4b,2026-03-12,day,8.0
b915b2e8-189b-48d4-9545-77285106d857,8959e852-9786-4c00-888c-84ec0d572e4b,2026-03-13,night,10.0
30677cdc-6346-4a4e-a4bd-c827a6cde33b,8959e852-9786-4c00-888c-84ec0d572e4b,2026-03-15,day,8.0
b914ed79-9791-4472-955e-979f9ab9a720,8959e852-9786-4c00-888c-84ec0d572e4b,2026-03-16,day,8.5
3cfac198-afcd-48ee-ad03-12c144224b16,8959e852-9786-4c00-888c-84ec0d572e4b,2026-03-17,night,11.0
de9b8d67-99ca-4888-ae5a-9404c6d56469,8959e852-9786-4c00-888c-84ec0d572e4b,2026-03-18,day,9.0
7be31093-270b-4261-9aee-7709566d2807,8959e852-9786-4c00-888c-84ec0d572e4b,2026-03-19,day,8.0
f727c9ad-89b8-48ba-8501-44fdf5793b47,8959e852-9786-4c00-888c-84ec0d572e4b,2026-03-20,day,8.0
4f9b3544-826a-431d-bc7f-1096b255f4b9,8959e852-9786-4c00-888c-84ec0d572e4b,2026-03-21,day,8.5
db3c8d5b-e55a-4220-908d-1a1bce54912a,8959e852-9786-4c00-888c-84ec0d572e4b,2026-03-23,day,8.5
5384e609-2ff8-4bc1-8246-8f62a5bf79e8,8959e852-9786-4c00-888c-84ec0d572e4b,2026-03-24,day,8.0
bdf212f6-6a76-4dea-a687-a646e76d6600,8959e852-9786-4c00-888c-84ec0d572e4b,2026-03-25,day,8.5
ad63d6dc-109b-4b5c-8ff8-45640b96f08f,8959e852-9786-4c00-888c-84ec0d572e4b,2026-03-26,day,8.0
4007b5b4-d8ef-4f1b-b672-131fe8bda484,8959e852-9786-4c00-888c-84ec0d572e4b,2026-03-27,day,8.5
f5ac6b79-5649-43a0-81c7-10c037f0f7a4,8959e852-9786-4c00-888c-84ec0d572e4b,2026-03-29,night,10.0
4c8d462b-b904-444b-9a80-77dd91ddfc85,8959e852-9786-4c00-888c-84ec0d572e4b,2026-03-30,night,10.0
52c6c099-7578-404f-bd82-6bac443bf954,8959e852-9786-4c00-888c-84ec0d572e4b,2026-03-31,extended,13.4
76f19fea-7dc7-413a-8751-14d9f7c70808,8959e852-9786-4c00-888c-84ec0d572e4b,2026-04-01,day,8.0
818602e6-e54a-4ca2-a9ec-e03bc712cc2e,8959e852-9786-4c00-888c-84ec0d572e4b,2026-04-02,night,11.0
a915f950-1447-4861-88c7-b13aa202fdf4,8959e852-9786-4c00-888c-84ec0d572e4b,2026-04-03,day,8.5
999eded2-9e9a-4ae4-a7b8-9784e99c0af4,8959e852-9786-4c00-888c-84ec0d572e4b,2026-04-04,day,8.0
e6d38478-3dcc-43ca-bcdf-1827c4512a5f,8959e852-9786-4c00-888c-84ec0d572e4b,2026-04-06,night,10.0
a26cd7b1-403d-4021-a434-8664d31674c0,8959e852-9786-4c00-888c-84ec0d572e4b,2026-04-07,day,8.0
6d82a969-a53c-4fd6-a0d2-19a812d61b0d,8959e852-9786-4c00-888c-84ec0d572e4b,2026-04-08,day,9.5
33baf4db-720b-427b-9daa-2070389eff54,8959e852-9786-4c00-888c-84ec0d572e4b,2026-04-09,night,10.5
f77a5d7c-ac44-45d8-bc5d-e98a28ec78bb,8959e852-9786-4c00-888c-84ec0d572e4b,2026-04-10,day,8.0
1f3ffa7c-5650-4d3c-919f-50ebdd2f4660,8959e852-9786-4c00-888c-84ec0d572e4b,2026-04-13,day,8.0
2809a6f2-86a7-4833-a68e-217cca308983,8959e852-9786-4c00-888c-84ec0d572e4b,2026-04-14,extended,15.4
e5a557aa-8719-493b-a2c7-1e86666c51d6,8959e852-9786-4c00-888c-84ec0d572e4b,2026-04-15,day,8.0
1adcc2b7-f53d-4010-bc90-d0215399a3a5,8959e852-9786-4c00-888c-84ec0d572e4b,2026-04-16,night,10.0
1983f91c-45a3-4340-8ddd-68338f03d695,8959e852-9786-4c00-888c-84ec0d572e4b,2026-04-17,day,8.5
2c2414aa-6143-4803-8384-e0f74621def6,8959e852-9786-4c00-888c-84ec0d572e4b,2026-04-20,day,8.0
5019a3eb-be75-43a7-a65f-05182e6dbfb5,8959e852-9786-4c00-888c-84ec0d572e4b,2026-04-21,day,8.5
906425cc-d205-4cc3-90c8-3391fa0a6f5b,8959e852-9786-4c00-888c-84ec0d572e4b,2026-04-22,night,10.0
dee4df7c-5185-47be-b32d-b1b5f3156a35,8959e852-9786-4c00-888c-84ec0d572e4b,2026-04-23,day,8.0
bc3043d3-a455-40d8-a7d7-d54b8149993f,8959e852-9786-4c00-888c-84ec0d572e4b,2026-04-24,day,8.0
bcb287b2-719c-46a1-acc9-b6a7bccef484,8959e852-9786-4c00-888c-84ec0d572e4b,2026-04-26,night,10.5
37250d6b-d2f0-473d-9d5a-b112f67d8475,8959e852-9786-4c00-888c-84ec0d572e4b,2026-04-27,night,10.0
e6bddf69-c247-475b-9f74-6e4eaba7c6f0,8959e852-9786-4c00-888c-84ec0d572e4b,2026-04-28,day,8.0
bbc3182a-bf3a-4983-b427-9b8b0655d450,8959e852-9786-4c00-888c-84ec0d572e4b,2026-04-29,day,8.0
33364577-5f4b-40dd-8cdd-46d2a1d6a04d,8959e852-9786-4c00-888c-84ec0d572e4b,2026-04-30,day,8.0
c9ea2f5a-67b6-4a8e-b312-796306f06ffa,8959e852-9786-4c00-888c-84ec0d572e4b,2026-05-01,day,8.0
9e79d90e-f9cd-4a46-addb-39baf6768680,8959e852-9786-4c00-888c-84ec0d572e4b,2026-05-04,day,8.5
c197f8a0-86fb-4a5e-ba20-ae174ada3633,8959e852-9786-4c00-888c-84ec0d572e4b,2026-05-05,extended,14.5
e8958ca2-7d1e-483e-9c00-c06d91f28eab,8959e852-9786-4c00-888c-84ec0d572e4b,2026-05-06,night,10.0
7e5896fe-c52d-4d23-8e12-fdb07d27728f,8959e852-9786-4c00-888c-84ec0d572e4b,2026-05-07,day,8.0
a67fdd1e-4840-45ca-96a9-a87e767456f6,8959e852-9786-4c00-888c-84ec0d572e4b,2026-05-08,night,11.0
ad66fb29-4bc7-44c8-b73f-7c9b160fb7ae,8959e852-9786-4c00-888c-84ec0d572e4b,2026-05-11,day,8.5
194f1982-eeb9-4b68-bf92-fd34ee012f10,8959e852-9786-4c00-888c-84ec0d572e4b,2026-05-12,night,10.5
c48a44c1-bf96-489c-9ffb-4da8a7262c8e,8959e852-9786-4c00-888c-84ec0d572e4b,2026-05-13,night,10.5
075d9bd3-0b83-4b42-bdef-0258ff2fbdd4,8959e852-9786-4c00-888c-84ec0d572e4b,2026-05-14,day,8.0
2adc59ad-3ac3-4ca6-acd6-c198ae99d62a,8959e852-9786-4c00-888c-84ec0d572e4b,2026-05-15,day,9.0
db664f22-56b7-4c2a-a011-ba67d68c0450,8959e852-9786-4c00-888c-84ec0d572e4b,2026-05-18,day,8.0
349665f7-6f5b-4cb3-a928-9d32b6e4cf8e,8959e852-9786-4c00-888c-84ec0d572e4b,2026-05-19,day,8.5
8d576a74-d3d2-4b4e-96fe-99ddacb2c88c,8959e852-9786-4c00-888c-84ec0d572e4b,2026-05-20,extended,15.1
2d77b69f-bc37-49a8-a051-2a5a79664a06,8959e852-9786-4c00-888c-84ec0d572e4b,2026-05-21,night,10.5
65696329-5815-48f3-aa43-5aa1003ee04b,8959e852-9786-4c00-888c-84ec0d572e4b,2026-05-22,day,9.0
cde02389-ebd5-4939-95dc-b58005bc6248,8959e852-9786-4c00-888c-84ec0d572e4b,2026-05-25,night,10.0
d6a00fcf-6641-4437-beba-c487a306b0db,8959e852-9786-4c00-888c-84ec0d572e4b,2026-05-26,day,8.5
6050b722-6b85-4ef4-9675-4a63e3b3e178,8959e852-9786-4c00-888c-84ec0d572e4b,2026-05-27,day,8.0
0000f72c-358a-4fa7-9c2e-e6711d0a08e7,8959e852-9786-4c00-888c-84ec0d572e4b,2026-05-28,day,8.0
77ef3322-62b1-4968-83a1-4fa86e5658c8,8959e852-9786-4c00-888c-84ec0d572e4b,2026-05-29,night,10.0
bc65b533-2c2b-446a-b1d2-c8d4881fce20,8959e852-9786-4c00-888c-84ec0d572e4b,2026-06-01,extended,14.4
7d0900a1-c969-4b29-b4da-df06ca741b06,8959e852-9786-4c00-888c-84ec0d572e4b,2026-06-02,night,10.5
0ebc4b4b-1a52-46e2-b2fe-848c0688c323,8959e852-9786-4c00-888c-84ec0d572e4b,2026-06-03,day,8.0
3e993918-5aea-4512-8b52-34cfc51aeb0e,8959e852-9786-4c00-888c-84ec0d572e4b,2026-06-04,extended,16.4
81cc2f96-de65-4ea9-8dca-dda60344ec07,8959e852-9786-4c00-888c-84ec0d572e4b,2026-06-05,day,9.0
4b475567-2de6-4325-b9f4-a0ac58807417,8959e852-9786-4c00-888c-84ec0d572e4b,2026-06-06,day,9.0
f02a399c-9467-45f8-b529-924f4f044121,8959e852-9786-4c00-888c-84ec0d572e4b,2026-06-08,night,10.0
b9e61224-7515-4581-9a06-1649032d408f,8959e852-9786-4c00-888c-84ec0d572e4b,2026-06-09,day,8.5
9f20e009-407b-4b10-9d00-b071e314ffe1,8959e852-9786-4c00-888c-84ec0d572e4b,2026-06-10,extended,14.0
313319bf-337c-4fa6-8e26-0ad7a08d76e3,8959e852-9786-4c00-888c-84ec0d572e4b,2026-06-11,day,8.0
855b563b-1ad7-4f2c-b641-897284521776,8959e852-9786-4c00-888c-84ec0d572e4b,2026-06-12,day,8.0
546413a7-1efe-440d-85ac-ea16a895b9a8,8959e852-9786-4c00-888c-84ec0d572e4b,2026-06-15,night,11.0
527fa949-fa66-4665-ae25-0ec3b0c0637d,8959e852-9786-4c00-888c-84ec0d572e4b,2026-06-16,day,8.0
38876407-f839-4bf8-8618-f05fbaeec138,8959e852-9786-4c00-888c-84ec0d572e4b,2026-06-17,day,8.5
c3bb486b-d95b-49e2-9d30-10d56bd4a852,8959e852-9786-4c00-888c-84ec0d572e4b,2026-06-18,night,10.0
57133c16-596d-4efa-9117-62e34be3cb38,8959e852-9786-4c00-888c-84ec0d572e4b,2026-06-19,day,8.0
027ef88d-4477-4f93-867c-c1a7ad65c2ae,8959e852-9786-4c00-888c-84ec0d572e4b,2026-06-22,day,8.0
3d862611-ddf7-4fd9-b83b-c5e20be07379,8959e852-9786-4c00-888c-84ec0d572e4b,2026-06-23,night,10.0
afd7c8a5-e99b-4f0a-9fe7-f484f706f3e1,8959e852-9786-4c00-888c-84ec0d572e4b,2026-06-24,day,9.0
30b74412-d34d-4239-96b0-26e674274531,8959e852-9786-4c00-888c-84ec0d572e4b,2026-06-25,day,9.0
6f390585-0804-49b5-944e-2104a96b6fc8,8959e852-9786-4c00-888c-84ec0d572e4b,2026-06-26,night,10.5
85f4597d-80a9-45fd-b7f1-83701e3d18f8,8959e852-9786-4c00-888c-84ec0d572e4b,2026-06-27,night,11.0
806bff4b-d160-4cd2-aa0a-319ccb6a2008,8959e852-9786-4c00-888c-84ec0d572e4b,2026-06-28,day,9.0
b13a9f65-936a-40f4-bec4-f4527034d0ff,8959e852-9786-4c00-888c-84ec0d572e4b,2026-06-29,day,9.0
cfdde1e2-b484-4dc9-8af0-37d0d06a7417,b760a549-d885-482f-bec0-6635165190d9,2026-01-01,day,9.0
e003130b-8a9f-46b5-ad05-da5ea427a92e,b760a549-d885-482f-bec0-6635165190d9,2026-01-02,night,10.0
e3faadec-5e87-4d67-b6d8-d3f9b90ecb53,b760a549-d885-482f-bec0-6635165190d9,2026-01-03,day,8.0
ca92c7f2-f153-41b1-86fa-4d5907629940,b760a549-d885-482f-bec0-6635165190d9,2026-01-04,night,11.0
729fb5af-fc5c-40ca-b866-2c4b1de64f59,b760a549-d885-482f-bec0-6635165190d9,2026-01-05,day,8.0
dedee438-4412-4b7e-a076-2825cf2266dc,b760a549-d885-482f-bec0-6635165190d9,2026-01-06,day,9.0
76589054-0366-4f17-8915-9b0f3c4be254,b760a549-d885-482f-bec0-6635165190d9,2026-01-07,day,9.0
35e9a25a-f81e-4fe6-bb55-8781d09e62a7,b760a549-d885-482f-bec0-6635165190d9,2026-01-08,night,10.5
6af49337-dd73-4571-9b02-fb07d47c92d9,b760a549-d885-482f-bec0-6635165190d9,2026-01-09,night,10.5
f2acbc2d-8f32-40a6-8e63-825263d887c6,b760a549-d885-482f-bec0-6635165190d9,2026-01-12,day,8.0
5768c23a-21e3-4640-b676-32884c677e6d,b760a549-d885-482f-bec0-6635165190d9,2026-01-13,day,8.5
f1d6fa80-a9ab-48a5-bebd-dd81f904b31f,b760a549-d885-482f-bec0-6635165190d9,2026-01-14,extended,14.4
4b25e556-1730-45f3-8f99-b94c451180fd,b760a549-d885-482f-bec0-6635165190d9,2026-01-15,day,8.5
2e2b6c0d-6fb1-4150-94f4-a84b1748e373,b760a549-d885-482f-bec0-6635165190d9,2026-01-16,day,8.5
780ed42f-dbbd-475f-8e4b-81c1e1ae115d,b760a549-d885-482f-bec0-6635165190d9,2026-01-17,day,9.0
8e9afa06-9e9e-4568-addd-d0548cad52a1,b760a549-d885-482f-bec0-6635165190d9,2026-01-18,day,8.0
d8a64f9f-75af-422e-8323-87e72771647e,b760a549-d885-482f-bec0-6635165190d9,2026-01-19,night,10.0
d0a9e64b-2de6-49d7-99cd-1171c147a759,b760a549-d885-482f-bec0-6635165190d9,2026-01-20,day,8.0
10b6dc53-fd37-4e42-a4c0-c014af5b5747,b760a549-d885-482f-bec0-6635165190d9,2026-01-21,day,9.0
ec9a1c85-839b-407a-adbb-44709b2b1efc,b760a549-d885-482f-bec0-6635165190d9,2026-01-22,day,8.5
69e0424d-3cb2-4a23-abc5-3145545cbf33,b760a549-d885-482f-bec0-6635165190d9,2026-01-23,day,8.0
585d72fe-1701-4f49-9f70-981e39d779fa,b760a549-d885-482f-bec0-6635165190d9,2026-01-26,day,8.0
41318994-487d-4d98-9117-5e3c343f3bde,b760a549-d885-482f-bec0-6635165190d9,2026-01-27,day,9.0
1e986620-3a01-4efa-81fc-d216f951c024,b760a549-d885-482f-bec0-6635165190d9,2026-01-28,night,11.0
b3af114e-7024-4f48-96be-c87d4e279898,b760a549-d885-482f-bec0-6635165190d9,2026-01-29,extended,14.2
d796afd9-c81f-4cba-99fc-bd7fbea72065,b760a549-d885-482f-bec0-6635165190d9,2026-01-30,night,12.0
c952ae0b-bb50-4357-aed3-1f4bac7887ba,b760a549-d885-482f-bec0-6635165190d9,2026-02-02,night,10.0
c7deb81a-ed00-47ca-9649-f19c5834b17c,b760a549-d885-482f-bec0-6635165190d9,2026-02-03,day,8.0
be59a589-5044-41a8-b065-4736fb02b3b7,b760a549-d885-482f-bec0-6635165190d9,2026-02-04,night,10.0
c6de3f67-e685-4c0c-8589-42f84621f21f,b760a549-d885-482f-bec0-6635165190d9,2026-02-05,day,8.0
024e5b75-e7dc-44d5-a78b-da426d7b7384,b760a549-d885-482f-bec0-6635165190d9,2026-02-06,day,8.0
fd709919-abcc-4c50-ad5b-744424fdf150,b760a549-d885-482f-bec0-6635165190d9,2026-02-08,day,8.0
7ed4c39c-3cf6-455c-b1ff-626f2b390e61,b760a549-d885-482f-bec0-6635165190d9,2026-02-09,day,8.0
8540ff14-458b-4f8e-ae68-845ee864d729,b760a549-d885-482f-bec0-6635165190d9,2026-02-10,night,10.0
bc9acb00-ac71-4ad1-b367-5c94a4255eff,b760a549-d885-482f-bec0-6635165190d9,2026-02-11,day,9.0
2ff531e8-def1-4ba1-9331-eb96d769e7b2,b760a549-d885-482f-bec0-6635165190d9,2026-02-12,day,9.5
8377920b-5702-4a08-9e7f-9b59bbcefab2,b760a549-d885-482f-bec0-6635165190d9,2026-02-13,day,9.5
76702c71-65aa-46c0-b4bb-ed46dbf44890,b760a549-d885-482f-bec0-6635165190d9,2026-02-14,night,10.0
0c0de2b4-6f4e-443a-a0d8-fb287a1ee54b,b760a549-d885-482f-bec0-6635165190d9,2026-02-16,night,10.0
b2beca50-5775-49da-95d2-0e84a9c95ec2,b760a549-d885-482f-bec0-6635165190d9,2026-02-17,day,8.0
0eda42be-00ec-4874-9e56-26952547182b,b760a549-d885-482f-bec0-6635165190d9,2026-02-18,day,8.0
eb538f3a-9126-4f94-b9fc-7ffafe39a281,b760a549-d885-482f-bec0-6635165190d9,2026-02-19,day,9.5
7e2921b6-f195-4229-b432-1a476f18a712,b760a549-d885-482f-bec0-6635165190d9,2026-02-20,day,9.0
7b4c476c-bb19-497e-929e-3ed2853132e0,b760a549-d885-482f-bec0-6635165190d9,2026-02-23,day,9.5
24ba9c15-cd97-481e-a4af-6a5931d0a802,b760a549-d885-482f-bec0-6635165190d9,2026-02-24,day,8.5
92f9d45b-b132-4aca-bab7-4264ceef2fc8,b760a549-d885-482f-bec0-6635165190d9,2026-02-25,day,8.0
05f04cb5-02a2-439b-96a1-cc933ce7dac3,b760a549-d885-482f-bec0-6635165190d9,2026-02-26,day,9.5
43deb5ba-2fa2-455a-8eb2-da43584c2ee1,b760a549-d885-482f-bec0-6635165190d9,2026-02-27,day,9.0
d253e664-7cf8-4e52-bbb9-de48f040a16e,b760a549-d885-482f-bec0-6635165190d9,2026-03-02,extended,14.9
2d124056-9184-40b6-a078-4cab1efb3cf9,b760a549-d885-482f-bec0-6635165190d9,2026-03-03,day,9.0
38c44eb7-66fa-4d9f-80f0-ae93a4c7dd3b,b760a549-d885-482f-bec0-6635165190d9,2026-03-04,night,10.0
43bea7b7-59fc-4eba-a1c3-64d502f61986,b760a549-d885-482f-bec0-6635165190d9,2026-03-05,day,8.0
3362af7b-7feb-4910-b5e4-c101de7d74ab,b760a549-d885-482f-bec0-6635165190d9,2026-03-06,day,8.0
fb62124e-5487-42bc-a7ef-7b52ad7b758d,b760a549-d885-482f-bec0-6635165190d9,2026-03-09,day,8.0
4f0d1ef7-6018-4f91-830d-29ddfdf3b068,b760a549-d885-482f-bec0-6635165190d9,2026-03-10,night,10.5
95e86142-0a98-4c10-b329-125c80069d4a,b760a549-d885-482f-bec0-6635165190d9,2026-03-11,day,8.5
cd6aecf7-aa65-4c6c-9f30-b726fff5f8a6,b760a549-d885-482f-bec0-6635165190d9,2026-03-12,day,8.5
6b4b7a9b-8a15-446f-b0b0-51dc114ded15,b760a549-d885-482f-bec0-6635165190d9,2026-03-13,day,9.0
5137ae97-2397-40c6-8e0c-0c5eec42c8f4,b760a549-d885-482f-bec0-6635165190d9,2026-03-16,day,8.5
c033723a-6af5-49be-969a-0d35ece3afb9,b760a549-d885-482f-bec0-6635165190d9,2026-03-17,extended,13.9
fe27b593-5aee-4b94-937c-2b92af2b9898,b760a549-d885-482f-bec0-6635165190d9,2026-03-18,night,12.0
00df90d4-caa1-4156-a4b9-e8c71bcbe9b4,b760a549-d885-482f-bec0-6635165190d9,2026-03-19,day,8.0
cbf47c46-8a6e-4eef-b62d-260d68986023,b760a549-d885-482f-bec0-6635165190d9,2026-03-20,day,8.0
69b62c99-60af-48c4-8643-aec53594a3b6,b760a549-d885-482f-bec0-6635165190d9,2026-03-21,extended,15.6
d5a9e7c4-74ca-4f7c-a562-fb99fe0af498,b760a549-d885-482f-bec0-6635165190d9,2026-03-23,day,9.0
fd90fe99-20a1-45cf-9aab-e41c61b7eb2e,b760a549-d885-482f-bec0-6635165190d9,2026-03-24,day,8.0
497099d9-f44f-4e68-88b9-106644a10421,b760a549-d885-482f-bec0-6635165190d9,2026-03-25,day,8.0
9cd5050b-9e6f-4cc5-9d6a-83182a1ca2d7,b760a549-d885-482f-bec0-6635165190d9,2026-03-26,day,8.5
16c7b852-de2f-42e6-aaa8-0dd511b3a3ba,b760a549-d885-482f-bec0-6635165190d9,2026-03-27,day,9.5
c8b8620c-8705-499f-9467-fa57fc4deaf0,b760a549-d885-482f-bec0-6635165190d9,2026-03-30,day,8.0
5ac09d40-2d41-44e7-9f7d-0bd6ba26c944,b760a549-d885-482f-bec0-6635165190d9,2026-03-31,day,8.5
0a70b834-f68c-4848-8c1c-12b529742840,b760a549-d885-482f-bec0-6635165190d9,2026-04-01,day,9.0
0ceb13fb-b015-4e33-82bd-93c8c21fadb9,b760a549-d885-482f-bec0-6635165190d9,2026-04-02,day,8.0
0c1bb297-bfa9-43bd-aa0a-893476508679,b760a549-d885-482f-bec0-6635165190d9,2026-04-03,day,8.0
fd675f28-6acb-4efb-82ec-72065066f4bd,b760a549-d885-482f-bec0-6635165190d9,2026-04-06,day,8.0
4e62e0f6-4e3d-4840-b4db-59c227b04e5a,b760a549-d885-482f-bec0-6635165190d9,2026-04-07,night,10.0
c6ff6711-25a5-46d3-acd6-392d6b4d10a5,b760a549-d885-482f-bec0-6635165190d9,2026-04-08,day,8.0
694a4d7c-c323-46cb-8154-a05c4add82c9,b760a549-d885-482f-bec0-6635165190d9,2026-04-09,day,8.0
aa32296e-9d70-4d48-9422-74d5380abc48,b760a549-d885-482f-bec0-6635165190d9,2026-04-10,night,12.0
bac940f9-aa4c-4733-a7ef-9fbafd3a044e,b760a549-d885-482f-bec0-6635165190d9,2026-04-12,day,9.0
1247a34c-e804-460d-90ae-51f55b908b7a,b760a549-d885-482f-bec0-6635165190d9,2026-04-13,day,8.0
a6329c1b-c2fe-409f-895f-401d3941a339,b760a549-d885-482f-bec0-6635165190d9,2026-04-14,extended,13.1
0451614c-286d-4cca-87f9-a4c54b0ba495,b760a549-d885-482f-bec0-6635165190d9,2026-04-15,day,8.0
e75f5c93-928c-49bb-bfef-9c1c65ce6a65,b760a549-d885-482f-bec0-6635165190d9,2026-04-16,day,8.0
c500b59a-6173-4b23-8e80-b75826e4f2d5,b760a549-d885-482f-bec0-6635165190d9,2026-04-17,night,10.5
8161abcd-640e-4f4d-9c45-a7adcb5796d2,b760a549-d885-482f-bec0-6635165190d9,2026-04-19,day,8.5
914e1241-f1d7-4744-9b3d-efd25c9158d6,b760a549-d885-482f-bec0-6635165190d9,2026-04-20,night,10.5
b6d4478e-f5f3-4700-8ad6-a8e5b3afd089,b760a549-d885-482f-bec0-6635165190d9,2026-04-21,day,8.0
23bc19d2-7b0f-4a37-ab88-8ac016f2502c,b760a549-d885-482f-bec0-6635165190d9,2026-04-22,day,8.0
90df2b1c-263a-451b-9217-a80c6be35f7c,b760a549-d885-482f-bec0-6635165190d9,2026-04-23,extended,15.5
b22e919e-9249-44c1-b841-65215b0a660c,b760a549-d885-482f-bec0-6635165190d9,2026-04-24,day,8.0
54583530-0480-455f-a325-39aa274c93ab,b760a549-d885-482f-bec0-6635165190d9,2026-04-27,day,8.0
5445df3b-7a2b-4d2e-b07b-032915cdb6af,b760a549-d885-482f-bec0-6635165190d9,2026-04-28,extended,14.0
db73b51c-013d-4365-a77f-c58cd1e316ba,b760a549-d885-482f-bec0-6635165190d9,2026-04-29,day,9.0
5f026265-03e5-4c74-aaa9-1c1953569b28,b760a549-d885-482f-bec0-6635165190d9,2026-04-30,day,8.5
7ff2f38a-a203-4c89-bf96-53e0e20b07ab,b760a549-d885-482f-bec0-6635165190d9,2026-05-01,extended,13.4
d3870d35-e2a3-452f-9a8b-646bccb9a421,b760a549-d885-482f-bec0-6635165190d9,2026-05-03,day,8.5
af2f8fcb-18e4-4239-bcf3-84eb31276a32,b760a549-d885-482f-bec0-6635165190d9,2026-05-04,day,8.0
df22ec4d-0ddf-4784-90d4-96e363c652ca,b760a549-d885-482f-bec0-6635165190d9,2026-05-05,day,8.0
e39fe78d-11bf-453c-b995-bd48912f82b5,b760a549-d885-482f-bec0-6635165190d9,2026-05-06,day,8.0
a78eb6df-54b0-4825-85aa-2dc6f931c59f,b760a549-d885-482f-bec0-6635165190d9,2026-05-07,day,8.0
d9699724-8a57-43f0-9c7b-f9b597165862,b760a549-d885-482f-bec0-6635165190d9,2026-05-08,day,8.0
2ab17350-710a-442f-895f-bb6248d98186,b760a549-d885-482f-bec0-6635165190d9,2026-05-09,day,9.5
12e405cc-f199-405f-9c1d-58041f8d029b,b760a549-d885-482f-bec0-6635165190d9,2026-05-10,night,10.0
76a8ec48-c535-47b5-90eb-b03e2bfa539c,b760a549-d885-482f-bec0-6635165190d9,2026-05-11,day,8.0
e211c386-c111-434e-bdb9-f8d2b79a5b96,b760a549-d885-482f-bec0-6635165190d9,2026-05-12,night,11.0
f40fca48-f032-4ac8-b5e9-24d6a83842a6,b760a549-d885-482f-bec0-6635165190d9,2026-05-13,day,8.5
89b0475f-bb6a-4057-af38-1bf98a4d59d2,b760a549-d885-482f-bec0-6635165190d9,2026-05-14,day,9.0
f3b741b6-b78c-4405-a02d-b132a40aea67,b760a549-d885-482f-bec0-6635165190d9,2026-05-15,extended,14.8
65605de7-4612-4db7-bee4-5f23ed8204e2,b760a549-d885-482f-bec0-6635165190d9,2026-05-18,day,8.0
750674e5-e9b6-4586-8607-4bb6c4ad14fa,b760a549-d885-482f-bec0-6635165190d9,2026-05-19,day,8.5
6c918702-1e3e-4850-8482-a5890f5aa92d,b760a549-d885-482f-bec0-6635165190d9,2026-05-20,day,8.5
40b706a4-d484-4789-8632-07ef455ad116,b760a549-d885-482f-bec0-6635165190d9,2026-05-21,night,11.0
3f2317e8-c7ff-492a-a994-032441f95faf,b760a549-d885-482f-bec0-6635165190d9,2026-05-22,night,10.5
7f0b03f7-bf99-47b3-b15e-dc8855912628,b760a549-d885-482f-bec0-6635165190d9,2026-05-24,night,12.0
c65b93ae-1cc0-4cb6-83f4-eecf8da7bbd5,b760a549-d885-482f-bec0-6635165190d9,2026-05-25,day,8.0
03aa918b-350f-4e9f-aeb3-77b0cace4477,b760a549-d885-482f-bec0-6635165190d9,2026-05-26,day,8.0
6572d688-7b82-457e-95ce-e381f13b313a,b760a549-d885-482f-bec0-6635165190d9,2026-05-27,day,9.0
e2594ce4-91be-440e-8f44-e480f1d0a142,b760a549-d885-482f-bec0-6635165190d9,2026-05-28,day,8.5
990a66b5-a360-4dab-a9da-7e1517fa9270,b760a549-d885-482f-bec0-6635165190d9,2026-05-29,day,8.5
ddef1da8-7acc-46b0-846c-2751d2a61da6,b760a549-d885-482f-bec0-6635165190d9,2026-06-01,day,9.0
c81e1e92-105a-4027-9319-53fef97919ed,b760a549-d885-482f-bec0-6635165190d9,2026-06-02,day,9.0
e5844751-d904-4ae8-822c-ef979a08ec81,b760a549-d885-482f-bec0-6635165190d9,2026-06-03,day,9.0
4d4ce80f-51f6-4e20-97da-105c892febdb,b760a549-d885-482f-bec0-6635165190d9,2026-06-04,extended,15.4
335a3598-8a54-48a7-b7c8-ddf9c823731f,b760a549-d885-482f-bec0-6635165190d9,2026-06-05,day,8.0
85f3270a-b459-496e-94c3-89c03e0c00e0,b760a549-d885-482f-bec0-6635165190d9,2026-06-06,extended,13.7
c81f184b-2b3f-4118-8e7b-020ca7d8c44e,b760a549-d885-482f-bec0-6635165190d9,2026-06-07,day,8.0
897907e1-8bcd-4abb-9721-ed3e2680efb9,b760a549-d885-482f-bec0-6635165190d9,2026-06-08,day,8.5
10682cd4-07e6-4bb5-9b4b-9989924b52f9,b760a549-d885-482f-bec0-6635165190d9,2026-06-09,day,9.0
6040170b-4787-4982-8d2a-7f7625bab342,b760a549-d885-482f-bec0-6635165190d9,2026-06-10,night,10.0
b3abb9ae-0c39-411a-b187-931075f8eb9a,b760a549-d885-482f-bec0-6635165190d9,2026-06-11,night,10.0
de8c5a2c-cc66-49b0-a329-c079c7f05e81,b760a549-d885-482f-bec0-6635165190d9,2026-06-12,day,8.0
670f8538-a466-43e3-8267-03c1ad451cbb,b760a549-d885-482f-bec0-6635165190d9,2026-06-15,day,8.0
eb33cd2f-241a-40ea-98cd-10ed8222ba5b,b760a549-d885-482f-bec0-6635165190d9,2026-06-16,night,10.0
a6b561cd-a710-4efe-90d7-827db6751beb,b760a549-d885-482f-bec0-6635165190d9,2026-06-17,day,8.0
45a59e82-0772-4003-81ae-eca7ed2e061e,b760a549-d885-482f-bec0-6635165190d9,2026-06-18,extended,13.5
c2a59389-8e8a-4bc6-8b06-d70def762642,b760a549-d885-482f-bec0-6635165190d9,2026-06-19,day,8.0
4354ade6-7e9c-4582-9899-e5de5417585b,b760a549-d885-482f-bec0-6635165190d9,2026-06-20,extended,13.5
370dba0c-a647-4c0c-a0e7-fc8666c86da0,b760a549-d885-482f-bec0-6635165190d9,2026-06-22,day,8.0
3398bb24-2c61-40b5-b35f-681523bb09d9,b760a549-d885-482f-bec0-6635165190d9,2026-06-23,extended,13.4
8c7e0ad6-0a4b-4e95-9aae-a6291a265b9f,b760a549-d885-482f-bec0-6635165190d9,2026-06-24,day,8.0
debfaf82-62ee-4bb8-a0cd-3eee4141da9a,b760a549-d885-482f-bec0-6635165190d9,2026-06-25,day,8.0
8b005ff3-8b0d-4229-81a1-770ef9406f51,b760a549-d885-482f-bec0-6635165190d9,2026-06-26,day,9.0
d8c02a77-4d8e-406e-812d-6a890f7f24a8,b760a549-d885-482f-bec0-6635165190d9,2026-06-27,extended,14.0
632e50aa-47f0-4447-a72f-a014fcd56e39,b760a549-d885-482f-bec0-6635165190d9,2026-06-28,day,8.0
8936b8d0-59c6-4994-96c2-5fc529bb1032,b760a549-d885-482f-bec0-6635165190d9,2026-06-29,day,8.0
e809b668-0a2d-43c9-b757-9b7ab162a623,fa0fbe22-6606-4f1b-8b64-eb7c47e1f1da,2026-01-01,day,8.0
fc6e552c-b4e2-40a5-9d41-f96c565a572f,fa0fbe22-6606-4f1b-8b64-eb7c47e1f1da,2026-01-02,day,8.0
42833ed7-d186-40b4-a253-33f8827e0e96,fa0fbe22-6606-4f1b-8b64-eb7c47e1f1da,2026-01-05,day,8.0
f6cb27bc-1702-4e37-9818-911b4982261b,fa0fbe22-6606-4f1b-8b64-eb7c47e1f1da,2026-01-06,day,8.0
0f7599fb-4b40-4edc-9d38-d04bae47ce2b,fa0fbe22-6606-4f1b-8b64-eb7c47e1f1da,2026-01-07,night,10.0
22ab9496-9447-44a2-ad4e-9a686fddadce,fa0fbe22-6606-4f1b-8b64-eb7c47e1f1da,2026-01-08,day,8.0
0aa26d5b-9c43-411c-88e0-ecaf89be86ac,fa0fbe22-6606-4f1b-8b64-eb7c47e1f1da,2026-01-09,day,8.0
827b0859-a003-4907-925a-8cb8cf7bab5d,fa0fbe22-6606-4f1b-8b64-eb7c47e1f1da,2026-01-12,night,10.5
b9a60530-426c-468a-bf37-ca9f875dd0da,fa0fbe22-6606-4f1b-8b64-eb7c47e1f1da,2026-01-13,night,10.5
ffe49bca-b9cf-4d1f-8e54-470244cce19e,fa0fbe22-6606-4f1b-8b64-eb7c47e1f1da,2026-01-14,day,8.5
aea03866-1464-4723-9240-6b2d93085a59,fa0fbe22-6606-4f1b-8b64-eb7c47e1f1da,2026-01-15,day,9.5
540f0b28-62e1-4207-9315-3d0b00c4fa0a,fa0fbe22-6606-4f1b-8b64-eb7c47e1f1da,2026-01-16,day,9.0
e0e8439e-3b3c-41db-8146-dee665ccb4ec,fa0fbe22-6606-4f1b-8b64-eb7c47e1f1da,2026-01-17,day,9.5
fc712b86-fc41-4f63-b5f7-63f448e55abd,fa0fbe22-6606-4f1b-8b64-eb7c47e1f1da,2026-01-19,day,8.0
4ba4f86f-10a7-41eb-945a-db97880fd364,fa0fbe22-6606-4f1b-8b64-eb7c47e1f1da,2026-01-20,day,9.0
7f1ecf19-5a83-4c14-a970-339740208fc2,fa0fbe22-6606-4f1b-8b64-eb7c47e1f1da,2026-01-21,day,9.0
04df605b-47d7-4952-bea6-5febfe7db823,fa0fbe22-6606-4f1b-8b64-eb7c47e1f1da,2026-01-22,day,8.0
2ef718a0-70fc-41b4-a3bb-afa7aa5468f8,fa0fbe22-6606-4f1b-8b64-eb7c47e1f1da,2026-01-23,day,8.0
73ad8132-4ea2-4acf-9d95-1b5616f1cc55,fa0fbe22-6606-4f1b-8b64-eb7c47e1f1da,2026-01-26,day,9.0
408ffae3-4b5f-4f6b-8a52-db91949def79,fa0fbe22-6606-4f1b-8b64-eb7c47e1f1da,2026-01-27,day,9.0
d948e642-6667-483f-ac1e-cf66665af2b0,fa0fbe22-6606-4f1b-8b64-eb7c47e1f1da,2026-01-28,night,10.5
1fbed7c3-b205-4150-9bc8-07d5cd14e05d,fa0fbe22-6606-4f1b-8b64-eb7c47e1f1da,2026-01-29,day,8.5
9b736dc8-4687-448b-bb3b-4992b428e305,fa0fbe22-6606-4f1b-8b64-eb7c47e1f1da,2026-01-30,day,9.5
2785f47d-d60f-4095-90bc-ab042cf684bd,fa0fbe22-6606-4f1b-8b64-eb7c47e1f1da,2026-01-31,day,9.0
935f303f-587b-4922-90ea-743f5cc5c73e,fa0fbe22-6606-4f1b-8b64-eb7c47e1f1da,2026-02-02,day,8.5
13a1622f-f4f7-487a-8dc4-44dee99d9b88,fa0fbe22-6606-4f1b-8b64-eb7c47e1f1da,2026-02-03,day,8.5
b6d44c65-db41-431e-9f0e-649028d0dccc,fa0fbe22-6606-4f1b-8b64-eb7c47e1f1da,2026-02-04,night,11.0
98fa5ec2-e744-4fca-a194-7e97c36e14d5,fa0fbe22-6606-4f1b-8b64-eb7c47e1f1da,2026-02-05,day,8.0
d449fecc-66a2-46fb-9746-4136ef6a3119,fa0fbe22-6606-4f1b-8b64-eb7c47e1f1da,2026-02-06,day,8.0
f86b6912-510d-4dce-af50-0230cedcd886,fa0fbe22-6606-4f1b-8b64-eb7c47e1f1da,2026-02-09,day,9.0
6a47dbe2-b376-4086-a73b-b75584d749d6,fa0fbe22-6606-4f1b-8b64-eb7c47e1f1da,2026-02-10,day,8.0
e2013c0a-eef5-4a94-b774-050ca773bfbd,fa0fbe22-6606-4f1b-8b64-eb7c47e1f1da,2026-02-11,day,9.0
85d45f44-8623-40fc-b03f-81dc11f2e9d9,fa0fbe22-6606-4f1b-8b64-eb7c47e1f1da,2026-02-12,day,8.0
fb615888-d0cf-435e-920c-e676cd317461,fa0fbe22-6606-4f1b-8b64-eb7c47e1f1da,2026-02-13,extended,14.3
09ec449b-723b-4e76-a833-7296bb308b41,fa0fbe22-6606-4f1b-8b64-eb7c47e1f1da,2026-02-16,day,8.0
c1c255bb-eac7-4cb5-96e4-7d5cdba80f9a,fa0fbe22-6606-4f1b-8b64-eb7c47e1f1da,2026-02-17,day,9.5
7add963d-2b1a-4ebb-9f6b-9383f3032ec7,fa0fbe22-6606-4f1b-8b64-eb7c47e1f1da,2026-02-18,extended,15.2
d7a00ca8-1faa-4b41-bf2f-9c8c55b78366,fa0fbe22-6606-4f1b-8b64-eb7c47e1f1da,2026-02-19,day,8.0
826c90e5-124b-4741-8dfe-2d7778065707,fa0fbe22-6606-4f1b-8b64-eb7c47e1f1da,2026-02-20,day,8.5
03f801f3-81a9-4367-bb25-8f967231b797,fa0fbe22-6606-4f1b-8b64-eb7c47e1f1da,2026-02-23,day,8.5
a8fa65f2-a838-4942-a84c-30ed9fd5baaa,fa0fbe22-6606-4f1b-8b64-eb7c47e1f1da,2026-02-24,day,8.5
3a28ce26-076d-44f5-959f-4f077e22a35f,fa0fbe22-6606-4f1b-8b64-eb7c47e1f1da,2026-02-25,day,8.0
33fe4852-53a6-41df-8acb-d60acfcc609e,fa0fbe22-6606-4f1b-8b64-eb7c47e1f1da,2026-02-26,night,10.0
24e9226f-da1b-4bde-b02e-27f764fb5f8c,fa0fbe22-6606-4f1b-8b64-eb7c47e1f1da,2026-02-27,night,12.0
1b5142dd-3bf4-4865-a42b-9cafb4d9d210,fa0fbe22-6606-4f1b-8b64-eb7c47e1f1da,2026-03-02,extended,14.4
b99a4d59-b49e-47b5-9007-4f9003742ba9,fa0fbe22-6606-4f1b-8b64-eb7c47e1f1da,2026-03-03,day,8.5
96bd558e-6881-413e-b858-1b92ff972b36,fa0fbe22-6606-4f1b-8b64-eb7c47e1f1da,2026-03-04,day,9.0
4307b057-74fc-46e5-bfa0-497dfe18a632,fa0fbe22-6606-4f1b-8b64-eb7c47e1f1da,2026-03-05,day,8.0
2d1913ea-6b9b-4a8a-a81e-4e36afab8bfc,fa0fbe22-6606-4f1b-8b64-eb7c47e1f1da,2026-03-06,day,8.0
ee7df854-2a1b-47a1-aa23-42a2b374a498,fa0fbe22-6606-4f1b-8b64-eb7c47e1f1da,2026-03-09,day,9.0
a62309dc-8715-41f5-880f-6f1784f2cb78,fa0fbe22-6606-4f1b-8b64-eb7c47e1f1da,2026-03-10,extended,13.7
8825a0ce-f01c-44cb-bab6-2b67d23f2ca0,fa0fbe22-6606-4f1b-8b64-eb7c47e1f1da,2026-03-11,night,10.0
def1e411-ed13-4c2f-8027-1a74d7e4da2f,fa0fbe22-6606-4f1b-8b64-eb7c47e1f1da,2026-03-12,day,8.5
a35e5f0e-5be3-416e-b867-0a1057689fe6,fa0fbe22-6606-4f1b-8b64-eb7c47e1f1da,2026-03-13,day,8.0
7ac97cae-4105-45ff-8a04-3513991e8987,fa0fbe22-6606-4f1b-8b64-eb7c47e1f1da,2026-03-14,day,8.0
169a5d62-3ccf-4b11-9469-4aa7d9b120bb,fa0fbe22-6606-4f1b-8b64-eb7c47e1f1da,2026-03-16,day,8.0
76be44c8-ab86-409b-8711-00d1c868932b,fa0fbe22-6606-4f1b-8b64-eb7c47e1f1da,2026-03-17,day,8.5
9ff6fb24-a606-4eac-bd0a-a89b423574f1,fa0fbe22-6606-4f1b-8b64-eb7c47e1f1da,2026-03-18,day,8.0
b1f79beb-58cc-4d00-ab14-78c5ea7bfa59,fa0fbe22-6606-4f1b-8b64-eb7c47e1f1da,2026-03-19,night,10.0
dbe1e0ba-5787-49a0-9633-828407c9d8b9,fa0fbe22-6606-4f1b-8b64-eb7c47e1f1da,2026-03-20,day,9.0
dae878ff-d7c9-4bdf-b095-5c3c42b5a087,fa0fbe22-6606-4f1b-8b64-eb7c47e1f1da,2026-03-23,day,8.0
a2cc4e66-82ed-4bc6-9276-933b606cbdcc,fa0fbe22-6606-4f1b-8b64-eb7c47e1f1da,2026-03-24,day,9.0
3b8a6b12-7f21-477a-ae09-ae11950de23d,fa0fbe22-6606-4f1b-8b64-eb7c47e1f1da,2026-03-25,day,8.0
c52975ba-a080-4929-b88f-6f46a77ab5a7,fa0fbe22-6606-4f1b-8b64-eb7c47e1f1da,2026-03-26,extended,15.6
41873d64-0c88-4d61-ab67-282aaa66f2c5,fa0fbe22-6606-4f1b-8b64-eb7c47e1f1da,2026-03-27,day,9.0
19627626-05d3-4159-9603-463bf1dc6197,fa0fbe22-6606-4f1b-8b64-eb7c47e1f1da,2026-03-28,day,8.0
8cd0cc4f-b7b9-4876-a3f5-b81f1c8ae00a,fa0fbe22-6606-4f1b-8b64-eb7c47e1f1da,2026-03-30,day,8.0
55a83fdb-5c71-4b24-8f8e-1f1b75d59bf0,fa0fbe22-6606-4f1b-8b64-eb7c47e1f1da,2026-03-31,day,9.0
ec5bfdf0-a500-43f7-96c2-749f0be8374f,fa0fbe22-6606-4f1b-8b64-eb7c47e1f1da,2026-04-01,extended,14.8
cc3efc47-4ff4-46fc-b11e-fcf8eece9b4d,fa0fbe22-6606-4f1b-8b64-eb7c47e1f1da,2026-04-02,night,10.0
edb7ba7b-b253-419b-99ed-0dd931f3d11c,fa0fbe22-6606-4f1b-8b64-eb7c47e1f1da,2026-04-03,extended,15.6
fa4df340-719c-45bc-8838-064bbd69fbeb,fa0fbe22-6606-4f1b-8b64-eb7c47e1f1da,2026-04-06,day,8.0
676c3dec-2f3f-41f7-9822-1fc4421bf6ca,fa0fbe22-6606-4f1b-8b64-eb7c47e1f1da,2026-04-07,day,9.0
364657d5-9bfe-4959-a9c4-5389df36ceef,fa0fbe22-6606-4f1b-8b64-eb7c47e1f1da,2026-04-08,night,10.5
145e8207-ddf7-4c04-9178-9383cddba79b,fa0fbe22-6606-4f1b-8b64-eb7c47e1f1da,2026-04-09,extended,15.4
0bab5713-583b-456f-82de-1c0a51060e67,fa0fbe22-6606-4f1b-8b64-eb7c47e1f1da,2026-04-10,day,9.0
04de3a7a-8d2d-4a4a-a378-e715e73cab93,fa0fbe22-6606-4f1b-8b64-eb7c47e1f1da,2026-04-13,day,8.5
72cc88bd-87f7-4e06-95cd-a43afeeff1c1,fa0fbe22-6606-4f1b-8b64-eb7c47e1f1da,2026-04-14,day,9.0
8b77dbc0-4ce6-4690-8741-448a5b2c38e8,fa0fbe22-6606-4f1b-8b64-eb7c47e1f1da,2026-04-15,day,8.5
57294713-9ff2-4772-976d-07ba74d437cf,fa0fbe22-6606-4f1b-8b64-eb7c47e1f1da,2026-04-16,day,8.0
9e33dd10-dec7-4f77-ad3a-9b6d171f96cd,fa0fbe22-6606-4f1b-8b64-eb7c47e1f1da,2026-04-17,night,10.0
fbf82f82-2aa5-4891-aa06-6d04c6607b3f,fa0fbe22-6606-4f1b-8b64-eb7c47e1f1da,2026-04-19,night,10.5
a00b5b04-0862-4a6f-b2ac-fe892f15588f,fa0fbe22-6606-4f1b-8b64-eb7c47e1f1da,2026-04-20,night,10.0
27df656f-4351-413b-9efe-bd63f7696a72,fa0fbe22-6606-4f1b-8b64-eb7c47e1f1da,2026-04-21,day,8.0
416dd3d7-a38b-4aa9-bd04-6c127c8c2836,fa0fbe22-6606-4f1b-8b64-eb7c47e1f1da,2026-04-22,day,8.0
cb38dc35-8e50-4602-8b69-0d928d2f5032,fa0fbe22-6606-4f1b-8b64-eb7c47e1f1da,2026-04-23,day,8.0
cacb8f15-6697-4062-bbc5-1c3829f14c40,fa0fbe22-6606-4f1b-8b64-eb7c47e1f1da,2026-04-24,day,8.5
11914af5-7067-4ab2-8ffd-8df07505e95e,fa0fbe22-6606-4f1b-8b64-eb7c47e1f1da,2026-04-25,day,8.5
0f628f2d-406f-4a78-b33f-dd13893c4780,fa0fbe22-6606-4f1b-8b64-eb7c47e1f1da,2026-04-27,day,8.0
e6595e49-302f-4f89-b241-3693ce622e74,fa0fbe22-6606-4f1b-8b64-eb7c47e1f1da,2026-04-28,day,8.0
94925fa6-701d-4ebe-b502-0b8571e7e648,fa0fbe22-6606-4f1b-8b64-eb7c47e1f1da,2026-04-29,extended,13.0
3abbe566-02f2-418e-b6e1-5836df21fffa,fa0fbe22-6606-4f1b-8b64-eb7c47e1f1da,2026-04-30,night,10.0
3300a215-fe61-4f89-bcdf-878960ff09fc,fa0fbe22-6606-4f1b-8b64-eb7c47e1f1da,2026-05-01,night,10.0
d6ad2cb2-ccc4-4e2d-840b-2aa337ab86a9,fa0fbe22-6606-4f1b-8b64-eb7c47e1f1da,2026-05-02,day,8.0
afc6967f-faef-4375-9178-b3912bdb11b3,fa0fbe22-6606-4f1b-8b64-eb7c47e1f1da,2026-05-04,day,8.0
8713ec35-1429-436d-ae21-0096a520e532,fa0fbe22-6606-4f1b-8b64-eb7c47e1f1da,2026-05-05,day,8.0
1916616b-de93-406a-97c1-458f150eb6ce,fa0fbe22-6606-4f1b-8b64-eb7c47e1f1da,2026-05-06,night,10.0
38cba8bb-f9ad-4089-86bd-775845cb6f5f,fa0fbe22-6606-4f1b-8b64-eb7c47e1f1da,2026-05-07,day,8.0
375e0ea6-f139-4355-b2bd-98f3525af4a7,fa0fbe22-6606-4f1b-8b64-eb7c47e1f1da,2026-05-08,day,8.0
f3652902-3696-4e85-b535-0f27d2798a90,fa0fbe22-6606-4f1b-8b64-eb7c47e1f1da,2026-05-11,night,10.5
db66072a-d739-416e-bad6-f36b8c9f772e,fa0fbe22-6606-4f1b-8b64-eb7c47e1f1da,2026-05-12,day,8.0
fee7d3db-8d2a-46b2-a4fd-6dd28b7362f9,fa0fbe22-6606-4f1b-8b64-eb7c47e1f1da,2026-05-13,extended,14.3
29a8600c-75b6-4ed0-8247-caf3152379f9,fa0fbe22-6606-4f1b-8b64-eb7c47e1f1da,2026-05-14,day,8.0
15646e64-60b6-4419-b97a-236574760d97,fa0fbe22-6606-4f1b-8b64-eb7c47e1f1da,2026-05-15,day,8.0
720188c7-fcb2-4252-b416-be5a153e4bc4,fa0fbe22-6606-4f1b-8b64-eb7c47e1f1da,2026-05-17,night,10.5
178a557c-caad-4ec3-97ea-900a54a393dd,fa0fbe22-6606-4f1b-8b64-eb7c47e1f1da,2026-05-18,night,11.0
5751dfb1-fb59-4506-a509-a8e659fbb1f7,fa0fbe22-6606-4f1b-8b64-eb7c47e1f1da,2026-05-19,day,8.0
79765e1a-fcf7-4af5-a2fb-ceb774bd4e16,fa0fbe22-6606-4f1b-8b64-eb7c47e1f1da,2026-05-20,day,8.0
afceda49-7703-4724-896a-13d179c463d2,fa0fbe22-6606-4f1b-8b64-eb7c47e1f1da,2026-05-21,night,10.5
4b4c9b46-05ee-4c9a-a328-f18f17fdedfc,fa0fbe22-6606-4f1b-8b64-eb7c47e1f1da,2026-05-22,day,8.0
7ef07918-feb8-4ad5-bf43-32e399a051ab,fa0fbe22-6606-4f1b-8b64-eb7c47e1f1da,2026-05-25,day,8.0
40db2f2e-f1c0-4a30-a76f-242f5efd2acf,fa0fbe22-6606-4f1b-8b64-eb7c47e1f1da,2026-05-26,day,8.0
92edc5c7-0814-4b6e-a700-cb26acbdf50e,fa0fbe22-6606-4f1b-8b64-eb7c47e1f1da,2026-05-27,day,8.0
ccfe8816-fecf-4fc2-a76f-0af39a7541dc,fa0fbe22-6606-4f1b-8b64-eb7c47e1f1da,2026-05-28,day,8.5
cf4747f5-4d7d-4210-9817-dc1a79b8df47,fa0fbe22-6606-4f1b-8b64-eb7c47e1f1da,2026-05-29,day,8.0
7faaae82-20aa-4750-b889-503d57aa7133,fa0fbe22-6606-4f1b-8b64-eb7c47e1f1da,2026-05-31,day,8.0
eb9d4541-2bf4-4dc8-ba30-f5dca97bd069,fa0fbe22-6606-4f1b-8b64-eb7c47e1f1da,2026-06-01,night,10.5
f4351610-b63a-4cb9-83bb-4d71596e8243,fa0fbe22-6606-4f1b-8b64-eb7c47e1f1da,2026-06-02,day,8.5
3e119259-75c4-4197-a954-ccdbc79ed72d,fa0fbe22-6606-4f1b-8b64-eb7c47e1f1da,2026-06-03,night,10.0
31c767a3-301f-49e8-8c9c-ed7e6e360a98,fa0fbe22-6606-4f1b-8b64-eb7c47e1f1da,2026-06-04,day,8.0
eee46c58-b368-490c-ae91-c6dea59e02a2,fa0fbe22-6606-4f1b-8b64-eb7c47e1f1da,2026-06-05,day,8.0
79f39064-395b-43c5-a2e7-e7fd37bf7ece,fa0fbe22-6606-4f1b-8b64-eb7c47e1f1da,2026-06-07,night,10.5
40959088-103e-489e-9743-3293ff6d74a8,fa0fbe22-6606-4f1b-8b64-eb7c47e1f1da,2026-06-08,extended,14.1
adbe0c27-9437-491f-a224-1f8c031ebf9f,fa0fbe22-6606-4f1b-8b64-eb7c47e1f1da,2026-06-09,night,11.0
b04e6dd8-aed5-497e-8d02-9c34738eb2df,fa0fbe22-6606-4f1b-8b64-eb7c47e1f1da,2026-06-10,night,10.0
75f0f0c6-07ce-42db-9ca1-2bccb5fcf81a,fa0fbe22-6606-4f1b-8b64-eb7c47e1f1da,2026-06-11,day,8.0
dfc0cccc-6845-4bf5-9035-bb4584e33ac4,fa0fbe22-6606-4f1b-8b64-eb7c47e1f1da,2026-06-12,day,9.0
bd38d731-59d1-4974-b505-310504fdab8f,fa0fbe22-6606-4f1b-8b64-eb7c47e1f1da,2026-06-14,night,10.5
b2525db9-5e1f-4604-86bd-e0258a0f4668,fa0fbe22-6606-4f1b-8b64-eb7c47e1f1da,2026-06-15,night,10.0
0bde294a-4821-4f5f-9d6e-4fb6efa163de,fa0fbe22-6606-4f1b-8b64-eb7c47e1f1da,2026-06-16,day,9.0
15fe23fc-93da-4200-9b32-04fc5f028968,fa0fbe22-6606-4f1b-8b64-eb7c47e1f1da,2026-06-17,night,10.0
467a0b39-a549-41de-bec3-e2662cb9fa25,fa0fbe22-6606-4f1b-8b64-eb7c47e1f1da,2026-06-18,day,8.0
ed1536c2-ecaa-4590-a4f3-145e8ac9cc07,fa0fbe22-6606-4f1b-8b64-eb7c47e1f1da,2026-06-19,day,8.0
e44eb2da-a6b3-4903-ba37-3facf566d005,fa0fbe22-6606-4f1b-8b64-eb7c47e1f1da,2026-06-22,day,8.0
376b35e3-838e-484f-9529-e84db8a49b96,fa0fbe22-6606-4f1b-8b64-eb7c47e1f1da,2026-06-23,day,8.0
42da753a-b55f-42f5-abd7-2d08c9798685,fa0fbe22-6606-4f1b-8b64-eb7c47e1f1da,2026-06-24,night,10.0
11a5a57c-d66f-4b01-84d0-cf939a13b33e,fa0fbe22-6606-4f1b-8b64-eb7c47e1f1da,2026-06-25,night,10.5
b96cb443-6bcc-4671-9089-cbd68f9668c2,fa0fbe22-6606-4f1b-8b64-eb7c47e1f1da,2026-06-26,night,10.5
8ad5ea62-3643-4b85-97b6-b47b1cd88915,fa0fbe22-6606-4f1b-8b64-eb7c47e1f1da,2026-06-29,night,10.0
935355e9-7c1c-418f-a125-d6d52641c587,f8e47fda-cd0f-409d-b8f7-0cccc826bee5,2026-01-01,day,8.0
9a9367de-6acd-4360-ba14-6a1ca9f1e3cd,f8e47fda-cd0f-409d-b8f7-0cccc826bee5,2026-01-02,day,8.5
9fc40b06-1d7c-4755-9181-3ec8507fe11f,f8e47fda-cd0f-409d-b8f7-0cccc826bee5,2026-01-03,night,10.0
5fc262b9-43f3-4225-9ed2-6db1f924c076,f8e47fda-cd0f-409d-b8f7-0cccc826bee5,2026-01-05,day,8.0
c98ed50a-872f-4a3a-b309-8817f4c2e9cd,f8e47fda-cd0f-409d-b8f7-0cccc826bee5,2026-01-06,day,8.0
4a2e4345-c21a-43ad-bb97-cf002ac803fb,f8e47fda-cd0f-409d-b8f7-0cccc826bee5,2026-01-07,day,8.5
69c7273e-1fcc-416c-98ad-253997eff58b,f8e47fda-cd0f-409d-b8f7-0cccc826bee5,2026-01-08,extended,13.4
efc9c407-df69-40bf-a24d-bc71196d5828,f8e47fda-cd0f-409d-b8f7-0cccc826bee5,2026-01-09,day,8.0
6b384df4-b0ac-4f03-9274-2938c8108dba,f8e47fda-cd0f-409d-b8f7-0cccc826bee5,2026-01-12,extended,13.5
ae7c724f-9fcb-47ea-8470-e49b1061d353,f8e47fda-cd0f-409d-b8f7-0cccc826bee5,2026-01-13,day,8.0
d5a47276-74b2-47e9-9b5c-a3823544a05f,f8e47fda-cd0f-409d-b8f7-0cccc826bee5,2026-01-14,day,9.0
12088867-ca1d-41f6-a11d-840e9949c774,f8e47fda-cd0f-409d-b8f7-0cccc826bee5,2026-01-15,day,8.0
ccf3428f-3f28-4693-a9cf-76c52f385f7c,f8e47fda-cd0f-409d-b8f7-0cccc826bee5,2026-01-16,day,8.0
20d618b5-241c-42c7-954f-ede98c7323d3,f8e47fda-cd0f-409d-b8f7-0cccc826bee5,2026-01-17,day,8.0
23566a38-3926-4083-9531-b413ddf3475f,f8e47fda-cd0f-409d-b8f7-0cccc826bee5,2026-01-19,day,8.0
02628d27-7573-4694-99ad-cb54d8287830,f8e47fda-cd0f-409d-b8f7-0cccc826bee5,2026-01-20,day,9.0
5098720b-6f49-4dff-90fb-ec8d1d99f1c4,f8e47fda-cd0f-409d-b8f7-0cccc826bee5,2026-01-21,day,8.0
e57f7557-cb32-449f-87e5-552afceb5322,f8e47fda-cd0f-409d-b8f7-0cccc826bee5,2026-01-22,day,8.0
2a88ec11-15fc-491c-98c3-2dd626005e64,f8e47fda-cd0f-409d-b8f7-0cccc826bee5,2026-01-23,day,8.0
d475ff58-e725-420d-906e-17fdf9f5036d,f8e47fda-cd0f-409d-b8f7-0cccc826bee5,2026-01-26,night,10.0
ac8b1457-9d89-42eb-984f-f7eb8f47fce0,f8e47fda-cd0f-409d-b8f7-0cccc826bee5,2026-01-27,night,10.5
ecde27a5-2aec-4f54-8176-5e9054505c7a,f8e47fda-cd0f-409d-b8f7-0cccc826bee5,2026-01-28,extended,13.7
bac0248c-a6aa-4ccd-9cc4-ef133da8483d,f8e47fda-cd0f-409d-b8f7-0cccc826bee5,2026-01-29,day,8.0
2edc04ec-7529-451b-bec6-602b5a880493,f8e47fda-cd0f-409d-b8f7-0cccc826bee5,2026-01-30,day,9.0
0c74289d-bf27-471c-8b00-4021b7a302fb,f8e47fda-cd0f-409d-b8f7-0cccc826bee5,2026-02-01,day,8.0
6e474423-5f19-4fcb-8bd8-832912dc800a,f8e47fda-cd0f-409d-b8f7-0cccc826bee5,2026-02-02,day,9.0
915dd643-42f2-44b2-9bbe-4fdc09a6a5b5,f8e47fda-cd0f-409d-b8f7-0cccc826bee5,2026-02-03,night,10.0
8ee3bffa-693f-4fe5-8ef7-8f0c58d66aa2,f8e47fda-cd0f-409d-b8f7-0cccc826bee5,2026-02-04,extended,14.1
58e98645-5406-4b05-82ba-1c45169e3706,f8e47fda-cd0f-409d-b8f7-0cccc826bee5,2026-02-05,day,8.0
aafd32e1-714e-4d2b-964f-dc53661728ee,f8e47fda-cd0f-409d-b8f7-0cccc826bee5,2026-02-06,day,8.0
b773dc4d-042b-4fc6-b2ac-500673a7c779,f8e47fda-cd0f-409d-b8f7-0cccc826bee5,2026-02-09,extended,14.1
762e071c-aeb4-4c1a-84a1-a57268164e68,f8e47fda-cd0f-409d-b8f7-0cccc826bee5,2026-02-10,day,8.5
72866aba-f39e-4a2e-bb4d-3d542d0d8bb4,f8e47fda-cd0f-409d-b8f7-0cccc826bee5,2026-02-11,day,8.0
0fe6bc62-e11d-48e8-bc3b-760c7f3285d6,f8e47fda-cd0f-409d-b8f7-0cccc826bee5,2026-02-12,extended,14.3
63ce0fba-e1eb-45b7-b4d0-dbf7b76fe551,f8e47fda-cd0f-409d-b8f7-0cccc826bee5,2026-02-13,day,8.0
a1dbd4d8-d95b-404a-a884-2cf3bc577851,f8e47fda-cd0f-409d-b8f7-0cccc826bee5,2026-02-15,day,8.5
be7d212e-8c01-4387-8ce4-4e9001e720dc,f8e47fda-cd0f-409d-b8f7-0cccc826bee5,2026-02-16,day,8.0
5b71f2cf-d10f-43cb-9c8c-10deefb79617,f8e47fda-cd0f-409d-b8f7-0cccc826bee5,2026-02-17,day,8.0
4981a540-21ed-4830-8755-dbb430e36cf9,f8e47fda-cd0f-409d-b8f7-0cccc826bee5,2026-02-18,extended,13.5
83069e2d-a654-4bac-8f9c-9e5bce8d4fe7,f8e47fda-cd0f-409d-b8f7-0cccc826bee5,2026-02-19,day,9.0
7da338f9-ff8d-492d-be4f-10af9385ec72,f8e47fda-cd0f-409d-b8f7-0cccc826bee5,2026-02-20,day,8.0
b25d6038-db65-4549-aab8-944f1112593c,f8e47fda-cd0f-409d-b8f7-0cccc826bee5,2026-02-23,night,10.5
8fb45149-362f-4041-a64d-694cb7d05852,f8e47fda-cd0f-409d-b8f7-0cccc826bee5,2026-02-24,night,10.0
3b5e88c4-c415-4ba4-8e77-ea7aebea8cae,f8e47fda-cd0f-409d-b8f7-0cccc826bee5,2026-02-25,extended,14.1
c761c3e6-554d-4707-8caa-61a1dd9093f4,f8e47fda-cd0f-409d-b8f7-0cccc826bee5,2026-02-26,day,8.5
03605816-951c-48c4-ad24-35db54ef3272,f8e47fda-cd0f-409d-b8f7-0cccc826bee5,2026-02-27,night,10.0
b4a98765-fcc7-4765-bb76-a320d4f70854,f8e47fda-cd0f-409d-b8f7-0cccc826bee5,2026-02-28,day,8.0
776cddfd-6c60-473a-835b-4087b42381ea,f8e47fda-cd0f-409d-b8f7-0cccc826bee5,2026-03-02,day,8.0
8da3f0c3-8529-4248-8fb4-041491b4b3c7,f8e47fda-cd0f-409d-b8f7-0cccc826bee5,2026-03-03,night,10.0
df561772-4c40-4ef2-bada-3acd331f6366,f8e47fda-cd0f-409d-b8f7-0cccc826bee5,2026-03-04,night,10.0
b282e880-74f7-4432-9f57-394f48eeae7f,f8e47fda-cd0f-409d-b8f7-0cccc826bee5,2026-03-05,day,8.5
cd037fc2-7672-48e6-9626-ef72b9ef5004,f8e47fda-cd0f-409d-b8f7-0cccc826bee5,2026-03-06,day,9.0
a04c0e2c-ec82-460c-96e7-9174366ace92,f8e47fda-cd0f-409d-b8f7-0cccc826bee5,2026-03-09,night,11.0
f627aa5d-9c54-44bb-b79e-6a7532e75be4,f8e47fda-cd0f-409d-b8f7-0cccc826bee5,2026-03-10,day,8.5
70bdf75d-fbe1-4a8f-92c5-6e25113ce366,f8e47fda-cd0f-409d-b8f7-0cccc826bee5,2026-03-11,day,8.0
96a0327a-cff7-473c-8e29-153c5077d76b,f8e47fda-cd0f-409d-b8f7-0cccc826bee5,2026-03-12,day,8.5
f8f2ec54-a394-4c26-b982-508edd16bda4,f8e47fda-cd0f-409d-b8f7-0cccc826bee5,2026-03-13,day,9.0
423e0b29-016a-490e-b0bc-e5de4c61e298,f8e47fda-cd0f-409d-b8f7-0cccc826bee5,2026-03-15,day,8.5
c677ac5a-4b1c-4fb2-a512-373b0525e170,f8e47fda-cd0f-409d-b8f7-0cccc826bee5,2026-03-16,day,8.0
f1434a15-2b5c-4578-92e5-e85bf756f6d8,f8e47fda-cd0f-409d-b8f7-0cccc826bee5,2026-03-17,day,9.0
9b5cfc63-d60d-4e94-991b-9f785b8d2e8f,f8e47fda-cd0f-409d-b8f7-0cccc826bee5,2026-03-18,day,8.0
de8cfe0c-ec37-49fb-aa14-ffdbfc04be90,f8e47fda-cd0f-409d-b8f7-0cccc826bee5,2026-03-19,day,8.5
10c6aa4a-66ce-4e17-a8c9-c568bdb83502,f8e47fda-cd0f-409d-b8f7-0cccc826bee5,2026-03-20,night,12.0
5c4bb39c-4159-41db-a055-9a010e09b70a,f8e47fda-cd0f-409d-b8f7-0cccc826bee5,2026-03-23,night,10.0
1b1b9f63-40b9-4799-a110-49f10abc29f8,f8e47fda-cd0f-409d-b8f7-0cccc826bee5,2026-03-24,day,8.5
40dd1f46-b876-4016-8d6d-199ab0daed85,f8e47fda-cd0f-409d-b8f7-0cccc826bee5,2026-03-25,day,8.0
18bb18cd-f46d-4d61-832e-25b892526b77,f8e47fda-cd0f-409d-b8f7-0cccc826bee5,2026-03-26,night,10.0
fd5f78f7-65d4-44d1-85b4-11d62c7409fd,f8e47fda-cd0f-409d-b8f7-0cccc826bee5,2026-03-27,night,10.0
8ecb0b8a-2806-42a5-8aee-361d7d6b6d5f,f8e47fda-cd0f-409d-b8f7-0cccc826bee5,2026-03-29,night,10.0
2f42b4ec-4f89-4ec8-abb7-3be8fd55ed92,f8e47fda-cd0f-409d-b8f7-0cccc826bee5,2026-03-30,night,10.0
84ee8f2b-322f-436c-a04c-4bfe05822219,f8e47fda-cd0f-409d-b8f7-0cccc826bee5,2026-03-31,day,8.0
4c72306b-57f5-4353-abd9-0bfa9d3b6ce9,f8e47fda-cd0f-409d-b8f7-0cccc826bee5,2026-04-01,extended,14.0
c0d4f00d-09ab-4968-9742-935808f0c345,f8e47fda-cd0f-409d-b8f7-0cccc826bee5,2026-04-02,day,9.0
15eb1050-e0f1-4192-aaf8-6e8903457a66,f8e47fda-cd0f-409d-b8f7-0cccc826bee5,2026-04-03,night,10.0
3c29e64d-e32e-4663-9851-c0663cc140e4,f8e47fda-cd0f-409d-b8f7-0cccc826bee5,2026-04-06,day,8.0
ebc9a7da-6589-413e-a824-fe3e5a771c9b,f8e47fda-cd0f-409d-b8f7-0cccc826bee5,2026-04-07,day,8.5
629ae08b-cf92-4429-89fb-2c5e87413279,f8e47fda-cd0f-409d-b8f7-0cccc826bee5,2026-04-08,night,12.0
b3300433-40ef-4cf9-b8e0-a129a51f4857,f8e47fda-cd0f-409d-b8f7-0cccc826bee5,2026-04-09,day,8.0
06ebedec-3f8a-44c1-a8cd-8bf94601fe95,f8e47fda-cd0f-409d-b8f7-0cccc826bee5,2026-04-10,day,8.0
89f8b4e3-e5df-4b64-a042-12e6a73dbf29,f8e47fda-cd0f-409d-b8f7-0cccc826bee5,2026-04-13,day,9.5
0ca1fc2a-1c25-49a9-8335-e5934c45737d,f8e47fda-cd0f-409d-b8f7-0cccc826bee5,2026-04-14,extended,15.2
a61595c7-97df-4dd4-abae-a1345108a6ab,f8e47fda-cd0f-409d-b8f7-0cccc826bee5,2026-04-15,day,8.0
53cc0899-0db9-46bc-b5d0-e5fc10033509,f8e47fda-cd0f-409d-b8f7-0cccc826bee5,2026-04-16,day,9.0
332c93a6-4f8d-4143-b12e-68391cc642c9,f8e47fda-cd0f-409d-b8f7-0cccc826bee5,2026-04-17,night,11.0
1ba4d185-7da5-4a65-bfd9-6466e5ead72f,f8e47fda-cd0f-409d-b8f7-0cccc826bee5,2026-04-18,night,10.0
230d42dc-0fb2-4ef9-b400-87a5ed32f9d2,f8e47fda-cd0f-409d-b8f7-0cccc826bee5,2026-04-19,extended,14.6
2f26c8ac-8d92-4315-af58-4b8a8084d736,f8e47fda-cd0f-409d-b8f7-0cccc826bee5,2026-04-20,extended,14.1
517e5806-662d-4937-89e6-30b131bcbf04,f8e47fda-cd0f-409d-b8f7-0cccc826bee5,2026-04-21,day,8.0
113330cd-ef84-4ade-a0e5-1ddc7210fc72,f8e47fda-cd0f-409d-b8f7-0cccc826bee5,2026-04-22,day,9.0
74e330d9-635b-43d9-ac6b-fe6175a5d458,f8e47fda-cd0f-409d-b8f7-0cccc826bee5,2026-05-04,day,8.5
9f2dadd8-c7d9-4ef3-8cf3-3b1b46027011,f8e47fda-cd0f-409d-b8f7-0cccc826bee5,2026-05-05,day,8.5
26ff868b-4f62-429c-b348-739889f5e69d,f8e47fda-cd0f-409d-b8f7-0cccc826bee5,2026-05-06,day,8.0
26a6175f-9399-497d-82be-51c6518bf72f,f8e47fda-cd0f-409d-b8f7-0cccc826bee5,2026-05-07,day,8.0
ff22fed8-99e8-4c51-944d-7f848a4db6d2,f8e47fda-cd0f-409d-b8f7-0cccc826bee5,2026-05-08,day,8.0
5210820e-2c07-4f16-96e1-4e851d7722ae,f8e47fda-cd0f-409d-b8f7-0cccc826bee5,2026-05-10,day,8.0
2b128aa9-bc55-4886-88df-7936dbdd4194,f8e47fda-cd0f-409d-b8f7-0cccc826bee5,2026-05-11,day,8.0
7dbdb3e6-14f8-43b7-b1dd-4d0626a9913c,f8e47fda-cd0f-409d-b8f7-0cccc826bee5,2026-05-12,night,10.5
f28d5dc0-fa3a-4986-910d-ed648b7ea560,f8e47fda-cd0f-409d-b8f7-0cccc826bee5,2026-05-13,day,9.5
7fa1eac2-df76-4c4c-9ad3-e9863a422deb,f8e47fda-cd0f-409d-b8f7-0cccc826bee5,2026-05-14,day,8.5
d6af3725-8ae7-433d-8266-f1138eaa987a,f8e47fda-cd0f-409d-b8f7-0cccc826bee5,2026-05-15,extended,13.8
3ebeb186-a82c-4f71-b0ec-e02767471545,f8e47fda-cd0f-409d-b8f7-0cccc826bee5,2026-05-16,day,8.5
78e256be-2c53-4dea-ade8-b4323f73d12b,f8e47fda-cd0f-409d-b8f7-0cccc826bee5,2026-05-18,day,8.0
614cffb5-cd1e-4ae2-9475-c142ed65fd3f,f8e47fda-cd0f-409d-b8f7-0cccc826bee5,2026-05-19,night,10.0
4f6a9630-4cdd-4f38-8af4-df894c5cbbd1,f8e47fda-cd0f-409d-b8f7-0cccc826bee5,2026-05-20,day,9.0
0ff93592-8321-421c-962e-46800a465472,f8e47fda-cd0f-409d-b8f7-0cccc826bee5,2026-05-21,day,8.0
8dc29279-fa2d-4b9a-87cd-517ae0bd237c,f8e47fda-cd0f-409d-b8f7-0cccc826bee5,2026-05-22,day,8.0
137cfcf1-c59b-44cc-91e1-d24158145e10,f8e47fda-cd0f-409d-b8f7-0cccc826bee5,2026-05-25,day,9.5
84865b09-0b80-44f8-bc2d-627d463d9941,f8e47fda-cd0f-409d-b8f7-0cccc826bee5,2026-05-26,day,8.0
e54f56e9-7a7e-4713-84d0-815bdfa04bd2,f8e47fda-cd0f-409d-b8f7-0cccc826bee5,2026-05-27,night,10.0
c3186221-ecd2-4dca-ad55-70e97ac0f11f,f8e47fda-cd0f-409d-b8f7-0cccc826bee5,2026-05-28,day,8.0
ae173f64-fabd-4b11-9cd7-a0b4b253c3ca,f8e47fda-cd0f-409d-b8f7-0cccc826bee5,2026-05-29,day,8.0
c641bbd1-2fa6-466f-b0a4-9c03bba3fa1c,f8e47fda-cd0f-409d-b8f7-0cccc826bee5,2026-05-31,night,10.0
04f21939-67cb-48e9-a4f4-ba85c22b2fa5,f8e47fda-cd0f-409d-b8f7-0cccc826bee5,2026-06-01,day,9.0
d90d2825-81a7-4d37-bee4-870c47cf9f58,f8e47fda-cd0f-409d-b8f7-0cccc826bee5,2026-06-02,day,9.5
b72c86d2-e740-46f1-825e-530195a3301b,f8e47fda-cd0f-409d-b8f7-0cccc826bee5,2026-06-03,night,10.0
208a0bc7-bdd7-4a70-841f-cd334504e34a,f8e47fda-cd0f-409d-b8f7-0cccc826bee5,2026-06-04,day,8.0
87346033-ae69-4e4a-93f0-ade399d178f2,f8e47fda-cd0f-409d-b8f7-0cccc826bee5,2026-06-05,day,8.5
c3b20efb-ae38-4aa8-ac01-599221ae71c2,f8e47fda-cd0f-409d-b8f7-0cccc826bee5,2026-06-08,day,8.0
8cd450fa-da67-4b46-a9ed-e8da61205e73,f8e47fda-cd0f-409d-b8f7-0cccc826bee5,2026-06-09,day,8.0
bf8e986e-4ef8-4365-8488-9af27e24f197,f8e47fda-cd0f-409d-b8f7-0cccc826bee5,2026-06-10,night,10.5
87559ab1-6ddf-45fd-97a8-ca41dfc35a8a,f8e47fda-cd0f-409d-b8f7-0cccc826bee5,2026-06-11,day,9.0
65c55e77-8a72-41a9-821d-5dfb3f98e409,f8e47fda-cd0f-409d-b8f7-0cccc826bee5,2026-06-12,day,8.0
bc77a24d-c099-4c5a-95ef-911550d9a571,f8e47fda-cd0f-409d-b8f7-0cccc826bee5,2026-06-13,extended,14.4
cc24fdf2-7d7b-4a14-b657-7298e3a9a274,f8e47fda-cd0f-409d-b8f7-0cccc826bee5,2026-06-15,night,10.0
65ec68ac-c279-428d-bdac-c1741899d850,f8e47fda-cd0f-409d-b8f7-0cccc826bee5,2026-06-16,day,9.0
96dbc218-9b68-4837-a464-83463074afc3,f8e47fda-cd0f-409d-b8f7-0cccc826bee5,2026-06-17,day,9.0
bf4b67e6-024d-49f2-a5ba-de64ff2c12d8,f8e47fda-cd0f-409d-b8f7-0cccc826bee5,2026-06-18,night,10.0
5f7ead10-60ac-4aa6-b817-a62f5e5a8416,f8e47fda-cd0f-409d-b8f7-0cccc826bee5,2026-06-19,day,8.0
e9e9168b-67e7-43bd-a7c5-c98797da7aa0,f8e47fda-cd0f-409d-b8f7-0cccc826bee5,2026-06-20,day,8.0
104b15ec-bfb3-45bf-9628-8dcdb35b89e7,f8e47fda-cd0f-409d-b8f7-0cccc826bee5,2026-06-21,night,11.0
eda70812-3442-4dfc-a888-c8eb9759606d,f8e47fda-cd0f-409d-b8f7-0cccc826bee5,2026-06-22,day,8.0
522316bc-c29b-4ef8-9c0d-e1fe7ef2e087,f8e47fda-cd0f-409d-b8f7-0cccc826bee5,2026-06-23,day,8.5
8add8cd5-b0f0-4cf3-9f1b-0206a0250eb1,f8e47fda-cd0f-409d-b8f7-0cccc826bee5,2026-06-24,extended,13.6
3a8956dc-cbd3-4644-bc6f-c03117278e2d,f8e47fda-cd0f-409d-b8f7-0cccc826bee5,2026-06-25,day,8.0
cdfa7b24-71bc-40ae-aa04-2998e99715f1,f8e47fda-cd0f-409d-b8f7-0cccc826bee5,2026-06-26,night,10.5
d071ba85-275e-4e09-9b44-743cdea40e94,f8e47fda-cd0f-409d-b8f7-0cccc826bee5,2026-06-27,day,9.5
f99996e2-265e-4edb-8e99-28ba55d42f43,f8e47fda-cd0f-409d-b8f7-0cccc826bee5,2026-06-29,day,8.0
