id,pseudonymous_id,training_date,hours_committed
254509ae-5151-4a69-a6c8-41735e2d8c88,a789808b-9d6e-4182-8b54-ba7064f7ac61,2026-01-09,4.8
28bcff35-e65f-4420-ae94-837dc08f9f49,a789808b-9d6e-4182-8b54-ba7064f7ac61,2026-01-14,5.8
4d0b2771-d295-4cf3-98ed-99688030c56b,a789808b-9d6e-4182-8b54-ba7064f7ac61,2026-01-15,3.9
5d7467a5-7748-49ea-9d49-5e69f3f3fb13,a789808b-9d6e-4182-8b54-ba7064f7ac61,2026-01-20,3.8
5ace7c6f-6d81-45b6-89b4-28be90d90242,a789808b-9d6e-4182-8b54-ba7064f7ac61,2026-01-26,3.1
0b868c02-a9d5-4edf-a682-083dfddfb551,a789808b-9d6e-4182-8b54-ba7064f7ac61,2026-01-29,3.7
b10c0f60-7cb6-408e-a5f1-9291b44aa11e,a789808b-9d6e-4182-8b54-ba7064f7ac61,2026-01-30,5.3
f1a0c45e-4eb3-4242-8d41-a028b947583a,a789808b-9d6e-4182-8b54-ba7064f7ac61,2026-02-04,4.1
467726cb-09f3-449b-b395-2897baa0dcff,a789808b-9d6e-4182-8b54-ba7064f7ac61,2026-02-09,4.6
cbd07b86-b6fc-4aea-bbc3-1e1d25a393e2,a789808b-9d6e-4182-8b54-ba7064f7ac61,2026-02-18,4.2
3a731d62-4355-4ff3-a341-c53eadb02328,a789808b-9d6e-4182-8b54-ba7064f7ac61,2026-02-19,3.4
1093c513-a27f-4925-a7ad-3e51650227fb,a789808b-9d6e-4182-8b54-ba7064f7ac61,2026-03-03,1.5
0776660e-3b0b-4d42-8e1d-1e1711344972,a789808b-9d6e-4182-8b54-ba7064f7ac61,2026-03-05,3.8
a9da16bc-9a31-4706-9e68-ef6ff3369f08,a789808b-9d6e-4182-8b54-ba7064f7ac61,2026-03-16,4.4
adf1bd10-416d-4abb-9117-30bdac7d5db8,a789808b-9d6e-4182-8b54-ba7064f7ac61,2026-03-30,3.9
bed62f37-528f-4ad2-bb5b-dfeb8a643d2c,a789808b-9d6e-4182-8b54-ba7064f7ac61,2026-04-03,3.6
4abca12b-c406-44fc-917f-58daa258b13f,a789808b-9d6e-4182-8b54-ba7064f7ac61,2026-04-17,2.0
232a6037-b864-4913-81ee-e52412ee8ff7,a789808b-9d6e-4182-8b54-ba7064f7ac61,2026-04-29,3.3
31b7e333-f244-4d90-a9e1-424818babaee,a789808b-9d6e-4182-8b54-ba7064f7ac61,2026-04-30,4.8
07caa85d-9fbc-4deb-8eb6-84f92a04dab9,a789808b-9d6e-4182-8b54-ba7064f7ac61,2026-05-13,3.7
5e43847f-494f-452f-85b4-38080e713ebd,a789808b-9d6e-4182-8b54-ba7064f7ac61,2026-05-22,2.5
eaba3ed9-8a7c-4ed3-889b-b57fe441bcda,a789808b-9d6e-4182-8b54-ba7064f7ac61,2026-05-25,3.2
482ff625-a30e-4738-b9a2-6cc466f22688,a789808b-9d6e-4182-8b54-ba7064f7ac61,2026-05-27,5.3
646b4d49-90f5-43a9-8b2f-5569bbec312d,a789808b-9d6e-4182-8b54-ba7064f7ac61,2026-06-09,3.5
2e3a8897-63dc-4b3b-839e-ecd3de601605,a789808b-9d6e-4182-8b54-ba7064f7ac61,2026-06-12,1.6
71ea4ce7-6907-4b4f-8b7e-3eb2e0d84c6b,a789808b-9d6e-4182-8b54-ba7064f7ac61,2026-06-17,3.1
5b7d1d08-9b91-4565-8a56-5fa7739d35db,a789808b-9d6e-4182-8b54-ba7064f7ac61,2026-06-24,4.6
61ffe0af-6974-494f-b987-d98d5e06e1f6,72e0f47d-0ed0-409a-9bbb-0564203ceda6,2026-01-02,4.0
ee7c4431-f8a3-48a6-a025-5b9a4de2a521,72e0f47d-0ed0-409a-9bbb-0564203ceda6,2026-01-09,4.6
0fbd1fb6-5d53-4030-94a6-4753bb242d5d,72e0f47d-0ed0-409a-9bbb-0564203ceda6,2026-01-13,3.1
6973b8da-fbea-4c43-9cf4-530d6de9f80e,72e0f47d-0ed0-409a-9bbb-0564203ceda6,2026-01-20,5.4
e108ee39-09f8-4441-b575-c22b3de8aef8,72e0f47d-0ed0-409a-9bbb-0564203ceda6,2026-01-26,1.6
535c3b88-7daa-48cc-8b98-645666981483,72e0f47d-0ed0-409a-9bbb-0564203ceda6,2026-01-28,3.3
54d008e6-a21e-40b4-b25a-b0b24a3d837b,72e0f47d-0ed0-409a-9bbb-0564203ceda6,2026-02-02,4.5
e6012215-7c3d-400a-8842-7799b6a83860,72e0f47d-0ed0-409a-9bbb-0564203ceda6,2026-02-03,4.9
d9d667b7-906e-412b-b275-e98e39632aec,72e0f47d-0ed0-409a-9bbb-0564203ceda6,2026-02-17,5.6
a208de18-81e8-4608-86f0-798410ade30a,72e0f47d-0ed0-409a-9bbb-0564203ceda6,2026-02-23,3.3
911105e8-7744-4928-aab0-5d87a85cb4e2,72e0f47d-0ed0-409a-9bbb-0564203ceda6,2026-03-03,3.5
14b1a19c-16ad-480e-a18e-5b7f982ae2b1,72e0f47d-0ed0-409a-9bbb-0564203ceda6,2026-03-05,6.4
6d519522-badb-4797-8cdb-387a27a870b5,72e0f47d-0ed0-409a-9bbb-0564203ceda6,2026-03-12,3.5
a0aa7eeb-6d27-424d-92f1-074bbf22d546,72e0f47d-0ed0-409a-9bbb-0564203ceda6,2026-03-13,3.5
de1f81c5-ce87-482e-8df7-46584c002b37,72e0f47d-0ed0-409a-9bbb-0564203ceda6,2026-03-17,4.4
0fdcb130-5d54-4c11-8878-09348b0e8486,72e0f47d-0ed0-409a-9bbb-0564203ceda6,2026-03-19,3.3
9c5fb5ca-eba7-4dbc-b695-1fc4feb77fba,72e0f47d-0ed0-409a-9bbb-0564203ceda6,2026-03-23,1.5
9f2c37d3-cb2d-472b-aed5-bf0ebbebd9d5,72e0f47d-0ed0-409a-9bbb-0564203ceda6,2026-03-26,3.7
e7ed15df-497f-449d-9003-9363deb88f13,72e0f47d-0ed0-409a-9bbb-0564203ceda6,2026-03-27,5.4
4cf24207-f1f6-4657-9ad3-4bef38721712,72e0f47d-0ed0-409a-9bbb-0564203ceda6,2026-03-30,4.4
695ffb77-8292-4cb8-8c17-664db9049ece,72e0f47d-0ed0-409a-9bbb-0564203ceda6,2026-04-01,2.6
3e8823fb-021d-4db6-9736-470480720f53,72e0f47d-0ed0-409a-9bbb-0564203ceda6,2026-04-07,4.7
25d2510d-f4d3-478c-857c-437612b335a9,72e0f47d-0ed0-409a-9bbb-0564203ceda6,2026-04-10,3.4
5801c407-0c1c-4a8f-a0de-332c409cdcae,72e0f47d-0ed0-409a-9bbb-0564203ceda6,2026-04-16,3.9
8aac78e7-2a16-4877-b285-d71b883aa83b,72e0f47d-0ed0-409a-9bbb-0564203ceda6,2026-04-21,4.1
246052c1-c863-4c7d-8c5b-572c8029dc41,72e0f47d-0ed0-409a-9bbb-0564203ceda6,2026-04-23,4.6
380a5d09-d197-432d-ba69-aa5320159d61,72e0f47d-0ed0-409a-9bbb-0564203ceda6,2026-04-30,4.3
979d9c91-d473-4798-a20c-7a0e1df2089e,72e0f47d-0ed0-409a-9bbb-0564203ceda6,2026-05-01,2.8
7d0123bd-b22a-4466-bff0-70dfdbbf337f,72e0f47d-0ed0-409a-9bbb-0564203ceda6,2026-05-04,4.3
a0a128a0-0fa3-4d32-a7c6-e236a5124d8e,72e0f47d-0ed0-409a-9bbb-0564203ceda6,2026-05-11,4.9
613b2698-bf08-4c8c-b053-dcadb367c1f5,72e0f47d-0ed0-409a-9bbb-0564203ceda6,2026-05-14,3.1
6a0e27a6-c827-4983-bbe1-02189187835c,72e0f47d-0ed0-409a-9bbb-0564203ceda6,2026-05-15,4.6
f0a0fb97-c259-40c9-b2ea-e7e093d19aee,72e0f47d-0ed0-409a-9bbb-0564203ceda6,2026-05-18,4.0
299bffc8-0a05-4241-b6cf-c790ec39e365,72e0f47d-0ed0-409a-9bbb-0564203ceda6,2026-05-25,5.2
039adfac-9ed1-4207-869c-c5e691c1ef97,72e0f47d-0ed0-409a-9bbb-0564203ceda6,2026-06-05,2.8
065c38fe-c7fb-407a-ae03-9a33665df706,72e0f47d-0ed0-409a-9bbb-0564203ceda6,2026-06-08,5.5
bd606a9e-6338-4c0e-b5b4-c0931b888027,72e0f47d-0ed0-409a-9bbb-0564203ceda6,2026-06-19,5.7
786b81b7-1ee0-445d-979f-80f79477ff55,45ad8569-ef44-4e61-939f-51d9e4a14686,2026-01-06,5.0
631049e7-6aa4-439f-a48a-62faf3aa1cb2,45ad8569-ef44-4e61-939f-51d9e4a14686,2026-01-08,2.5
3a5d1f52-f250-4d95-91fd-3e11c7c3f3ad,45ad8569-ef44-4e61-939f-51d9e4a14686,2026-01-29,4.2
feb5df8e-7d2b-4388-b6f1-d65629e7daf1,45ad8569-ef44-4e61-939f-51d9e4a14686,2026-02-02,4.8
af0022b9-3078-4158-9714-173034d4fae8,45ad8569-ef44-4e61-939f-51d9e4a14686,2026-02-16,4.0
1c47f822-469e-47d5-9d10-4d4d9dd206f1,45ad8569-ef44-4e61-939f-51d9e4a14686,2026-02-20,6.0
bdefa8a9-5b23-46f4-a4f9-66a2badb51aa,45ad8569-ef44-4e61-939f-51d9e4a14686,2026-02-23,7.1
0c04d07d-bf53-4a8f-b97c-46c390b91746,45ad8569-ef44-4e61-939f-51d9e4a14686,2026-03-03,4.1
7ce61ec0-b022-40b3-aeb2-3ce426bc3ac8,45ad8569-ef44-4e61-939f-51d9e4a14686,2026-03-05,3.6
58088910-ca9d-4bd2-bf6a-c2eff4822571,45ad8569-ef44-4e61-939f-51d9e4a14686,2026-03-06,5.4
8235ef48-766f-4034-9dd6-9ff994b343cd,45ad8569-ef44-4e61-939f-51d9e4a14686,2026-03-13,2.9
85930452-98ae-492a-b3e6-a8202eb18aed,45ad8569-ef44-4e61-939f-51d9e4a14686,2026-03-20,5.9
1aa0536f-0c09-4c6b-b7c3-63259c666b68,45ad8569-ef44-4e61-939f-51d9e4a14686,2026-03-26,4.4
f112a97e-eb61-4640-bcf7-b55d45c5a4aa,45ad8569-ef44-4e61-939f-51d9e4a14686,2026-03-31,3.5
f9ee5e8c-f051-472f-8862-e9215a308315,45ad8569-ef44-4e61-939f-51d9e4a14686,2026-04-01,3.5
0a65a2af-c0ff-4ca2-85a8-9c33c078ae72,45ad8569-ef44-4e61-939f-51d9e4a14686,2026-04-03,3.8
232af6be-93ee-4234-930e-b1b57f8cc72e,45ad8569-ef44-4e61-939f-51d9e4a14686,2026-04-09,3.4
31eb971d-7d59-4d51-9d14-10f137444961,45ad8569-ef44-4e61-939f-51d9e4a14686,2026-04-10,4.6
da6b5ab5-08b0-4dd5-9df9-111b778f8d57,45ad8569-ef44-4e61-939f-51d9e4a14686,2026-04-14,3.2
631795be-9d4f-4827-8d25-8724fc55b87c,45ad8569-ef44-4e61-939f-51d9e4a14686,2026-04-16,4.1
12d0e91e-d252-4855-9df7-f6c8caf71d8a,45ad8569-ef44-4e61-939f-51d9e4a14686,2026-04-21,6.3
a222751e-7aca-4366-af00-cc0fb1a363f0,45ad8569-ef44-4e61-939f-51d9e4a14686,2026-04-22,4.1
d6321555-699a-4791-91c9-c6b27eec8b6d,45ad8569-ef44-4e61-939f-51d9e4a14686,2026-04-24,4.1
5d362ac3-568d-453d-8801-e2c2f59203b2,45ad8569-ef44-4e61-939f-51d9e4a14686,2026-05-06,3.5
418ad1b1-f374-431b-ba60-b64c4a0e84cd,45ad8569-ef44-4e61-939f-51d9e4a14686,2026-05-08,4.7
0a151bd1-2d57-4c0b-a597-114a83e3d209,45ad8569-ef44-4e61-939f-51d9e4a14686,2026-05-11,4.6
251f9a85-e93c-4015-bf11-96208b895f58,45ad8569-ef44-4e61-939f-51d9e4a14686,2026-06-01,5.8
ed58b250-72bd-4faf-a53b-74aef8224502,45ad8569-ef44-4e61-939f-51d9e4a14686,2026-06-03,4.5
0bdbcad6-56d3-4a96-bd7e-0145cb1e042a,45ad8569-ef44-4e61-939f-51d9e4a14686,2026-06-04,3.6
d4eb1732-63af-4c43-ac02-bfe54429338c,45ad8569-ef44-4e61-939f-51d9e4a14686,2026-06-08,6.6
1fba952e-26e7-4595-a84f-e7ea9dd43d85,45ad8569-ef44-4e61-939f-51d9e4a14686,2026-06-09,3.4
d59f524b-3868-4f13-a0f8-4f6f4463dda0,45ad8569-ef44-4e61-939f-51d9e4a14686,2026-06-12,4.1
459ecc06-beea-4e3e-89e0-aa0bc6b16ea1,45ad8569-ef44-4e61-939f-51d9e4a14686,2026-06-15,2.9
8b4db260-72b1-4dd5-8a0c-0a58e2ce371a,45ad8569-ef44-4e61-939f-51d9e4a14686,2026-06-22,2.5
aa93d20c-85eb-423a-8b5d-ef11578bc412,45ad8569-ef44-4e61-939f-51d9e4a14686,2026-06-26,4.5
f500a57f-19f7-42e5-86e1-1c87275737fd,999d258f-dc9e-4e2e-be14-d6d118a5404d,2026-01-02,3.8
3ed2f642-c817-4f19-9fd6-37765ad6ea83,999d258f-dc9e-4e2e-be14-d6d118a5404d,2026-01-07,3.9
eed27a90-f217-4c52-a59c-12e8ae5a49c6,999d258f-dc9e-4e2e-be14-d6d118a5404d,2026-01-09,3.5
f0e9d76d-84bb-480d-bed1-f184b8f8d5a5,999d258f-dc9e-4e2e-be14-d6d118a5404d,2026-01-13,4.6
28600bf0-066b-4762-a081-c338b5c13432,999d258f-dc9e-4e2e-be14-d6d118a5404d,2026-01-15,4.6
306fd46e-85f0-4682-8e39-12387c79561a,999d258f-dc9e-4e2e-be14-d6d118a5404d,2026-01-28,3.6
b14d210d-2f21-4235-a360-07020b7f96c5,999d258f-dc9e-4e2e-be14-d6d118a5404d,2026-01-29,1.5
c7fe5187-3c1a-478a-a7f7-0a288262400e,999d258f-dc9e-4e2e-be14-d6d118a5404d,2026-02-02,2.9
d295402d-a94a-44ba-8481-257ebedef1d3,999d258f-dc9e-4e2e-be14-d6d118a5404d,2026-02-03,4.3
d8683d0f-407d-4fe5-8ca3-5a10179a075a,999d258f-dc9e-4e2e-be14-d6d118a5404d,2026-02-12,4.0
4104af86-4c5e-4d97-93e0-2ba07e49fc42,999d258f-dc9e-4e2e-be14-d6d118a5404d,2026-02-13,2.9
20ca2d80-e8e4-4e27-a1fe-8f38f2dd83d1,999d258f-dc9e-4e2e-be14-d6d118a5404d,2026-02-16,4.0
0fb6dbb7-bda1-4f21-91c0-95b90d97cb08,999d258f-dc9e-4e2e-be14-d6d118a5404d,2026-02-24,1.9
3c8422bc-a1f6-4f99-96ba-f4f0c90d8128,999d258f-dc9e-4e2e-be14-d6d118a5404d,2026-02-25,4.9
c750291d-c2d7-44f5-b7d6-da30c5ef94f5,999d258f-dc9e-4e2e-be14-d6d118a5404d,2026-02-26,4.3
12022716-4c5e-4db6-82a1-868b29c5009f,999d258f-dc9e-4e2e-be14-d6d118a5404d,2026-03-03,5.4
66701f07-ad70-40f1-9ef3-831eb1a510a2,999d258f-dc9e-4e2e-be14-d6d118a5404d,2026-03-04,4.3
b399fa1c-1d97-45d5-8089-c0fb51b72a4c,999d258f-dc9e-4e2e-be14-d6d118a5404d,2026-03-06,4.6
430e4d97-31bf-44ab-acbd-abf14a142cff,999d258f-dc9e-4e2e-be14-d6d118a5404d,2026-03-12,2.1
3838006b-1e58-4484-bdb2-0284ea356d36,999d258f-dc9e-4e2e-be14-d6d118a5404d,2026-03-19,3.8
049930e9-cbdc-4ef0-b4b3-261c1e081bfe,999d258f-dc9e-4e2e-be14-d6d118a5404d,2026-03-30,3.7
f1116362-97a2-467c-b293-fe23d10feb18,999d258f-dc9e-4e2e-be14-d6d118a5404d,2026-03-31,5.3
ff1f1200-f4b8-41d4-b252-1fc7b983c07b,999d258f-dc9e-4e2e-be14-d6d118a5404d,2026-04-06,2.3
81b62683-6b40-43df-880a-0f42b26581e0,999d258f-dc9e-4e2e-be14-d6d118a5404d,2026-04-14,3.8
5c115464-9fc3-4aef-a36c-876db1981ab1,999d258f-dc9e-4e2e-be14-d6d118a5404d,2026-04-30,4.3
d49bdea7-bbb6-4bc6-85d4-a1c8361e1eb6,999d258f-dc9e-4e2e-be14-d6d118a5404d,2026-05-01,2.8
9aa3b9db-911a-4192-860f-f302ce3b4c27,999d258f-dc9e-4e2e-be14-d6d118a5404d,2026-05-07,1.5
10f2894c-a43c-444a-bccb-ed3195a39ddc,999d258f-dc9e-4e2e-be14-d6d118a5404d,2026-05-13,4.6
3a90aa3f-bf3b-4c21-b920-a36b6359e10a,999d258f-dc9e-4e2e-be14-d6d118a5404d,2026-05-14,1.6
e7d9ca70-f5be-4275-98ba-7a8fb61f4930,999d258f-dc9e-4e2e-be14-d6d118a5404d,2026-05-19,5.1
efc20c49-1918-43d5-8202-9c7bf37ced59,999d258f-dc9e-4e2e-be14-d6d118a5404d,2026-05-20,3.8
71d65e81-fe58-40d6-ab8d-e8782de6525f,999d258f-dc9e-4e2e-be14-d6d118a5404d,2026-05-21,4.7
67398224-0def-4208-aa5d-c7c312583962,999d258f-dc9e-4e2e-be14-d6d118a5404d,2026-05-25,3.4
b28b8a71-cc53-4e81-bcc2-460fcf0ea887,999d258f-dc9e-4e2e-be14-d6d118a5404d,2026-05-27,3.9
b0448f59-4f89-49db-9e4d-cf192b8d423c,999d258f-dc9e-4e2e-be14-d6d118a5404d,2026-06-16,2.4
5e1e88b2-81e2-4572-ad5d-48201705c39f,4494bc6e-3d0d-425e-8d18-b856f5e83356,2026-01-01,4.1
7d23f7e7-af79-4069-baf2-9ecf1e6af21d,4494bc6e-3d0d-425e-8d18-b856f5e83356,2026-01-02,4.0
b75d2b13-a20d-49b7-a2a7-9707eb279322,4494bc6e-3d0d-425e-8d18-b856f5e83356,2026-01-06,5.3
8627ea76-9d63-467e-a5a2-c6955810572c,4494bc6e-3d0d-425e-8d18-b856f5e83356,2026-01-12,5.3
1cfac906-a24a-42ff-bfce-09d6cdc3a76c,4494bc6e-3d0d-425e-8d18-b856f5e83356,2026-01-14,4.4
cc22b7c6-09d5-4e1d-a6f7-0824a8de8838,4494bc6e-3d0d-425e-8d18-b856f5e83356,2026-01-15,3.4
8c0cc499-99cc-49fb-ae81-2685c2f2ccf0,4494bc6e-3d0d-425e-8d18-b856f5e83356,2026-01-20,2.6
3ea59ecf-6c9c-484c-bdcf-054ff39c6d2b,4494bc6e-3d0d-425e-8d18-b856f5e83356,2026-02-03,5.7
301e40f5-1986-4ab6-805a-80764ee7a932,4494bc6e-3d0d-425e-8d18-b856f5e83356,2026-02-06,5.2
4d0a88b5-c5a5-4ece-bb3a-b56966707a91,4494bc6e-3d0d-425e-8d18-b856f5e83356,2026-02-23,4.9
a06d4e45-4e24-4f92-89a0-24193fb3a71b,4494bc6e-3d0d-425e-8d18-b856f5e83356,2026-02-24,2.8
a76cc886-db21-41bf-8adb-3c1976015f6b,4494bc6e-3d0d-425e-8d18-b856f5e83356,2026-02-25,3.8
5ec0194f-3c3d-4519-948f-de852f264271,4494bc6e-3d0d-425e-8d18-b856f5e83356,2026-02-27,5.3
a7e6f4b4-ed40-4e3c-8aa0-56a9d8586542,4494bc6e-3d0d-425e-8d18-b856f5e83356,2026-03-02,5.2
1822d786-109c-4969-8192-2ac831201fe2,4494bc6e-3d0d-425e-8d18-b856f5e83356,2026-03-11,3.0
44dad44f-09c8-4469-9317-34acaaa123ef,4494bc6e-3d0d-425e-8d18-b856f5e83356,2026-03-17,2.9
47a8378a-210f-426a-9265-520293fd44ec,4494bc6e-3d0d-425e-8d18-b856f5e83356,2026-03-23,4.8
b5726421-6d0f-4604-8367-d632e55a4cb4,4494bc6e-3d0d-425e-8d18-b856f5e83356,2026-03-24,4.3
2c91f31d-0ef3-425a-9fe0-446d5f11004b,4494bc6e-3d0d-425e-8d18-b856f5e83356,2026-03-27,3.0
33a1708b-109e-4497-8b60-6c9f159a8ddf,4494bc6e-3d0d-425e-8d18-b856f5e83356,2026-03-31,3.0
2b4a26ec-6fff-4632-8944-22c550403025,4494bc6e-3d0d-425e-8d18-b856f5e83356,2026-04-02,5.1
949767f4-a5c0-4dc1-9e31-086cc5c7a1af,4494bc6e-3d0d-425e-8d18-b856f5e83356,2026-04-03,4.1
11e808a8-a0c0-4d0d-969f-79d95ec194c3,4494bc6e-3d0d-425e-8d18-b856f5e83356,2026-04-07,5.3
d1d0183d-773b-4595-8968-3fcacbd349b6,4494bc6e-3d0d-425e-8d18-b856f5e83356,2026-04-14,3.0
d0c9ba24-846f-4153-977c-bbeb7f9ffb20,4494bc6e-3d0d-425e-8d18-b856f5e83356,2026-04-15,4.8
5d4fd451-4490-43dc-a03d-c0872e72c0b7,4494bc6e-3d0d-425e-8d18-b856f5e83356,2026-04-16,4.2
6df93fa6-c21f-4dcf-9394-4adc12e2b767,4494bc6e-3d0d-425e-8d18-b856f5e83356,2026-04-23,5.4
f3c2ed3d-59c0-4122-9b3f-763b221e3a65,4494bc6e-3d0d-425e-8d18-b856f5e83356,2026-04-28,4.1
a1de39ee-de00-4518-b8a0-85fc9ac6220a,4494bc6e-3d0d-425e-8d18-b856f5e83356,2026-05-11,5.1
aad67580-2b6b-4764-8071-19f21f26bb52,4494bc6e-3d0d-425e-8d18-b856f5e83356,2026-05-13,5.2
9ee8da67-1979-4be6-a66d-94c6e606da49,4494bc6e-3d0d-425e-8d18-b856f5e83356,2026-05-18,5.2
f1d35a17-5a99-4d4c-9d27-1fa20e82e119,4494bc6e-3d0d-425e-8d18-b856f5e83356,2026-05-26,4.6
ca7e7b28-1e6e-4845-9267-3981cca95390,4494bc6e-3d0d-425e-8d18-b856f5e83356,2026-05-28,4.5
b23c7a32-0091-462d-bfcd-d5328ffe9d68,4494bc6e-3d0d-425e-8d18-b856f5e83356,2026-06-04,3.9
5ebf01f9-6fc0-4f75-b414-9f32dec07c10,4494bc6e-3d0d-425e-8d18-b856f5e83356,2026-06-05,6.0
885e8c6a-f102-440b-b52d-45ddb7a8b7ac,4494bc6e-3d0d-425e-8d18-b856f5e83356,2026-06-08,2.1
a16cc272-fcb9-4bb7-bc05-fdfe9ba1c880,4494bc6e-3d0d-425e-8d18-b856f5e83356,2026-06-18,4.0
04283b8f-7c2a-4419-bba3-37854fdefc51,4494bc6e-3d0d-425e-8d18-b856f5e83356,2026-06-25,4.2
2e2971d0-5607-4cf9-9765-661bcb13cd49,4494bc6e-3d0d-425e-8d18-b856f5e83356,2026-06-29,4.5
b48a2dec-b14f-4703-a66b-f8e8d8ffabb4,496c28eb-4211-4e2e-81d0-a22d9bc59ef8,2026-01-02,3.1
d30ca54d-7396-4624-8d36-612cc4f43dc4,496c28eb-4211-4e2e-81d0-a22d9bc59ef8,2026-01-14,2.3
c9f827de-3a54-400c-a779-d538014b50b5,496c28eb-4211-4e2e-81d0-a22d9bc59ef8,2026-01-21,4.5
969ad34c-fc6b-42ba-acfb-c728e9c9124e,496c28eb-4211-4e2e-81d0-a22d9bc59ef8,2026-01-29,5.3
e670ec2b-99d4-4d2e-bd29-e107860264db,496c28eb-4211-4e2e-81d0-a22d9bc59ef8,2026-02-03,4.0
b8f90796-c2be-45ee-871f-0c049a432536,496c28eb-4211-4e2e-81d0-a22d9bc59ef8,2026-02-04,4.5
8ca89c09-e255-4cdb-81f0-9507c24303b4,496c28eb-4211-4e2e-81d0-a22d9bc59ef8,2026-02-06,4.9
ae2b8e67-5487-420f-a2eb-b537b91c0d42,496c28eb-4211-4e2e-81d0-a22d9bc59ef8,2026-02-09,5.0
a6bc5c1c-7a99-46cc-bed6-6d6c3816826a,496c28eb-4211-4e2e-81d0-a22d9bc59ef8,2026-02-11,5.2
b0443e2c-dfdd-42fc-b839-26411f9d1c68,496c28eb-4211-4e2e-81d0-a22d9bc59ef8,2026-02-12,4.2
dafd5590-d851-4226-9067-6fc58942d2e2,496c28eb-4211-4e2e-81d0-a22d9bc59ef8,2026-02-13,5.0
ad3b0c77-84d0-4c17-ab16-2cc684c6c4b2,496c28eb-4211-4e2e-81d0-a22d9bc59ef8,2026-02-18,2.3
3a7e327c-9a3a-4ce8-88b4-97b4ac627d84,496c28eb-4211-4e2e-81d0-a22d9bc59ef8,2026-02-19,3.6
54c1e1d2-a144-4159-b15f-9982499218f4,496c28eb-4211-4e2e-81d0-a22d9bc59ef8,2026-03-10,4.2
81c3e19b-23e9-4d27-9439-07882fcd672f,496c28eb-4211-4e2e-81d0-a22d9bc59ef8,2026-03-12,4.4
926db8ca-eac7-48b9-a1b5-4d21dc0ebc7f,496c28eb-4211-4e2e-81d0-a22d9bc59ef8,2026-03-16,1.5
f0329f6f-0a7c-458f-aaac-b1098932f7bc,496c28eb-4211-4e2e-81d0-a22d9bc59ef8,2026-03-26,5.0
57e778b6-2f0c-4737-b7bc-0e58815fd75d,496c28eb-4211-4e2e-81d0-a22d9bc59ef8,2026-04-01,2.0
7350d1e7-c72b-42f7-9096-20aadae94e58,496c28eb-4211-4e2e-81d0-a22d9bc59ef8,2026-04-09,2.7
d812bd76-2df1-4372-be4a-2b427b016177,496c28eb-4211-4e2e-81d0-a22d9bc59ef8,2026-04-17,3.5
89135480-ca39-47f4-97ea-9c7eb10c7c62,496c28eb-4211-4e2e-81d0-a22d9bc59ef8,2026-04-20,2.5
0f3ba966-f923-4447-829f-f23649cc718f,496c28eb-4211-4e2e-81d0-a22d9bc59ef8,2026-05-05,3.0
3fd3915f-f6eb-45be-8cc1-cfc975f3004a,496c28eb-4211-4e2e-81d0-a22d9bc59ef8,2026-05-12,3.6
e37d7523-b90b-4133-93a6-6649313dbd25,496c28eb-4211-4e2e-81d0-a22d9bc59ef8,2026-05-14,5.2
e621c82d-a157-4ef7-8e9c-77f5b517308b,496c28eb-4211-4e2e-81d0-a22d9bc59ef8,2026-05-21,4.9
3e1e829b-2d34-4479-968d-68e1624e4f09,496c28eb-4211-4e2e-81d0-a22d9bc59ef8,2026-05-22,2.4
4ee05710-86ca-4cd2-a3e0-cb08c820d6bc,496c28eb-4211-4e2e-81d0-a22d9bc59ef8,2026-06-04,3.7
12314147-3cfc-42b7-a95f-4cf262fb19a7,496c28eb-4211-4e2e-81d0-a22d9bc59ef8,2026-06-16,4.4
d48ed043-9fa1-4e99-8583-1b8c2263f7bf,496c28eb-4211-4e2e-81d0-a22d9bc59ef8,2026-06-22,4.2
ee96b42e-98a1-4cfc-8d61-b78caa1c64c8,86578f0d-5375-4a2a-b754-ef3fee5da4df,2026-01-09,1.5
5adfad5f-83f8-432b-be8e-06cd3728d563,86578f0d-5375-4a2a-b754-ef3fee5da4df,2026-01-14,1.9
d73ab34a-007f-4b0f-87ef-8e4799d362b1,86578f0d-5375-4a2a-b754-ef3fee5da4df,2026-01-20,7.1
204ed733-139a-42d7-9fa5-fb84c3295171,86578f0d-5375-4a2a-b754-ef3fee5da4df,2026-02-24,2.8
d6551190-da20-4a77-be05-c5ec60edc6a2,86578f0d-5375-4a2a-b754-ef3fee5da4df,2026-02-26,3.8
67509ea1-8848-4c0e-80e4-1b2f717e94e8,86578f0d-5375-4a2a-b754-ef3fee5da4df,2026-03-05,3.2
9230e839-cb29-4e1d-a67b-df5bf5ea1bee,86578f0d-5375-4a2a-b754-ef3fee5da4df,2026-03-11,3.2
59491eb0-db1c-4acc-afd6-63907ae145ad,86578f0d-5375-4a2a-b754-ef3fee5da4df,2026-03-23,4.0
4342c04c-8631-425c-8ea6-a84e88accb50,86578f0d-5375-4a2a-b754-ef3fee5da4df,2026-03-30,4.6
327c5598-dcfa-4817-a3a2-b6c49891e08d,86578f0d-5375-4a2a-b754-ef3fee5da4df,2026-04-14,4.5
004de35d-97af-4a7f-b5d1-72970181a330,86578f0d-5375-4a2a-b754-ef3fee5da4df,2026-04-16,1.5
4bfd2840-0f2b-49d6-9362-0480d5070588,86578f0d-5375-4a2a-b754-ef3fee5da4df,2026-04-17,3.3
af876e1e-2099-4276-95c0-c2a70b59754d,86578f0d-5375-4a2a-b754-ef3fee5da4df,2026-04-20,2.9
8aa940cf-dd97-443f-a7da-18cf1e952ecd,86578f0d-5375-4a2a-b754-ef3fee5da4df,2026-04-22,6.3
114fc200-a4df-4939-be11-3bbd168afbc3,86578f0d-5375-4a2a-b754-ef3fee5da4df,2026-04-27,1.9
ea614e5b-e1d4-438a-b675-9a19f9311dfe,86578f0d-5375-4a2a-b754-ef3fee5da4df,2026-05-01,4.0
f0da58ac-a1de-4d70-8ba6-94993785d6fd,86578f0d-5375-4a2a-b754-ef3fee5da4df,2026-05-04,5.7
9b0eee62-95b2-4aa6-8716-6941de10522f,86578f0d-5375-4a2a-b754-ef3fee5da4df,2026-05-18,4.0
65e9a524-dda2-4d57-bca2-12983db983f4,86578f0d-5375-4a2a-b754-ef3fee5da4df,2026-05-29,4.0
1e618e72-efa7-4664-901d-a3bad543f913,86578f0d-5375-4a2a-b754-ef3fee5da4df,2026-06-01,2.8
a186d10e-f179-4948-8090-7a2a9f8e481d,86578f0d-5375-4a2a-b754-ef3fee5da4df,2026-06-09,6.3
883c8882-2f04-4a96-9029-97473c6f63df,86578f0d-5375-4a2a-b754-ef3fee5da4df,2026-06-16,3.6
aa7c000b-751c-4b17-8c4b-b8bd49d46f61,86578f0d-5375-4a2a-b754-ef3fee5da4df,2026-06-18,5.4
bfdeaa9b-1b7f-4eae-959f-caa2f1ff2ba2,86578f0d-5375-4a2a-b754-ef3fee5da4df,2026-06-24,5.1
cbc72dc4-41f5-4d8c-bd33-e6a67fbcb159,5afd666b-497f-46ed-b98f-7d4ca698ae5e,2026-01-01,3.6
d8d0dd83-a70b-47e1-8f3a-a020c013e689,5afd666b-497f-46ed-b98f-7d4ca698ae5e,2026-01-07,4.6
db5968d4-3e01-4b3e-ab8f-97bee23a2319,5afd666b-497f-46ed-b98f-7d4ca698ae5e,2026-01-12,5.3
2d54af33-ab76-4169-806f-15760c553267,5afd666b-497f-46ed-b98f-7d4ca698ae5e,2026-01-15,4.4
2a4a9973-0485-40ff-a1d0-488d9f388959,5afd666b-497f-46ed-b98f-7d4ca698ae5e,2026-01-20,3.6
eb8faaf0-053d-4895-abd1-221ca8c3ba86,5afd666b-497f-46ed-b98f-7d4ca698ae5e,2026-01-21,1.7
b9ce0665-eeaf-4554-8ca5-c2ad260fb82b,5afd666b-497f-46ed-b98f-7d4ca698ae5e,2026-01-23,3.8
2441b309-097f-4604-ba05-90de75f0653d,5afd666b-497f-46ed-b98f-7d4ca698ae5e,2026-01-26,2.7
9578aaf1-f962-414e-a44f-b412c737b126,5afd666b-497f-46ed-b98f-7d4ca698ae5e,2026-01-30,4.4
51fc5c3e-b6f5-4fd2-acc9-e520051b230e,5afd666b-497f-46ed-b98f-7d4ca698ae5e,2026-02-06,3.5
6c7322f1-a5ae-4861-bfca-2735bc0068a6,5afd666b-497f-46ed-b98f-7d4ca698ae5e,2026-02-16,1.7
e7b71c79-23ac-442e-be6d-69c5a7debeb0,5afd666b-497f-46ed-b98f-7d4ca698ae5e,2026-02-18,1.5
a94686bb-6c7b-4ec1-a3ce-5685aab86dd5,5afd666b-497f-46ed-b98f-7d4ca698ae5e,2026-02-24,1.5
ee703d9b-eb48-45b4-8ea3-7310963fe828,5afd666b-497f-46ed-b98f-7d4ca698ae5e,2026-02-25,4.6
ba265c5c-87af-42b9-95d7-7fb9ce4a95c7,5afd666b-497f-46ed-b98f-7d4ca698ae5e,2026-03-04,3.2
f0cc7aca-9ac8-46ca-9cc3-40b65fd88ee6,5afd666b-497f-46ed-b98f-7d4ca698ae5e,2026-03-12,3.7
6b9bd8a5-cc60-4b75-bc26-05444750b169,5afd666b-497f-46ed-b98f-7d4ca698ae5e,2026-03-24,2.5
08bdfc59-356a-4ede-978f-c140f0066fbd,5afd666b-497f-46ed-b98f-7d4ca698ae5e,2026-03-27,2.8
e485d538-9fca-401e-8486-d019036e4afb,5afd666b-497f-46ed-b98f-7d4ca698ae5e,2026-03-31,3.1
880fa484-a605-4a49-9685-5879e4cfa69f,5afd666b-497f-46ed-b98f-7d4ca698ae5e,2026-04-06,4.4
c66dc90d-a45b-4ae8-bbee-d91f32eef8af,5afd666b-497f-46ed-b98f-7d4ca698ae5e,2026-04-07,3.0
f87550e1-d41d-428a-8b79-1c0ba7fc3b2c,5afd666b-497f-46ed-b98f-7d4ca698ae5e,2026-04-08,4.3
c4ddf05b-e37f-41b7-96dd-19c9106e7033,5afd666b-497f-46ed-b98f-7d4ca698ae5e,2026-04-13,3.2
a5821725-b26a-49a3-95b6-c6cda9995428,5afd666b-497f-46ed-b98f-7d4ca698ae5e,2026-04-15,6.0
72694a3e-8e25-45e4-97c0-aea7189040c5,5afd666b-497f-46ed-b98f-7d4ca698ae5e,2026-04-16,5.1
5252cdfd-56d5-4036-b450-842409519c2a,5afd666b-497f-46ed-b98f-7d4ca698ae5e,2026-04-20,2.5
0789807c-edb6-4fd6-8bb4-01b862f4c956,5afd666b-497f-46ed-b98f-7d4ca698ae5e,2026-04-21,3.5
5e342ffe-785c-4857-8313-c875a48a97d9,5afd666b-497f-46ed-b98f-7d4ca698ae5e,2026-04-27,3.0
46ae38b1-a0be-48f9-9f3e-cd2ef3f31dc4,5afd666b-497f-46ed-b98f-7d4ca698ae5e,2026-04-28,3.3
eb716f3e-f6ee-44e2-b618-7b6e53dd97ee,5afd666b-497f-46ed-b98f-7d4ca698ae5e,2026-04-29,4.3
cbceac3a-1dfa-4cd2-bb56-79cdbbe8c595,5afd666b-497f-46ed-b98f-7d4ca698ae5e,2026-04-30,4.2
f161ddfe-6cb1-4fc6-b647-780ba72fc491,5afd666b-497f-46ed-b98f-7d4ca698ae5e,2026-05-11,4.2
d06ac38f-ca66-4d9d-ae79-c516b005363a,5afd666b-497f-46ed-b98f-7d4ca698ae5e,2026-05-12,4.6
1b102edb-dc94-47e7-ac69-bdd2d0e578c6,5afd666b-497f-46ed-b98f-7d4ca698ae5e,2026-05-18,2.3
78490dd0-00a9-4253-9243-bab4894f5db8,5afd666b-497f-46ed-b98f-7d4ca698ae5e,2026-05-22,5.2
63b7f833-c130-422d-a030-547c96d925ef,5afd666b-497f-46ed-b98f-7d4ca698ae5e,2026-05-26,3.4
ce16d128-56bd-459c-9615-bf1d7f8c5fb8,5afd666b-497f-46ed-b98f-7d4ca698ae5e,2026-06-01,5.7
f083a254-487e-475e-a162-eb7af180846f,5afd666b-497f-46ed-b98f-7d4ca698ae5e,2026-06-03,4.2
b6443e88-935d-4687-b7d6-cc8420825231,5afd666b-497f-46ed-b98f-7d4ca698ae5e,2026-06-04,3.6
4faa4fc3-da42-4c1a-b81f-66dd2dbeb36f,5afd666b-497f-46ed-b98f-7d4ca698ae5e,2026-06-05,5.1
c9aa26de-7af1-4adb-99e5-c0052b112c86,5afd666b-497f-46ed-b98f-7d4ca698ae5e,2026-06-09,5.8
a662a0dc-2f95-4020-94f7-bab9b6cb01c0,5afd666b-497f-46ed-b98f-7d4ca698ae5e,2026-06-15,5.0
f3c251d9-ec1b-468e-8cf5-a761a2caec00,5afd666b-497f-46ed-b98f-7d4ca698ae5e,2026-06-16,4.3
608f9379-b54c-4d92-b03b-fa1dec738d20,5afd666b-497f-46ed-b98f-7d4ca698ae5e,2026-06-17,6.6
9fdb3bb0-6372-4f6b-8e3c-837f6e2e2153,5afd666b-497f-46ed-b98f-7d4ca698ae5e,2026-06-22,4.0
02e674a9-673f-4d6f-b9e8-b62b1fadf0bc,5afd666b-497f-46ed-b98f-7d4ca698ae5e,2026-06-29,4.1
14249379-43e4-4da4-9073-e563cd7507e9,b3c25dee-163d-4b92-b954-bfbe12e5e16f,2026-01-05,1.7
68822b1a-296a-4fa0-bd05-6b1c2510718d,b3c25dee-163d-4b92-b954-bfbe12e5e16f,2026-01-07,3.5
5d1179ce-69a2-45a2-a063-5fe2c0cc276f,b3c25dee-163d-4b92-b954-bfbe12e5e16f,2026-01-22,3.8
859b94e4-fe9b-434b-ba64-4c2998ab8468,b3c25dee-163d-4b92-b954-bfbe12e5e16f,2026-01-28,2.4
c95aa2f8-0468-4395-8a60-820837262774,b3c25dee-163d-4b92-b954-bfbe12e5e16f,2026-01-29,4.1
92c8db95-fb4a-4d1c-9513-4efd2bfd9255,b3c25dee-163d-4b92-b954-bfbe12e5e16f,2026-02-03,1.7
9a490418-2da0-471f-ac47-e8455121d0ef,b3c25dee-163d-4b92-b954-bfbe12e5e16f,2026-02-11,3.8
fb697924-b489-43d6-9413-f1acd3a2d62c,b3c25dee-163d-4b92-b954-bfbe12e5e16f,2026-02-18,5.1
e657ef39-a7f9-4cdc-8044-298d92aad749,b3c25dee-163d-4b92-b954-bfbe12e5e16f,2026-02-26,4.4
69dcb957-3646-4be8-8bf8-a8dcdf21dbdf,b3c25dee-163d-4b92-b954-bfbe12e5e16f,2026-02-27,3.4
f582c927-1e7e-4aef-8036-4857032e57e0,b3c25dee-163d-4b92-b954-bfbe12e5e16f,2026-03-02,7.0
d9731c6b-b47c-4862-9ac7-a6c6abc91e68,b3c25dee-163d-4b92-b954-bfbe12e5e16f,2026-03-04,3.0
249d206b-6475-4e87-9076-0596f7e6520d,b3c25dee-163d-4b92-b954-bfbe12e5e16f,2026-03-06,4.2
bc3f0011-703c-4e64-b298-b32744449ae7,b3c25dee-163d-4b92-b954-bfbe12e5e16f,2026-03-10,5.7
cef2f71d-75bc-484b-855c-33386f5de231,b3c25dee-163d-4b92-b954-bfbe12e5e16f,2026-03-11,5.4
4e95b724-c183-42bc-a044-154f5b2ae667,b3c25dee-163d-4b92-b954-bfbe12e5e16f,2026-03-25,3.4
d0253f63-b6c8-4ebc-8816-a3e2d4ef83bc,b3c25dee-163d-4b92-b954-bfbe12e5e16f,2026-03-27,2.6
fda7ebe4-d42f-4c78-b88f-dd82c13fbdf2,b3c25dee-163d-4b92-b954-bfbe12e5e16f,2026-03-31,4.8
05f4a833-6d04-47ee-a8b7-0ed601263767,b3c25dee-163d-4b92-b954-bfbe12e5e16f,2026-04-07,5.0
299cb610-94fb-4a4d-84e4-521437011825,b3c25dee-163d-4b92-b954-bfbe12e5e16f,2026-04-14,4.4
3d418c04-61b1-4067-a94d-2b8d3e8cc89c,b3c25dee-163d-4b92-b954-bfbe12e5e16f,2026-04-22,5.4
7222fc2c-ae96-4171-9290-b8051f61af85,b3c25dee-163d-4b92-b954-bfbe12e5e16f,2026-04-30,3.3
ab278257-5477-4e25-9cf7-21c175af0996,b3c25dee-163d-4b92-b954-bfbe12e5e16f,2026-05-15,5.3
6d10327d-ec78-4d18-9a9d-d10e280a1df9,b3c25dee-163d-4b92-b954-bfbe12e5e16f,2026-05-20,5.5
87133b12-932b-466e-8c04-0fbfa1ed440b,b3c25dee-163d-4b92-b954-bfbe12e5e16f,2026-05-26,5.0
dcce33f4-d713-4078-a862-b1556c5b8be7,b3c25dee-163d-4b92-b954-bfbe12e5e16f,2026-06-01,3.5
9202c459-cc02-4e40-9ff1-bf9776134b09,b3c25dee-163d-4b92-b954-bfbe12e5e16f,2026-06-02,3.8
71bc3fbd-2d6e-4b16-97fe-2a0b35b9c23b,b3c25dee-163d-4b92-b954-bfbe12e5e16f,2026-06-03,4.3
41812c77-c667-4fcb-bcaf-e66858a3bd07,b3c25dee-163d-4b92-b954-bfbe12e5e16f,2026-06-09,4.9
51107a0c-8c0a-462c-8988-d36f0f178377,b3c25dee-163d-4b92-b954-bfbe12e5e16f,2026-06-17,2.4
1fc33871-5851-4851-af1a-eb4de0a7933e,b3c25dee-163d-4b92-b954-bfbe12e5e16f,2026-06-24,3.5
c04a4d56-2e52-4bda-97f0-44fb298993c9,b3c25dee-163d-4b92-b954-bfbe12e5e16f,2026-06-26,4.9
6a40a899-4474-4811-9e36-cb496c77c71e,e3781c20-9024-4d35-93d0-ea9a3e3ea717,2026-01-07,1.7
cf30de08-228a-4b92-9b36-6735bd1a759d,e3781c20-9024-4d35-93d0-ea9a3e3ea717,2026-01-09,4.8
0e589466-e68b-4cb6-a88c-a862769770a2,e3781c20-9024-4d35-93d0-ea9a3e3ea717,2026-01-12,5.6
e6bc08ec-219f-4932-a34b-b749c17b400f,e3781c20-9024-4d35-93d0-ea9a3e3ea717,2026-01-16,2.4
2e4a9e1f-4342-499e-a0ef-fbf5cb751392,e3781c20-9024-4d35-93d0-ea9a3e3ea717,2026-01-28,6.2
a561cc0f-9e75-4555-9d25-18d7d8ce90d7,e3781c20-9024-4d35-93d0-ea9a3e3ea717,2026-02-04,1.5
44be0ebd-d3af-425d-9724-55c164438be9,e3781c20-9024-4d35-93d0-ea9a3e3ea717,2026-02-09,3.8
e6a1256e-1103-44f4-9c16-1fe3497bf00a,e3781c20-9024-4d35-93d0-ea9a3e3ea717,2026-02-20,3.2
3351e274-3818-459c-845c-daf1e6405588,e3781c20-9024-4d35-93d0-ea9a3e3ea717,2026-02-27,2.6
669bb304-9f75-4dce-8a5d-0f8cbb5a62f2,e3781c20-9024-4d35-93d0-ea9a3e3ea717,2026-03-04,5.1
8a1b0f25-2117-462f-96f1-7f27482340bd,e3781c20-9024-4d35-93d0-ea9a3e3ea717,2026-03-09,2.3
a8df4455-9948-464e-b853-ff73ceef36ae,e3781c20-9024-4d35-93d0-ea9a3e3ea717,2026-03-11,5.8
6980c3a3-2f03-4072-a2ab-36c4f4a095ba,e3781c20-9024-4d35-93d0-ea9a3e3ea717,2026-03-19,4.0
e1529d9b-da30-4f49-9e26-5fb036973b9a,e3781c20-9024-4d35-93d0-ea9a3e3ea717,2026-03-23,3.0
bd397b6c-5d3b-4ba6-b17f-7f92c53f6ab2,e3781c20-9024-4d35-93d0-ea9a3e3ea717,2026-03-31,4.7
e36254b0-e729-40c8-ae6f-67a4c4316f27,e3781c20-9024-4d35-93d0-ea9a3e3ea717,2026-04-10,3.7
37ff0968-d760-4f07-b4b3-7d0567b1887a,e3781c20-9024-4d35-93d0-ea9a3e3ea717,2026-04-13,3.8
b9323d18-b341-4600-95e2-76e03c183afe,e3781c20-9024-4d35-93d0-ea9a3e3ea717,2026-04-14,2.5
e324044e-1ea9-4ed2-8756-f6a793432723,e3781c20-9024-4d35-93d0-ea9a3e3ea717,2026-04-29,5.4
b1466f4a-d063-4f0c-aac8-ce8b7ab12bb9,e3781c20-9024-4d35-93d0-ea9a3e3ea717,2026-05-04,4.0
27bb34f0-e0f4-49c8-847b-ad19491782b2,e3781c20-9024-4d35-93d0-ea9a3e3ea717,2026-05-05,3.6
082e5214-63d6-423b-b096-e947120a8421,e3781c20-9024-4d35-93d0-ea9a3e3ea717,2026-05-06,3.9
d229de39-62c0-4813-9026-f7ae5c422b0b,e3781c20-9024-4d35-93d0-ea9a3e3ea717,2026-05-07,4.3
f23d7ff1-c4f6-451f-9447-22f5ba6c562f,e3781c20-9024-4d35-93d0-ea9a3e3ea717,2026-05-11,2.9
17e221ca-2c5d-40c6-81f1-07e48e15739c,e3781c20-9024-4d35-93d0-ea9a3e3ea717,2026-06-04,3.2
c2b4d44d-2bb2-484d-bde5-516e7fec94e3,e3781c20-9024-4d35-93d0-ea9a3e3ea717,2026-06-08,5.1
1f6fe441-2735-4ab1-af5a-9813f515eced,e3781c20-9024-4d35-93d0-ea9a3e3ea717,2026-06-17,3.2
6c2ba0e3-f380-4ad6-a7a2-2ceafd892033,e3781c20-9024-4d35-93d0-ea9a3e3ea717,2026-06-26,4.2
ea1ce873-2734-4f1c-925a-f4b28308a4ed,a2a12189-ff88-4e74-b0fa-debe93d6b1be,2026-01-01,6.3
0027f988-d5b9-476e-8a38-6632fa6819f1,a2a12189-ff88-4e74-b0fa-debe93d6b1be,2026-01-05,3.6
d7eccd72-6243-4297-a18d-bbf10f2fad22,a2a12189-ff88-4e74-b0fa-debe93d6b1be,2026-01-06,4.8
a2897a21-16c7-4782-a9b9-b32b0dcc64f3,a2a12189-ff88-4e74-b0fa-debe93d6b1be,2026-01-08,4.6
2fa87c31-9276-4d30-93d5-12ff28e12a45,a2a12189-ff88-4e74-b0fa-debe93d6b1be,2026-01-09,3.5
d156f2d4-41f4-45fe-b3d5-d5fe31858de0,a2a12189-ff88-4e74-b0fa-debe93d6b1be,2026-01-13,3.2
0a562d13-1620-4d22-a713-ff266f230366,a2a12189-ff88-4e74-b0fa-debe93d6b1be,2026-01-15,3.2
19398723-e63d-46d6-8816-0df871ac24e1,a2a12189-ff88-4e74-b0fa-debe93d6b1be,2026-01-28,4.8
23d694ef-01bd-44a9-9e43-cc25476bc4e7,a2a12189-ff88-4e74-b0fa-debe93d6b1be,2026-01-30,4.0
524224d9-14e8-4f13-9fa4-b8379e0f1260,a2a12189-ff88-4e74-b0fa-debe93d6b1be,2026-02-09,3.6
372d0a42-3e89-4ec2-a624-6b50d88930a5,a2a12189-ff88-4e74-b0fa-debe93d6b1be,2026-02-10,6.3
7e5d604b-f317-4225-aea4-4bfd588741a5,a2a12189-ff88-4e74-b0fa-debe93d6b1be,2026-02-11,5.4
d0462d54-819a-4ac3-a284-5eca02e335b3,a2a12189-ff88-4e74-b0fa-debe93d6b1be,2026-02-17,4.4
47f2bb0e-edb3-46d7-a7bb-159e95267d88,a2a12189-ff88-4e74-b0fa-debe93d6b1be,2026-02-23,6.3
0f7f7d2c-0039-4c5e-8f56-dbd3d6a84e85,a2a12189-ff88-4e74-b0fa-debe93d6b1be,2026-03-06,3.7
f3f50ba6-8f8b-4106-96a7-e68f13d98116,a2a12189-ff88-4e74-b0fa-debe93d6b1be,2026-03-19,7.6
39ab74f5-b5ce-49b9-aeca-36be1eb52e57,a2a12189-ff88-4e74-b0fa-debe93d6b1be,2026-03-27,3.7
48a63dcb-e708-41fe-847d-5c0a52a15fff,a2a12189-ff88-4e74-b0fa-debe93d6b1be,2026-03-30,5.0
95234bba-d643-4e26-b3d8-63ff08754d28,a2a12189-ff88-4e74-b0fa-debe93d6b1be,2026-04-01,6.1
cfd0e742-7303-4d65-bce8-8d2e99b56c7f,a2a12189-ff88-4e74-b0fa-debe93d6b1be,2026-04-06,5.1
f76ada07-3f1a-4477-b265-6a47847803d7,a2a12189-ff88-4e74-b0fa-debe93d6b1be,2026-04-07,4.0
003e2421-f64e-4405-9ce3-429656f4a156,a2a12189-ff88-4e74-b0fa-debe93d6b1be,2026-04-15,2.9
1afd728a-e7d2-4337-ac5e-ddf62cba683c,a2a12189-ff88-4e74-b0fa-debe93d6b1be,2026-04-21,3.3
4e400fe9-7491-4faf-8521-70028c5371a8,a2a12189-ff88-4e74-b0fa-debe93d6b1be,2026-04-30,5.4
28b6bcc1-687a-437c-9867-606886af4d69,a2a12189-ff88-4e74-b0fa-debe93d6b1be,2026-05-06,3.8
4ec96790-2999-4406-ac3d-eb65b8733a32,a2a12189-ff88-4e74-b0fa-debe93d6b1be,2026-05-07,2.3
cfaf16a3-5e31-4789-aef8-c0532f0e4c9a,a2a12189-ff88-4e74-b0fa-debe93d6b1be,2026-05-18,4.5
5720f50d-512d-49ef-8fb4-7f870c1b5788,a2a12189-ff88-4e74-b0fa-debe93d6b1be,2026-05-20,6.3
70444d12-932c-4d8a-88da-61007e64ee5c,a2a12189-ff88-4e74-b0fa-debe93d6b1be,2026-05-25,4.3
fd06f246-738f-469c-9f4b-d919b7c2f171,a2a12189-ff88-4e74-b0fa-debe93d6b1be,2026-05-26,4.0
2c80df5f-0fa6-4bc2-8282-c9b7e8e78264,a2a12189-ff88-4e74-b0fa-debe93d6b1be,2026-06-01,5.4
dc4257cf-5c04-44aa-973e-94d34f9173fa,a2a12189-ff88-4e74-b0fa-debe93d6b1be,2026-06-02,4.2
a500f4f6-d067-41b6-9d95-554cfc30dd92,a2a12189-ff88-4e74-b0fa-debe93d6b1be,2026-06-08,4.8
3f59aaf4-4255-4a89-b509-46cc5861647c,a2a12189-ff88-4e74-b0fa-debe93d6b1be,2026-06-23,5.5
aafa1ea4-16ec-4cc6-b56f-7d84eee2ae3d,738d5915-4233-4d01-a945-cbeabf75cd21,2026-01-02,5.2
87ec8653-6fa5-4b1b-b01e-5b54c8b03961,738d5915-4233-4d01-a945-cbeabf75cd21,2026-01-07,3.2
96accb5f-e177-4f5e-abf7-ede219ec0269,738d5915-4233-4d01-a945-cbeabf75cd21,2026-01-09,3.6
182328c2-e573-4085-b436-928e209b4d72,738d5915-4233-4d01-a945-cbeabf75cd21,2026-01-16,2.2
6b9375a4-6b73-4c7b-b8cb-b4530c089121,738d5915-4233-4d01-a945-cbeabf75cd21,2026-01-19,4.5
3e82b713-4d72-4214-8d08-e4ddb23a0b35,738d5915-4233-4d01-a945-cbeabf75cd21,2026-01-23,8.0
3eccfb05-e436-48c4-8054-112eefadc514,738d5915-4233-4d01-a945-cbeabf75cd21,2026-01-30,5.4
d14ca06b-a585-4699-b3d4-e059ca3e8262,738d5915-4233-4d01-a945-cbeabf75cd21,2026-02-11,5.1
ecf37719-c251-43e1-80d5-f2d6c62bc0fb,738d5915-4233-4d01-a945-cbeabf75cd21,2026-02-13,5.9
8a05c785-264a-415e-8455-bf3bcdbb99ab,738d5915-4233-4d01-a945-cbeabf75cd21,2026-02-16,5.2
84f84bc8-28d5-4a07-a176-7503e0a39a1f,738d5915-4233-4d01-a945-cbeabf75cd21,2026-02-23,4.2
36e9a59b-d1d1-4058-a0cf-5300fedf516d,738d5915-4233-4d01-a945-cbeabf75cd21,2026-02-25,2.9
56200bb5-a93c-4c63-9eb5-9e46ab7de430,738d5915-4233-4d01-a945-cbeabf75cd21,2026-03-04,5.8
146cedea-d287-49cb-a125-d9f0dc630820,738d5915-4233-4d01-a945-cbeabf75cd21,2026-03-05,2.2
216b8eb8-42c0-40d6-9b9c-67c519d58971,738d5915-4233-4d01-a945-cbeabf75cd21,2026-03-13,5.0
102a2ca9-60ac-4295-90c8-92574466a161,738d5915-4233-4d01-a945-cbeabf75cd21,2026-03-16,4.1
98707237-6a22-45ce-afe2-3ca4ed1f4d7b,738d5915-4233-4d01-a945-cbeabf75cd21,2026-03-30,4.0
7ea5b125-81ba-4c46-b404-da9ac519aadd,738d5915-4233-4d01-a945-cbeabf75cd21,2026-03-31,3.8
8e373de5-cbfb-42a3-b37c-9d792455f95b,738d5915-4233-4d01-a945-cbeabf75cd21,2026-04-01,3.0
03c55ae8-bf69-466c-9364-4234cb7c561b,738d5915-4233-4d01-a945-cbeabf75cd21,2026-04-09,4.4
1aeb778d-8922-411e-aec3-415dd4c38e83,738d5915-4233-4d01-a945-cbeabf75cd21,2026-04-13,4.9
472a6b4e-c5a6-4edf-a17b-7c465762bb52,738d5915-4233-4d01-a945-cbeabf75cd21,2026-04-14,3.4
8b14a67b-b2d0-482c-92b7-3129429c4f53,738d5915-4233-4d01-a945-cbeabf75cd21,2026-04-16,2.0
02331728-21aa-4485-bd6d-bacb993b30c9,738d5915-4233-4d01-a945-cbeabf75cd21,2026-04-29,3.3
6f9ea39b-5d5f-407a-95c2-9ed5c89419ec,738d5915-4233-4d01-a945-cbeabf75cd21,2026-04-30,5.5
e8adbc3a-6800-4f76-9c6d-c07a8e26f439,738d5915-4233-4d01-a945-cbeabf75cd21,2026-05-06,4.2
1f6d27e7-b181-4ed3-9631-c6aa06f76379,738d5915-4233-4d01-a945-cbeabf75cd21,2026-05-19,2.4
ae17eb27-37d5-45c0-88e6-a74ac95c2b93,738d5915-4233-4d01-a945-cbeabf75cd21,2026-06-02,4.7
bb5a291d-d329-4985-a862-9f59a4889ddc,738d5915-4233-4d01-a945-cbeabf75cd21,2026-06-10,5.0
0ebcd794-5a4a-4a89-8eee-ef2c83ab9cbb,738d5915-4233-4d01-a945-cbeabf75cd21,2026-06-11,6.4
504612f3-387d-42c8-9fbb-076832da0a90,738d5915-4233-4d01-a945-cbeabf75cd21,2026-06-18,1.6
bb783c7f-1837-4eac-a9dd-120e2b3ac9d3,738d5915-4233-4d01-a945-cbeabf75cd21,2026-06-19,6.3
3d549ef9-17db-440d-8004-45fa9ba2bc3f,738d5915-4233-4d01-a945-cbeabf75cd21,2026-06-29,6.6
f45de375-9f3a-4cb4-9195-88f62c9cbb7d,776de020-0fd7-491a-8f35-c0dc5f24cc27,2026-01-06,5.1
c3573716-334a-4510-996d-72c97980ca7f,776de020-0fd7-491a-8f35-c0dc5f24cc27,2026-01-07,2.8
55ab8893-070d-4d44-9956-bef74aa46bc2,776de020-0fd7-491a-8f35-c0dc5f24cc27,2026-01-13,2.3
4245ac99-f79a-4fab-bf0d-bf7acc083e47,776de020-0fd7-491a-8f35-c0dc5f24cc27,2026-01-20,3.8
15993692-de47-4df0-8839-166fa8971d5f,776de020-0fd7-491a-8f35-c0dc5f24cc27,2026-01-26,3.7
acd7a7e9-7b64-49d8-b4b1-cdd5da88a1b2,776de020-0fd7-491a-8f35-c0dc5f24cc27,2026-01-28,3.7
0809528d-aa8d-40d9-8b5b-b78427e4bfaa,776de020-0fd7-491a-8f35-c0dc5f24cc27,2026-01-30,5.6
e946dd72-77da-4125-90ce-2b27fab81708,776de020-0fd7-491a-8f35-c0dc5f24cc27,2026-02-04,1.5
332d953c-3864-4e5f-884a-b98674ca11e1,776de020-0fd7-491a-8f35-c0dc5f24cc27,2026-02-10,4.7
f7bc3baf-5e16-425a-9f1a-bbc3ce0af870,776de020-0fd7-491a-8f35-c0dc5f24cc27,2026-03-03,2.3
c0a79dce-60b1-4522-81d4-e5ab2497e17d,776de020-0fd7-491a-8f35-c0dc5f24cc27,2026-03-05,4.1
ab29a4fc-d95e-4ad9-9035-2051dd695d21,776de020-0fd7-491a-8f35-c0dc5f24cc27,2026-03-06,2.6
431ebf84-33a5-4738-813a-44684687161e,776de020-0fd7-491a-8f35-c0dc5f24cc27,2026-03-09,4.2
2891637a-fe9d-43a6-bb86-472374d2e49e,776de020-0fd7-491a-8f35-c0dc5f24cc27,2026-03-10,2.5
bacec635-dcd2-4d24-ba90-1dd2f231524b,776de020-0fd7-491a-8f35-c0dc5f24cc27,2026-03-13,2.7
216bba64-794c-472c-a4f5-988918658240,776de020-0fd7-491a-8f35-c0dc5f24cc27,2026-03-20,4.3
d4020f2d-001c-43b4-a345-f2cd6b18dfbb,776de020-0fd7-491a-8f35-c0dc5f24cc27,2026-03-25,4.2
52efa178-fbfa-4194-a980-9d4653daffe9,776de020-0fd7-491a-8f35-c0dc5f24cc27,2026-03-27,2.4
634915db-23e7-43cc-9d7b-ea7064ade2fe,776de020-0fd7-491a-8f35-c0dc5f24cc27,2026-03-31,2.6
fa3203ac-23c5-43c2-9b7e-d677c095e966,776de020-0fd7-491a-8f35-c0dc5f24cc27,2026-04-01,5.5
b1f76cd4-93dd-47d6-a00b-36f3b1f56387,776de020-0fd7-491a-8f35-c0dc5f24cc27,2026-04-02,3.2
94637f92-fcad-4b71-9287-1b90ce022903,776de020-0fd7-491a-8f35-c0dc5f24cc27,2026-04-06,4.8
e8ed0088-7fae-4cae-9780-8dd9090aa674,776de020-0fd7-491a-8f35-c0dc5f24cc27,2026-04-10,2.6
80e724f5-1bbe-4a3e-bf88-4b33fd87964d,776de020-0fd7-491a-8f35-c0dc5f24cc27,2026-04-14,5.5
5afcc852-3b95-412e-9be0-3aa0793bd918,776de020-0fd7-491a-8f35-c0dc5f24cc27,2026-04-17,5.3
6de5b50e-ef19-4a88-a5a9-f9e62bc1b2b4,776de020-0fd7-491a-8f35-c0dc5f24cc27,2026-05-04,4.0
5776464b-1901-4a9e-a85d-eb232c1cb732,776de020-0fd7-491a-8f35-c0dc5f24cc27,2026-05-12,2.5
fe904d15-983e-4183-b2c8-79727b5a287f,776de020-0fd7-491a-8f35-c0dc5f24cc27,2026-05-13,2.5
8c6de0c1-b85b-4dc5-9ebb-8841f2284cd2,776de020-0fd7-491a-8f35-c0dc5f24cc27,2026-05-14,3.2
ef02d98c-4a37-445a-8ce3-fad2085c6511,776de020-0fd7-491a-8f35-c0dc5f24cc27,2026-05-18,3.5
567fd08e-a2c2-448b-9f9b-922046b3589a,776de020-0fd7-491a-8f35-c0dc5f24cc27,2026-05-26,3.4
c47bcb26-e923-460e-b746-0eb144c0cab1,776de020-0fd7-491a-8f35-c0dc5f24cc27,2026-06-08,3.8
93ace421-e5d6-4579-ad89-75f1f29fd884,776de020-0fd7-491a-8f35-c0dc5f24cc27,2026-06-12,1.5
e6a7f841-6e81-470a-9840-ec9e2842f295,776de020-0fd7-491a-8f35-c0dc5f24cc27,2026-06-17,3.5
f0d8d83e-9123-4940-9aed-593ccd1e0fa5,776de020-0fd7-491a-8f35-c0dc5f24cc27,2026-06-22,3.6
990c6c48-d2ca-4b51-9f5f-6b7d0cda92af,776de020-0fd7-491a-8f35-c0dc5f24cc27,2026-06-23,5.7
9c93974b-de27-4085-bcd8-aaeee4b8f0ff,70951eb3-027c-4216-abb2-4e4b5e030d7c,2026-01-09,5.1
99ccb37d-7046-45a7-bf1d-a53f9a2caa3a,70951eb3-027c-4216-abb2-4e4b5e030d7c,2026-01-13,3.8
1882b37f-d32c-4c22-be04-9dadd996fddb,70951eb3-027c-4216-abb2-4e4b5e030d7c,2026-01-16,1.6
d1b37151-1ba0-4d69-b89f-6e1c0137cd8b,70951eb3-027c-4216-abb2-4e4b5e030d7c,2026-01-23,5.4
f4147ef6-fab3-46ce-b9ed-76a32e3f6681,70951eb3-027c-4216-abb2-4e4b5e030d7c,2026-01-28,4.5
a348f1d4-360a-44ff-8214-89a06d171b04,70951eb3-027c-4216-abb2-4e4b5e030d7c,2026-02-04,5.1
4b776d2e-cfb7-4536-9b7b-b55dad3ad6c2,70951eb3-027c-4216-abb2-4e4b5e030d7c,2026-02-13,5.9
7e54b4dd-4587-4cef-8648-186245580e9b,70951eb3-027c-4216-abb2-4e4b5e030d7c,2026-02-23,2.6
910c5471-7e38-48ea-b7b2-1fdca3638aed,70951eb3-027c-4216-abb2-4e4b5e030d7c,2026-03-03,4.2
6b7e3190-bf1b-45dc-ab4e-05cda0d7e7a4,70951eb3-027c-4216-abb2-4e4b5e030d7c,2026-03-09,2.1
9d7ec1eb-e3ce-4d04-b640-db975b437b9a,70951eb3-027c-4216-abb2-4e4b5e030d7c,2026-03-11,3.7
5f9cc27b-a430-42f0-9f58-1faae412aba3,70951eb3-027c-4216-abb2-4e4b5e030d7c,2026-03-16,5.2
c35e0fc5-ecca-445f-99d8-bdd48b38ec4a,70951eb3-027c-4216-abb2-4e4b5e030d7c,2026-03-19,5.0
2fcd8698-7235-4df4-b3bb-fb2d7499ece5,70951eb3-027c-4216-abb2-4e4b5e030d7c,2026-03-23,5.0
94b312e2-395a-490b-9663-e39022880a1c,70951eb3-027c-4216-abb2-4e4b5e030d7c,2026-03-24,2.5
24db0c30-07ea-4da0-8f56-1bb764b32999,70951eb3-027c-4216-abb2-4e4b5e030d7c,2026-03-25,4.3
78bd357c-4950-40a5-b5b8-26d28fda129d,70951eb3-027c-4216-abb2-4e4b5e030d7c,2026-04-02,4.6
b4db1feb-e376-4535-96ae-1013ccb00cf5,70951eb3-027c-4216-abb2-4e4b5e030d7c,2026-04-10,4.5
a34eed08-0579-4b38-bbb3-8ede31d834aa,70951eb3-027c-4216-abb2-4e4b5e030d7c,2026-04-13,2.7
377b75cb-3905-49ba-b0ae-1909f0011954,70951eb3-027c-4216-abb2-4e4b5e030d7c,2026-04-16,3.0
1055c3ad-678e-4287-9f0d-2fffb62c47dd,70951eb3-027c-4216-abb2-4e4b5e030d7c,2026-04-20,3.9
86f08f71-0f23-4731-a2a1-7e4ae9f59b28,70951eb3-027c-4216-abb2-4e4b5e030d7c,2026-04-24,4.6
b39de08a-9da2-4685-b5e3-47de7e12aede,70951eb3-027c-4216-abb2-4e4b5e030d7c,2026-04-28,4.1
3c3d8c45-b33c-4c24-8500-0c81d12120a2,70951eb3-027c-4216-abb2-4e4b5e030d7c,2026-05-01,4.4
ce9266be-26f4-49f5-82e0-d70c4c36884f,70951eb3-027c-4216-abb2-4e4b5e030d7c,2026-05-04,4.9
f291ee0c-d557-41a6-b391-05552ceed74d,70951eb3-027c-4216-abb2-4e4b5e030d7c,2026-05-08,4.6
fc9d2f36-b3c3-42c5-bfad-d88a7a57baf2,70951eb3-027c-4216-abb2-4e4b5e030d7c,2026-05-11,5.2
7134e5a4-889a-4ae5-a802-91e800a3dc10,70951eb3-027c-4216-abb2-4e4b5e030d7c,2026-05-12,3.3
8c982426-acf9-4a5c-8bdf-254ceedeb560,70951eb3-027c-4216-abb2-4e4b5e030d7c,2026-05-13,4.3
239c2765-491e-4c61-806a-cbe92bf1bd48,70951eb3-027c-4216-abb2-4e4b5e030d7c,2026-05-29,2.5
1cf8033f-ebd2-40be-8382-c50c3405cdfb,70951eb3-027c-4216-abb2-4e4b5e030d7c,2026-06-01,4.6
68353ded-8b42-4201-8ecf-4251c80f8dfc,70951eb3-027c-4216-abb2-4e4b5e030d7c,2026-06-02,3.5
1f50a6e5-7a29-4010-bc05-ba32e40d595e,70951eb3-027c-4216-abb2-4e4b5e030d7c,2026-06-03,3.9
54a8a418-750e-4c89-ab14-8478a43124ff,70951eb3-027c-4216-abb2-4e4b5e030d7c,2026-06-09,5.5
a52f0de9-f34c-483f-b4ea-6b2f90ba8644,70951eb3-027c-4216-abb2-4e4b5e030d7c,2026-06-16,3.9
9e1497e8-6cb0-4486-8f5a-b1fdda2acc67,70951eb3-027c-4216-abb2-4e4b5e030d7c,2026-06-18,3.0
512d4bce-4871-4505-a147-8dc5c8ee7628,70951eb3-027c-4216-abb2-4e4b5e030d7c,2026-06-19,4.1
978e761c-dbbe-4c2a-8f1f-f54d4db910e4,70951eb3-027c-4216-abb2-4e4b5e030d7c,2026-06-23,1.5
dc19c707-4977-4821-a4ca-e34564e42028,70951eb3-027c-4216-abb2-4e4b5e030d7c,2026-06-25,2.0
46c37518-0ba4-4c98-8563-22ba1afe1783,70951eb3-027c-4216-abb2-4e4b5e030d7c,2026-06-29,4.4
90434ffa-7955-43b4-8833-c4e2c11ae9c7,1fcad298-5dca-4a2a-844e-5ef6a36cd8eb,2026-01-02,3.9
dd47653b-a86d-4cf1-aed7-eb5d8aae4a8e,1fcad298-5dca-4a2a-844e-5ef6a36cd8eb,2026-01-06,5.5
f716f0bb-7eba-4e50-b529-05006509be6a,1fcad298-5dca-4a2a-844e-5ef6a36cd8eb,2026-01-07,4.0
8a805c7c-2670-4514-aa31-4495944f4463,1fcad298-5dca-4a2a-844e-5ef6a36cd8eb,2026-01-12,5.4
68f739a1-b29c-44df-8ac3-7858be40bdf0,1fcad298-5dca-4a2a-844e-5ef6a36cd8eb,2026-01-13,4.8
b7ae48fe-2a57-4504-9804-e013bd665d0f,1fcad298-5dca-4a2a-844e-5ef6a36cd8eb,2026-01-21,5.7
83f5c0ee-62c4-4b05-8111-58ff667054a5,1fcad298-5dca-4a2a-844e-5ef6a36cd8eb,2026-01-29,8.0
92c7c6e5-67dc-4613-8fd0-2c1d09c34e6a,1fcad298-5dca-4a2a-844e-5ef6a36cd8eb,2026-01-30,6.8
82d175a7-e713-474f-a138-d17d0fee7aca,1fcad298-5dca-4a2a-844e-5ef6a36cd8eb,2026-02-02,3.0
98db8499-8f4b-4508-84b8-82b6d9ec9cd7,1fcad298-5dca-4a2a-844e-5ef6a36cd8eb,2026-02-10,5.1
67448f8e-caa3-479f-b8a4-7a99eca5be91,1fcad298-5dca-4a2a-844e-5ef6a36cd8eb,2026-02-16,3.7
4f4f2a70-b337-4b97-8c8f-69e790a3cdee,1fcad298-5dca-4a2a-844e-5ef6a36cd8eb,2026-03-06,3.7
3aef9a4a-1afa-4b24-a8fa-99332baaf59f,1fcad298-5dca-4a2a-844e-5ef6a36cd8eb,2026-03-11,3.7
33cb0fdc-1df6-48c8-92f6-acf2eb92e6cc,1fcad298-5dca-4a2a-844e-5ef6a36cd8eb,2026-03-17,3.7
25a054b5-997e-4203-8f8c-47158ef02598,1fcad298-5dca-4a2a-844e-5ef6a36cd8eb,2026-03-20,7.2
557fea02-ed7b-4b92-a9e4-080d511f972d,1fcad298-5dca-4a2a-844e-5ef6a36cd8eb,2026-03-27,4.0
7f1ae18f-2d27-4c64-aeea-6403a556b109,1fcad298-5dca-4a2a-844e-5ef6a36cd8eb,2026-04-06,3.0
e8386e61-cb00-495b-b7e1-ce88ee969a59,1fcad298-5dca-4a2a-844e-5ef6a36cd8eb,2026-04-07,4.9
c222b8ae-bafe-49d9-bcf2-829ab808730a,1fcad298-5dca-4a2a-844e-5ef6a36cd8eb,2026-04-09,4.1
9815d490-83aa-459b-9b1f-b44d7ce10002,1fcad298-5dca-4a2a-844e-5ef6a36cd8eb,2026-04-15,4.9
11ce978b-e06a-457c-9eae-149c6393dbbd,1fcad298-5dca-4a2a-844e-5ef6a36cd8eb,2026-04-23,5.4
5796fa42-9d57-48dd-8d39-9c223ae2113d,1fcad298-5dca-4a2a-844e-5ef6a36cd8eb,2026-04-28,4.7
63d70ae2-f48a-4de3-8102-c273f4af57a3,1fcad298-5dca-4a2a-844e-5ef6a36cd8eb,2026-04-29,4.1
5c00e855-0628-4259-a83e-fc12980881fe,1fcad298-5dca-4a2a-844e-5ef6a36cd8eb,2026-04-30,7.2
24c114f9-6913-491e-b3b7-1ef4252f1639,1fcad298-5dca-4a2a-844e-5ef6a36cd8eb,2026-05-11,5.5
2a7f3623-02fc-4640-8bad-9b3822f38be6,1fcad298-5dca-4a2a-844e-5ef6a36cd8eb,2026-05-19,4.3
7a93e1c0-946f-455a-ae71-d146a5772124,1fcad298-5dca-4a2a-844e-5ef6a36cd8eb,2026-05-25,3.5
2fb15af3-56eb-4ef8-b8d1-4b6fe0b9f35c,1fcad298-5dca-4a2a-844e-5ef6a36cd8eb,2026-06-01,2.9
0c674467-4359-413e-a529-75397b751c52,1fcad298-5dca-4a2a-844e-5ef6a36cd8eb,2026-06-08,6.6
6c837c0d-3b76-41c2-95db-2f6477d56940,1fcad298-5dca-4a2a-844e-5ef6a36cd8eb,2026-06-10,4.3
03faacd8-827a-4956-a9c3-834d6e79c9d8,1fcad298-5dca-4a2a-844e-5ef6a36cd8eb,2026-06-11,5.4
0abd33c3-5069-4fa6-8ffd-11f3500622ad,1fcad298-5dca-4a2a-844e-5ef6a36cd8eb,2026-06-22,2.5
1718e2aa-c41e-467f-8d60-ab5892f4898d,1fcad298-5dca-4a2a-844e-5ef6a36cd8eb,2026-06-25,4.5
258f9e5c-0314-4afb-8924-09cebaa44929,6a0afa9d-a509-4d89-97d6-03729267f700,2026-01-15,4.2
33328709-0338-4969-8691-8e13063b99e2,6a0afa9d-a509-4d89-97d6-03729267f700,2026-01-27,4.0
9dac40ae-b880-4461-b3e2-c34f833bf6c5,6a0afa9d-a509-4d89-97d6-03729267f700,2026-01-28,5.0
1931e1e0-1155-4666-b191-4f5d1829e8c8,6a0afa9d-a509-4d89-97d6-03729267f700,2026-01-29,2.2
f11e523c-9712-418a-80c6-90b6a7f01609,6a0afa9d-a509-4d89-97d6-03729267f700,2026-02-02,3.7
1fdd2d7b-4eaa-409a-b307-7ca420208317,6a0afa9d-a509-4d89-97d6-03729267f700,2026-02-03,1.5
7bcef62d-afa3-4cef-b263-8154192f3aa7,6a0afa9d-a509-4d89-97d6-03729267f700,2026-02-10,5.8
7a7dd56d-0f0d-408a-ab0d-67d8d83af0e3,6a0afa9d-a509-4d89-97d6-03729267f700,2026-02-12,4.3
146d9614-6233-485c-87b0-d199ca173e02,6a0afa9d-a509-4d89-97d6-03729267f700,2026-02-13,4.9
471aa3ad-84b0-48bb-b0d3-49393ae703f8,6a0afa9d-a509-4d89-97d6-03729267f700,2026-02-16,6.2
51b99887-1553-49d0-bdee-31f050efd925,6a0afa9d-a509-4d89-97d6-03729267f700,2026-02-17,2.6
51754154-87c2-4137-a70c-269d597cc750,6a0afa9d-a509-4d89-97d6-03729267f700,2026-02-18,4.6
5a570562-e39f-44f4-b29d-1726301198e9,6a0afa9d-a509-4d89-97d6-03729267f700,2026-03-03,4.0
c2b860a1-8bf9-442d-b36d-0a94fe13a735,6a0afa9d-a509-4d89-97d6-03729267f700,2026-03-16,4.5
ce25cfe5-4f5f-40c9-9cf2-0dcbd66735b3,6a0afa9d-a509-4d89-97d6-03729267f700,2026-03-17,4.0
53b279d1-dcb2-43c8-99f0-e12c67319cc2,6a0afa9d-a509-4d89-97d6-03729267f700,2026-03-23,5.8
6b575a68-2ba3-4c51-be23-d183d39d14b8,6a0afa9d-a509-4d89-97d6-03729267f700,2026-03-26,4.9
46bc70ed-8d66-4903-ac53-707f12f17bed,6a0afa9d-a509-4d89-97d6-03729267f700,2026-04-06,2.9
2ce2b240-ae42-46c0-8c9c-1b2e531b02f6,6a0afa9d-a509-4d89-97d6-03729267f700,2026-04-08,2.7
605adbaf-3516-4beb-93a9-8ed09875e2de,6a0afa9d-a509-4d89-97d6-03729267f700,2026-04-17,5.2
7ffdc14b-3e41-408e-8e28-379d20b016f0,6a0afa9d-a509-4d89-97d6-03729267f700,2026-04-23,2.3
5f42a548-a265-4ab4-a457-9db354d640fa,6a0afa9d-a509-4d89-97d6-03729267f700,2026-04-29,3.4
fefcd4e2-6e88-4914-ac91-f71287e3b8b6,6a0afa9d-a509-4d89-97d6-03729267f700,2026-04-30,5.1
db297248-605f-4802-8c6e-5ffdddcaa078,6a0afa9d-a509-4d89-97d6-03729267f700,2026-05-04,6.4
40a6e19f-442c-4578-9f8a-b7405da74818,6a0afa9d-a509-4d89-97d6-03729267f700,2026-05-07,2.4
ed3b39a8-2f9d-4e8a-9fd7-a83ab4cf9cf3,6a0afa9d-a509-4d89-97d6-03729267f700,2026-05-13,5.4
83dbb6a7-f193-48f2-9468-ee1ea81b991d,6a0afa9d-a509-4d89-97d6-03729267f700,2026-05-20,5.1
fee536f2-bc29-44e3-b60d-e7ad93ad4049,6a0afa9d-a509-4d89-97d6-03729267f700,2026-05-22,3.5
91e208ce-3501-45a4-90ad-26c3dec99eb4,6a0afa9d-a509-4d89-97d6-03729267f700,2026-05-25,4.6
020eeb7e-4c04-4fda-a511-f1f8b3e3e7b4,6a0afa9d-a509-4d89-97d6-03729267f700,2026-06-02,4.0
974bf8f4-7dcb-462c-af2e-39313876ca56,6a0afa9d-a509-4d89-97d6-03729267f700,2026-06-10,4.2
089b2771-fcef-4dab-9e09-371856fddf2b,6a0afa9d-a509-4d89-97d6-03729267f700,2026-06-16,6.8
28e51168-a444-4860-b3c3-49c42567a1b5,6a0afa9d-a509-4d89-97d6-03729267f700,2026-06-18,4.1
a55eb084-9fa7-418a-ba00-199ae41ca0c9,6a0afa9d-a509-4d89-97d6-03729267f700,2026-06-24,3.0
de331d88-af51-46b0-9c10-449d49ad340f,2a3662bb-3e9c-4059-96ed-a6fc60917de7,2026-01-05,3.1
ff3de56e-65a7-4fea-824f-23d9e8229fb4,2a3662bb-3e9c-4059-96ed-a6fc60917de7,2026-01-12,5.3
a00de337-088b-4b7a-abac-07b5ab03aeb3,2a3662bb-3e9c-4059-96ed-a6fc60917de7,2026-01-23,6.1
ce077d0a-113c-43df-a303-a0f76d95f1e3,2a3662bb-3e9c-4059-96ed-a6fc60917de7,2026-01-26,2.2
2a73fe1d-ad42-4f66-bce4-664e3e27db43,2a3662bb-3e9c-4059-96ed-a6fc60917de7,2026-01-28,4.0
5da6b857-59b8-45ef-aeb7-6042294cbc41,2a3662bb-3e9c-4059-96ed-a6fc60917de7,2026-02-09,3.5
c7419642-b30f-41ce-bc02-b7d2b9de5a91,2a3662bb-3e9c-4059-96ed-a6fc60917de7,2026-02-13,4.6
e8545373-3b31-4f02-b690-852e0960d506,2a3662bb-3e9c-4059-96ed-a6fc60917de7,2026-02-17,2.8
02e67267-20db-4ac5-9221-4f3026de11af,2a3662bb-3e9c-4059-96ed-a6fc60917de7,2026-02-23,3.5
6b14db96-9365-482b-aac8-c854eb253e04,2a3662bb-3e9c-4059-96ed-a6fc60917de7,2026-03-02,4.0
429f7c8e-dacc-42e3-929a-21b2fb2c255f,2a3662bb-3e9c-4059-96ed-a6fc60917de7,2026-03-11,1.7
1a48c48f-02e0-4fa5-b8b4-252cc97c1bcc,2a3662bb-3e9c-4059-96ed-a6fc60917de7,2026-03-13,3.4
73ccf497-b8db-4ef0-901a-c68f48885946,2a3662bb-3e9c-4059-96ed-a6fc60917de7,2026-03-16,1.9
86e0c04f-7557-4ef2-947d-a8d7bc4fb098,2a3662bb-3e9c-4059-96ed-a6fc60917de7,2026-03-19,3.1
a28c0760-cc28-4e8d-b148-6f2d97b7c944,2a3662bb-3e9c-4059-96ed-a6fc60917de7,2026-03-26,1.7
6835304b-bc8d-4ac1-9d76-a8d5e80da4c1,2a3662bb-3e9c-4059-96ed-a6fc60917de7,2026-04-03,2.9
4549cb39-e3ec-404d-926a-9f554a8c5b10,2a3662bb-3e9c-4059-96ed-a6fc60917de7,2026-04-08,4.6
3773330a-de49-48e7-b834-5696a95ab25b,2a3662bb-3e9c-4059-96ed-a6fc60917de7,2026-04-10,5.2
06ee6d97-d389-443a-bdbf-077c0de95808,2a3662bb-3e9c-4059-96ed-a6fc60917de7,2026-04-23,3.7
d5586eb2-31fb-4dd9-8128-7536e123f17b,2a3662bb-3e9c-4059-96ed-a6fc60917de7,2026-04-27,5.0
c741b6d0-edd1-42ba-a281-082c58a8311f,2a3662bb-3e9c-4059-96ed-a6fc60917de7,2026-04-30,4.4
b0a700c8-6989-4f46-af75-4bb1219c8a34,2a3662bb-3e9c-4059-96ed-a6fc60917de7,2026-05-19,5.5
06743a33-04ad-450b-b864-5177f748b0ba,2a3662bb-3e9c-4059-96ed-a6fc60917de7,2026-05-20,3.7
9cca1418-977d-404f-97f7-5adfd481812a,2a3662bb-3e9c-4059-96ed-a6fc60917de7,2026-05-21,5.0
8e7f0ee1-4699-4da4-87b2-1b413fa026bd,2a3662bb-3e9c-4059-96ed-a6fc60917de7,2026-05-28,4.8
ca067711-fdb8-4573-9995-7c70788a585a,2a3662bb-3e9c-4059-96ed-a6fc60917de7,2026-06-04,4.7
5c7c9c15-c669-4179-9584-810397bac971,2a3662bb-3e9c-4059-96ed-a6fc60917de7,2026-06-08,4.3
64b8561a-5743-46fe-bfdf-f4fd3fca59e7,2a3662bb-3e9c-4059-96ed-a6fc60917de7,2026-06-26,3.9
904daf7e-7130-4c7f-ac3e-221cf941b399,2a3662bb-3e9c-4059-96ed-a6fc60917de7,2026-06-29,3.9
f96c8280-d8f7-49ff-860e-79df973f042a,b77fed40-a71b-4bd4-a0e8-a1e0a9fb64f8,2026-01-09,2.6
f02d681b-daf7-4a02-bb9d-37265704cfdf,b77fed40-a71b-4bd4-a0e8-a1e0a9fb64f8,2026-01-12,5.3
ba82cc1f-a0c4-43ac-8053-6a4cf240094d,b77fed40-a71b-4bd4-a0e8-a1e0a9fb64f8,2026-01-14,3.9
5c0dcc99-1143-4a4f-b143-d36344e8ea0f,b77fed40-a71b-4bd4-a0e8-a1e0a9fb64f8,2026-01-15,3.6
27cf2abf-b17d-44e9-927c-9c2d0219a85e,b77fed40-a71b-4bd4-a0e8-a1e0a9fb64f8,2026-01-19,5.0
b71c31c0-28b9-4ba0-a53e-8d23aac9d36a,b77fed40-a71b-4bd4-a0e8-a1e0a9fb64f8,2026-01-20,4.8
a1e22245-ac36-4bea-a9fe-d62b733c613d,b77fed40-a71b-4bd4-a0e8-a1e0a9fb64f8,2026-01-23,3.5
6ae33ea8-6c6a-4d74-862f-ffa88108bf28,b77fed40-a71b-4bd4-a0e8-a1e0a9fb64f8,2026-01-27,3.2
6a476603-d1e0-4a34-8799-f4537d7d2bc3,b77fed40-a71b-4bd4-a0e8-a1e0a9fb64f8,2026-01-29,3.5
2f8788c8-f2ca-4449-8018-31c07660bf87,b77fed40-a71b-4bd4-a0e8-a1e0a9fb64f8,2026-02-11,5.4
0249d856-f93e-4797-8d58-d8d6f1f3fe0f,b77fed40-a71b-4bd4-a0e8-a1e0a9fb64f8,2026-02-12,3.7
a92447b7-2dd8-4bc0-834b-18845912c4ff,b77fed40-a71b-4bd4-a0e8-a1e0a9fb64f8,2026-02-18,4.3
ca7bd5f4-dd20-44ad-a47d-cbd44ed6c0d2,b77fed40-a71b-4bd4-a0e8-a1e0a9fb64f8,2026-02-25,5.9
cb453ab8-4873-44df-9200-b1894b6c9f3a,b77fed40-a71b-4bd4-a0e8-a1e0a9fb64f8,2026-03-10,1.5
0257f3ff-b635-4aa9-8455-da3d75e8e3c9,b77fed40-a71b-4bd4-a0e8-a1e0a9fb64f8,2026-03-12,4.0
d763a356-99dc-44c0-84f1-b02ef44ea93f,b77fed40-a71b-4bd4-a0e8-a1e0a9fb64f8,2026-03-16,1.5
6801862c-e311-4138-a16c-fc9b1ba24768,b77fed40-a71b-4bd4-a0e8-a1e0a9fb64f8,2026-03-25,6.1
23a0172c-558f-4da6-8208-0fe690919d05,b77fed40-a71b-4bd4-a0e8-a1e0a9fb64f8,2026-03-26,3.2
80644678-81a8-490e-821a-9829e85993b1,b77fed40-a71b-4bd4-a0e8-a1e0a9fb64f8,2026-04-02,4.6
d8b46b29-37f8-4793-af74-22aeaf08a455,b77fed40-a71b-4bd4-a0e8-a1e0a9fb64f8,2026-04-07,4.7
2333b1d2-9b44-49da-a7f5-f98fdc2743b3,b77fed40-a71b-4bd4-a0e8-a1e0a9fb64f8,2026-04-08,2.8
ec4fd6d0-1e92-4212-8e7b-6b27e4097941,b77fed40-a71b-4bd4-a0e8-a1e0a9fb64f8,2026-04-09,4.9
580a5d71-73b4-4781-9941-0aa5fa32ff6f,b77fed40-a71b-4bd4-a0e8-a1e0a9fb64f8,2026-04-13,2.7
3cc010e4-df3e-4481-ad19-dfb6bab801a1,b77fed40-a71b-4bd4-a0e8-a1e0a9fb64f8,2026-04-22,3.7
871e5b58-a975-41e4-b125-53404a4870cf,b77fed40-a71b-4bd4-a0e8-a1e0a9fb64f8,2026-04-29,2.4
133f5355-906f-4938-8243-5196d0c8ccb1,b77fed40-a71b-4bd4-a0e8-a1e0a9fb64f8,2026-05-01,3.1
fa626580-1648-46a5-8a59-b71103a48402,b77fed40-a71b-4bd4-a0e8-a1e0a9fb64f8,2026-05-06,5.9
aa589e27-7fc2-40dd-8c30-258a2dcd4edf,b77fed40-a71b-4bd4-a0e8-a1e0a9fb64f8,2026-05-15,4.2
e8c81ce3-eb77-4fd7-9677-79c8728a4944,b77fed40-a71b-4bd4-a0e8-a1e0a9fb64f8,2026-05-21,3.7
396f5a2d-46ef-4586-bb23-ad85d3f1db57,b77fed40-a71b-4bd4-a0e8-a1e0a9fb64f8,2026-05-28,4.9
82c3b29f-0ae9-4519-b787-1104b85e4917,b77fed40-a71b-4bd4-a0e8-a1e0a9fb64f8,2026-05-29,4.4
0663ff67-e6a2-4d75-9810-2c6355cd1ccb,b77fed40-a71b-4bd4-a0e8-a1e0a9fb64f8,2026-06-01,4.6
7236bfc4-2773-4419-b766-5c89a91a2df9,5e36a977-0648-4d11-a959-05b1cf4a3414,2026-01-02,5.4
4b9359b6-cd05-4aed-98aa-5779c693f3b6,5e36a977-0648-4d11-a959-05b1cf4a3414,2026-01-08,5.2
8eaadd70-10ee-4aab-909a-8c4492e1df69,5e36a977-0648-4d11-a959-05b1cf4a3414,2026-01-14,3.9
e1ec6fde-dc78-4eda-bbfb-8fdca418ac0b,5e36a977-0648-4d11-a959-05b1cf4a3414,2026-02-05,3.1
13168641-4ee4-4adf-91c8-99d0e7b49584,5e36a977-0648-4d11-a959-05b1cf4a3414,2026-02-17,5.8
fd52487d-1d46-43de-8888-60f758e8f32f,5e36a977-0648-4d11-a959-05b1cf4a3414,2026-03-02,4.5
f0a71a5b-85a5-4db2-9730-132366e86ea3,5e36a977-0648-4d11-a959-05b1cf4a3414,2026-03-04,2.8
42af008b-6dd0-4c77-8b0f-7327a64b348f,5e36a977-0648-4d11-a959-05b1cf4a3414,2026-03-13,4.3
2f846232-9d51-43cd-bfca-e29b560d101d,5e36a977-0648-4d11-a959-05b1cf4a3414,2026-03-20,4.9
af0b3953-b7f9-495e-9d1c-02cee6da5499,5e36a977-0648-4d11-a959-05b1cf4a3414,2026-03-24,4.1
322025be-a735-4f4a-9981-d16d24d3363c,5e36a977-0648-4d11-a959-05b1cf4a3414,2026-03-25,4.2
97ac23f2-dcc5-45cf-a520-6ccbd6eeacd8,5e36a977-0648-4d11-a959-05b1cf4a3414,2026-03-30,6.7
36cd4fba-d915-42ac-b58b-827307a367a3,5e36a977-0648-4d11-a959-05b1cf4a3414,2026-04-02,3.3
469d937c-0b52-4f71-88f5-70ff81294a9f,5e36a977-0648-4d11-a959-05b1cf4a3414,2026-04-03,6.4
80ed2c48-b63c-4ff0-9013-cb877169d6c1,5e36a977-0648-4d11-a959-05b1cf4a3414,2026-04-06,3.7
e7d81c7c-2249-4f9a-8e48-097a65932e4d,5e36a977-0648-4d11-a959-05b1cf4a3414,2026-04-13,6.1
12fd4050-517b-4899-87fd-23dfc4e27cb3,5e36a977-0648-4d11-a959-05b1cf4a3414,2026-04-14,5.8
636d97a3-8340-4754-957d-aca827789107,5e36a977-0648-4d11-a959-05b1cf4a3414,2026-04-23,5.1
9fb334fd-f43e-4641-9f66-be56946b4392,5e36a977-0648-4d11-a959-05b1cf4a3414,2026-04-24,4.4
0ad86768-eb55-4885-9acf-bd02df430646,5e36a977-0648-4d11-a959-05b1cf4a3414,2026-05-01,2.4
44c76afb-5b03-4216-b1be-27f2a90cc99a,5e36a977-0648-4d11-a959-05b1cf4a3414,2026-05-05,5.2
c0eacecb-0df8-4159-913a-e27205b10933,5e36a977-0648-4d11-a959-05b1cf4a3414,2026-05-07,6.0
69dfba3b-6297-4fad-903e-bfa0dd7bd6ba,5e36a977-0648-4d11-a959-05b1cf4a3414,2026-05-11,3.5
074eef8a-5f46-46c1-ae98-db5315ca13bd,5e36a977-0648-4d11-a959-05b1cf4a3414,2026-05-14,4.4
32a9d519-8dc4-448e-b6d5-bb1d5f299a6e,5e36a977-0648-4d11-a959-05b1cf4a3414,2026-05-21,2.2
d16e8675-f223-46e2-add0-7331aa917f2f,5e36a977-0648-4d11-a959-05b1cf4a3414,2026-06-01,2.4
a56be20b-93ad-4f77-93fb-13fd772e7f02,5e36a977-0648-4d11-a959-05b1cf4a3414,2026-06-03,4.8
64e8f84d-9ab5-4b75-8b1e-dd7c7b0557b1,5e36a977-0648-4d11-a959-05b1cf4a3414,2026-06-08,3.9
28a869a3-d228-4e08-80e5-1d40767cf58f,5e36a977-0648-4d11-a959-05b1cf4a3414,2026-06-11,2.7
03a9d290-2257-430b-ab2d-234149ee1a78,5e36a977-0648-4d11-a959-05b1cf4a3414,2026-06-22,4.1
a15fb097-860e-4117-90e5-93a3f09e3a0d,5e36a977-0648-4d11-a959-05b1cf4a3414,2026-06-23,4.8
14911df1-884d-4982-b11d-5738a295b535,5e36a977-0648-4d11-a959-05b1cf4a3414,2026-06-29,3.0
d6504c0c-a52c-4d92-b5e3-3ddae40cd02a,ffdd5e3c-2213-45d8-92a2-b1ab959c2633,2026-01-01,5.9
adab57ec-5b3c-4e02-b705-c46cea26a568,ffdd5e3c-2213-45d8-92a2-b1ab959c2633,2026-01-05,4.2
0b51e0e5-49f0-486f-b907-23d77b337f14,ffdd5e3c-2213-45d8-92a2-b1ab959c2633,2026-01-06,4.1
43892734-41c7-4bac-b235-89290fa4c000,ffdd5e3c-2213-45d8-92a2-b1ab959c2633,2026-01-08,5.0
026a26f7-b7b2-4639-9605-fe56dcaf6c03,ffdd5e3c-2213-45d8-92a2-b1ab959c2633,2026-01-15,6.6
de091431-65f7-4ae2-aba1-42653e82d811,ffdd5e3c-2213-45d8-92a2-b1ab959c2633,2026-01-23,3.7
200258a5-d3d4-4525-8579-4de40b5165c4,ffdd5e3c-2213-45d8-92a2-b1ab959c2633,2026-02-04,6.7
6daf3830-7bf3-4f18-b35c-7acace3dd893,ffdd5e3c-2213-45d8-92a2-b1ab959c2633,2026-02-11,3.0
06dcc25e-5755-44f2-80d2-da837c0d8349,ffdd5e3c-2213-45d8-92a2-b1ab959c2633,2026-02-18,2.6
71867fab-264e-40e1-ad56-4ad3ffab5d24,ffdd5e3c-2213-45d8-92a2-b1ab959c2633,2026-02-23,3.6
8f6d4ea7-c3f1-47de-a3a5-3b2fbdaa8cfc,ffdd5e3c-2213-45d8-92a2-b1ab959c2633,2026-03-02,4.1
efe2a1a1-7bf1-49e3-84f9-cee1af8aa433,ffdd5e3c-2213-45d8-92a2-b1ab959c2633,2026-03-06,2.9
410fb525-f785-4918-927d-25612e1be243,ffdd5e3c-2213-45d8-92a2-b1ab959c2633,2026-03-18,5.5
e17dd6de-c41d-4c69-af44-cb4f14fd81f2,ffdd5e3c-2213-45d8-92a2-b1ab959c2633,2026-03-25,3.5
c85dd22b-1529-49ef-8a2c-68e220efa4fa,ffdd5e3c-2213-45d8-92a2-b1ab959c2633,2026-03-30,4.7
5f148135-dee3-49de-ac9c-64e21949ebf3,ffdd5e3c-2213-45d8-92a2-b1ab959c2633,2026-04-03,5.8
622f0790-7c8c-4262-8381-c7de57baafaa,ffdd5e3c-2213-45d8-92a2-b1ab959c2633,2026-04-14,4.1
77a03515-a1f8-4e90-aa3a-44443ea0bf32,ffdd5e3c-2213-45d8-92a2-b1ab959c2633,2026-04-22,2.6
6a247326-c9c1-44df-8e00-62ada2c3ae5c,ffdd5e3c-2213-45d8-92a2-b1ab959c2633,2026-04-23,3.3
c7c50546-93ab-4e98-893b-2028c7783163,ffdd5e3c-2213-45d8-92a2-b1ab959c2633,2026-04-27,4.9
843554b0-e018-4a5d-af0d-3c48cb4a51c7,ffdd5e3c-2213-45d8-92a2-b1ab959c2633,2026-05-12,5.3
5f59fe86-5831-46dd-bad7-d64a2eccc351,ffdd5e3c-2213-45d8-92a2-b1ab959c2633,2026-05-15,7.0
b52c41a0-e925-4ae5-8a66-75fd14d62984,ffdd5e3c-2213-45d8-92a2-b1ab959c2633,2026-05-18,4.9
3375d3e5-4886-4c35-a70c-f9956357451d,ffdd5e3c-2213-45d8-92a2-b1ab959c2633,2026-05-22,6.4
2387056f-2503-4310-bc3d-a860713a6068,ffdd5e3c-2213-45d8-92a2-b1ab959c2633,2026-06-02,5.5
6518ce1c-3e30-4b90-a346-2f6f79bafafd,ffdd5e3c-2213-45d8-92a2-b1ab959c2633,2026-06-09,5.2
2dd38cce-094b-40ac-ae7f-ec2fd28b29ff,ffdd5e3c-2213-45d8-92a2-b1ab959c2633,2026-06-10,3.4
3c7b7856-ed71-4abd-aaee-f40f24ffaf01,ffdd5e3c-2213-45d8-92a2-b1ab959c2633,2026-06-12,4.3
5f2a838a-b298-4627-a9b6-b0003fb253fc,ffdd5e3c-2213-45d8-92a2-b1ab959c2633,2026-06-18,3.1
b38ec62c-1238-48a1-adbc-b0257d92df74,ffdd5e3c-2213-45d8-92a2-b1ab959c2633,2026-06-22,2.2
e7062883-0f22-48ce-b8f7-c2790fe4a35e,4d35925f-dc08-4701-9635-b21566f083c8,2026-01-12,5.6
7632df40-d67b-4bd9-a05f-eb253d0a8bb6,4d35925f-dc08-4701-9635-b21566f083c8,2026-01-13,4.9
747df159-a75d-4923-a811-4161f4ee7b67,4d35925f-dc08-4701-9635-b21566f083c8,2026-01-20,6.7
51588239-9e5e-464d-8c83-733abe5115fb,4d35925f-dc08-4701-9635-b21566f083c8,2026-01-27,5.0
2836e8cd-b75c-46e0-bf50-828db29b3866,4d35925f-dc08-4701-9635-b21566f083c8,2026-02-02,4.3
39db6cef-6b21-4b2c-8661-0a578abf3738,4d35925f-dc08-4701-9635-b21566f083c8,2026-02-09,4.8
43b9208f-1546-4e13-bb69-26869fa3e439,4d35925f-dc08-4701-9635-b21566f083c8,2026-02-11,4.3
0ac56bff-2eeb-42b7-ba0e-c476aaf03316,4d35925f-dc08-4701-9635-b21566f083c8,2026-02-20,2.5
ceffb036-4264-4c96-98d5-452e5b8ba6fa,4d35925f-dc08-4701-9635-b21566f083c8,2026-02-23,6.8
061bd755-cbeb-4dc9-882d-665d2dfae1f0,4d35925f-dc08-4701-9635-b21566f083c8,2026-02-24,3.3
30042487-35e5-47d0-8b22-7cceaae78ed3,4d35925f-dc08-4701-9635-b21566f083c8,2026-02-26,3.4
9bf9acda-d626-44e5-930d-8d88d29589b1,4d35925f-dc08-4701-9635-b21566f083c8,2026-03-03,4.3
0d3dbe2a-1878-4b4c-b780-a95e43ee7901,4d35925f-dc08-4701-9635-b21566f083c8,2026-03-06,3.8
be0b0e26-49c4-46d7-95aa-94656c7c4adc,4d35925f-dc08-4701-9635-b21566f083c8,2026-03-12,5.9
bf02444a-f5ca-49f9-b7a6-c8885c264142,4d35925f-dc08-4701-9635-b21566f083c8,2026-03-18,4.9
b7075e17-6af9-41ad-b355-83ad92c1cae9,4d35925f-dc08-4701-9635-b21566f083c8,2026-03-30,2.8
8da0a20d-5bae-451c-b769-504f3d95fcbe,4d35925f-dc08-4701-9635-b21566f083c8,2026-03-31,4.5
39b081cd-f732-4a55-bf0e-09ee6b4d2646,4d35925f-dc08-4701-9635-b21566f083c8,2026-04-02,5.7
0f49bf14-6cd6-4fda-aa77-6870f1bf0320,4d35925f-dc08-4701-9635-b21566f083c8,2026-04-09,3.7
eea07127-18bf-44fa-ac34-f69ccc1909bd,4d35925f-dc08-4701-9635-b21566f083c8,2026-04-13,1.7
afcab12d-f44d-4cdf-8711-099c61721996,4d35925f-dc08-4701-9635-b21566f083c8,2026-04-15,3.7
6195563d-757f-4e67-ad17-0fa4f19de04e,4d35925f-dc08-4701-9635-b21566f083c8,2026-04-21,4.6
185b52da-5be5-4e42-94a2-8019f405787f,4d35925f-dc08-4701-9635-b21566f083c8,2026-04-30,6.6
bf12ec30-3b91-4bd8-8d28-a56517800e42,4d35925f-dc08-4701-9635-b21566f083c8,2026-05-01,6.0
918d877f-3d29-48af-bb89-d88e5232915c,4d35925f-dc08-4701-9635-b21566f083c8,2026-05-07,5.6
77578e63-d419-4872-afce-1775a44780f9,4d35925f-dc08-4701-9635-b21566f083c8,2026-05-12,3.9
ebc707fe-f497-4d50-af6d-e6ea50b34de8,4d35925f-dc08-4701-9635-b21566f083c8,2026-05-22,5.9
54d231aa-f104-4aaa-b66a-443ad1493eb3,4d35925f-dc08-4701-9635-b21566f083c8,2026-06-02,4.3
08c4b922-7f9e-43ca-ab86-c77b350cd35f,4d35925f-dc08-4701-9635-b21566f083c8,2026-06-03,3.5
fdea1cab-24f8-4a18-ab92-98080b557c14,4d35925f-dc08-4701-9635-b21566f083c8,2026-06-11,3.1
1b5086b6-a7ed-4447-bf77-76a01d8ece64,4d35925f-dc08-4701-9635-b21566f083c8,2026-06-12,4.7
bb34d1f4-24e9-405f-a06e-9e7dab69d2b1,4d35925f-dc08-4701-9635-b21566f083c8,2026-06-16,4.3
110c56ac-848a-4777-92b9-0932b4fac4d8,4d35925f-dc08-4701-9635-b21566f083c8,2026-06-23,4.0
bf627318-209f-4d46-ae59-e5ae08ce7890,1ccca2ef-bafe-4608-8c90-ca915483641f,2026-01-06,2.2
06ba0083-da56-46ca-b3f8-0b8a3d9a7e38,1ccca2ef-bafe-4608-8c90-ca915483641f,2026-01-07,4.7
20d7f1a1-8bd0-407b-bae4-bae728c29ecb,1ccca2ef-bafe-4608-8c90-ca915483641f,2026-01-16,3.8
3e6cfb83-7a49-442f-a962-b2481040dac5,1ccca2ef-bafe-4608-8c90-ca915483641f,2026-01-20,4.6
df1cb5bf-15a9-496f-95ed-e340ab92570c,1ccca2ef-bafe-4608-8c90-ca915483641f,2026-01-21,1.5
b5d69ce5-a643-48b8-8441-6d26f149ad28,1ccca2ef-bafe-4608-8c90-ca915483641f,2026-01-22,3.2
d18cfc80-66d8-4cef-bb59-d4affda711b0,1ccca2ef-bafe-4608-8c90-ca915483641f,2026-01-26,2.7
04c557c3-b019-4d9f-96bf-01d4b54cdcf6,1ccca2ef-bafe-4608-8c90-ca915483641f,2026-02-02,4.3
f0b79e55-7d1b-47ce-8857-2311d8a53cb5,1ccca2ef-bafe-4608-8c90-ca915483641f,2026-02-04,4.7
91dfc1c7-6cb5-4da8-a7f8-7bcbaf4431da,1ccca2ef-bafe-4608-8c90-ca915483641f,2026-02-09,5.1
32faea91-9b90-47f3-9be0-3b616c49239d,1ccca2ef-bafe-4608-8c90-ca915483641f,2026-02-11,3.4
f99e9072-779a-4a49-98fe-56e20de04000,1ccca2ef-bafe-4608-8c90-ca915483641f,2026-02-16,4.9
b6108926-1d44-4e12-9b8d-a984f583be54,1ccca2ef-bafe-4608-8c90-ca915483641f,2026-02-18,3.8
397b54ac-77e9-4734-9038-3b739b1f07d1,1ccca2ef-bafe-4608-8c90-ca915483641f,2026-02-23,3.8
49bc3ec1-c235-4e44-8173-d37f99b00f7d,1ccca2ef-bafe-4608-8c90-ca915483641f,2026-02-26,5.4
ec8a6a8b-0c6d-4906-ba35-59ec99cfd337,1ccca2ef-bafe-4608-8c90-ca915483641f,2026-03-02,4.9
e6423beb-ced5-4588-b46b-e658fe34d832,1ccca2ef-bafe-4608-8c90-ca915483641f,2026-03-10,5.2
a3614053-c77f-4dfb-b2df-b34e1017094a,1ccca2ef-bafe-4608-8c90-ca915483641f,2026-03-18,2.2
7c723a43-0f56-42d0-aaaf-99f2ab9da9ab,1ccca2ef-bafe-4608-8c90-ca915483641f,2026-03-19,5.1
5065d549-5680-47c3-8f2d-fce9f60801ac,1ccca2ef-bafe-4608-8c90-ca915483641f,2026-03-20,3.7
ca5963b9-fa3d-4824-bb65-c0da4100c3fb,1ccca2ef-bafe-4608-8c90-ca915483641f,2026-03-23,2.9
a5e62390-341e-4f1b-a868-4234961144bc,1ccca2ef-bafe-4608-8c90-ca915483641f,2026-03-26,5.4
6d0c7af8-69a7-4572-af99-1028704ff8b9,1ccca2ef-bafe-4608-8c90-ca915483641f,2026-03-30,4.7
8861b351-0b22-4537-a508-afff287c0b5f,1ccca2ef-bafe-4608-8c90-ca915483641f,2026-04-02,4.0
d46ef70e-adc9-45a7-ac33-847e469c64cf,1ccca2ef-bafe-4608-8c90-ca915483641f,2026-04-08,3.3
b28f7ce6-3929-4205-ae11-6f6019ec5f0d,1ccca2ef-bafe-4608-8c90-ca915483641f,2026-04-13,3.2
48311400-1302-4017-99c5-be4e72811029,1ccca2ef-bafe-4608-8c90-ca915483641f,2026-04-14,4.4
b089bb97-5796-4826-9ec4-50a5dacd6d25,1ccca2ef-bafe-4608-8c90-ca915483641f,2026-04-21,2.6
ef2e3172-fd61-4531-8a92-b6d999e5279e,1ccca2ef-bafe-4608-8c90-ca915483641f,2026-04-22,2.1
699a61c8-2b6c-4e2b-af1c-f951a289239d,1ccca2ef-bafe-4608-8c90-ca915483641f,2026-04-23,2.8
45a17919-38cf-4181-b8a7-3ba30fd40796,1ccca2ef-bafe-4608-8c90-ca915483641f,2026-05-01,3.2
bf4af3e0-61fc-423f-89c2-1e2e1df0709a,1ccca2ef-bafe-4608-8c90-ca915483641f,2026-05-12,3.6
51bdeae2-d333-4b56-abab-047271ca5881,1ccca2ef-bafe-4608-8c90-ca915483641f,2026-05-13,5.3
d6b8c729-6da9-4c46-84cd-91204e909737,1ccca2ef-bafe-4608-8c90-ca915483641f,2026-05-21,3.3
0ad5cf1f-d794-4d72-a790-b157e67e8cce,1ccca2ef-bafe-4608-8c90-ca915483641f,2026-05-27,2.7
1aea1adf-e22e-4d26-bd00-99df117d132a,1ccca2ef-bafe-4608-8c90-ca915483641f,2026-06-01,3.9
307f8ce3-e82c-4dde-8811-02ba4e796ee4,1ccca2ef-bafe-4608-8c90-ca915483641f,2026-06-04,4.4
dd3217a5-9de0-4250-b2e8-81038b951c40,1ccca2ef-bafe-4608-8c90-ca915483641f,2026-06-08,5.3
7880d213-be7d-41d2-91e1-ae6d34021b9c,1ccca2ef-bafe-4608-8c90-ca915483641f,2026-06-16,1.9
4d0f1bf6-9d1e-4f8c-a617-a851be1c3274,1ccca2ef-bafe-4608-8c90-ca915483641f,2026-06-17,3.6
c7511d02-814c-4c36-9f43-5141921740ca,1ccca2ef-bafe-4608-8c90-ca915483641f,2026-06-26,3.1
86f0c886-d542-4c33-9218-f65a2ee9e6d4,4d50a6b5-8fdd-4d91-add7-70f9fca5875e,2026-01-07,5.5
62bf452e-49cf-4227-a20e-41a648b34dfa,4d50a6b5-8fdd-4d91-add7-70f9fca5875e,2026-01-14,4.5
fa5e42a5-eb4f-4e66-8d02-0c6fc50c7d72,4d50a6b5-8fdd-4d91-add7-70f9fca5875e,2026-01-16,3.0
6affb92b-d9e2-42aa-a953-e58f008ae48d,4d50a6b5-8fdd-4d91-add7-70f9fca5875e,2026-01-19,4.7
6266d5ad-c507-4acc-a3bb-dca84cca6124,4d50a6b5-8fdd-4d91-add7-70f9fca5875e,2026-01-27,5.4
0ff3be4d-432f-4bf9-8556-92a2288caed2,4d50a6b5-8fdd-4d91-add7-70f9fca5875e,2026-02-02,3.2
cefe7b5d-699b-4b8e-95f1-d514ae975745,4d50a6b5-8fdd-4d91-add7-70f9fca5875e,2026-02-12,3.2
b836faa2-dcec-41e5-96de-77c31b891f9e,4d50a6b5-8fdd-4d91-add7-70f9fca5875e,2026-02-17,4.8
d60a7696-6673-459a-9b69-fa00898ce069,4d50a6b5-8fdd-4d91-add7-70f9fca5875e,2026-02-20,4.2
1bd1d628-3fd0-45d5-a758-c9ebd766ad71,4d50a6b5-8fdd-4d91-add7-70f9fca5875e,2026-03-09,4.9
e2dd8f81-4960-49ed-89ab-159bbf985c71,4d50a6b5-8fdd-4d91-add7-70f9fca5875e,2026-03-12,2.3
1facfc8f-2262-4dd2-8858-057daafbbec7,4d50a6b5-8fdd-4d91-add7-70f9fca5875e,2026-03-16,2.7
6cef6076-3c89-4667-996b-417eb6c3aadd,4d50a6b5-8fdd-4d91-add7-70f9fca5875e,2026-03-19,3.1
7821d563-fa2a-4dd0-b3ea-85cceae2efc2,4d50a6b5-8fdd-4d91-add7-70f9fca5875e,2026-03-24,5.5
3d8c74ee-039c-4506-aa7f-496e85e6a4b1,4d50a6b5-8fdd-4d91-add7-70f9fca5875e,2026-03-27,3.2
18af5e48-ed5d-4939-b581-398bc6f2b3f6,4d50a6b5-8fdd-4d91-add7-70f9fca5875e,2026-03-31,4.8
6732b471-5a10-47fb-974b-5f3d97e3179a,4d50a6b5-8fdd-4d91-add7-70f9fca5875e,2026-04-07,3.9
67c9e4c2-5fa1-4dfa-92d8-5f4d432a4c82,4d50a6b5-8fdd-4d91-add7-70f9fca5875e,2026-04-09,5.5
c028c1ee-eaaf-47e2-97a5-982fbfa13dba,4d50a6b5-8fdd-4d91-add7-70f9fca5875e,2026-04-13,3.7
d5f4117e-f2a3-4613-9f94-104378ad5f67,4d50a6b5-8fdd-4d91-add7-70f9fca5875e,2026-04-15,3.4
f611d835-9c37-40f3-abbf-409d02d392c3,4d50a6b5-8fdd-4d91-add7-70f9fca5875e,2026-04-24,3.8
a903f527-b15c-4c9c-aa36-5f2d3b483157,4d50a6b5-8fdd-4d91-add7-70f9fca5875e,2026-04-28,4.4
8eefa5ce-598e-44f7-ac1f-a5dc5bff8a8d,4d50a6b5-8fdd-4d91-add7-70f9fca5875e,2026-05-05,4.1
4b97352e-06ab-425e-a80f-a34320b5e72e,4d50a6b5-8fdd-4d91-add7-70f9fca5875e,2026-05-11,4.0
eb8f881c-9833-4aac-84c8-6afce2225ff2,4d50a6b5-8fdd-4d91-add7-70f9fca5875e,2026-05-13,6.6
ff90faa2-fda1-481b-ac84-eb582f1cd746,4d50a6b5-8fdd-4d91-add7-70f9fca5875e,2026-05-18,4.1
b2cf3a1b-5212-40a7-bc77-148176dd7a29,4d50a6b5-8fdd-4d91-add7-70f9fca5875e,2026-05-21,1.8
8e0f21cd-9f81-4024-b0fa-d926a292b59b,4d50a6b5-8fdd-4d91-add7-70f9fca5875e,2026-06-01,5.6
073953fa-86ea-4c5e-9783-2a5b18eca0e7,4d50a6b5-8fdd-4d91-add7-70f9fca5875e,2026-06-18,7.5
c5823869-fb60-4300-ae05-3bd6aee27460,814bcd5d-6c43-4c9e-be13-506c8e025f59,2026-01-08,1.5
9db193bf-e1d0-4a7e-a054-cb9cab35c95f,814bcd5d-6c43-4c9e-be13-506c8e025f59,2026-01-09,5.2
3cbcbee8-6e84-4b9d-acc2-ccad1c192e99,814bcd5d-6c43-4c9e-be13-506c8e025f59,2026-01-22,4.1
9d9f2762-8f05-4d31-803c-ef2ea9c6f623,814bcd5d-6c43-4c9e-be13-506c8e025f59,2026-01-23,4.5
ddc214dd-a290-4c0a-9b4b-d50ece67488b,814bcd5d-6c43-4c9e-be13-506c8e025f59,2026-02-04,3.1
df250a74-5aed-4e4a-a621-cb92eef06645,814bcd5d-6c43-4c9e-be13-506c8e025f59,2026-02-12,4.1
edb90923-c3dc-4f6c-ab3d-0230e22ecf70,814bcd5d-6c43-4c9e-be13-506c8e025f59,2026-02-13,4.4
5673965e-f6b4-460a-9134-88179f27aa09,814bcd5d-6c43-4c9e-be13-506c8e025f59,2026-02-20,5.4
8ae41c91-bcda-49c8-ae17-7f8b0c514bbc,814bcd5d-6c43-4c9e-be13-506c8e025f59,2026-03-02,2.2
9c12db57-c847-4a52-961a-fb6fe3d881a8,814bcd5d-6c43-4c9e-be13-506c8e025f59,2026-03-03,4.2
5400a3a9-9da7-41ed-8e13-52415be9b5df,814bcd5d-6c43-4c9e-be13-506c8e025f59,2026-03-09,3.5
a246b1c6-f116-4598-a971-a7a74e39fec4,814bcd5d-6c43-4c9e-be13-506c8e025f59,2026-03-10,3.9
f7cf0ae8-f066-4ddd-88a3-f3024d236727,814bcd5d-6c43-4c9e-be13-506c8e025f59,2026-03-18,5.6
55959404-ea79-4525-9c09-b6e1fc9035b3,814bcd5d-6c43-4c9e-be13-506c8e025f59,2026-03-20,3.9
3bb87f46-6a40-4047-a80b-76cd8541baa8,814bcd5d-6c43-4c9e-be13-506c8e025f59,2026-03-26,4.8
ec685acd-55e2-4c7e-a6b6-bdbebf1d2156,814bcd5d-6c43-4c9e-be13-506c8e025f59,2026-03-31,4.9
9fa266a8-8c60-49c2-ae95-12e13b751c21,814bcd5d-6c43-4c9e-be13-506c8e025f59,2026-04-01,4.6
953b674d-8f96-4a19-b8a1-a32ced59f755,814bcd5d-6c43-4c9e-be13-506c8e025f59,2026-04-17,5.0
5b5102e0-2200-412b-9a29-d8ed34e8d4f6,814bcd5d-6c43-4c9e-be13-506c8e025f59,2026-04-23,5.1
6bf0e525-5f45-4b77-946e-67e8c35caf6f,814bcd5d-6c43-4c9e-be13-506c8e025f59,2026-05-04,3.6
216eab77-5c2f-49ce-a08a-50c6187e82fd,814bcd5d-6c43-4c9e-be13-506c8e025f59,2026-05-08,5.9
724e0ad7-e1d9-4fdc-bf09-74dbe1617296,814bcd5d-6c43-4c9e-be13-506c8e025f59,2026-05-13,4.3
dd9e4896-b7fb-46c2-87b1-92642db695d8,814bcd5d-6c43-4c9e-be13-506c8e025f59,2026-05-21,5.5
911f380d-3cda-4cac-86be-84ce4af9f7c1,814bcd5d-6c43-4c9e-be13-506c8e025f59,2026-05-22,7.9
97e601db-da92-4798-a878-30fb0e4eb793,814bcd5d-6c43-4c9e-be13-506c8e025f59,2026-05-27,5.0
1ef8db58-cc5a-4521-9cb2-2325fc5b71fa,814bcd5d-6c43-4c9e-be13-506c8e025f59,2026-05-28,4.6
d3f698cb-867e-43f0-ae0e-e7dd0b331bba,814bcd5d-6c43-4c9e-be13-506c8e025f59,2026-06-08,4.8
29dd2b3a-b162-4cfd-88a7-cbdea626613c,814bcd5d-6c43-4c9e-be13-506c8e025f59,2026-06-16,3.0
04112e5d-3c9b-4ac5-bbde-adedd64653a6,814bcd5d-6c43-4c9e-be13-506c8e025f59,2026-06-17,3.2
940f7c5e-d96a-40a2-8be3-9f6ae9ce2db6,814bcd5d-6c43-4c9e-be13-506c8e025f59,2026-06-18,3.9
b91ce45e-0031-4d62-9b1f-9199f16eccdc,814bcd5d-6c43-4c9e-be13-506c8e025f59,2026-06-23,4.3
a2084461-deb9-4fd0-8572-523eaed494a3,814bcd5d-6c43-4c9e-be13-506c8e025f59,2026-06-25,5.4
34fce979-aebf-4e6c-bf06-19b821f4e0c0,dd50c927-6b25-4050-8d45-09d30fe5e2f2,2026-01-02,3.8
94db331e-efbd-4abe-aab4-8e4d7b72b574,dd50c927-6b25-4050-8d45-09d30fe5e2f2,2026-01-08,4.7
843ad0cc-2a12-4181-abbb-688b762a3595,dd50c927-6b25-4050-8d45-09d30fe5e2f2,2026-01-15,1.5
12846c3c-cd66-4d64-90ca-f0242ca8cd3f,dd50c927-6b25-4050-8d45-09d30fe5e2f2,2026-01-19,3.2
320286b8-eff8-4da5-91f8-b5a0cfdba2af,dd50c927-6b25-4050-8d45-09d30fe5e2f2,2026-01-21,4.8
997758f7-6057-432c-9994-26d08a84245a,dd50c927-6b25-4050-8d45-09d30fe5e2f2,2026-01-30,3.1
365c3546-5b0b-480c-8576-efed56ce91fa,dd50c927-6b25-4050-8d45-09d30fe5e2f2,2026-02-17,3.8
26d41950-e82a-44c6-943f-43a220462d49,dd50c927-6b25-4050-8d45-09d30fe5e2f2,2026-02-24,4.3
a0d56c32-e71d-43b4-a373-0e95b03f49c0,dd50c927-6b25-4050-8d45-09d30fe5e2f2,2026-02-25,4.0
8dea30a1-8063-43eb-bf54-8fcd25af9a5b,dd50c927-6b25-4050-8d45-09d30fe5e2f2,2026-02-26,3.0
103160e1-128a-4350-a331-7bc8d6d4d603,dd50c927-6b25-4050-8d45-09d30fe5e2f2,2026-03-03,2.2
30cbf264-ed38-4b50-aa07-a3d21806ea41,dd50c927-6b25-4050-8d45-09d30fe5e2f2,2026-03-04,3.2
dcc964fc-47c8-4aea-96c6-230112fb7b2b,dd50c927-6b25-4050-8d45-09d30fe5e2f2,2026-03-24,3.5
5f78b894-9fb2-4605-ae53-c7ad058593cb,dd50c927-6b25-4050-8d45-09d30fe5e2f2,2026-03-31,3.9
2f9487b2-7238-4b91-9870-b7406897736f,dd50c927-6b25-4050-8d45-09d30fe5e2f2,2026-04-02,5.7
9625a7d7-b025-44d0-bada-be88630cbb1b,dd50c927-6b25-4050-8d45-09d30fe5e2f2,2026-04-03,4.0
37f595b4-5ec1-4edb-b603-b1854d1c0d95,dd50c927-6b25-4050-8d45-09d30fe5e2f2,2026-04-07,3.2
3153c8f7-e740-49d0-b945-bd65d3104b94,dd50c927-6b25-4050-8d45-09d30fe5e2f2,2026-04-09,6.2
144c9fe6-18ae-4dda-9f36-4a0c53231b00,dd50c927-6b25-4050-8d45-09d30fe5e2f2,2026-04-13,3.1
668a5b8c-1f28-44bf-9baf-595e3a8ebe5d,dd50c927-6b25-4050-8d45-09d30fe5e2f2,2026-05-04,5.0
de6532be-d26a-406f-ac67-c0525fcecedf,dd50c927-6b25-4050-8d45-09d30fe5e2f2,2026-05-21,5.4
14c08bd9-0074-4448-8c49-7b43e15d4b66,dd50c927-6b25-4050-8d45-09d30fe5e2f2,2026-05-26,5.9
054a2ced-5fd3-436d-a2bd-e7fc7185929e,dd50c927-6b25-4050-8d45-09d30fe5e2f2,2026-06-01,4.8
f88f2b72-e381-40bf-b80f-f11bd04ba599,dd50c927-6b25-4050-8d45-09d30fe5e2f2,2026-06-09,2.7
35cbe7be-a26b-4e7b-998b-d3f5d3ee84dc,dd50c927-6b25-4050-8d45-09d30fe5e2f2,2026-06-11,4.5
77a27e08-5efc-46cf-bce6-1dd3fa164362,dd50c927-6b25-4050-8d45-09d30fe5e2f2,2026-06-18,1.5
53f27134-2877-4387-b6c5-59481f9c1acd,dd50c927-6b25-4050-8d45-09d30fe5e2f2,2026-06-29,4.5
c146c932-8664-48b1-afb2-6a3f25112f99,4ab96b1e-eca6-4582-a326-96eaae1536b8,2026-01-05,5.0
d7d97ccf-d199-424c-930d-0aab59f363b7,4ab96b1e-eca6-4582-a326-96eaae1536b8,2026-01-09,2.8
cb07c4a6-fdbe-4ef5-9e1a-922eee2e6d30,4ab96b1e-eca6-4582-a326-96eaae1536b8,2026-01-16,6.1
7b2c1f6e-bead-4db5-baa7-116ecd4954ed,4ab96b1e-eca6-4582-a326-96eaae1536b8,2026-01-19,3.5
ae8392cd-8d62-4c7a-9406-f8d8f11cbcab,4ab96b1e-eca6-4582-a326-96eaae1536b8,2026-01-26,5.3
ca49f95f-d253-45a8-919b-0e3d36603885,4ab96b1e-eca6-4582-a326-96eaae1536b8,2026-01-29,5.6
1553f2a1-dc0b-4131-ba76-a87a27c5e826,4ab96b1e-eca6-4582-a326-96eaae1536b8,2026-02-02,2.5
a85a8954-7a27-446e-bcf1-e38172978b07,4ab96b1e-eca6-4582-a326-96eaae1536b8,2026-02-16,5.7
a68ee42a-f5da-434d-9fd0-1a94bb957291,4ab96b1e-eca6-4582-a326-96eaae1536b8,2026-02-18,3.9
7d1180c3-a1e9-465e-8d04-63b01f87d23b,4ab96b1e-eca6-4582-a326-96eaae1536b8,2026-02-19,4.7
a30a124b-941d-4f53-84c5-14fe60e2f17d,4ab96b1e-eca6-4582-a326-96eaae1536b8,2026-02-23,3.0
4585535e-a7dd-4c18-9303-9b68ad83dea0,4ab96b1e-eca6-4582-a326-96eaae1536b8,2026-02-25,6.1
1477669b-c821-4ed2-9730-67fbbce95aa5,4ab96b1e-eca6-4582-a326-96eaae1536b8,2026-02-26,3.6
51a4a4b5-cd82-4afd-aa40-92837fc58004,4ab96b1e-eca6-4582-a326-96eaae1536b8,2026-03-06,4.4
f899ec86-269c-4433-aae5-fee466248586,4ab96b1e-eca6-4582-a326-96eaae1536b8,2026-03-12,5.3
ec24a656-3697-428e-bfb8-8b8bad7194e2,4ab96b1e-eca6-4582-a326-96eaae1536b8,2026-03-20,4.6
064f1aae-3db4-4822-8508-0fa481d23b66,4ab96b1e-eca6-4582-a326-96eaae1536b8,2026-03-24,5.5
c041c86b-d18c-4866-ace8-88debd101c19,4ab96b1e-eca6-4582-a326-96eaae1536b8,2026-04-06,6.3
fbe7f265-6a3f-4e9e-877a-ccbf84cebe7e,4ab96b1e-eca6-4582-a326-96eaae1536b8,2026-04-07,2.3
64725c62-989f-4bb3-a26d-830cb7ba482c,4ab96b1e-eca6-4582-a326-96eaae1536b8,2026-04-08,3.4
28b774f1-0cde-458b-b4bf-10606e12ffe9,4ab96b1e-eca6-4582-a326-96eaae1536b8,2026-04-09,3.4
37740e7b-8851-4b14-932e-966bdf65e84c,4ab96b1e-eca6-4582-a326-96eaae1536b8,2026-04-22,5.3
302d8c45-9d85-473c-a19e-9d0b4a2b609e,4ab96b1e-eca6-4582-a326-96eaae1536b8,2026-04-24,2.8
b8788982-a316-4a65-b82f-65e7b8dfe828,4ab96b1e-eca6-4582-a326-96eaae1536b8,2026-05-07,6.1
7dbd0260-d87b-4829-aa4a-4b48c074b187,4ab96b1e-eca6-4582-a326-96eaae1536b8,2026-05-08,3.7
f44cdfdb-6602-4095-97a5-912d9142d18a,4ab96b1e-eca6-4582-a326-96eaae1536b8,2026-05-13,2.8
ca2b14c8-be9e-412f-9442-2e98a35bf13b,4ab96b1e-eca6-4582-a326-96eaae1536b8,2026-05-15,5.6
1128b3ad-608d-44c3-9424-30f16b183a54,4ab96b1e-eca6-4582-a326-96eaae1536b8,2026-05-21,3.2
85cc1bec-147a-4dac-a478-edd48aa5807f,4ab96b1e-eca6-4582-a326-96eaae1536b8,2026-05-22,3.5
2fb614eb-4944-4611-9063-3f8b1d8054a2,4ab96b1e-eca6-4582-a326-96eaae1536b8,2026-06-09,3.1
1e5a00a0-f132-4d25-8909-eadd23ec51b7,4ab96b1e-eca6-4582-a326-96eaae1536b8,2026-06-17,6.3
e3c73f86-ff61-4933-80d9-8ae7529f7f8d,4ab96b1e-eca6-4582-a326-96eaae1536b8,2026-06-26,5.1
831fae84-1623-4205-8455-ce5e71da187a,64f05c24-9d94-4d30-b122-d3dc7b06d08c,2026-01-02,4.7
3d39aba0-5876-4781-9151-32c35a9e5075,64f05c24-9d94-4d30-b122-d3dc7b06d08c,2026-01-12,2.8
1089d88a-9ec4-41a5-a521-f263e8d51f20,64f05c24-9d94-4d30-b122-d3dc7b06d08c,2026-01-16,3.1
9b5b9c4a-8e48-416d-97f2-1bf6e58db99b,64f05c24-9d94-4d30-b122-d3dc7b06d08c,2026-01-28,3.9
6d015521-89d5-4c08-a7ca-335b4b9d23b8,64f05c24-9d94-4d30-b122-d3dc7b06d08c,2026-01-29,4.7
335669a1-0653-41a3-b9fa-8bfb3e5fbbd8,64f05c24-9d94-4d30-b122-d3dc7b06d08c,2026-02-04,5.0
64a9436d-cc5b-48fa-9c5d-8b89856a9428,64f05c24-9d94-4d30-b122-d3dc7b06d08c,2026-02-06,5.9
628d8c1e-2d88-4012-ad8b-15cb80c2ae6f,64f05c24-9d94-4d30-b122-d3dc7b06d08c,2026-02-16,5.3
44f38bee-32be-418f-be55-5256466bf92e,64f05c24-9d94-4d30-b122-d3dc7b06d08c,2026-02-19,5.0
88a0e446-7e50-4862-af17-1e6bb47bcd29,64f05c24-9d94-4d30-b122-d3dc7b06d08c,2026-02-23,4.6
d2465a1e-147f-43c6-aa96-8424aa377cf1,64f05c24-9d94-4d30-b122-d3dc7b06d08c,2026-02-26,3.8
00c24df5-8076-4930-a3ba-b167eea877e6,64f05c24-9d94-4d30-b122-d3dc7b06d08c,2026-03-02,6.0
15e16ea5-e74d-48c1-b61c-d4c510d542b1,64f05c24-9d94-4d30-b122-d3dc7b06d08c,2026-03-04,4.1
6f9014c1-b3c0-4028-8b1f-e167fd43635f,64f05c24-9d94-4d30-b122-d3dc7b06d08c,2026-04-08,4.3
973fb0ac-ca9f-432e-a600-c0551a1b36a6,64f05c24-9d94-4d30-b122-d3dc7b06d08c,2026-04-20,1.5
04ae483f-0ba6-470e-8523-7d23bc00a890,64f05c24-9d94-4d30-b122-d3dc7b06d08c,2026-04-23,1.5
23e884f1-5a4b-44a6-8b5f-02e1540bea3d,64f05c24-9d94-4d30-b122-d3dc7b06d08c,2026-05-01,3.1
a1de9e30-2240-43fb-aded-e4d302340b25,64f05c24-9d94-4d30-b122-d3dc7b06d08c,2026-05-04,2.4
8de849db-4a63-4015-ac88-cd6da142e9ed,64f05c24-9d94-4d30-b122-d3dc7b06d08c,2026-05-08,5.2
1736d304-5928-4d39-ad5d-1dcb8bd63244,64f05c24-9d94-4d30-b122-d3dc7b06d08c,2026-05-14,4.0
e8e8b27a-ccae-477c-95ad-dddc57d1bc85,64f05c24-9d94-4d30-b122-d3dc7b06d08c,2026-05-19,5.2
09921a73-4135-4718-a43a-622de5c5a6e9,64f05c24-9d94-4d30-b122-d3dc7b06d08c,2026-05-20,3.4
504b0a7b-11b8-4be3-93b5-aee856d549ca,64f05c24-9d94-4d30-b122-d3dc7b06d08c,2026-05-25,4.3
b53e66ae-bbea-4278-987b-515db224e8fb,64f05c24-9d94-4d30-b122-d3dc7b06d08c,2026-06-01,3.9
fe2a03e9-d7bd-484a-adad-a107f9be52c6,64f05c24-9d94-4d30-b122-d3dc7b06d08c,2026-06-03,4.2
05609831-acc0-4635-ac74-c7d27b87a31a,64f05c24-9d94-4d30-b122-d3dc7b06d08c,2026-06-04,3.4
c43cd056-731d-4818-9a78-93f5580156b4,64f05c24-9d94-4d30-b122-d3dc7b06d08c,2026-06-08,2.7
cfaae19d-79d6-4eb8-935f-c439cb447590,64f05c24-9d94-4d30-b122-d3dc7b06d08c,2026-06-10,6.0
4c6ee82b-023d-4add-a9ff-081d753261b3,64f05c24-9d94-4d30-b122-d3dc7b06d08c,2026-06-11,4.0
584f12fd-3319-41a2-88ab-702de1fbad7a,64f05c24-9d94-4d30-b122-d3dc7b06d08c,2026-06-16,4.6
fac4c985-ead0-4330-b774-f681f3b195ce,64f05c24-9d94-4d30-b122-d3dc7b06d08c,2026-06-25,3.0
d53a66eb-fa42-49aa-88d2-79085c98d6c0,82a6e6d7-17fd-44a6-abbf-aeafb4449710,2026-01-12,2.2
41846763-9c10-4bc4-b5e0-6329dfd4177c,82a6e6d7-17fd-44a6-abbf-aeafb4449710,2026-01-15,5.4
dd065baa-94b3-4aac-994b-3ad783165cf1,82a6e6d7-17fd-44a6-abbf-aeafb4449710,2026-01-16,5.1
d44017c6-0dfb-4d28-af73-45588e8779eb,82a6e6d7-17fd-44a6-abbf-aeafb4449710,2026-01-20,4.8
f17160a2-df0f-48ba-a9dd-a4e7d31519f3,82a6e6d7-17fd-44a6-abbf-aeafb4449710,2026-01-21,4.1
4b13d871-8bc1-4718-9b5e-53b1731c3f8f,82a6e6d7-17fd-44a6-abbf-aeafb4449710,2026-01-23,2.9
7f3de08e-ec5f-472e-b491-a2851f9c3269,82a6e6d7-17fd-44a6-abbf-aeafb4449710,2026-02-02,6.0
60e20dfa-4e47-4869-abbc-7d65413ae382,82a6e6d7-17fd-44a6-abbf-aeafb4449710,2026-02-05,4.1
94715b54-c8b6-4641-aa31-3d1e5eb665cc,82a6e6d7-17fd-44a6-abbf-aeafb4449710,2026-02-09,4.3
88389662-9e44-4a55-ab15-17723aafbe58,82a6e6d7-17fd-44a6-abbf-aeafb4449710,2026-02-16,4.4
6e45861f-b296-4325-8207-f566733cbd16,82a6e6d7-17fd-44a6-abbf-aeafb4449710,2026-02-18,3.8
007f1227-037a-4d70-b937-d8a2daa6c4b6,82a6e6d7-17fd-44a6-abbf-aeafb4449710,2026-02-23,6.6
b0dc87a2-b7dd-4f8d-8c41-83c165e6c9b6,82a6e6d7-17fd-44a6-abbf-aeafb4449710,2026-02-27,4.5
9aab7d33-88d5-4ac0-beb0-fb43bce01280,82a6e6d7-17fd-44a6-abbf-aeafb4449710,2026-03-05,4.5
38ae7f99-cf40-441f-a095-c656ae74a1d0,82a6e6d7-17fd-44a6-abbf-aeafb4449710,2026-03-09,4.2
4dfd5da9-2bf2-4804-8a2c-ab94e90a5590,82a6e6d7-17fd-44a6-abbf-aeafb4449710,2026-03-12,4.3
a68db450-24a0-4726-b6bc-813710e93ad6,82a6e6d7-17fd-44a6-abbf-aeafb4449710,2026-03-17,5.6
1751c5eb-1726-42f4-af32-bfcf962cd268,82a6e6d7-17fd-44a6-abbf-aeafb4449710,2026-03-18,4.9
9738648c-9320-4a4c-aa68-e4a235ec0d42,82a6e6d7-17fd-44a6-abbf-aeafb4449710,2026-03-27,3.4
faaad7c8-259e-4647-96db-ae6baa993d91,82a6e6d7-17fd-44a6-abbf-aeafb4449710,2026-04-03,5.5
687e9f97-9b67-44b2-8482-98cb46ec67bd,82a6e6d7-17fd-44a6-abbf-aeafb4449710,2026-04-07,4.0
8b8ebb87-4388-4304-a7de-28647dac2dd7,82a6e6d7-17fd-44a6-abbf-aeafb4449710,2026-04-16,3.4
51a29df0-5666-4a1b-af1b-65eb7a5950b6,82a6e6d7-17fd-44a6-abbf-aeafb4449710,2026-04-21,2.2
1e046275-bbce-41aa-8ca2-b0e03bb48878,82a6e6d7-17fd-44a6-abbf-aeafb4449710,2026-04-24,4.6
b2c8b5f3-095b-4452-99c3-c217bfd1eddd,82a6e6d7-17fd-44a6-abbf-aeafb4449710,2026-04-27,5.2
a7b4abde-accf-47a7-872e-831c327a7262,82a6e6d7-17fd-44a6-abbf-aeafb4449710,2026-04-30,3.5
508a930d-62ed-49cb-9d1a-4d3defdee3a0,82a6e6d7-17fd-44a6-abbf-aeafb4449710,2026-05-05,4.5
66bdc532-7f6b-4442-b96a-a356f6792d1e,82a6e6d7-17fd-44a6-abbf-aeafb4449710,2026-05-12,4.5
6ef3a393-9071-4a12-a1da-7d0552597577,82a6e6d7-17fd-44a6-abbf-aeafb4449710,2026-05-18,3.4
02ccaba8-ad0e-4d12-824d-400d5418969b,82a6e6d7-17fd-44a6-abbf-aeafb4449710,2026-05-20,4.1
2c7e4c1b-c1ab-4521-b476-c05155b342d2,82a6e6d7-17fd-44a6-abbf-aeafb4449710,2026-05-21,4.7
5677089c-b87e-4168-b861-3cd91eaddfc1,82a6e6d7-17fd-44a6-abbf-aeafb4449710,2026-05-25,4.6
9cabc415-4ce2-40cd-9660-26c0e0be5b12,82a6e6d7-17fd-44a6-abbf-aeafb4449710,2026-06-01,6.2
8318105a-d36e-4b20-85a9-81f326cf3e88,82a6e6d7-17fd-44a6-abbf-aeafb4449710,2026-06-03,4.1
9c8a13a7-4f9a-4d5e-8b98-b45316d0448d,82a6e6d7-17fd-44a6-abbf-aeafb4449710,2026-06-04,6.8
cf6e5fc7-5325-482c-b7cf-d4b8b58482dc,82a6e6d7-17fd-44a6-abbf-aeafb4449710,2026-06-12,4.3
7a58f0a1-e262-40b3-9ced-f50e8c71eacc,82a6e6d7-17fd-44a6-abbf-aeafb4449710,2026-06-24,4.0
028eaa7e-ef45-4d4d-8fd5-8d527595c9ea,82a6e6d7-17fd-44a6-abbf-aeafb4449710,2026-06-25,3.0
4f5d7efd-7fbf-4638-9ff1-6b636e534511,2d66e083-3c9f-46b2-bba4-c90b6e25ff69,2026-01-20,6.0
9f99d474-0595-4b54-800a-c5423ff91cf6,2d66e083-3c9f-46b2-bba4-c90b6e25ff69,2026-01-29,4.1
53203e46-9785-4392-9336-0d79177607e7,2d66e083-3c9f-46b2-bba4-c90b6e25ff69,2026-02-09,3.5
25c2869e-a1f4-44a8-b4e2-4908705d737c,2d66e083-3c9f-46b2-bba4-c90b6e25ff69,2026-02-13,4.3
15b0064a-4990-46a7-8cb1-986b8e819b77,2d66e083-3c9f-46b2-bba4-c90b6e25ff69,2026-02-16,5.5
47f15752-61c0-4331-9b05-19f66eb40ee9,2d66e083-3c9f-46b2-bba4-c90b6e25ff69,2026-02-18,2.7
274a542e-4105-4bed-b3c7-0bb872315b80,2d66e083-3c9f-46b2-bba4-c90b6e25ff69,2026-02-20,4.3
e22efb0c-c84e-467e-8353-fda6759ebb2e,2d66e083-3c9f-46b2-bba4-c90b6e25ff69,2026-02-24,5.7
0b9a8594-2159-4156-9b1d-26db7452d3fd,2d66e083-3c9f-46b2-bba4-c90b6e25ff69,2026-03-12,4.5
f03ad872-96fe-47e8-a31e-ed02e9ae6b7c,2d66e083-3c9f-46b2-bba4-c90b6e25ff69,2026-03-13,5.6
0579a023-032a-4c3c-8b17-c50b11cc65fb,2d66e083-3c9f-46b2-bba4-c90b6e25ff69,2026-03-19,6.3
b9a6a9bd-5061-4c0a-bd54-d2597a4411d7,2d66e083-3c9f-46b2-bba4-c90b6e25ff69,2026-03-20,5.4
cce3fec1-0b23-4b77-8a92-5cc66cef3b0b,2d66e083-3c9f-46b2-bba4-c90b6e25ff69,2026-03-27,3.5
8c29016c-c9e3-4b10-ac93-2b68d3a45ba3,2d66e083-3c9f-46b2-bba4-c90b6e25ff69,2026-03-30,2.8
185ecb90-f484-43ae-b5ad-cccb7b9e5e06,2d66e083-3c9f-46b2-bba4-c90b6e25ff69,2026-03-31,4.3
93ceae12-21a3-4d07-9f07-4898c002144b,2d66e083-3c9f-46b2-bba4-c90b6e25ff69,2026-04-08,4.2
c613ebbd-7d84-4159-bb7d-878b9f9e7000,2d66e083-3c9f-46b2-bba4-c90b6e25ff69,2026-04-23,3.9
0876457b-befa-4ad8-a5f1-225b698864e0,2d66e083-3c9f-46b2-bba4-c90b6e25ff69,2026-04-27,3.4
91accad5-3b55-4fc1-b8e7-413d379fd73c,2d66e083-3c9f-46b2-bba4-c90b6e25ff69,2026-04-29,6.0
8cf0ae40-9dfb-4bc1-875f-f97d03112221,2d66e083-3c9f-46b2-bba4-c90b6e25ff69,2026-05-04,3.8
cf4e7bf9-cdd9-4bb0-a931-b3a16445acd3,2d66e083-3c9f-46b2-bba4-c90b6e25ff69,2026-05-05,3.9
8641e473-f0d2-418f-b578-8403a13cc196,2d66e083-3c9f-46b2-bba4-c90b6e25ff69,2026-05-06,4.7
668d315e-ced8-44b3-81e0-771d081f2867,2d66e083-3c9f-46b2-bba4-c90b6e25ff69,2026-05-08,3.0
5eae8897-5773-4aca-8aa4-cf0119fd4bba,2d66e083-3c9f-46b2-bba4-c90b6e25ff69,2026-05-11,5.5
0ae1b117-2317-4d8d-bc5d-ca07452f53d2,2d66e083-3c9f-46b2-bba4-c90b6e25ff69,2026-05-12,3.7
8678de7a-a7ba-4f27-8f03-3ba0e18f7efb,2d66e083-3c9f-46b2-bba4-c90b6e25ff69,2026-05-15,3.7
310a0c3e-2754-4740-9b11-9ce3625891ff,2d66e083-3c9f-46b2-bba4-c90b6e25ff69,2026-05-19,3.9
88e89c5f-7a57-43b8-99b5-265983bdd5a9,2d66e083-3c9f-46b2-bba4-c90b6e25ff69,2026-05-25,2.4
facf060e-b518-4b22-99ec-6e1ff982542b,2d66e083-3c9f-46b2-bba4-c90b6e25ff69,2026-05-28,4.6
3562adbb-43d6-4738-b31c-994efb605ffb,2d66e083-3c9f-46b2-bba4-c90b6e25ff69,2026-06-05,4.9
2b2aac70-28a1-4595-aa4f-1a377af13038,2d66e083-3c9f-46b2-bba4-c90b6e25ff69,2026-06-10,5.3
1b07fb18-5ef2-4a6f-8cbd-88ed526d5999,2d66e083-3c9f-46b2-bba4-c90b6e25ff69,2026-06-25,3.5
4501388e-19ae-40ed-84c8-1611b903c960,dbe21ba4-04ee-4691-bc23-2819ce740b9d,2026-01-08,5.0
6a847793-90eb-4d92-b5b0-91ce28f571c6,dbe21ba4-04ee-4691-bc23-2819ce740b9d,2026-01-09,5.2
fd520edf-bf1b-458d-9f0d-41784d04c7db,dbe21ba4-04ee-4691-bc23-2819ce740b9d,2026-01-14,4.3
0a297570-21ad-4865-99af-5c0e56f5f476,dbe21ba4-04ee-4691-bc23-2819ce740b9d,2026-01-15,4.1
f819ddf1-4dbd-4922-9db8-172bc5eb8c54,dbe21ba4-04ee-4691-bc23-2819ce740b9d,2026-02-06,4.6
54035d78-69ed-47b4-a7ce-06d7c3dbfcc6,dbe21ba4-04ee-4691-bc23-2819ce740b9d,2026-02-10,1.5
00404a86-bc49-4dfd-b3f4-023fde2ce53e,dbe21ba4-04ee-4691-bc23-2819ce740b9d,2026-02-12,4.5
080669e7-10e1-4cbf-91f3-8bfba8b176ba,dbe21ba4-04ee-4691-bc23-2819ce740b9d,2026-02-18,4.5
1ef0dd70-0fab-42d1-995f-fc9feda9dac9,dbe21ba4-04ee-4691-bc23-2819ce740b9d,2026-03-03,6.8
88d32159-7128-426f-b588-3e4f86e2f0b8,dbe21ba4-04ee-4691-bc23-2819ce740b9d,2026-03-06,4.3
e63ec32b-87f9-4eec-b0c0-507644cbcf4d,dbe21ba4-04ee-4691-bc23-2819ce740b9d,2026-03-13,5.8
1e590426-497c-4274-9b8c-349fedde7cfa,dbe21ba4-04ee-4691-bc23-2819ce740b9d,2026-03-16,3.5
b96c6f1e-b854-4e61-8b2f-f854a0581af0,dbe21ba4-04ee-4691-bc23-2819ce740b9d,2026-03-19,3.8
71c311cb-b3de-4c5d-84d5-e1521da9cbf7,dbe21ba4-04ee-4691-bc23-2819ce740b9d,2026-03-25,6.8
4b087abd-a7bf-4f2e-a031-f8f2742be97c,dbe21ba4-04ee-4691-bc23-2819ce740b9d,2026-04-02,6.2
0adf8480-5cca-4430-be0a-3171ccd59cb9,dbe21ba4-04ee-4691-bc23-2819ce740b9d,2026-04-03,4.8
21bfe60b-02d4-4483-9dd2-c5759948b0fb,dbe21ba4-04ee-4691-bc23-2819ce740b9d,2026-04-13,3.6
0cfd7993-6d50-451d-b751-fdf05bd0a6d9,dbe21ba4-04ee-4691-bc23-2819ce740b9d,2026-04-24,2.3
faa16999-cf18-44c8-a90b-c2169c773de1,dbe21ba4-04ee-4691-bc23-2819ce740b9d,2026-04-28,5.2
ed03af41-49ff-4d9d-a761-223864a5142f,dbe21ba4-04ee-4691-bc23-2819ce740b9d,2026-05-07,3.1
09c3d1a5-98c1-4cff-b7e9-32286448fd7d,dbe21ba4-04ee-4691-bc23-2819ce740b9d,2026-05-08,3.9
46b65be4-df17-40bd-aaa5-826f036bd500,dbe21ba4-04ee-4691-bc23-2819ce740b9d,2026-05-22,4.5
dadf4793-9432-43ea-9d06-f66336a39fa8,dbe21ba4-04ee-4691-bc23-2819ce740b9d,2026-06-10,2.8
bb88f9c0-718c-4c90-9397-29bd16e0c0a8,dbe21ba4-04ee-4691-bc23-2819ce740b9d,2026-06-16,8.0
2c1bc91c-3f54-4cb6-a7b9-b3793ff7eebb,16feb681-c445-4288-b994-d95d814f7b25,2026-01-01,6.1
748981bd-798c-4338-9fdf-3b6ab858a42c,16feb681-c445-4288-b994-d95d814f7b25,2026-01-19,5.0
39ea559b-f7d8-4994-b982-d98c8388ca67,16feb681-c445-4288-b994-d95d814f7b25,2026-02-06,3.6
22ada84b-13cd-4dc8-a6f0-446a3b30dc10,16feb681-c445-4288-b994-d95d814f7b25,2026-02-09,6.2
5bf9d678-dfc9-4df1-a9fc-48264e408f16,16feb681-c445-4288-b994-d95d814f7b25,2026-02-12,4.1
f02cfdc4-0865-41fd-8e23-d4215e3085b0,16feb681-c445-4288-b994-d95d814f7b25,2026-02-24,2.5
bd12c32f-7cb3-4983-886a-fef319c137b0,16feb681-c445-4288-b994-d95d814f7b25,2026-03-03,5.7
d881d115-e587-4af6-88dd-57fff66e2c9a,16feb681-c445-4288-b994-d95d814f7b25,2026-03-05,4.2
1bf34d81-70b3-45f2-a568-d80f5897a51a,16feb681-c445-4288-b994-d95d814f7b25,2026-03-10,1.5
f6ab16df-c932-4784-bf20-1e5fed41468d,16feb681-c445-4288-b994-d95d814f7b25,2026-03-12,2.1
347f25a7-b42f-496c-887f-f71966638dc0,16feb681-c445-4288-b994-d95d814f7b25,2026-03-18,4.7
ee14a185-fa4a-4f74-91fa-6ef37c816652,16feb681-c445-4288-b994-d95d814f7b25,2026-03-19,3.4
2b8f1436-b3ce-4e24-93c0-b4fc7c2f4b57,16feb681-c445-4288-b994-d95d814f7b25,2026-03-20,3.9
adc350e7-83dc-4b9a-b482-21adfec396c4,16feb681-c445-4288-b994-d95d814f7b25,2026-03-31,3.7
40abfeca-0c1a-4fb7-919d-4eb9f66b099d,16feb681-c445-4288-b994-d95d814f7b25,2026-04-07,3.5
8e36be39-3032-4047-80c0-305d44be7f33,16feb681-c445-4288-b994-d95d814f7b25,2026-04-13,3.2
199ad3a2-6868-49e4-b05d-6b37e9c9b171,16feb681-c445-4288-b994-d95d814f7b25,2026-04-21,5.1
fd75d2cf-7bc6-4928-948a-c2763a522170,16feb681-c445-4288-b994-d95d814f7b25,2026-04-22,5.3
109b01a6-335c-400b-a3c5-2d41cbad39be,16feb681-c445-4288-b994-d95d814f7b25,2026-04-28,2.9
ffc6c1f0-67f0-4978-b76a-484f3893f9bd,16feb681-c445-4288-b994-d95d814f7b25,2026-04-29,3.4
bad89203-d8ce-4686-930f-94cb4fb559e2,16feb681-c445-4288-b994-d95d814f7b25,2026-05-25,2.9
4fe770da-4df7-48ec-b519-1738ddf2ecf9,16feb681-c445-4288-b994-d95d814f7b25,2026-05-28,4.1
3ced538f-c24c-4b98-9437-2a30a7c97ed3,16feb681-c445-4288-b994-d95d814f7b25,2026-06-08,3.4
ebd50ea0-6ca6-4c8e-8bae-b8dfb585295e,16feb681-c445-4288-b994-d95d814f7b25,2026-06-22,3.8
10987313-93b0-47a1-8743-eee531ced888,16feb681-c445-4288-b994-d95d814f7b25,2026-06-24,6.4
3e9a0224-0b9b-4070-8d34-92a0cce306fa,16feb681-c445-4288-b994-d95d814f7b25,2026-06-29,3.0
d3056770-3b22-415d-a0c8-cd35986e28a3,c39fb669-dddb-460e-bc62-875415402c11,2026-01-01,2.8
046454c1-2807-47ca-b171-62fecd08f699,c39fb669-dddb-460e-bc62-875415402c11,2026-01-05,3.0
fdef5558-4a47-43f0-85a3-a435fd843412,c39fb669-dddb-460e-bc62-875415402c11,2026-01-07,3.5
b114e743-5a90-41b6-a4a7-0a8b7ce0900e,c39fb669-dddb-460e-bc62-875415402c11,2026-01-09,4.6
56fd5933-444e-423d-a1fb-296b7a3d8ed6,c39fb669-dddb-460e-bc62-875415402c11,2026-01-13,4.2
096a0642-a952-4bf9-87a9-c053dd232d67,c39fb669-dddb-460e-bc62-875415402c11,2026-01-14,3.1
0f3196d8-39d0-4d1d-9a18-4f87ffc4a61c,c39fb669-dddb-460e-bc62-875415402c11,2026-01-15,4.8
58df6918-ab18-411f-b8bd-9e757118fa80,c39fb669-dddb-460e-bc62-875415402c11,2026-01-21,3.5
35c45f6f-caf0-42ac-b425-b824f6965dcb,c39fb669-dddb-460e-bc62-875415402c11,2026-01-26,4.2
16d6d793-12c2-4858-a61b-0f7a1c15642a,c39fb669-dddb-460e-bc62-875415402c11,2026-01-27,4.7
7c96611c-e1a1-412c-a294-08ec88b60b2c,c39fb669-dddb-460e-bc62-875415402c11,2026-01-29,5.4
c67e736d-5113-450d-9eb6-437b4529ba96,c39fb669-dddb-460e-bc62-875415402c11,2026-02-02,5.3
c6ef2e39-98e6-4860-9c07-087371987502,c39fb669-dddb-460e-bc62-875415402c11,2026-02-05,4.3
a589ee4e-cce3-4358-b131-85dfd753fe46,c39fb669-dddb-460e-bc62-875415402c11,2026-02-13,4.6
0965983f-12f4-464b-a469-b3c8368664dc,c39fb669-dddb-460e-bc62-875415402c11,2026-02-16,4.2
f3798e69-0d03-496c-80d4-3c2725a2d64e,c39fb669-dddb-460e-bc62-875415402c11,2026-02-18,4.6
3e0eaf8c-ce7a-4a8f-9974-b3814e7fcf6b,c39fb669-dddb-460e-bc62-875415402c11,2026-02-24,4.1
86405886-a198-486a-95b3-205ad260e080,c39fb669-dddb-460e-bc62-875415402c11,2026-02-27,4.3
f9a9bf77-e7f3-42b9-be9e-27d0d45e7359,c39fb669-dddb-460e-bc62-875415402c11,2026-03-12,4.2
342bf317-a521-4853-9a31-2b4614c66cfe,c39fb669-dddb-460e-bc62-875415402c11,2026-03-13,4.7
dbc4eccd-e358-4668-9f28-4b4143be7c34,c39fb669-dddb-460e-bc62-875415402c11,2026-03-18,3.7
c42ef5b6-8869-4d6f-9dbe-51ab52a5d499,c39fb669-dddb-460e-bc62-875415402c11,2026-03-19,6.7
a05e1606-2dda-44be-8ac1-166bf40de9c8,c39fb669-dddb-460e-bc62-875415402c11,2026-04-02,6.1
754f3851-a409-4d13-ba2a-9ff765a0a74f,c39fb669-dddb-460e-bc62-875415402c11,2026-04-09,2.9
c68d3e43-ab0b-4927-a823-b002994f5ffd,c39fb669-dddb-460e-bc62-875415402c11,2026-04-22,5.7
d90ef473-c19f-45ed-9c9d-ba4ff792e965,c39fb669-dddb-460e-bc62-875415402c11,2026-04-28,1.5
e9682b77-0279-4830-a449-0e5fa5950c14,c39fb669-dddb-460e-bc62-875415402c11,2026-05-05,4.1
0ba733f9-c69c-478f-8905-cc2f816eea1d,c39fb669-dddb-460e-bc62-875415402c11,2026-05-07,4.5
dda41428-dcc2-431b-bef6-c6265145f938,c39fb669-dddb-460e-bc62-875415402c11,2026-05-14,1.5
b3065498-17b6-4ea6-a0a5-3e020c103432,c39fb669-dddb-460e-bc62-875415402c11,2026-05-15,4.0
f38674b0-f83a-463a-9085-bd9bc81e8b93,c39fb669-dddb-460e-bc62-875415402c11,2026-05-25,5.7
6a21f94e-04f6-46eb-91b1-90abdd2d518a,c39fb669-dddb-460e-bc62-875415402c11,2026-06-08,4.2
5ed70c38-3031-4e5d-81a4-9ef1b3cac305,c39fb669-dddb-460e-bc62-875415402c11,2026-06-09,3.4
9f5edbdc-c2b4-4ea9-bf25-73297cd63769,c39fb669-dddb-460e-bc62-875415402c11,2026-06-10,4.6
13660f4e-ee64-450e-b9fe-bd220cd13bb6,c39fb669-dddb-460e-bc62-875415402c11,2026-06-12,4.5
68a71444-efae-4536-86ae-3e8b91e31120,c39fb669-dddb-460e-bc62-875415402c11,2026-06-26,2.7
62b63559-f15b-4cb5-b682-6271ea7dd41f,ee2aa31c-3546-4f76-a06c-68900beffd68,2026-01-02,5.8
86dbc62c-e5a7-46c1-826d-0aa4f7fdf47f,ee2aa31c-3546-4f76-a06c-68900beffd68,2026-01-08,3.0
093ccda2-6692-4778-a64a-9fa54cf76522,ee2aa31c-3546-4f76-a06c-68900beffd68,2026-01-09,4.7
6c78d9f9-7365-46df-acfa-db50a67fd7da,ee2aa31c-3546-4f76-a06c-68900beffd68,2026-01-15,4.3
8853844e-e577-4720-b750-6328aa472768,ee2aa31c-3546-4f76-a06c-68900beffd68,2026-01-22,3.9
9aa93ec8-5361-485f-8785-531d6ba7101a,ee2aa31c-3546-4f76-a06c-68900beffd68,2026-01-23,2.0
a4f5fb90-ba47-449b-ad7a-5e02ae5be2c6,ee2aa31c-3546-4f76-a06c-68900beffd68,2026-01-26,4.7
5b05471d-7d7f-4223-8444-bed887ff8df7,ee2aa31c-3546-4f76-a06c-68900beffd68,2026-01-27,2.3
b8af0f71-3165-465f-ac20-78511be119a8,ee2aa31c-3546-4f76-a06c-68900beffd68,2026-02-05,2.0
cd426f79-9ea0-45d1-b288-8cc04c9c009e,ee2aa31c-3546-4f76-a06c-68900beffd68,2026-02-11,4.8
be5bb7d6-6ee4-4252-8f85-3ea51956aa87,ee2aa31c-3546-4f76-a06c-68900beffd68,2026-02-17,4.3
6655ad21-3746-4024-8aa3-e29d474294bb,ee2aa31c-3546-4f76-a06c-68900beffd68,2026-02-25,5.1
b706bede-0ff3-4aca-9710-c43e895d76b8,ee2aa31c-3546-4f76-a06c-68900beffd68,2026-02-26,3.8
70e7c870-b20b-4bcc-8fad-d00a70f8a21e,ee2aa31c-3546-4f76-a06c-68900beffd68,2026-03-05,4.1
ef5ce038-dec4-4400-beaa-71734e24fc6f,ee2aa31c-3546-4f76-a06c-68900beffd68,2026-03-30,4.0
a75c7e18-3318-495c-9d79-cf0623e8bd28,ee2aa31c-3546-4f76-a06c-68900beffd68,2026-04-02,6.4
ce75b646-7969-4740-a3aa-e09c656632d6,ee2aa31c-3546-4f76-a06c-68900beffd68,2026-04-03,4.7
a871c22d-130f-46e3-8cf4-8a548c0b20d2,ee2aa31c-3546-4f76-a06c-68900beffd68,2026-04-14,3.7
686ddaf4-434a-4cae-bcb7-c88410b64d9b,ee2aa31c-3546-4f76-a06c-68900beffd68,2026-04-16,4.2
d22e4290-7f4a-4715-a4ce-8d696a7649ae,ee2aa31c-3546-4f76-a06c-68900beffd68,2026-04-20,3.6
fefdc705-0b11-41c5-bc47-a70f6a3ee74e,ee2aa31c-3546-4f76-a06c-68900beffd68,2026-04-21,4.7
3b457c16-973a-46c4-b389-ef33f9be9dd5,ee2aa31c-3546-4f76-a06c-68900beffd68,2026-05-04,3.8
457367f6-914a-4d48-af84-23e1e0222a9f,ee2aa31c-3546-4f76-a06c-68900beffd68,2026-05-11,4.0
1b6b59e5-ed6d-43d5-9053-8054b51efc4d,ee2aa31c-3546-4f76-a06c-68900beffd68,2026-05-12,2.7
1c206a7e-9995-4b5e-b628-505821c517aa,ee2aa31c-3546-4f76-a06c-68900beffd68,2026-05-18,4.8
c7c8b2aa-5074-4fa3-be5d-73213080f21f,ee2aa31c-3546-4f76-a06c-68900beffd68,2026-05-27,5.0
6c647bb8-4471-42ba-8a47-7584715102cb,ee2aa31c-3546-4f76-a06c-68900beffd68,2026-06-03,4.4
36ba4b46-7240-4f4f-80fa-7be01ebcdf8d,ee2aa31c-3546-4f76-a06c-68900beffd68,2026-06-04,5.5
de814b53-8171-4064-8f4c-625f0a898b5f,ee2aa31c-3546-4f76-a06c-68900beffd68,2026-06-09,4.5
5f59a6d0-584f-4a27-8504-d86827adb354,ee2aa31c-3546-4f76-a06c-68900beffd68,2026-06-10,4.3
995dbc9f-9fc6-49e4-b34b-2c3ad271b72f,20d8aaf0-5b95-4804-8c75-9a93518ca3ec,2026-01-06,3.9
71fbffd8-9fa3-4b08-8c01-64459886a9f7,20d8aaf0-5b95-4804-8c75-9a93518ca3ec,2026-01-08,5.6
c50af4cf-dabe-40e2-bfd1-54bce1fa0a6f,20d8aaf0-5b95-4804-8c75-9a93518ca3ec,2026-01-12,5.2
15d1fd5b-4bfa-4cc3-9bd2-05bdbb639dae,20d8aaf0-5b95-4804-8c75-9a93518ca3ec,2026-01-20,4.6
31696340-3eb1-4b4b-adbb-556a265f7476,20d8aaf0-5b95-4804-8c75-9a93518ca3ec,2026-01-26,1.5
8302e285-c8fb-4598-b120-2e98df57c342,20d8aaf0-5b95-4804-8c75-9a93518ca3ec,2026-01-27,4.0
1dc85b65-c5c3-426c-a1d5-d6f7e1da49e4,20d8aaf0-5b95-4804-8c75-9a93518ca3ec,2026-02-03,5.1
cb1d8337-bc35-4ddf-b172-a7eb2f4cae82,20d8aaf0-5b95-4804-8c75-9a93518ca3ec,2026-02-12,3.8
83f289e6-615c-408b-b912-f780d26ad2ef,20d8aaf0-5b95-4804-8c75-9a93518ca3ec,2026-02-17,4.4
26a937fe-a887-489a-ac2c-78595e83aa69,20d8aaf0-5b95-4804-8c75-9a93518ca3ec,2026-02-20,4.7
528d3b80-ff35-4245-aa85-f05eb1e52385,20d8aaf0-5b95-4804-8c75-9a93518ca3ec,2026-02-25,5.1
00b196db-b9fb-4767-b966-75ea6871f6f8,20d8aaf0-5b95-4804-8c75-9a93518ca3ec,2026-03-10,5.7
84f04aac-f5c1-484a-8d44-3fd9be41a954,20d8aaf0-5b95-4804-8c75-9a93518ca3ec,2026-03-13,4.1
b6c06792-a4dc-4bfe-b33a-2513f65b9218,20d8aaf0-5b95-4804-8c75-9a93518ca3ec,2026-03-23,3.8
d02e0939-1c54-4767-a9ff-e35d1c9f2e83,20d8aaf0-5b95-4804-8c75-9a93518ca3ec,2026-03-31,6.4
e13dfcba-c8f8-4a72-af5c-3b939b5f95f4,20d8aaf0-5b95-4804-8c75-9a93518ca3ec,2026-04-03,4.0
739cddcf-f940-4359-8860-95c94488796d,20d8aaf0-5b95-4804-8c75-9a93518ca3ec,2026-04-08,5.7
38d9e901-325a-48bb-b888-8e70052468a9,20d8aaf0-5b95-4804-8c75-9a93518ca3ec,2026-04-13,6.2
9219bed6-f7b7-47b5-8b85-71c99c67d426,20d8aaf0-5b95-4804-8c75-9a93518ca3ec,2026-04-14,4.5
d3402ceb-4861-4f8c-a721-fbfecea66255,20d8aaf0-5b95-4804-8c75-9a93518ca3ec,2026-04-17,5.2
a0863244-5cd7-444d-91e3-b64bb45e7f01,20d8aaf0-5b95-4804-8c75-9a93518ca3ec,2026-04-20,3.4
e96259e4-11ca-49b9-ad83-cccb87665477,20d8aaf0-5b95-4804-8c75-9a93518ca3ec,2026-04-22,3.8
d73546a3-bae7-4f5a-961d-3128eaadacbc,20d8aaf0-5b95-4804-8c75-9a93518ca3ec,2026-04-23,4.2
8666e263-c17e-4f45-9b7c-c7000b395dac,20d8aaf0-5b95-4804-8c75-9a93518ca3ec,2026-04-27,3.6
bf3eb148-7041-4faf-a353-5ed20cdc6f3e,20d8aaf0-5b95-4804-8c75-9a93518ca3ec,2026-04-28,5.9
752b061e-d38e-4030-94ef-994801d92523,20d8aaf0-5b95-4804-8c75-9a93518ca3ec,2026-05-01,4.8
0bb5b434-339e-4902-889e-188b747f9476,20d8aaf0-5b95-4804-8c75-9a93518ca3ec,2026-05-06,4.9
32a17384-169f-491d-bc6d-046bdf90c44f,20d8aaf0-5b95-4804-8c75-9a93518ca3ec,2026-05-07,3.7
b43ac43d-21f8-48d1-8e1b-9fdcfdd77c21,20d8aaf0-5b95-4804-8c75-9a93518ca3ec,2026-05-08,4.5
d3582ac8-69e5-4e8b-8a03-ac16fb0ad32b,20d8aaf0-5b95-4804-8c75-9a93518ca3ec,2026-05-14,4.1
1eeedfca-bdf9-4238-9a54-b048b171816b,20d8aaf0-5b95-4804-8c75-9a93518ca3ec,2026-05-22,5.4
026bb168-37c6-4b89-8635-c117a32e1c10,20d8aaf0-5b95-4804-8c75-9a93518ca3ec,2026-06-09,3.2
f5469f5c-97e9-42f9-a65b-d91ed3c1330c,20d8aaf0-5b95-4804-8c75-9a93518ca3ec,2026-06-12,4.0
339f2136-78c6-41fa-961f-bb52521596d8,20d8aaf0-5b95-4804-8c75-9a93518ca3ec,2026-06-15,4.7
5f118b78-6f31-4a2e-85f9-d8e33b377744,20d8aaf0-5b95-4804-8c75-9a93518ca3ec,2026-06-25,4.3
8f76fe27-5b32-420d-a936-7ce59f2d7042,eb8f4698-d0ac-481a-9824-3996cd99e595,2026-01-06,4.4
e4d7d4ee-617b-42c9-9a79-bb2f811c58df,eb8f4698-d0ac-481a-9824-3996cd99e595,2026-01-12,5.6
8c41c549-efe6-41b8-b568-f65e5b46bb2f,eb8f4698-d0ac-481a-9824-3996cd99e595,2026-01-19,3.1
0cedcf51-17cd-4908-bd73-f0835c7f90a7,eb8f4698-d0ac-481a-9824-3996cd99e595,2026-01-20,1.5
8b61f4ff-308b-4ba5-84a4-bf6c745036bd,eb8f4698-d0ac-481a-9824-3996cd99e595,2026-01-22,3.6
a8d2fd62-e1fd-4c85-978d-67818cc47e52,eb8f4698-d0ac-481a-9824-3996cd99e595,2026-02-06,3.7
9131b401-d041-4097-b4b7-e42cb854b6d4,eb8f4698-d0ac-481a-9824-3996cd99e595,2026-02-18,5.9
f79b1ff6-2f57-4ad3-87dc-b8778e4777ce,eb8f4698-d0ac-481a-9824-3996cd99e595,2026-02-19,4.3
29da3835-0444-428c-9f6e-d1cddd4beb14,eb8f4698-d0ac-481a-9824-3996cd99e595,2026-02-23,3.1
4ee3d769-04bb-410f-899c-fd7029f6e10c,eb8f4698-d0ac-481a-9824-3996cd99e595,2026-03-05,2.9
2abaf8df-e66f-4d0f-9d36-4b1c46830fe4,eb8f4698-d0ac-481a-9824-3996cd99e595,2026-03-09,4.4
47afb410-2bd5-4223-9007-ed1bedebe0e2,eb8f4698-d0ac-481a-9824-3996cd99e595,2026-03-20,3.9
d4f951be-7ea7-40a4-bbc3-1a76d1ae2afe,eb8f4698-d0ac-481a-9824-3996cd99e595,2026-03-31,3.3
5dea0dda-f03c-41c4-aee5-aaef4cca4cd7,eb8f4698-d0ac-481a-9824-3996cd99e595,2026-04-02,3.6
d2f5c704-03ce-48d1-98d2-e213ae9735a0,eb8f4698-d0ac-481a-9824-3996cd99e595,2026-04-10,4.3
032a0547-1fb0-4396-a3e0-c6f848de8356,eb8f4698-d0ac-481a-9824-3996cd99e595,2026-04-13,2.7
f98bfa75-a209-4c03-aec9-763b49664fa6,eb8f4698-d0ac-481a-9824-3996cd99e595,2026-04-15,3.9
e5d6bfe1-f672-4a64-be1b-4c92c4cf2be5,eb8f4698-d0ac-481a-9824-3996cd99e595,2026-05-04,2.2
cd59f791-b14f-4f7f-a073-bc2be776d2f2,eb8f4698-d0ac-481a-9824-3996cd99e595,2026-05-11,6.2
8fa6b9b8-ce1a-4d38-94f5-3c52c46a9c09,eb8f4698-d0ac-481a-9824-3996cd99e595,2026-05-12,5.1
e7b323d6-edce-4798-9a2f-104080d586de,eb8f4698-d0ac-481a-9824-3996cd99e595,2026-05-14,2.7
a1e042d9-3684-4377-b4bb-2fd903c387ee,eb8f4698-d0ac-481a-9824-3996cd99e595,2026-05-18,2.5
dba04b50-204a-49ef-b093-a981be496c04,eb8f4698-d0ac-481a-9824-3996cd99e595,2026-05-20,4.4
4476c701-b87b-483c-8fbf-891930ec9f00,eb8f4698-d0ac-481a-9824-3996cd99e595,2026-06-09,3.5
eb05e797-8a90-4b95-aead-cafa823c5047,eb8f4698-d0ac-481a-9824-3996cd99e595,2026-06-10,5.9
b1bf7ee2-88a0-4c5e-a47f-b185cda5b8c2,eb8f4698-d0ac-481a-9824-3996cd99e595,2026-06-16,4.3
1423a1c0-c9db-4b56-b6a0-97ce1b44cea2,eb8f4698-d0ac-481a-9824-3996cd99e595,2026-06-19,4.8
0d08b896-34aa-41cc-abee-90b0fd11d1d4,eb8f4698-d0ac-481a-9824-3996cd99e595,2026-06-22,4.6
b97c2f8a-ea4c-474e-9556-2ac33d5d33e1,9f2888f9-c444-4ed7-8d3c-4f754ac00b01,2026-01-07,5.2
96345a3d-a635-455e-87d3-2ffc80fa1e9d,9f2888f9-c444-4ed7-8d3c-4f754ac00b01,2026-01-23,4.0
33cead0a-2e4a-4a53-acb3-190528500ea8,9f2888f9-c444-4ed7-8d3c-4f754ac00b01,2026-01-27,3.6
838b5963-43c9-4e34-8953-eb41dd85a5b2,9f2888f9-c444-4ed7-8d3c-4f754ac00b01,2026-02-10,3.1
9fbf1485-5b16-4daf-892a-dd700ac00d57,9f2888f9-c444-4ed7-8d3c-4f754ac00b01,2026-02-12,2.3
bb88d59f-ee38-428c-9a73-f01c35240d04,9f2888f9-c444-4ed7-8d3c-4f754ac00b01,2026-02-13,4.8
c021bc66-b990-4552-929c-35592ae8083b,9f2888f9-c444-4ed7-8d3c-4f754ac00b01,2026-02-20,4.4
57b3fd52-3b89-4c10-928c-7f9eedd02363,9f2888f9-c444-4ed7-8d3c-4f754ac00b01,2026-02-24,4.8
9f53a364-f24c-4e64-a18c-3c02c7f3dea0,9f2888f9-c444-4ed7-8d3c-4f754ac00b01,2026-03-02,2.9
3d10e17a-e0ed-4deb-9c5e-d2d907e7dbe9,9f2888f9-c444-4ed7-8d3c-4f754ac00b01,2026-03-04,4.4
f5b71599-3557-48fe-ab1d-3fd8635080cc,9f2888f9-c444-4ed7-8d3c-4f754ac00b01,2026-03-10,4.7
0e973e3b-802d-4faa-a65e-f3649fc5ca49,9f2888f9-c444-4ed7-8d3c-4f754ac00b01,2026-03-16,4.4
c86e10eb-2395-453a-815a-d92fcd270703,9f2888f9-c444-4ed7-8d3c-4f754ac00b01,2026-03-25,2.9
7fa37507-895d-4782-a6ab-f24686b08182,9f2888f9-c444-4ed7-8d3c-4f754ac00b01,2026-04-01,4.4
9879b28c-178c-49a1-946d-f456d9ccb78e,9f2888f9-c444-4ed7-8d3c-4f754ac00b01,2026-04-02,2.1
8805242f-8728-4ff4-a995-519768bc5c02,9f2888f9-c444-4ed7-8d3c-4f754ac00b01,2026-04-03,1.8
faac6a0b-a089-4b0a-a73b-c4a69df27cb6,9f2888f9-c444-4ed7-8d3c-4f754ac00b01,2026-04-14,2.1
aec255e4-84e0-4238-9c64-2e1509d538df,9f2888f9-c444-4ed7-8d3c-4f754ac00b01,2026-04-15,4.8
8174b115-760f-43ea-98aa-6984cb6fa451,9f2888f9-c444-4ed7-8d3c-4f754ac00b01,2026-04-16,3.7
9b5934fb-09a2-4fb6-91b8-4434e698b5cc,9f2888f9-c444-4ed7-8d3c-4f754ac00b01,2026-04-24,2.4
a80c586b-92e8-4e68-bfa5-43a288e721dd,9f2888f9-c444-4ed7-8d3c-4f754ac00b01,2026-04-29,3.0
e14d4927-1911-47bb-b9f0-825b9456e5c6,9f2888f9-c444-4ed7-8d3c-4f754ac00b01,2026-05-06,2.1
b63d739d-9257-4d3c-b634-892968e4bb72,9f2888f9-c444-4ed7-8d3c-4f754ac00b01,2026-05-07,4.6
279b2ea5-8d05-48ae-b458-babd28afd473,9f2888f9-c444-4ed7-8d3c-4f754ac00b01,2026-05-11,2.8
5b71d0ce-3c6f-4798-9ab0-ac5fd8ccb197,9f2888f9-c444-4ed7-8d3c-4f754ac00b01,2026-05-19,3.7
ea36c05c-df59-4f41-9ffb-41918c1ddc39,9f2888f9-c444-4ed7-8d3c-4f754ac00b01,2026-05-20,4.5
000e4d9e-ed34-4990-afae-9af6714446d1,9f2888f9-c444-4ed7-8d3c-4f754ac00b01,2026-05-21,5.3
6a6e5c7e-aa14-456d-936c-c6f4770577c7,9f2888f9-c444-4ed7-8d3c-4f754ac00b01,2026-05-25,4.6
05457aaa-9a63-4c78-88ef-7cc15f3ab4b1,9f2888f9-c444-4ed7-8d3c-4f754ac00b01,2026-05-26,3.2
1c72f5d8-29f5-45ec-8ef9-74b45006a954,9f2888f9-c444-4ed7-8d3c-4f754ac00b01,2026-05-27,4.1
c7425661-da86-49f5-a9a0-92eec1861e55,9f2888f9-c444-4ed7-8d3c-4f754ac00b01,2026-05-29,3.5
8ddf923e-67f0-46c2-8c5b-d77fffbeadb2,9f2888f9-c444-4ed7-8d3c-4f754ac00b01,2026-06-10,4.0
e9bacd7b-07e8-4cc2-9461-c3fccc43f3fd,9f2888f9-c444-4ed7-8d3c-4f754ac00b01,2026-06-16,5.9
abd11bc0-21cf-4e45-b09c-d1a3b24ba673,9f2888f9-c444-4ed7-8d3c-4f754ac00b01,2026-06-25,2.7
c76742f3-b00b-4f5f-83e4-48aecc4c1202,fbad27f5-5c0f-4828-8e5b-d93830474787,2026-01-01,3.4
79f656f7-edc2-4093-9427-c4c3446a0eb0,fbad27f5-5c0f-4828-8e5b-d93830474787,2026-01-02,5.8
e0dba67d-1c8d-4090-bb1d-322b832336f3,fbad27f5-5c0f-4828-8e5b-d93830474787,2026-01-16,2.2
ce7ab324-3084-40c7-9cee-b1a63f4ffdf4,fbad27f5-5c0f-4828-8e5b-d93830474787,2026-01-20,3.8
6de58b7e-d4e7-4176-9445-03e489ee3d2c,fbad27f5-5c0f-4828-8e5b-d93830474787,2026-01-22,3.8
ba013662-fd35-425d-bfcc-773c1501dbd1,fbad27f5-5c0f-4828-8e5b-d93830474787,2026-01-27,3.7
3bd0ff91-5ec0-433a-8408-bba723c07f2c,fbad27f5-5c0f-4828-8e5b-d93830474787,2026-01-28,3.0
f75faff4-2789-4546-83e4-1d81130d9555,fbad27f5-5c0f-4828-8e5b-d93830474787,2026-02-02,5.5
9f33b299-1863-4afe-9f72-d4abb8cdc210,fbad27f5-5c0f-4828-8e5b-d93830474787,2026-02-12,4.6
37ba8697-6aaf-4d25-9481-951f9753fe58,fbad27f5-5c0f-4828-8e5b-d93830474787,2026-02-19,4.6
46c06b3a-a877-46f3-9145-5ba5c9824d96,fbad27f5-5c0f-4828-8e5b-d93830474787,2026-02-23,3.5
46d1cb12-ecc0-446d-8956-191407882a21,fbad27f5-5c0f-4828-8e5b-d93830474787,2026-02-24,2.7
b798a06e-3c3e-44c4-a7ef-abfe724f5f18,fbad27f5-5c0f-4828-8e5b-d93830474787,2026-03-06,4.1
67c365d2-d083-48af-9216-6ece22f16325,fbad27f5-5c0f-4828-8e5b-d93830474787,2026-03-13,4.2
838795be-97c1-4bb4-a192-bcdb89bf22b6,fbad27f5-5c0f-4828-8e5b-d93830474787,2026-03-20,3.6
e14c6901-f1ec-4085-aee8-bd067d37b3e8,fbad27f5-5c0f-4828-8e5b-d93830474787,2026-03-24,6.0
6abe375e-94b3-43f4-a7b5-a703c8538f70,fbad27f5-5c0f-4828-8e5b-d93830474787,2026-03-31,3.7
6cd1c97a-1556-466c-9757-3e25b84dedb3,fbad27f5-5c0f-4828-8e5b-d93830474787,2026-04-07,3.7
61a2d59b-cba8-47d1-860a-c118d78768d8,fbad27f5-5c0f-4828-8e5b-d93830474787,2026-04-27,3.0
d3ac0048-fab2-4cae-abe2-5e35ec5ea8f7,fbad27f5-5c0f-4828-8e5b-d93830474787,2026-05-15,4.1
00f51f0c-684b-4652-a863-1ef204f55291,fbad27f5-5c0f-4828-8e5b-d93830474787,2026-05-21,1.5
a71487b9-65d9-4a94-b025-c6e85a817156,fbad27f5-5c0f-4828-8e5b-d93830474787,2026-05-25,4.3
c31362a1-c2df-40cf-bbc6-85cb07adbbc9,fbad27f5-5c0f-4828-8e5b-d93830474787,2026-05-28,1.5
41765a6e-576e-4418-ae0b-766b3e9c9d1b,fbad27f5-5c0f-4828-8e5b-d93830474787,2026-06-05,3.4
27d3317a-a3dc-415e-ab77-6bb70bf0fcce,fbad27f5-5c0f-4828-8e5b-d93830474787,2026-06-08,4.4
e72b949f-2faa-46e3-bef7-aef7bf2234b4,fbad27f5-5c0f-4828-8e5b-d93830474787,2026-06-10,4.0
ae55081a-2b52-4272-9405-a4a7ac8d2f0e,fbad27f5-5c0f-4828-8e5b-d93830474787,2026-06-12,3.5
0f3e0d57-3095-491b-ae4b-48ad9ce7cb08,fbad27f5-5c0f-4828-8e5b-d93830474787,2026-06-19,3.3
ee22322f-3362-4630-b28a-88c996fa7372,fbad27f5-5c0f-4828-8e5b-d93830474787,2026-06-22,4.5
05981992-925f-46e5-8ecb-1434a449ca89,70641daa-5086-4b41-a8cb-157cf104dd4a,2026-01-06,2.3
ff835c03-833c-49dc-9929-acf69f2eb076,70641daa-5086-4b41-a8cb-157cf104dd4a,2026-01-13,4.6
18d959cd-005d-4431-b68d-5e65f1363494,70641daa-5086-4b41-a8cb-157cf104dd4a,2026-01-14,2.6
f73f7306-eebc-45b6-954c-90daf2bb51e4,70641daa-5086-4b41-a8cb-157cf104dd4a,2026-01-22,4.1
2a031146-b1f8-4bbc-8df5-2241c2585b55,70641daa-5086-4b41-a8cb-157cf104dd4a,2026-02-05,3.0
ea3a31d1-aba2-4cd6-97de-8c9ab80afac5,70641daa-5086-4b41-a8cb-157cf104dd4a,2026-02-06,3.8
540c2213-563c-43c8-83e4-96904b7ea655,70641daa-5086-4b41-a8cb-157cf104dd4a,2026-02-11,3.2
59d6ce84-5c47-4c6e-b546-9c9f9f87aba6,70641daa-5086-4b41-a8cb-157cf104dd4a,2026-02-13,3.9
e1ad4434-ce22-4cff-b020-4fb48602e3dd,70641daa-5086-4b41-a8cb-157cf104dd4a,2026-02-18,7.1
16fa2def-beca-4031-b0af-042239b1234a,70641daa-5086-4b41-a8cb-157cf104dd4a,2026-02-19,3.8
c42f8b5c-75c0-43cd-b9dc-394a840dd3ad,70641daa-5086-4b41-a8cb-157cf104dd4a,2026-03-10,4.5
4bc7e5a4-7d77-47b2-8168-06ae25a68612,70641daa-5086-4b41-a8cb-157cf104dd4a,2026-03-11,3.9
c88ab133-35db-43de-bd6e-51836b65a9fb,70641daa-5086-4b41-a8cb-157cf104dd4a,2026-03-13,4.6
80ff619c-69c6-47c3-a63a-48ec006596f5,70641daa-5086-4b41-a8cb-157cf104dd4a,2026-03-23,4.8
4564d905-1fcf-48ef-bdcc-c5f7d0833fde,70641daa-5086-4b41-a8cb-157cf104dd4a,2026-03-30,3.5
5462a2d3-ea23-4056-b14d-50f38b5e3d07,70641daa-5086-4b41-a8cb-157cf104dd4a,2026-04-02,3.4
8ea6b583-5ee0-4152-afe5-67953931bf1e,70641daa-5086-4b41-a8cb-157cf104dd4a,2026-04-07,3.6
60c8ff48-c90e-4ecf-9b50-0b450c571763,70641daa-5086-4b41-a8cb-157cf104dd4a,2026-04-10,2.5
0896434b-07e1-4e83-86ab-c3e5a439f24b,70641daa-5086-4b41-a8cb-157cf104dd4a,2026-04-14,7.0
918f5a7f-600e-4623-89c1-be0980173217,70641daa-5086-4b41-a8cb-157cf104dd4a,2026-04-15,3.1
89cefa4e-181d-407e-a5ea-806491a4482d,70641daa-5086-4b41-a8cb-157cf104dd4a,2026-04-17,4.5
f619eb43-74c1-48f2-80ad-1d03243e8154,70641daa-5086-4b41-a8cb-157cf104dd4a,2026-04-21,4.2
d18d8282-68e1-488a-a83d-82ca74f8c3a4,70641daa-5086-4b41-a8cb-157cf104dd4a,2026-04-22,2.2
b96e3356-65d6-43f9-86d9-69dbcb419146,70641daa-5086-4b41-a8cb-157cf104dd4a,2026-04-27,3.5
042964a3-0be9-4a8a-9860-6541ce6eb44b,70641daa-5086-4b41-a8cb-157cf104dd4a,2026-04-30,5.3
e2c36e62-eec1-4580-9ff5-20808baf5b3d,70641daa-5086-4b41-a8cb-157cf104dd4a,2026-05-05,3.9
a5817ba2-e027-4cca-a26a-9d10f01b40c2,70641daa-5086-4b41-a8cb-157cf104dd4a,2026-05-11,5.9
1eeb6173-c1f1-43e2-9cd0-5a83e623b09c,70641daa-5086-4b41-a8cb-157cf104dd4a,2026-05-12,3.5
12779537-7384-4658-9e83-ed72c099983a,70641daa-5086-4b41-a8cb-157cf104dd4a,2026-05-15,4.2
e423e5c8-c021-40e2-89bc-3d3debd46966,70641daa-5086-4b41-a8cb-157cf104dd4a,2026-05-21,5.8
ea346077-4329-4901-99e2-0f9acb04e5bc,70641daa-5086-4b41-a8cb-157cf104dd4a,2026-05-26,4.7
63b706e0-a5ee-4d9d-bdd8-ac5304507a70,70641daa-5086-4b41-a8cb-157cf104dd4a,2026-06-01,4.7
39c23945-f726-4eba-ac8d-e4de25bd2382,70641daa-5086-4b41-a8cb-157cf104dd4a,2026-06-05,1.6
06ae457e-7e17-44b6-a7ae-0a68afe4d162,70641daa-5086-4b41-a8cb-157cf104dd4a,2026-06-10,4.9
a4ecc61e-7bf9-4eac-80b3-8b9ce25cc1cf,70641daa-5086-4b41-a8cb-157cf104dd4a,2026-06-11,4.9
996ebd15-5546-4795-99db-a7a7a94ae507,70641daa-5086-4b41-a8cb-157cf104dd4a,2026-06-25,4.9
30e16a62-ced1-4d42-af6a-e0464d4d2ac5,70641daa-5086-4b41-a8cb-157cf104dd4a,2026-06-29,4.1
e3457310-d2db-45d2-b324-7f5e5b7e13d8,070ad95e-29db-45b2-979a-1b845c3baba2,2026-01-02,3.6
3dc9c065-8d86-443c-9f1f-0d703bc6ab52,070ad95e-29db-45b2-979a-1b845c3baba2,2026-01-05,4.0
1cb1ae7d-cb3e-4036-9c64-c307f1bd0a21,070ad95e-29db-45b2-979a-1b845c3baba2,2026-01-06,5.3
4fafd7db-40ea-4bb7-a8f2-319dc6a3f396,070ad95e-29db-45b2-979a-1b845c3baba2,2026-01-08,2.5
2eeaab95-9a99-48fb-85b5-6a7c1bda7f8f,070ad95e-29db-45b2-979a-1b845c3baba2,2026-01-16,3.6
ac06561f-49be-4764-9cf4-b32eab729926,070ad95e-29db-45b2-979a-1b845c3baba2,2026-01-21,3.7
8ab529be-7c1b-462e-9f29-81b61158352c,070ad95e-29db-45b2-979a-1b845c3baba2,2026-02-06,4.7
4fe1aabd-5901-4c62-8599-d19c87e291fc,070ad95e-29db-45b2-979a-1b845c3baba2,2026-02-13,2.0
764cdb3d-1c06-4470-8539-b895aaccb48f,070ad95e-29db-45b2-979a-1b845c3baba2,2026-02-20,4.1
72f321be-9c12-4145-84b9-940c0597ce43,070ad95e-29db-45b2-979a-1b845c3baba2,2026-02-24,2.2
4bce9c31-4aac-447e-8631-d769f544edf3,070ad95e-29db-45b2-979a-1b845c3baba2,2026-03-06,3.7
ff75c212-19d5-40ef-b780-2cb31a1277be,070ad95e-29db-45b2-979a-1b845c3baba2,2026-03-10,1.7
53974f28-1a47-401f-949c-6ff5238f7ceb,070ad95e-29db-45b2-979a-1b845c3baba2,2026-03-11,3.2
33fefc2e-c638-4546-9fcc-9275b37c88e5,070ad95e-29db-45b2-979a-1b845c3baba2,2026-03-27,3.8
77e3721a-2fa2-44af-997a-b151e47114e6,070ad95e-29db-45b2-979a-1b845c3baba2,2026-03-31,1.6
165e91bf-9b9b-4af3-9fbd-ab271027770b,070ad95e-29db-45b2-979a-1b845c3baba2,2026-04-02,1.5
c7d9fb95-7162-41aa-9aba-3ec9af5d479f,070ad95e-29db-45b2-979a-1b845c3baba2,2026-04-07,4.3
6d513a1c-7d57-41df-9a2f-d71dcde7cb09,070ad95e-29db-45b2-979a-1b845c3baba2,2026-04-17,3.1
144f8638-7930-474d-94dd-29de75644ab7,070ad95e-29db-45b2-979a-1b845c3baba2,2026-04-23,3.9
11c7484c-68e1-45db-a88f-feef74510b5f,070ad95e-29db-45b2-979a-1b845c3baba2,2026-04-30,4.6
d93ec185-f8f8-4b7e-9c28-8ffe53e39037,070ad95e-29db-45b2-979a-1b845c3baba2,2026-05-08,2.8
487c379d-6a48-462d-8eee-b4813f8961f4,070ad95e-29db-45b2-979a-1b845c3baba2,2026-05-28,5.1
6164e9a7-f01f-4b21-bd53-b2fa2089ff63,070ad95e-29db-45b2-979a-1b845c3baba2,2026-06-01,1.5
a5b3931c-0d54-4f44-90ef-aab5fc4e62a4,070ad95e-29db-45b2-979a-1b845c3baba2,2026-06-02,3.2
d3957005-4fdc-463b-b009-d5c6e02e3d92,070ad95e-29db-45b2-979a-1b845c3baba2,2026-06-04,3.8
e70f663d-a291-4167-ac6c-4cbd6bdaf182,070ad95e-29db-45b2-979a-1b845c3baba2,2026-06-15,4.8
96dd2257-b3de-4915-b4d1-8d1954f1169e,070ad95e-29db-45b2-979a-1b845c3baba2,2026-06-24,3.3
cba0d733-f026-4594-8f5b-17c21dceccc0,fe24136f-9985-4b90-899d-73513a5de4a9,2026-01-14,3.4
6856e481-61d3-434f-abd9-a93dca48626b,fe24136f-9985-4b90-899d-73513a5de4a9,2026-01-16,4.8
7345482d-027c-4082-a7a6-679fe5b4de56,fe24136f-9985-4b90-899d-73513a5de4a9,2026-01-20,3.9
db714378-a22a-488e-afb6-cb75d21dc906,fe24136f-9985-4b90-899d-73513a5de4a9,2026-01-26,3.3
48dcd063-8613-4fac-a804-470aa1fd627f,fe24136f-9985-4b90-899d-73513a5de4a9,2026-01-30,5.6
8759e568-78e4-436b-b8dd-45e869bceee8,fe24136f-9985-4b90-899d-73513a5de4a9,2026-02-13,3.8
40dc7f36-b553-4430-9606-8b76aca5b59b,fe24136f-9985-4b90-899d-73513a5de4a9,2026-03-03,2.9
f4900404-c136-42e7-bc48-f9239fee1a0d,fe24136f-9985-4b90-899d-73513a5de4a9,2026-03-05,1.5
0fe9c5cb-3d41-4d5c-8b3f-b126a4e6c489,fe24136f-9985-4b90-899d-73513a5de4a9,2026-03-10,2.6
eb35fe99-67f4-4c2e-b35f-8207e6133a9c,fe24136f-9985-4b90-899d-73513a5de4a9,2026-03-11,3.7
e1e0af72-7ca0-4a46-bdf4-53f16ca6a224,fe24136f-9985-4b90-899d-73513a5de4a9,2026-03-12,3.8
c6c8d406-281f-4850-9ab7-664b7ed7cbc9,fe24136f-9985-4b90-899d-73513a5de4a9,2026-03-17,3.1
336777c3-c231-405a-9610-4febefefb3d4,fe24136f-9985-4b90-899d-73513a5de4a9,2026-03-20,3.9
39d901e6-ddbf-4e3e-8ad3-2c95b4420c81,fe24136f-9985-4b90-899d-73513a5de4a9,2026-03-25,3.2
5de35404-2586-4d29-ae08-5ab165bf2948,fe24136f-9985-4b90-899d-73513a5de4a9,2026-04-08,2.7
735bf4e0-5a30-4a6f-8214-c2e28afc7186,fe24136f-9985-4b90-899d-73513a5de4a9,2026-04-10,4.6
859baee5-5e56-43e2-b65d-a9da82498770,fe24136f-9985-4b90-899d-73513a5de4a9,2026-04-13,3.0
dd91a1fe-a7fd-44f8-a406-bae9d4c30c9f,fe24136f-9985-4b90-899d-73513a5de4a9,2026-04-15,3.5
b31fb1ed-ad41-44b8-9f90-7fbe431645f8,fe24136f-9985-4b90-899d-73513a5de4a9,2026-04-16,2.0
25274caf-dbc4-4da7-b9d1-ffa07762ca89,fe24136f-9985-4b90-899d-73513a5de4a9,2026-04-20,5.5
8df1498a-dc14-46c0-a521-adbfbb5b580a,fe24136f-9985-4b90-899d-73513a5de4a9,2026-04-21,4.2
08270875-c956-4877-aef9-8190c70ba13a,fe24136f-9985-4b90-899d-73513a5de4a9,2026-05-07,3.6
df418191-7ca5-4a6e-ae7b-c454a0eaf6d7,fe24136f-9985-4b90-899d-73513a5de4a9,2026-05-15,4.4
2c6a88f1-5099-4c80-b29e-359770dca2df,fe24136f-9985-4b90-899d-73513a5de4a9,2026-05-22,4.7
61d4e335-76ed-4bcf-a858-c516dad645c9,fe24136f-9985-4b90-899d-73513a5de4a9,2026-05-25,4.1
acaed22d-7ddc-4138-9cca-2fe2fe341697,fe24136f-9985-4b90-899d-73513a5de4a9,2026-05-26,4.6
731ab46c-53b0-4da1-a435-6b2fd7941e46,fe24136f-9985-4b90-899d-73513a5de4a9,2026-06-01,4.5
cf358688-6dc9-4c37-b31e-f13ca04ea633,fe24136f-9985-4b90-899d-73513a5de4a9,2026-06-03,3.9
70cda139-5904-481d-aa6e-294b3d4dbdb4,fe24136f-9985-4b90-899d-73513a5de4a9,2026-06-11,4.0
31d0af78-c634-4880-9d58-da84f557a0cf,fe24136f-9985-4b90-899d-73513a5de4a9,2026-06-12,4.7
85d579cf-6700-4bc7-89be-72efd0e1a5e4,fe24136f-9985-4b90-899d-73513a5de4a9,2026-06-15,3.4
9751e9b2-e60d-4b1e-a022-d2d9e0b1a74d,fe24136f-9985-4b90-899d-73513a5de4a9,2026-06-26,3.0
ad6db7f7-9c67-4011-8a92-951e5e0530f4,77437ffd-ca89-452c-8b2a-72e6b2edd2f8,2026-01-02,3.5
eccfd31d-66f0-4948-b89c-dde6c0bee56e,77437ffd-ca89-452c-8b2a-72e6b2edd2f8,2026-01-05,4.1
8f433873-9347-410b-9e90-2186ebdd4bac,77437ffd-ca89-452c-8b2a-72e6b2edd2f8,2026-01-07,4.1
33561b10-6dfb-4422-9c27-1af4c9942a1e,77437ffd-ca89-452c-8b2a-72e6b2edd2f8,2026-01-16,3.2
fc303fbb-f3fb-4456-9351-bd8858e84849,77437ffd-ca89-452c-8b2a-72e6b2edd2f8,2026-01-22,4.7
2838f621-06fd-485b-9d09-ff251e679d53,77437ffd-ca89-452c-8b2a-72e6b2edd2f8,2026-01-26,4.3
611c13dd-0ca8-43b6-b4a2-f4c449f03647,77437ffd-ca89-452c-8b2a-72e6b2edd2f8,2026-02-02,2.5
80819cb7-714f-4e13-b92d-5630a6b1297d,77437ffd-ca89-452c-8b2a-72e6b2edd2f8,2026-02-06,3.2
b1876e43-7ffa-4c58-8479-93ce2306d7db,77437ffd-ca89-452c-8b2a-72e6b2edd2f8,2026-02-10,2.3
749e41a4-7dfc-45fb-a37e-28cb26d51467,77437ffd-ca89-452c-8b2a-72e6b2edd2f8,2026-02-11,2.7
66efaf78-93b0-44d8-9a5b-f48003489f32,77437ffd-ca89-452c-8b2a-72e6b2edd2f8,2026-02-16,3.5
12e6c8c4-b33b-47b4-a86a-164daf2c832a,77437ffd-ca89-452c-8b2a-72e6b2edd2f8,2026-02-20,4.4
65d2ccb8-d453-4510-9a9c-eb6522ecf4c6,77437ffd-ca89-452c-8b2a-72e6b2edd2f8,2026-03-25,6.8
3c227556-8676-4b87-96e3-8f260fa973ba,77437ffd-ca89-452c-8b2a-72e6b2edd2f8,2026-03-31,3.2
82d11107-eddc-487e-ac11-40c28d16f2a0,77437ffd-ca89-452c-8b2a-72e6b2edd2f8,2026-04-01,4.3
781b2943-8aed-4fa1-8692-b7b8c220859f,77437ffd-ca89-452c-8b2a-72e6b2edd2f8,2026-04-08,4.7
7ee2aa5b-de9b-4659-8279-6365e2a795c9,77437ffd-ca89-452c-8b2a-72e6b2edd2f8,2026-04-13,5.7
d949aa47-d43c-4433-8ce8-2911643e39b7,77437ffd-ca89-452c-8b2a-72e6b2edd2f8,2026-04-14,4.1
7901f252-c0e1-448b-9930-bdbe14d216b0,77437ffd-ca89-452c-8b2a-72e6b2edd2f8,2026-04-23,5.7
d6d26469-01d1-4568-b899-fa4f2e296499,77437ffd-ca89-452c-8b2a-72e6b2edd2f8,2026-05-01,2.5
5de4b970-4a26-4120-b026-6dc810e0577c,77437ffd-ca89-452c-8b2a-72e6b2edd2f8,2026-05-04,3.3
9e884736-d4e9-4be7-a580-f8d898621090,77437ffd-ca89-452c-8b2a-72e6b2edd2f8,2026-05-08,2.5
d9842e1a-1439-4cd6-9092-b23b8163b62d,77437ffd-ca89-452c-8b2a-72e6b2edd2f8,2026-05-20,4.8
b3f1ca32-8113-4fdc-9cf6-92986bf5e0ad,77437ffd-ca89-452c-8b2a-72e6b2edd2f8,2026-06-05,3.4
d79f4b5d-66d3-4204-8525-90afa8e210cd,77437ffd-ca89-452c-8b2a-72e6b2edd2f8,2026-06-08,5.1
8fc60438-c26f-4b1f-867c-09282278bb3b,77437ffd-ca89-452c-8b2a-72e6b2edd2f8,2026-06-10,5.2
ec72ef69-535a-445b-a873-bd3c2f318a78,77437ffd-ca89-452c-8b2a-72e6b2edd2f8,2026-06-11,3.0
c43327ac-1eeb-4ac2-adfc-753c769c1278,77437ffd-ca89-452c-8b2a-72e6b2edd2f8,2026-06-16,4.4
48c61d81-18f3-4423-963d-e36162783ca9,77437ffd-ca89-452c-8b2a-72e6b2edd2f8,2026-06-22,5.0
6a442c56-bf6c-4851-809f-8e48965a71a9,77437ffd-ca89-452c-8b2a-72e6b2edd2f8,2026-06-29,2.3
0bdc40ea-d2c4-4440-a479-f12453529e8d,d6fb430f-d101-4dc7-bd94-a22e3f26658a,2026-01-02,3.7
10a6cc8a-44c7-4140-99ad-9932a0a99838,d6fb430f-d101-4dc7-bd94-a22e3f26658a,2026-01-07,4.7
e04d5d96-1e45-4086-879a-1d0947d6de7b,d6fb430f-d101-4dc7-bd94-a22e3f26658a,2026-01-16,3.6
c6a3fefa-ec59-43ec-9a55-36746af5f2d5,d6fb430f-d101-4dc7-bd94-a22e3f26658a,2026-01-20,6.7
9a4e5bba-e3ff-45c4-b5a2-c9656b2c0703,d6fb430f-d101-4dc7-bd94-a22e3f26658a,2026-01-26,4.5
5645ffe6-50a6-4444-ae94-1d037b600d19,d6fb430f-d101-4dc7-bd94-a22e3f26658a,2026-02-02,6.5
5251ea83-3801-409d-a461-ad924b697bb7,d6fb430f-d101-4dc7-bd94-a22e3f26658a,2026-02-13,4.9
e1351f03-e931-4ca4-b205-9419a3ac5e48,d6fb430f-d101-4dc7-bd94-a22e3f26658a,2026-02-16,2.2
089f7c62-dbfc-4535-bb47-c0d3db91f93f,d6fb430f-d101-4dc7-bd94-a22e3f26658a,2026-02-20,3.2
b1b364fb-e720-4a92-a2c8-7a8422e9f46d,d6fb430f-d101-4dc7-bd94-a22e3f26658a,2026-02-23,7.6
a0562cee-78fd-4df7-86dd-31b4fbebd282,d6fb430f-d101-4dc7-bd94-a22e3f26658a,2026-02-24,5.0
6df55b33-0629-4d94-9087-042e9c24a48a,d6fb430f-d101-4dc7-bd94-a22e3f26658a,2026-02-26,3.2
dcc2620d-4eec-46c1-ac71-c2de92f7bcef,d6fb430f-d101-4dc7-bd94-a22e3f26658a,2026-03-03,3.6
2aff794c-fb7d-43a1-b8bb-412307479e36,d6fb430f-d101-4dc7-bd94-a22e3f26658a,2026-03-12,5.0
f9cadb5c-f6cb-4bec-842a-a040309062a6,d6fb430f-d101-4dc7-bd94-a22e3f26658a,2026-03-13,4.0
c8b95fe9-828a-4efd-87b6-88adcf0b1b52,d6fb430f-d101-4dc7-bd94-a22e3f26658a,2026-03-18,3.9
18152354-3ac1-4d1f-a358-b52ad723f626,d6fb430f-d101-4dc7-bd94-a22e3f26658a,2026-03-20,3.2
88a47daf-a641-49d9-8686-f334aa22e023,d6fb430f-d101-4dc7-bd94-a22e3f26658a,2026-03-24,4.5
a6854a05-f944-42da-ae18-0ab69efbe84c,d6fb430f-d101-4dc7-bd94-a22e3f26658a,2026-04-06,2.6
02aaa191-92ee-4a11-b8c2-c591d25d0281,d6fb430f-d101-4dc7-bd94-a22e3f26658a,2026-04-08,5.5
2c19c933-0d55-4d3e-9b4e-563948456ead,d6fb430f-d101-4dc7-bd94-a22e3f26658a,2026-04-09,5.4
013c359a-7a81-4c58-a41c-1ad8f46f5648,d6fb430f-d101-4dc7-bd94-a22e3f26658a,2026-04-10,3.9
7a2a3de6-8c7a-4fc2-b212-8c900b511dbe,d6fb430f-d101-4dc7-bd94-a22e3f26658a,2026-05-01,2.6
19ac5d75-f8c2-4669-ac58-fe9a643d7c75,d6fb430f-d101-4dc7-bd94-a22e3f26658a,2026-05-13,5.0
f043a583-1334-41f1-b274-c5570dd823e7,d6fb430f-d101-4dc7-bd94-a22e3f26658a,2026-05-18,4.9
767ac5df-9d36-4ace-9c5f-0de33fd3b983,d6fb430f-d101-4dc7-bd94-a22e3f26658a,2026-05-21,2.1
a873903a-9134-47a0-945e-b9fa768f5810,d6fb430f-d101-4dc7-bd94-a22e3f26658a,2026-05-26,3.3
cef40719-fe08-4ed9-8820-02999d753c78,d6fb430f-d101-4dc7-bd94-a22e3f26658a,2026-06-02,6.1
60860549-4536-428b-bedc-5048ca5d122a,d6fb430f-d101-4dc7-bd94-a22e3f26658a,2026-06-08,1.5
cd173a8f-be69-48ad-b52f-28cc148ebd18,d6fb430f-d101-4dc7-bd94-a22e3f26658a,2026-06-25,4.0
1ace244f-9c1b-47ec-9737-26a1d83ea436,d6fb430f-d101-4dc7-bd94-a22e3f26658a,2026-06-29,6.0
d6389a4a-5bd8-4f4f-aff5-c04736b89871,7add9c6d-c8f7-414b-a5f2-959e72f6c1e5,2026-01-01,6.6
efe4d0f2-8229-4b0c-9b88-a13730fe9142,7add9c6d-c8f7-414b-a5f2-959e72f6c1e5,2026-01-02,5.0
959667e0-ffb1-45fb-8dca-3cf3dd182ace,7add9c6d-c8f7-414b-a5f2-959e72f6c1e5,2026-01-08,7.4
b992eff2-d555-4acf-b719-0f0bccd02054,7add9c6d-c8f7-414b-a5f2-959e72f6c1e5,2026-01-22,2.5
2ce3783a-840b-4d60-b8f8-caa5c5af64a2,7add9c6d-c8f7-414b-a5f2-959e72f6c1e5,2026-01-27,6.3
2cb68326-0bb2-4f7a-b1d8-350315a74377,7add9c6d-c8f7-414b-a5f2-959e72f6c1e5,2026-01-28,4.7
79660ac4-8075-4b4c-abf2-32231c457368,7add9c6d-c8f7-414b-a5f2-959e72f6c1e5,2026-01-29,4.2
9e9b330b-77cd-4faa-b159-76e53f29f1b8,7add9c6d-c8f7-414b-a5f2-959e72f6c1e5,2026-01-30,3.6
6be7acd8-66b3-4af7-a2be-f221f5f6addb,7add9c6d-c8f7-414b-a5f2-959e72f6c1e5,2026-02-02,3.8
c807eaba-c17e-4a39-8994-430786e2514b,7add9c6d-c8f7-414b-a5f2-959e72f6c1e5,2026-02-04,3.5
c645e3d1-ab4e-44de-a12f-fe023922da52,7add9c6d-c8f7-414b-a5f2-959e72f6c1e5,2026-02-05,6.4
d584f7b5-4b85-4e7a-8a5d-53e423fb3e92,7add9c6d-c8f7-414b-a5f2-959e72f6c1e5,2026-02-10,1.8
ba77d91e-4b95-4a89-99f8-412e3bc2c810,7add9c6d-c8f7-414b-a5f2-959e72f6c1e5,2026-02-11,3.5
9c08a7b1-f5b6-4914-96f2-9450079a4a9f,7add9c6d-c8f7-414b-a5f2-959e72f6c1e5,2026-02-13,4.1
acdd4290-bff7-4fdb-93b7-0a60302213d0,7add9c6d-c8f7-414b-a5f2-959e72f6c1e5,2026-02-18,5.7
0da4eb1d-5553-4dc7-a8d1-08dd233abc8e,7add9c6d-c8f7-414b-a5f2-959e72f6c1e5,2026-02-19,5.2
4837cc4c-dcc4-4812-8ec3-f111501f6a38,7add9c6d-c8f7-414b-a5f2-959e72f6c1e5,2026-02-20,3.8
98e6ab6f-0297-4a8c-88ab-955b138b520f,7add9c6d-c8f7-414b-a5f2-959e72f6c1e5,2026-02-26,3.4
b741f6b4-3fb2-4414-9603-456c1607ee81,7add9c6d-c8f7-414b-a5f2-959e72f6c1e5,2026-03-02,4.9
77335f0f-260a-4082-9f88-82e54bb83f4f,7add9c6d-c8f7-414b-a5f2-959e72f6c1e5,2026-03-03,2.5
475fd223-f712-4f5f-bd7a-4367d08cbab4,7add9c6d-c8f7-414b-a5f2-959e72f6c1e5,2026-03-12,2.7
a7123a90-302f-4423-b6e4-4e38b5dcb71c,7add9c6d-c8f7-414b-a5f2-959e72f6c1e5,2026-03-17,4.3
b2fecc05-24b7-4a9d-86ce-9eb722343aca,7add9c6d-c8f7-414b-a5f2-959e72f6c1e5,2026-03-18,4.6
bdb73b97-ee2a-49f4-81de-cada641abf61,7add9c6d-c8f7-414b-a5f2-959e72f6c1e5,2026-03-24,5.5
4db0c29a-ab21-4c86-b805-e06334a7e624,7add9c6d-c8f7-414b-a5f2-959e72f6c1e5,2026-03-26,3.3
a6da5275-6f17-4e1a-9e39-0b1d75aa9f86,7add9c6d-c8f7-414b-a5f2-959e72f6c1e5,2026-03-27,3.7
0532aef9-bd9c-4696-877c-1b190662c02d,7add9c6d-c8f7-414b-a5f2-959e72f6c1e5,2026-03-31,5.6
c1da1065-c5c9-4fb2-833a-d77953c0caa7,7add9c6d-c8f7-414b-a5f2-959e72f6c1e5,2026-04-03,3.9
4e87234d-becc-4d7f-928a-3cd1e116c69e,7add9c6d-c8f7-414b-a5f2-959e72f6c1e5,2026-04-06,4.3
423591a4-4e9c-48a3-8403-9046dd46e77d,7add9c6d-c8f7-414b-a5f2-959e72f6c1e5,2026-04-15,3.8
b22fc941-1442-4d95-ae72-6a7173622e41,7add9c6d-c8f7-414b-a5f2-959e72f6c1e5,2026-04-29,2.7
6fb20b50-aa28-472a-8171-747bae297dca,7add9c6d-c8f7-414b-a5f2-959e72f6c1e5,2026-05-05,4.2
05c34e8c-2b67-4bb2-9f1b-3d7ef5f6bcae,7add9c6d-c8f7-414b-a5f2-959e72f6c1e5,2026-05-12,4.4
a5592c05-a29b-4cd7-8125-4e3ec08fee3e,7add9c6d-c8f7-414b-a5f2-959e72f6c1e5,2026-05-13,4.6
9ace26f7-846d-4e0e-a946-67e48361d562,7add9c6d-c8f7-414b-a5f2-959e72f6c1e5,2026-05-14,3.4
c1ea0f13-55e7-48d6-b636-049a7b833976,7add9c6d-c8f7-414b-a5f2-959e72f6c1e5,2026-05-18,4.7
a3bab11c-ebe4-4456-b20f-1f61522e354a,7add9c6d-c8f7-414b-a5f2-959e72f6c1e5,2026-05-19,5.5
2015bf32-4d6a-41ff-a316-9b5b5217eded,7add9c6d-c8f7-414b-a5f2-959e72f6c1e5,2026-05-20,6.5
a6eb2877-c44b-4612-9dbc-9e2a2816dfcb,7add9c6d-c8f7-414b-a5f2-959e72f6c1e5,2026-05-21,5.2
b169e57e-0db6-4721-ae0e-9dcee4505ca8,7add9c6d-c8f7-414b-a5f2-959e72f6c1e5,2026-05-25,4.6
7d902eb7-f980-4c50-bdab-a9c2fffcbaf9,7add9c6d-c8f7-414b-a5f2-959e72f6c1e5,2026-05-28,6.8
c10585d1-5075-46bc-8b57-a68289b8801d,7add9c6d-c8f7-414b-a5f2-959e72f6c1e5,2026-06-01,3.8
2f432d47-0dea-4290-8990-e77cddf96b30,7add9c6d-c8f7-414b-a5f2-959e72f6c1e5,2026-06-05,4.8
38846ef4-fc70-4b6d-b636-006b85c959e9,7add9c6d-c8f7-414b-a5f2-959e72f6c1e5,2026-06-10,7.3
579648b0-c899-4790-8e55-e391b260ed38,7add9c6d-c8f7-414b-a5f2-959e72f6c1e5,2026-06-11,5.4
0c599dc4-0d2f-40e5-a785-85b0dd49db1d,7add9c6d-c8f7-414b-a5f2-959e72f6c1e5,2026-06-19,7.0
9f23b181-afc0-4640-8916-54125a419ecd,7add9c6d-c8f7-414b-a5f2-959e72f6c1e5,2026-06-22,4.6
e83cd40d-bb38-4864-b2da-bd2305212fd4,7add9c6d-c8f7-414b-a5f2-959e72f6c1e5,2026-06-23,5.1
56da3163-1c24-4e8f-87d4-8b0ba2799a7a,d2fe3180-36cd-423d-8a3b-a9008080782e,2026-01-06,5.4
25ed9766-9632-45fe-bd20-bab49fc79749,d2fe3180-36cd-423d-8a3b-a9008080782e,2026-01-07,2.8
c342fa96-76f7-4c91-8234-226deca8ae6d,d2fe3180-36cd-423d-8a3b-a9008080782e,2026-01-16,4.8
690e1cdb-957b-40f5-a677-3a4f85c90cb5,d2fe3180-36cd-423d-8a3b-a9008080782e,2026-01-22,5.6
67cffc45-8ca5-42a0-a662-2da8d8032ce8,d2fe3180-36cd-423d-8a3b-a9008080782e,2026-01-29,3.9
e9c9a72a-f07f-463c-b968-91828db86ac9,d2fe3180-36cd-423d-8a3b-a9008080782e,2026-02-05,3.4
9273e6c0-8211-40a7-8650-8a42c50abafa,d2fe3180-36cd-423d-8a3b-a9008080782e,2026-02-06,1.8
95f565da-b3a1-4037-b273-e24d52234154,d2fe3180-36cd-423d-8a3b-a9008080782e,2026-02-10,1.5
d279dcec-2dbc-4c61-a41c-f835eb4b861d,d2fe3180-36cd-423d-8a3b-a9008080782e,2026-02-19,3.0
62c2966a-5c30-4d74-86fe-9d37eb9aced8,d2fe3180-36cd-423d-8a3b-a9008080782e,2026-03-11,3.2
cd0c0b12-57fc-4ad6-9798-e365c4540a7e,d2fe3180-36cd-423d-8a3b-a9008080782e,2026-03-13,2.6
c20107dc-24e9-43ca-acce-2ed46e1df8da,d2fe3180-36cd-423d-8a3b-a9008080782e,2026-03-24,3.5
c874f7f1-f208-4a47-822f-ae0602acf502,d2fe3180-36cd-423d-8a3b-a9008080782e,2026-03-25,3.8
eeb89eed-15bb-4578-8bd5-b812e2bfb354,d2fe3180-36cd-423d-8a3b-a9008080782e,2026-03-26,4.2
7b74ca76-a570-42bb-8cc2-c7506ddd3150,d2fe3180-36cd-423d-8a3b-a9008080782e,2026-03-27,3.8
0e0595a6-6a9e-4558-9bcb-58f3aa506bc5,d2fe3180-36cd-423d-8a3b-a9008080782e,2026-04-01,5.5
e8d57079-83b2-4ba1-b7df-c9d6f2115261,d2fe3180-36cd-423d-8a3b-a9008080782e,2026-04-06,4.9
f8d8537c-fd2a-49d8-aaf4-443715b29ca8,d2fe3180-36cd-423d-8a3b-a9008080782e,2026-04-07,3.9
76a9cbb9-0eba-42ba-86d5-dae9527012cc,d2fe3180-36cd-423d-8a3b-a9008080782e,2026-04-14,5.8
d684ec05-b115-4ac3-8a36-53cfee64e5ff,d2fe3180-36cd-423d-8a3b-a9008080782e,2026-04-17,6.5
d45708cb-83aa-4b8a-99bc-b896daf7219e,d2fe3180-36cd-423d-8a3b-a9008080782e,2026-04-21,4.2
4e254f18-f252-4e54-ab31-b8b6c2ae04b0,d2fe3180-36cd-423d-8a3b-a9008080782e,2026-04-27,3.3
0ae54834-38c0-4d96-8d0a-f406375ae67b,d2fe3180-36cd-423d-8a3b-a9008080782e,2026-04-30,3.7
d2a7d30d-aa9c-42c1-bf76-f6a6bf5c9f8c,d2fe3180-36cd-423d-8a3b-a9008080782e,2026-05-08,3.6
996c7c35-cb4c-49e5-a2b1-53c9c8b3d6d9,d2fe3180-36cd-423d-8a3b-a9008080782e,2026-05-26,3.4
00300bab-750b-40cb-8fb8-4d2d6c3b37f7,d2fe3180-36cd-423d-8a3b-a9008080782e,2026-06-01,5.7
2da8dc3f-f391-449d-a00b-3de7e2553e69,d2fe3180-36cd-423d-8a3b-a9008080782e,2026-06-04,6.8
4add34ee-28ef-493d-bbed-7674cf95b113,d2fe3180-36cd-423d-8a3b-a9008080782e,2026-06-12,5.7
f2dbac55-3d1d-4780-9301-5957dd6132ed,d2fe3180-36cd-423d-8a3b-a9008080782e,2026-06-17,5.8
9e4409a3-c585-4ee9-b863-b4902e2a34e1,d2fe3180-36cd-423d-8a3b-a9008080782e,2026-06-18,5.9
897300b4-d078-4f7c-b03b-5e4968b393b8,d2fe3180-36cd-423d-8a3b-a9008080782e,2026-06-24,3.2
4e868942-01fb-4e3c-b7db-6e5fe087b1de,e8d45d93-84e1-47f1-be6e-3c5a89051023,2026-01-02,4.1
00657943-c743-4cbf-b809-29cb1996dfa9,e8d45d93-84e1-47f1-be6e-3c5a89051023,2026-01-05,3.1
da0a226c-3f32-4801-b9cf-57914196f3d1,e8d45d93-84e1-47f1-be6e-3c5a89051023,2026-01-21,3.0
15dab05f-e2d6-44f0-9187-9e6c775a5332,e8d45d93-84e1-47f1-be6e-3c5a89051023,2026-01-26,4.1
7739a2e7-232a-4621-9df3-60ad07c10389,e8d45d93-84e1-47f1-be6e-3c5a89051023,2026-02-13,4.6
4fa5d3c7-ea70-4197-8db3-77cc0fd1b576,e8d45d93-84e1-47f1-be6e-3c5a89051023,2026-02-17,4.9
16243dbd-b8da-4c4c-9f09-9be3e5d4700e,e8d45d93-84e1-47f1-be6e-3c5a89051023,2026-02-19,4.3
818b74c5-a9de-4daa-bc07-da91c65a666c,e8d45d93-84e1-47f1-be6e-3c5a89051023,2026-02-25,4.4
f8fabbc3-946e-4696-bd4a-fe50d162e4c7,e8d45d93-84e1-47f1-be6e-3c5a89051023,2026-03-10,2.3
fe29ff4e-6469-462c-a274-66ca681ad43f,e8d45d93-84e1-47f1-be6e-3c5a89051023,2026-03-13,3.3
79b4e263-0429-4986-84c4-dafcecff432f,e8d45d93-84e1-47f1-be6e-3c5a89051023,2026-03-16,3.3
158bb5f4-f262-4c6d-b3bf-6a65033b577a,e8d45d93-84e1-47f1-be6e-3c5a89051023,2026-03-17,2.9
7cb41b2d-1659-48d2-a967-af8acb94cf8a,e8d45d93-84e1-47f1-be6e-3c5a89051023,2026-03-24,4.5
faa421cd-b7b2-471c-84d5-4b0975b2fc70,e8d45d93-84e1-47f1-be6e-3c5a89051023,2026-03-25,5.0
92cdec74-588f-47b6-b812-92e2c2cf94d7,e8d45d93-84e1-47f1-be6e-3c5a89051023,2026-03-26,4.6
976073fe-5e30-46a0-b373-8facbec44deb,e8d45d93-84e1-47f1-be6e-3c5a89051023,2026-03-31,3.6
e5401efa-691e-4f65-a19d-81368594725a,e8d45d93-84e1-47f1-be6e-3c5a89051023,2026-04-07,3.2
4d0718b1-846c-414f-8ba4-4b75c77a3aa8,e8d45d93-84e1-47f1-be6e-3c5a89051023,2026-04-10,4.3
dd20628c-9b58-4222-9b0d-5dee2c8565fe,e8d45d93-84e1-47f1-be6e-3c5a89051023,2026-04-15,5.7
1c90010b-908a-42bd-82cd-34f910cb5ac2,e8d45d93-84e1-47f1-be6e-3c5a89051023,2026-04-22,3.8
b61c41fb-237f-45e6-bde6-493effcdec81,e8d45d93-84e1-47f1-be6e-3c5a89051023,2026-04-23,5.0
c4665011-8810-4587-8a7c-f6d99fdfae6d,e8d45d93-84e1-47f1-be6e-3c5a89051023,2026-05-11,4.0
0975fab5-44d5-4882-829c-c05512ce6ad8,e8d45d93-84e1-47f1-be6e-3c5a89051023,2026-05-12,4.2
9457f81b-8b9e-4a00-96a2-616ac22feec7,e8d45d93-84e1-47f1-be6e-3c5a89051023,2026-05-18,3.2
70111091-5c44-4338-89d4-3a4c68a83217,e8d45d93-84e1-47f1-be6e-3c5a89051023,2026-05-19,4.9
99e71628-9fa0-4776-b587-429f32f970e9,e8d45d93-84e1-47f1-be6e-3c5a89051023,2026-05-22,3.0
32748436-7930-4723-9bed-574f7ce86b5b,e8d45d93-84e1-47f1-be6e-3c5a89051023,2026-05-27,3.1
7d0f221e-e54f-47b0-b38e-98e0a0029f5d,e8d45d93-84e1-47f1-be6e-3c5a89051023,2026-06-03,3.2
2484736b-0065-404b-9d42-3c04af4f3c8c,e8d45d93-84e1-47f1-be6e-3c5a89051023,2026-06-04,3.2
60e6b5ca-8c85-4b65-884d-5f59cbdfd237,e8d45d93-84e1-47f1-be6e-3c5a89051023,2026-06-08,3.4
aa48f74b-ad6d-48b3-b5b6-79ccad7a3803,e8d45d93-84e1-47f1-be6e-3c5a89051023,2026-06-17,5.4
f41e85ae-a44b-495e-8401-bd3d6bcbfb8c,e8d45d93-84e1-47f1-be6e-3c5a89051023,2026-06-22,1.5
c4fa4150-c35d-4a20-9a15-0d301b28c566,1338d9f8-e125-460c-a7b7-b13d6ebe7b67,2026-01-02,3.8
b4f74718-2bee-4e9e-b545-50a0873c3e51,1338d9f8-e125-460c-a7b7-b13d6ebe7b67,2026-01-22,2.6
b38b9406-c015-4688-9f34-e7599330616f,1338d9f8-e125-460c-a7b7-b13d6ebe7b67,2026-01-23,5.6
6f495027-c997-4526-aa53-523d65f163ba,1338d9f8-e125-460c-a7b7-b13d6ebe7b67,2026-01-30,4.7
f66e0d78-da36-4112-8a29-9884ce6fbe28,1338d9f8-e125-460c-a7b7-b13d6ebe7b67,2026-02-03,4.9
09c55086-d2b0-428e-9dfc-f2d1babec7d7,1338d9f8-e125-460c-a7b7-b13d6ebe7b67,2026-02-09,4.0
32e4b5a7-18a2-4cca-9e8f-d37e7ac04b9b,1338d9f8-e125-460c-a7b7-b13d6ebe7b67,2026-02-20,1.5
2ddc108d-7733-4b4f-b5a7-1193185f3524,1338d9f8-e125-460c-a7b7-b13d6ebe7b67,2026-02-23,3.9
6c6ef280-6ac2-45fd-ae92-8c6d6738c59b,1338d9f8-e125-460c-a7b7-b13d6ebe7b67,2026-03-02,4.6
65e7f116-919b-4338-8d9d-ddf9e4fa9d9b,1338d9f8-e125-460c-a7b7-b13d6ebe7b67,2026-03-19,2.3
ae4eb448-3362-4a1f-ad3b-7808e581b06a,1338d9f8-e125-460c-a7b7-b13d6ebe7b67,2026-03-24,4.0
f76eb1bc-b657-4b70-b9eb-50405843b4b0,1338d9f8-e125-460c-a7b7-b13d6ebe7b67,2026-03-27,3.1
6745ea1a-0ac8-48ca-8b57-5827e496cfa5,1338d9f8-e125-460c-a7b7-b13d6ebe7b67,2026-04-20,3.8
76dce5fe-3b78-4f83-ad30-f77326e51eba,1338d9f8-e125-460c-a7b7-b13d6ebe7b67,2026-04-21,4.3
b78e362b-a5da-45df-a7da-cd0bb05f62e3,1338d9f8-e125-460c-a7b7-b13d6ebe7b67,2026-04-27,1.7
91f0abf8-1b0a-456f-9425-81095bcb0bb5,1338d9f8-e125-460c-a7b7-b13d6ebe7b67,2026-04-29,5.9
b6e6cf05-114d-4a93-a867-f9347086bf52,1338d9f8-e125-460c-a7b7-b13d6ebe7b67,2026-04-30,2.9
706ea967-938e-4bc4-ba3a-724a2f28ed0a,1338d9f8-e125-460c-a7b7-b13d6ebe7b67,2026-05-18,5.6
88e59cd8-41f6-40ec-b200-881d7e22771c,1338d9f8-e125-460c-a7b7-b13d6ebe7b67,2026-06-04,4.5
2439b7bf-fb73-43c5-84ee-ad7fb2113a1e,1338d9f8-e125-460c-a7b7-b13d6ebe7b67,2026-06-08,3.4
0613d3f7-4d5d-4d51-9a5c-43eec756fdb7,1338d9f8-e125-460c-a7b7-b13d6ebe7b67,2026-06-10,4.9
14c2b790-7a65-448e-8e62-d2656989dff8,1338d9f8-e125-460c-a7b7-b13d6ebe7b67,2026-06-12,4.5
f223381a-df32-4c5b-a5f5-15c61964cae7,1338d9f8-e125-460c-a7b7-b13d6ebe7b67,2026-06-18,2.8
6fc38fc6-d6a2-4536-8722-8a561b04e8ae,1338d9f8-e125-460c-a7b7-b13d6ebe7b67,2026-06-29,4.3
65742d2c-839d-4991-96f9-376149bab036,8959e852-9786-4c00-888c-84ec0d572e4b,2026-01-08,5.8
18c17e68-dca7-4db3-beb8-8a09dc333dc9,8959e852-9786-4c00-888c-84ec0d572e4b,2026-01-21,6.2
995ec8f5-edfc-426f-b3f0-83fd8d73041c,8959e852-9786-4c00-888c-84ec0d572e4b,2026-01-22,4.0
3e2e709f-72c4-4747-af3b-4dc6ce373304,8959e852-9786-4c00-888c-84ec0d572e4b,2026-01-28,5.0
2691d05d-2738-4349-9380-37c65d869b22,8959e852-9786-4c00-888c-84ec0d572e4b,2026-02-02,4.1
dd9a1bfe-42f5-41d1-9bf2-e29df8903203,8959e852-9786-4c00-888c-84ec0d572e4b,2026-02-05,2.5
c9a6e5a5-1019-4edb-95e2-7fdb03678adb,8959e852-9786-4c00-888c-84ec0d572e4b,2026-02-09,3.9
481b10d5-42be-4af1-8645-b359c28037f8,8959e852-9786-4c00-888c-84ec0d572e4b,2026-02-10,5.7
8ae0063e-b07f-41e3-adcd-6cec8b33f122,8959e852-9786-4c00-888c-84ec0d572e4b,2026-02-17,3.0
16fce7dc-63fa-476f-a600-40c47d7eabc3,8959e852-9786-4c00-888c-84ec0d572e4b,2026-02-23,3.1
641b4404-aa16-41b1-bdff-397cf672aaac,8959e852-9786-4c00-888c-84ec0d572e4b,2026-02-24,4.1
841165a0-7787-44d1-969d-81b22ffdb1b7,8959e852-9786-4c00-888c-84ec0d572e4b,2026-02-25,4.5
57e38b09-eee8-400d-8764-eddac3b08c92,8959e852-9786-4c00-888c-84ec0d572e4b,2026-02-27,6.8
43bbd7c7-db98-4747-a41f-96c5873ff2c2,8959e852-9786-4c00-888c-84ec0d572e4b,2026-03-02,4.5
590da35b-4403-40f8-9959-7b41cfa0a20a,8959e852-9786-4c00-888c-84ec0d572e4b,2026-03-12,2.1
97379582-d51f-4482-9a94-d764dd658302,8959e852-9786-4c00-888c-84ec0d572e4b,2026-03-16,4.4
3e3a403e-9643-4c69-90d3-9ac679936ef2,8959e852-9786-4c00-888c-84ec0d572e4b,2026-03-23,3.8
1ef5bb23-9a2e-44ce-b243-2106c4522b35,8959e852-9786-4c00-888c-84ec0d572e4b,2026-03-26,5.5
5dcd0d76-c1fd-44dc-a066-a90b8bfab498,8959e852-9786-4c00-888c-84ec0d572e4b,2026-04-01,4.4
2f53daeb-4cfd-4797-918c-d8da08735314,8959e852-9786-4c00-888c-84ec0d572e4b,2026-04-03,4.3
42f04f7a-b8b4-4276-bd56-f7ebe219a2b6,8959e852-9786-4c00-888c-84ec0d572e4b,2026-04-06,3.8
48b733a9-61a0-4627-bd0e-054df7a76244,8959e852-9786-4c00-888c-84ec0d572e4b,2026-04-13,5.0
e7d37603-4c2e-4fe0-8cf2-4b151660258e,8959e852-9786-4c00-888c-84ec0d572e4b,2026-04-21,2.9
88453c33-a127-421e-8da3-257bdb4e73a7,8959e852-9786-4c00-888c-84ec0d572e4b,2026-04-22,4.9
c175c676-534a-4b40-a6db-3af5c203a764,8959e852-9786-4c00-888c-84ec0d572e4b,2026-04-29,7.8
3bd89439-083d-4155-a9c4-f60c93632015,8959e852-9786-4c00-888c-84ec0d572e4b,2026-05-05,2.8
447f24ed-c793-4810-8de9-921d6b121542,8959e852-9786-4c00-888c-84ec0d572e4b,2026-05-07,3.9
85fa9766-d359-45d4-a9d7-1938ef0a0538,8959e852-9786-4c00-888c-84ec0d572e4b,2026-05-08,6.6
9e5c7100-0f9f-418d-969e-0fae811dbd83,8959e852-9786-4c00-888c-84ec0d572e4b,2026-05-12,5.2
12664c77-4233-432b-8227-32f54384a8e4,8959e852-9786-4c00-888c-84ec0d572e4b,2026-05-20,3.2
298f2ce4-a58d-4e82-bc01-2fd0d14fd8fc,8959e852-9786-4c00-888c-84ec0d572e4b,2026-05-21,5.9
dbe78771-ca8a-4981-b091-260a85bcf975,8959e852-9786-4c00-888c-84ec0d572e4b,2026-05-25,1.8
0b54ef82-fb08-450d-aaa4-35c9ea81863b,8959e852-9786-4c00-888c-84ec0d572e4b,2026-06-03,5.2
1626af5f-2d3d-49f4-8d9c-97f2db2297d7,8959e852-9786-4c00-888c-84ec0d572e4b,2026-06-10,4.6
d39bffc9-0e81-4b5f-a042-3fff4f9e281f,8959e852-9786-4c00-888c-84ec0d572e4b,2026-06-11,6.5
93246743-28e0-41a3-8a5e-76ecf386d966,8959e852-9786-4c00-888c-84ec0d572e4b,2026-06-15,2.3
044d7f7a-7a19-49ac-89d2-b28364bc4cd4,8959e852-9786-4c00-888c-84ec0d572e4b,2026-06-16,3.4
8eb55a57-489a-435a-b467-f4d0e14aff24,8959e852-9786-4c00-888c-84ec0d572e4b,2026-06-18,5.0
756da6e1-da4a-4028-b799-b0caa9a43263,8959e852-9786-4c00-888c-84ec0d572e4b,2026-06-25,6.2
3dd3401c-9bf9-4c06-a7be-103d11d773b3,b760a549-d885-482f-bec0-6635165190d9,2026-01-07,4.8
ce0fcae9-470c-4dbd-8eed-1d179fba2338,b760a549-d885-482f-bec0-6635165190d9,2026-01-09,4.1
84fbbb4f-ff2d-4f59-a7a7-cd6d2ca03dd2,b760a549-d885-482f-bec0-6635165190d9,2026-01-14,3.7
4f9b35aa-5357-4a61-8b57-35b3e6966c61,b760a549-d885-482f-bec0-6635165190d9,2026-01-16,3.3
399ee951-a560-44fc-a220-8b8a2da0ecd3,b760a549-d885-482f-bec0-6635165190d9,2026-01-23,2.5
949eb6a9-f2fd-40b2-9443-bf37dccbbc5c,b760a549-d885-482f-bec0-6635165190d9,2026-01-30,3.2
903d2214-8a3b-4a6b-b6dd-972af6b6af95,b760a549-d885-482f-bec0-6635165190d9,2026-02-06,3.0
c6a72b6f-28ea-4378-950b-ee9fbfb749c7,b760a549-d885-482f-bec0-6635165190d9,2026-02-10,4.9
c1564e67-9c5b-4ef5-8c24-8691cb0a6862,b760a549-d885-482f-bec0-6635165190d9,2026-02-11,5.9
4fa303a4-7759-4715-b584-777d1a544f09,b760a549-d885-482f-bec0-6635165190d9,2026-02-12,4.9
73246b81-61f5-45a7-8870-ee09eacea1ee,b760a549-d885-482f-bec0-6635165190d9,2026-02-16,3.7
955b7cb0-1b30-4ae0-a7a7-15f8b4d4f325,b760a549-d885-482f-bec0-6635165190d9,2026-02-17,1.5
f78cc102-38c5-4103-912f-c88ec5936ee6,b760a549-d885-482f-bec0-6635165190d9,2026-02-18,5.4
9b049a07-2fbc-4657-b8c2-737e7dc7f682,b760a549-d885-482f-bec0-6635165190d9,2026-03-18,3.4
2069ea74-09d9-4c60-af8d-c29c18867c82,b760a549-d885-482f-bec0-6635165190d9,2026-03-20,4.3
a955b09c-e5a4-47a1-a80a-d474688de2c8,b760a549-d885-482f-bec0-6635165190d9,2026-03-23,4.3
b2af7ae9-9dc7-4786-9b03-ff79151b2f3f,b760a549-d885-482f-bec0-6635165190d9,2026-03-30,5.0
dd7118d5-8df1-40ec-a6b0-6b49e45c3435,b760a549-d885-482f-bec0-6635165190d9,2026-04-02,2.3
2154d556-97bf-4423-a99b-d37bd58a68e4,b760a549-d885-482f-bec0-6635165190d9,2026-04-10,3.3
40e7afd3-fb4c-4fe2-8acc-7fcda5fbd15e,b760a549-d885-482f-bec0-6635165190d9,2026-04-13,3.3
67cb4872-319e-4af0-bde0-212a7f5f82b7,b760a549-d885-482f-bec0-6635165190d9,2026-04-29,3.3
86ad3fd8-c099-4105-be23-747299d4e4f4,b760a549-d885-482f-bec0-6635165190d9,2026-05-11,3.6
1cf9bce8-fb84-4431-9ffa-d9b6e0f3275d,b760a549-d885-482f-bec0-6635165190d9,2026-05-13,6.2
b3ab4f95-0d7b-40f9-ab83-d11161277e10,b760a549-d885-482f-bec0-6635165190d9,2026-05-18,4.1
0ff33f99-57fd-4bb5-828a-d8891ebfe3fe,b760a549-d885-482f-bec0-6635165190d9,2026-05-19,5.9
c14363e7-f130-4b34-bb0f-687222449d8d,b760a549-d885-482f-bec0-6635165190d9,2026-05-29,3.7
eb9ebf2d-b0bb-481f-b23f-7c1e601a643d,b760a549-d885-482f-bec0-6635165190d9,2026-06-02,3.5
720152bb-aa2e-4cbd-a74a-473258e3f5bd,b760a549-d885-482f-bec0-6635165190d9,2026-06-03,2.8
127e970c-3d8a-49b2-a3f9-da9dfd41437c,b760a549-d885-482f-bec0-6635165190d9,2026-06-05,5.7
fe4694f8-e414-406f-8a93-e02849c6be82,b760a549-d885-482f-bec0-6635165190d9,2026-06-11,4.0
06f38214-41d7-4033-a603-aa7e144b3bb8,b760a549-d885-482f-bec0-6635165190d9,2026-06-15,3.9
6eb39d48-4490-4292-9cfb-d5638734455f,b760a549-d885-482f-bec0-6635165190d9,2026-06-18,5.4
e306fb46-02ac-462b-b833-4b3ebfcc8405,b760a549-d885-482f-bec0-6635165190d9,2026-06-25,3.3
eed8516a-ebc0-43dc-9cd2-f12b642b32ab,fa0fbe22-6606-4f1b-8b64-eb7c47e1f1da,2026-01-08,2.9
a10f402e-7aea-42b0-acf3-1e254d7757f1,fa0fbe22-6606-4f1b-8b64-eb7c47e1f1da,2026-01-13,3.2
fd4d21f3-1fa3-4fc6-a218-694256a128ca,fa0fbe22-6606-4f1b-8b64-eb7c47e1f1da,2026-01-30,3.4
bbcbd43e-3f55-4850-8dc7-37fed3bff489,fa0fbe22-6606-4f1b-8b64-eb7c47e1f1da,2026-02-02,4.8
1f9d0ac8-5fd0-433b-a4a5-aaf2389c640a,fa0fbe22-6606-4f1b-8b64-eb7c47e1f1da,2026-02-03,6.8
7f075469-4e21-4a45-bce8-9c68dd96c10f,fa0fbe22-6606-4f1b-8b64-eb7c47e1f1da,2026-02-04,3.8
657dc2cc-14c1-4e51-ac60-fc590dd16978,fa0fbe22-6606-4f1b-8b64-eb7c47e1f1da,2026-02-06,6.6
108842f2-56b7-4f78-9325-0cffa003c947,fa0fbe22-6606-4f1b-8b64-eb7c47e1f1da,2026-03-03,2.7
114bda4b-bb91-4157-94c5-f332717a4e2a,fa0fbe22-6606-4f1b-8b64-eb7c47e1f1da,2026-03-09,2.7
acf71a92-20db-4515-921b-2eb0e09f7f65,fa0fbe22-6606-4f1b-8b64-eb7c47e1f1da,2026-03-11,5.4
b5ab9c3f-9904-46a0-9314-c12e5f0b7f6f,fa0fbe22-6606-4f1b-8b64-eb7c47e1f1da,2026-03-23,5.6
3c36a294-0cd7-4fee-9993-0582d0d38389,fa0fbe22-6606-4f1b-8b64-eb7c47e1f1da,2026-03-30,4.6
effd5e54-5d31-444c-a636-38fe4a8489d2,fa0fbe22-6606-4f1b-8b64-eb7c47e1f1da,2026-03-31,4.6
6dc13f42-2f24-40b6-9e75-e39381c521b2,fa0fbe22-6606-4f1b-8b64-eb7c47e1f1da,2026-04-01,6.6
074e50c1-dc21-4e75-9b1d-86d9cbcc9018,fa0fbe22-6606-4f1b-8b64-eb7c47e1f1da,2026-04-02,2.9
b882f654-36ec-4e9a-87e6-3dd38d8a9eaf,fa0fbe22-6606-4f1b-8b64-eb7c47e1f1da,2026-04-08,3.9
40934ca8-d2e8-4177-b87b-2091bad14684,fa0fbe22-6606-4f1b-8b64-eb7c47e1f1da,2026-05-05,2.4
4ec687b7-fd45-452d-81c6-6dbcb1e34c49,fa0fbe22-6606-4f1b-8b64-eb7c47e1f1da,2026-05-07,3.8
9abbe54d-7c21-4619-99b2-2a8a5b888c3e,fa0fbe22-6606-4f1b-8b64-eb7c47e1f1da,2026-05-21,3.7
7b4d423a-c463-473e-9ae3-56e392987847,fa0fbe22-6606-4f1b-8b64-eb7c47e1f1da,2026-06-05,3.9
718f61ce-4347-4cce-b7e6-206beb14bd28,fa0fbe22-6606-4f1b-8b64-eb7c47e1f1da,2026-06-10,5.1
0e650b95-ae6c-43a5-ab9d-2a7db819f2f0,fa0fbe22-6606-4f1b-8b64-eb7c47e1f1da,2026-06-25,4.0
6aaebdc5-5bf6-4857-8a34-b573a21a944f,f8e47fda-cd0f-409d-b8f7-0cccc826bee5,2026-01-06,3.9
734673bd-7f42-443a-b651-3174882f86fb,f8e47fda-cd0f-409d-b8f7-0cccc826bee5,2026-01-08,2.1
096ebc31-9a83-45e5-8818-698d2fc48cae,f8e47fda-cd0f-409d-b8f7-0cccc826bee5,2026-01-16,3.8
89bd5f77-ec4e-429a-8448-ebb32a1895ce,f8e47fda-cd0f-409d-b8f7-0cccc826bee5,2026-01-19,3.3
1c32c521-6814-4a44-8c6b-091b3938f902,f8e47fda-cd0f-409d-b8f7-0cccc826bee5,2026-01-21,4.4
969ba86b-027f-4138-939a-1b6047cd7ae7,f8e47fda-cd0f-409d-b8f7-0cccc826bee5,2026-01-23,6.3
4f465d9f-8076-4fab-93fe-733e38f9551b,f8e47fda-cd0f-409d-b8f7-0cccc826bee5,2026-01-29,3.8
b076f7fd-b449-449c-a397-c64bfa2310be,f8e47fda-cd0f-409d-b8f7-0cccc826bee5,2026-02-06,6.5
3915910d-4922-40be-8d08-d7788df76c10,f8e47fda-cd0f-409d-b8f7-0cccc826bee5,2026-02-11,3.8
516ac9bd-18b3-42f5-958a-8c14ea53030d,f8e47fda-cd0f-409d-b8f7-0cccc826bee5,2026-02-13,4.0
67401d71-4983-452f-ad43-22486b5dd08d,f8e47fda-cd0f-409d-b8f7-0cccc826bee5,2026-02-19,5.1
07ba8dd4-a55e-4322-90d6-6c4a4242dfe4,f8e47fda-cd0f-409d-b8f7-0cccc826bee5,2026-02-27,5.4
6700735b-45f8-4556-83c3-a5e2d0b1fcf4,f8e47fda-cd0f-409d-b8f7-0cccc826bee5,2026-03-09,4.2
0ec5d758-d016-412b-ab1b-00efb8c63c94,f8e47fda-cd0f-409d-b8f7-0cccc826bee5,2026-03-10,5.8
a90a41e3-2cf5-4137-a57f-ff305e7ed059,f8e47fda-cd0f-409d-b8f7-0cccc826bee5,2026-03-12,3.9
6f55e983-38e1-401f-bf40-11ba807a7640,f8e47fda-cd0f-409d-b8f7-0cccc826bee5,2026-03-23,2.9
555e39e2-5e22-40da-943f-14525b07bdc8,f8e47fda-cd0f-409d-b8f7-0cccc826bee5,2026-03-25,6.3
4f92d491-e42b-4e7d-9f62-01d9f06d70d6,f8e47fda-cd0f-409d-b8f7-0cccc826bee5,2026-03-26,3.9
d906544c-728c-4028-a06e-3fb8c1e2f3d1,f8e47fda-cd0f-409d-b8f7-0cccc826bee5,2026-03-27,3.2
88c61fea-99f3-44a0-8b7a-21678ac3e588,f8e47fda-cd0f-409d-b8f7-0cccc826bee5,2026-03-31,3.4
a4f0a463-0f9d-499d-9cda-ed6f60b49c50,f8e47fda-cd0f-409d-b8f7-0cccc826bee5,2026-04-01,3.2
be515447-6462-4440-946f-8afde65e5e12,f8e47fda-cd0f-409d-b8f7-0cccc826bee5,2026-04-08,3.9
a19597da-00e6-42b8-b5ac-5163c93c1408,f8e47fda-cd0f-409d-b8f7-0cccc826bee5,2026-04-09,5.1
c3b75e55-b71c-4ea2-b61f-433da1d8a78c,f8e47fda-cd0f-409d-b8f7-0cccc826bee5,2026-04-16,5.4
8a1f8ec4-6348-4674-aceb-4e9ab6b328dd,f8e47fda-cd0f-409d-b8f7-0cccc826bee5,2026-04-20,4.4
ba8e5f0e-abcb-4eae-83a5-67350c474c14,f8e47fda-cd0f-409d-b8f7-0cccc826bee5,2026-04-27,5.5
def31afb-be2a-41df-b388-66e3dc7e7e2d,f8e47fda-cd0f-409d-b8f7-0cccc826bee5,2026-04-28,4.6
2f7ad6a3-4c6a-41b5-9df0-5c99311d19c5,f8e47fda-cd0f-409d-b8f7-0cccc826bee5,2026-05-01,2.9
122786ce-bf52-4bcb-9580-7d326dd6469c,f8e47fda-cd0f-409d-b8f7-0cccc826bee5,2026-05-04,5.1
b2d6fd55-b1b1-4b80-a4a9-c12f1b99c017,f8e47fda-cd0f-409d-b8f7-0cccc826bee5,2026-05-13,3.6
e493f683-4aae-4587-b5e5-c8f92bfba1c3,f8e47fda-cd0f-409d-b8f7-0cccc826bee5,2026-05-14,3.6
eaa32ce0-c3e7-472f-a81a-460f2eb0746e,f8e47fda-cd0f-409d-b8f7-0cccc826bee5,2026-05-22,4.3
eac3118b-b2cb-4131-89db-ec936c23d9d4,f8e47fda-cd0f-409d-b8f7-0cccc826bee5,2026-05-27,4.6
f702edc8-e252-4047-a9ea-bc3796a61acf,f8e47fda-cd0f-409d-b8f7-0cccc826bee5,2026-06-04,4.7
23ae1593-ed0c-4845-8b5b-64be61291386,f8e47fda-cd0f-409d-b8f7-0cccc826bee5,2026-06-10,3.5
8bcaf214-af81-463e-a6f2-37ac604d0880,f8e47fda-cd0f-409d-b8f7-0cccc826bee5,2026-06-12,1.5
68f198f1-7bd0-410f-a6a6-26152a1aba48,f8e47fda-cd0f-409d-b8f7-0cccc826bee5,2026-06-16,4.5
332b7b0c-75a6-4883-beb2-71ca0a20ccf9,f8e47fda-cd0f-409d-b8f7-0cccc826bee5,2026-06-23,5.1
